account_id,account_name,domain,industry,employees,annual_revenue_usd,country,sub_region,sales_region,segment,data_stack,account_owner_id,account_type,is_target_account,created_date
A00001,Hein AG,hein.com,Healthcare,2971,600510404,United Kingdom,UK&I,UK&I,Enterprise,Airflow;Redshift;dbt,U009,Prospect,False,2023-01-14
A00002,Heuser Bolzmann AG & Co. OHG,heuser.com,Insurance,1574,524162462,Germany,DACH,Continental Europe,Enterprise,BigQuery;Redshift,U014,Prospect,False,2023-07-29
A00003,Hagman & Lövgren HB,hagman.com,Banking,3455,843379320,United States,NA,North America,Enterprise,dbt;BigQuery,U002,Prospect,False,2025-02-14
A00004,Roukes & Jansdr,roukes.com,Telecom,8291,3046304093,United States,NA,North America,Enterprise,dbt;BigQuery;Redshift,U002,Prospect,True,2024-04-11
A00005,Moore Smith and Jackson,moore.com,Banking,1430,535128880,Germany,DACH,Continental Europe,Enterprise,Redshift,U014,Prospect,False,2025-01-17
A00006,Holm Östling AB,holm.com,Telecom,1430,293037030,United States,NA,North America,Enterprise,BigQuery;Airflow;Snowflake,U002,Prospect,False,2025-08-04
A00007,Axelsson Andersson AB,axelsson.com,Manufacturing,8771,2897912087,United States,NA,North America,Enterprise,Databricks;Airflow;BigQuery,U002,Prospect,True,2024-10-08
A00008,Walsh Davies and Anderson,walsh.com,Banking,3894,799465458,United States,NA,North America,Enterprise,Airflow;BigQuery;Databricks,U003,Prospect,False,2025-07-28
A00009,Vinci Energies,vinci.com,Insurance,1130,242555630,United States,NA,North America,Enterprise,dbt;Redshift;BigQuery,U003,Customer,False,2024-03-25
A00010,Royal Backer,royal.com,Insurance,3110,881899590,Norway,Nordics,Continental Europe,Enterprise,Snowflake;Redshift,U014,Prospect,False,2025-05-14
A00011,Dyer Potter and Mack,dyer.com,Retail,1137,284294343,United Kingdom,UK&I,UK&I,Enterprise,Hadoop/Cloudera;dbt;BigQuery,U008,Prospect,True,2026-01-04
A00012,Hornig GmbH & Co. KG,hornig.com,CPG,1134,360639216,Germany,DACH,Continental Europe,Enterprise,Snowflake;BigQuery,U015,Prospect,True,2024-06-23
A00013,Harper-Atkinson,harper-atkinson.com,CPG,2302,453107264,Denmark,Nordics,Continental Europe,Enterprise,Snowflake;Airflow;BigQuery,U014,Prospect,False,2026-01-09
A00014,Wiek,wiek.com,Healthcare,266,103946682,Sweden,Nordics,Continental Europe,Mid-market,dbt,U015,Prospect,True,2025-01-13
A00015,Walker Taylor and Burns,walker.com,CPG,322,116400102,Netherlands,Benelux,Continental Europe,Mid-market,Databricks;Snowflake,U014,Prospect,False,2023-06-25
A00016,Ekelund & Holst AB,ekelund.com,CPG,1030,173187290,Germany,DACH,Continental Europe,Enterprise,Redshift;Databricks;Airflow,U015,Customer,False,2025-12-16
A00017,Svensson & Lindgren HB,svensson.com,Retail,656,134821776,Netherlands,Benelux,Continental Europe,Mid-market,Redshift;Airflow;Databricks,U015,Prospect,False,2025-02-03
A00018,Hickman LLC,hickman.com,Healthcare,2475,664176150,United States,NA,North America,Enterprise,Databricks,U002,Prospect,True,2026-02-08
A00019,Smith PLC,smith.com,Insurance,729,110724165,United States,NA,North America,Mid-market,Airflow,U002,Prospect,False,2024-11-07
A00020,Dennis Inc,dennis.com,Insurance,440,98120440,United States,NA,North America,Mid-market,Hadoop/Cloudera;Databricks;dbt,U002,Prospect,False,2026-03-26
A00021,Björk HB,björk.com,CPG,7829,2145044223,Canada,NA,North America,Enterprise,Databricks;Snowflake,U002,Prospect,False,2025-04-21
A00022,Forsgren HB,forsgren.com,Manufacturing,1442,236776400,Canada,NA,North America,Enterprise,Airflow;Redshift;Snowflake,U002,Prospect,False,2023-08-12
A00023,Mitchell Marshall and Edwards,mitchell.com,Insurance,1934,561989456,United States,NA,North America,Enterprise,Databricks;Hadoop/Cloudera,U002,Prospect,False,2023-06-04
A00024,Koninklijke van den Brink,koninklijke.com,CPG,434,162483524,United States,NA,North America,Mid-market,Snowflake;Redshift;dbt,U002,Customer,False,2024-04-29
A00025,Post BV,post.com,Retail,1049,289718065,United States,NA,North America,Enterprise,Redshift,U003,Customer,False,2023-01-05
A00026,Smith-Spencer,smith-spencer.com,Telecom,2020,793619620,Norway,Nordics,Continental Europe,Enterprise,BigQuery;Hadoop/Cloudera,U015,Prospect,False,2023-04-30
A00027,Ahlgren AB,ahlgren.com,Healthcare,571,94774009,United Kingdom,UK&I,UK&I,Mid-market,BigQuery;Snowflake;Airflow,U009,Prospect,False,2023-11-19
A00028,Howe LLC,howe.com,Healthcare,2632,450072000,United States,NA,North America,Enterprise,Snowflake,U002,Prospect,False,2023-09-03
A00029,Young Caldwell and Lewis,young.com,Healthcare,991,212612113,Sweden,Nordics,Continental Europe,Mid-market,dbt;Snowflake;Redshift,U014,Prospect,False,2025-12-06
A00030,Hudson Bradshaw and Jones,hudson.com,Telecom,1350,274785750,United States,NA,North America,Enterprise,Airflow;BigQuery;Databricks,U003,Prospect,False,2024-09-06
A00031,AgruniekRijnvallei,agruniekrijnvallei.com,CPG,990,391344030,Canada,NA,North America,Mid-market,Snowflake,U003,Prospect,False,2023-07-24
A00032,Hopkins LLC,hopkins.com,Insurance,11525,3257126350,United States,NA,North America,Strategic,Databricks;BigQuery,U002,Prospect,False,2023-11-20
A00033,Aalberts Industries,aalberts.com,Healthcare,1783,596285124,United States,NA,North America,Enterprise,dbt;Airflow,U002,Prospect,False,2026-09-20
A00034,Valdez Lucas and Brown,valdez.com,Insurance,627,137518656,United States,NA,North America,Mid-market,Snowflake,U002,Prospect,False,2024-12-03
A00035,Hering AG & Co. OHG,hering.com,Manufacturing,4115,1537302275,United States,NA,North America,Enterprise,dbt;Hadoop/Cloudera,U003,Customer,False,2023-07-09
A00036,Patterson Oliver and White,patterson.com,CPG,533,118608490,United Kingdom,UK&I,UK&I,Mid-market,Snowflake,U009,Prospect,False,2024-06-20
A00037,Williams PLC,williams.com,Retail,2228,656411132,United States,NA,North America,Enterprise,Hadoop/Cloudera;dbt;Snowflake,U002,Prospect,False,2023-11-02
A00038,Pearson PLC,pearson.com,CPG,254,62683898,United Kingdom,UK&I,UK&I,Mid-market,dbt;Databricks;Hadoop/Cloudera,U008,Prospect,False,2023-03-23
A00039,House and Sons,house.com,Insurance,479,157494721,Belgium,Benelux,Continental Europe,Mid-market,Airflow,U014,Prospect,False,2025-04-12
A00040,Jones-Dobson,jones-dobson.com,Manufacturing,2201,419323515,Denmark,Nordics,Continental Europe,Enterprise,Redshift,U014,Customer,False,2025-04-24
A00041,Konings NV,konings.com,Manufacturing,3783,1484252484,United States,NA,North America,Enterprise,Redshift;Hadoop/Cloudera,U002,Prospect,False,2023-08-10
A00042,Baker-Bowers,baker-bowers.com,Banking,2146,804910950,United States,NA,North America,Enterprise,Databricks;Redshift,U003,Prospect,False,2024-04-11
A00043,Koninklijke van Schevinghuizen,koninklijke.com,Manufacturing,1610,323009470,United States,NA,North America,Enterprise,BigQuery;Redshift,U002,Customer,False,2026-08-06
A00044,Doyle Inc,doyle.com,Manufacturing,1337,496240920,United Kingdom,UK&I,UK&I,Enterprise,BigQuery;Snowflake;Airflow,U009,Prospect,False,2024-06-27
A00045,Kvist & Norén AB,kvist.com,Healthcare,412,108734216,United States,NA,North America,Mid-market,Airflow;BigQuery,U003,Prospect,False,2025-02-27
A00046,Woods Calhoun and Schmidt,woods.com,Insurance,880,190760240,Belgium,Benelux,Continental Europe,Mid-market,Airflow,U015,Prospect,False,2026-01-07
A00047,Miller Lopez and Larson,miller.com,Manufacturing,1140,391259400,Germany,DACH,Continental Europe,Enterprise,Databricks;BigQuery;Hadoop/Cloudera,U014,Customer,False,2026-06-30
A00048,Baldwin-Ball,baldwin-ball.com,,5203,950426807,United States,NA,North America,Enterprise,BigQuery;dbt;Redshift,U003,Prospect,False,2026-02-09
A00049,Wright Bibi and Burton,wright.com,,2549,826658543,United States,NA,North America,Enterprise,Airflow;Redshift,U002,Prospect,False,2026-01-27
A00050,Karlsson & Svensson AB,karlsson.com,Telecom,310,69815720,Austria,DACH,Continental Europe,Mid-market,Hadoop/Cloudera,U015,Prospect,False,2024-03-13
A00051,Hettner GmbH,hettner.com,CPG,2500,965597500,United Kingdom,UK&I,UK&I,Enterprise,Databricks;Airflow;Snowflake,U009,Prospect,False,2024-11-17
A00052,Berry Murphy and Murray,berry.com,CPG,1230,260229870,United States,NA,North America,Enterprise,BigQuery;Databricks;Airflow,U002,Prospect,False,2025-08-31
A00053,Ellis PLC,ellis.com,CPG,918,155225538,United Kingdom,UK&I,UK&I,Mid-market,Hadoop/Cloudera;Airflow,U008,Prospect,False,2025-03-29
A00054,Medina PLC,medina.com,Manufacturing,3333,1100743248,United States,NA,North America,Enterprise,Redshift,U002,Prospect,False,2025-11-26
A00055,Keudel AG,keudel.com,Healthcare,5069,1091482425,Canada,NA,North America,Enterprise,Hadoop/Cloudera,U002,Prospect,False,2026-02-18
A00056,Kirby-Williams,kirby-williams.com,CPG,4588,1760328428,United Kingdom,UK&I,UK&I,Enterprise,dbt;Airflow,U009,Prospect,False,2023-11-22
A00057,Gustafsson & Åberg AB,gustafsson.com,,781,209294723,Germany,DACH,Continental Europe,Mid-market,Redshift;Databricks,U015,Prospect,False,2026-07-07
A00058,Svensson Berg AB,svensson.com,Retail,1327,226002697,United States,NA,North America,Enterprise,BigQuery;Databricks;Redshift,U003,Prospect,False,2023-10-11
A00059,Döring Stiftung & Co. KGaA,döring.com,Retail,2518,835759452,United States,NA,North America,Enterprise,Airflow,U002,Prospect,False,2026-01-16
A00060,Franzén AB,franzén.com,Banking,4796,979439120,Canada,NA,North America,Enterprise,Hadoop/Cloudera;dbt,U002,Prospect,False,2025-02-18
A00061,Striebitz KGaA,striebitz.com,Telecom,1119,255444201,Canada,NA,North America,Enterprise,Redshift;Hadoop/Cloudera,U002,Prospect,False,2025-09-21
A00062,Niemeier,niemeier.com,Telecom,1501,488336841,United States,NA,North America,Enterprise,Redshift;Hadoop/Cloudera;Databricks,U003,Customer,False,2025-12-29
A00063,Davids KGaA,davids.com,Retail,598,182486278,United States,NA,North America,Mid-market,Airflow;Snowflake;Redshift,U003,Prospect,False,2023-04-13
A00064,Stichting Adriaense,stichting.com,Telecom,546,112194810,United States,NA,North America,Mid-market,BigQuery;Redshift,U003,Prospect,False,2025-05-13
A00065,Schweitzer GbR,schweitzer.com,Banking,4074,1113375312,United States,NA,North America,Enterprise,Airflow,U002,Churned,False,2026-08-24
A00066,Williams Cole and Moore,williams.com,Manufacturing,7018,1126760954,United States,NA,North America,Enterprise,Databricks,U002,Prospect,False,2024-05-03
A00067,Landry Ltd,landry.com,Manufacturing,1682,302736452,United States,NA,North America,Enterprise,Databricks;Hadoop/Cloudera;BigQuery,U003,Prospect,False,2023-08-23
A00068,Fowler Connolly and Fisher,fowler.com,Insurance,4932,1141935552,Germany,DACH,Continental Europe,Enterprise,dbt,U014,Customer,False,2025-02-07
A00069,Broeckx & Tamsma,broeckx.com,Manufacturing,2595,524164050,United States,NA,North America,Enterprise,dbt,U002,Prospect,False,2026-05-14
A00070,Klemt AG & Co. OHG,klemt.com,CPG,948,282840540,Switzerland,DACH,Continental Europe,Mid-market,BigQuery,U015,Prospect,True,2026-08-19
A00071,Webb Porter and Young,webb.com,CPG,2595,674998425,United States,NA,North America,Enterprise,Snowflake;Hadoop/Cloudera,U003,Prospect,False,2023-11-10
A00072,Oversteeg & Kok,oversteeg.com,Manufacturing,8417,2413759924,United States,NA,North America,Enterprise,BigQuery;dbt;Airflow,U003,Prospect,False,2026-04-28
A00073,Jennings-Pratt,jennings-pratt.com,CPG,1744,373835120,United States,NA,North America,Enterprise,BigQuery,U003,Prospect,False,2026-06-03
A00074,Staude Wähner e.V.,staude.com,Telecom,8644,1361628812,Ireland,UK&I,UK&I,Enterprise,Redshift;BigQuery,U008,Prospect,False,2024-06-13
A00075,Walsh-Harrison,walsh-harrison.com,Healthcare,250,83452750,United States,NA,North America,Mid-market,dbt;Snowflake,U002,Prospect,False,2025-09-27
A00076,van Munster BV,van.com,Insurance,4112,1361232368,United Kingdom,UK&I,UK&I,Enterprise,Airflow;Redshift,U009,Prospect,True,2024-08-25
A00077,Stone-Perry,stone-perry.com,Manufacturing,1972,421574160,United States,NA,North America,Enterprise,Airflow;dbt,U003,Prospect,False,2025-05-21
A00078,Brown and Sons,brown.com,Healthcare,1340,317196760,Norway,Nordics,Continental Europe,Enterprise,Airflow;Hadoop/Cloudera,U015,Prospect,False,2024-01-30
A00079,Koninklijke Dorsman,koninklijke.com,Manufacturing,1981,575427013,United States,NA,North America,Enterprise,Databricks;Redshift;Airflow,U003,Prospect,False,2025-12-10
A00080,Segebahn Pechel GmbH,segebahn.com,Banking,250,92067000,United Kingdom,UK&I,UK&I,Mid-market,BigQuery,U008,Prospect,False,2025-12-29
A00081,Söderberg Bergman HB,söderberg.com,Banking,1451,238389143,United States,NA,North America,Enterprise,BigQuery;Airflow;Databricks,U003,Prospect,True,2024-08-05
A00082,Hunt Phillips and Griffiths,hunt.com,Retail,2584,618387376,Canada,NA,North America,Enterprise,Snowflake,U003,Customer,False,2023-05-14
A00083,Royal Timmermans,royal.com,Banking,7925,2387501350,United States,NA,North America,Enterprise,Airflow;Snowflake;Databricks,U002,Prospect,False,2023-06-24
A00084,de Jode Vastraedsd Groep,de.com,Banking,1076,318813420,Norway,Nordics,Continental Europe,Enterprise,dbt;Redshift,U014,Prospect,False,2025-06-25
A00085,Thomas-Williams,thomas-williams.com,Healthcare,805,211244075,United States,NA,North America,Mid-market,dbt;Redshift,U002,Prospect,False,2024-03-01
A00086,Månsson & Söderberg AB,månsson.com,Telecom,1094,353500938,United Kingdom,UK&I,UK&I,Enterprise,Databricks,U008,Prospect,True,2023-01-06
A00087,Bohnbach Stadelmann GmbH,bohnbach.com,Manufacturing,4516,1380378624,United States,NA,North America,Enterprise,BigQuery;Snowflake,U002,Prospect,False,2025-07-18
A00088,Malmberg Bergström HB,malmberg.com,,2511,984806667,United States,NA,North America,Enterprise,Redshift;Airflow,U002,Prospect,False,2026-08-19
A00089,Marklund Hansson HB,marklund.com,Telecom,1064,390164544,United States,NA,North America,Enterprise,Snowflake,U002,Prospect,False,2026-03-11
A00090,Edman HB,edman.com,Retail,3020,551445960,Sweden,Nordics,Continental Europe,Enterprise,Airflow;BigQuery,U015,Customer,False,2025-10-08
A00091,Pearce Stevenson and Lee,pearce.com,Healthcare,1992,319614408,United States,NA,North America,Enterprise,Airflow;BigQuery,U003,Prospect,False,2026-03-24
A00092,Häring Losekann e.V.,häring.com,Banking,4763,1669321951,United Kingdom,UK&I,UK&I,Enterprise,Redshift;BigQuery;dbt,U008,Prospect,False,2025-11-28
A00093,Lövgren & Johansson HB,lövgren.com,Telecom,896,177028096,Ireland,UK&I,UK&I,Mid-market,Hadoop/Cloudera;Airflow;Redshift,U008,Prospect,False,2024-10-19
A00094,Jones Hutchinson and Coles,jones.com,CPG,1302,250191018,Ireland,UK&I,UK&I,Enterprise,Hadoop/Cloudera;Airflow,U009,Prospect,False,2026-01-31
A00095,Cunningham Lewis and Parkinson,cunningham.com,Banking,1221,283819008,United States,NA,North America,Enterprise,BigQuery;Snowflake,U003,Prospect,False,2023-01-03
A00096,Weitzel GbR,weitzel.com,Healthcare,418,113321472,Ireland,UK&I,UK&I,Mid-market,Snowflake;Databricks,U009,Prospect,False,2025-06-24
A00097,Gumprich AG & Co. KG,gumprich.com,Insurance,2431,534837017,Germany,DACH,Continental Europe,Enterprise,Databricks;BigQuery;Hadoop/Cloudera,U015,Prospect,False,2026-05-31
A00098,Sanchez Group,sanchez.com,Manufacturing,2347,449490399,Switzerland,DACH,Continental Europe,Enterprise,dbt;Snowflake,U015,Prospect,False,2023-08-21
A00099,Johansson AB,johansson.com,Banking,1817,581063881,Canada,NA,North America,Enterprise,Hadoop/Cloudera,U003,Prospect,False,2025-09-15
A00100,Stage Entertainment,stage.com,Insurance,1429,385462747,Norway,Nordics,Continental Europe,Enterprise,Databricks;Hadoop/Cloudera;Redshift,U014,Prospect,False,2025-04-29
A00101,Lynch Inc,lynch.com,CPG,439,124280900,United States,NA,North America,Mid-market,Redshift;Snowflake,U003,Prospect,False,2026-04-02
A00102,Robinson-Brock,robinson-brock.com,Retail,1187,447287714,Norway,Nordics,Continental Europe,Enterprise,Hadoop/Cloudera,U015,Prospect,False,2026-01-17
A00103,Andersson Eriksson AB,andersson.com,,1283,484922680,United States,NA,North America,Enterprise,Airflow,U002,Prospect,False,2025-04-21
A00104,van Lucel & van der Horst,van.com,Manufacturing,810,221929470,United States,NA,North America,Mid-market,Redshift;Hadoop/Cloudera;Airflow,U002,Prospect,True,2025-10-25
A00105,Hall & Nyman HB,hall.com,Telecom,1538,581342468,Denmark,Nordics,Continental Europe,Enterprise,Redshift,U015,Prospect,False,2023-02-01
A00106,Smith & Johansson HB,smith.com,Retail,2708,1024460772,Germany,DACH,Continental Europe,Enterprise,Databricks;Snowflake;Hadoop/Cloudera,U015,Prospect,False,2026-08-23
A00107,Taylor Power and Mitchell,taylor.com,Telecom,11922,4452103992,United States,NA,North America,Strategic,Redshift;dbt;Hadoop/Cloudera,U003,Prospect,False,2025-09-26
A00108,Neureuther,neureuther.com,Banking,2152,671129176,Netherlands,Benelux,Continental Europe,Enterprise,Databricks,U015,Churned,False,2025-06-07
A00109,Williams-Edwards,williams-edwards.com,,2339,739435087,Denmark,Nordics,Continental Europe,Enterprise,Redshift;Snowflake;Hadoop/Cloudera,U014,Prospect,False,2023-04-05
A00110,Goodwin-Lawrence,goodwin-lawrence.com,Banking,1678,380744912,United States,NA,North America,Enterprise,BigQuery;Hadoop/Cloudera,U002,Prospect,False,2024-01-04
A00111,Hernandez Group,hernandez.com,Banking,265,82090110,United States,NA,North America,Mid-market,dbt;Airflow,U002,Prospect,False,2024-04-20
A00112,Stevens Allan and Butcher,stevens.com,,1760,476032480,Canada,NA,North America,Enterprise,Airflow;Snowflake,U003,Customer,False,2023-11-20
A00113,DAF Trucks,daf.com,Telecom,1920,583733760,United States,NA,North America,Enterprise,Airflow;Hadoop/Cloudera,U003,Prospect,False,2025-02-26
A00114,McCarthy-Moran,mccarthy-moran.com,Banking,21231,4504836042,Netherlands,Benelux,Continental Europe,Strategic,dbt;BigQuery,U015,Churned,False,2026-09-10
A00115,James Smith and Bell,james.com,Banking,1491,444845814,United States,NA,North America,Enterprise,Redshift;Airflow;Snowflake,U003,Prospect,False,2024-04-16
A00116,Menzis,menzis.com,Telecom,2444,506910040,United Kingdom,UK&I,UK&I,Enterprise,Databricks;dbt;BigQuery,U008,Prospect,False,2026-08-16
A00117,Strand & Jönsson HB,strand.com,CPG,1746,463666014,United States,NA,North America,Enterprise,dbt,U003,Prospect,True,2024-08-27
A00118,Google,google.com,Retail,561,109979562,United States,NA,North America,Mid-market,Databricks,U003,Prospect,False,2023-12-03
A00119,Royal die Pelser,royal.com,CPG,5669,2253501197,United States,NA,North America,Enterprise,Redshift;BigQuery,U003,Prospect,False,2023-06-04
A00120,Bell-Robinson,bell-robinson.com,Insurance,3835,1439965800,United States,NA,North America,Enterprise,Airflow;Redshift;Hadoop/Cloudera,U003,Prospect,False,2024-06-25
A00121,Sundberg AB,sundberg.com,,3987,983281914,United Kingdom,UK&I,UK&I,Enterprise,Airflow;Redshift;BigQuery,U009,Prospect,False,2023-08-10
A00122,Patterson Camacho and White,patterson.com,Retail,728,113975680,Ireland,UK&I,UK&I,Mid-market,dbt;BigQuery;Redshift,U008,Prospect,False,2025-08-08
A00123,Junken Hahn GmbH & Co. KG,junken.com,Telecom,7352,2354066288,Belgium,Benelux,Continental Europe,Enterprise,Snowflake;Databricks,U014,Customer,False,2025-10-05
A00124,Wesack Kramer GbR,wesack.com,Insurance,445,170252105,United States,NA,North America,Mid-market,Databricks;Hadoop/Cloudera;Airflow,U003,Prospect,False,2026-01-11
A00125,Stichting van Munster,stichting.com,Manufacturing,3251,1106877723,United States,NA,North America,Enterprise,Hadoop/Cloudera,U002,Prospect,False,2024-07-26
A00126,Ryan Cooke and Bell,ryan.com,Telecom,16162,3344806710,United States,NA,North America,Strategic,Hadoop/Cloudera;Databricks,U003,Prospect,False,2026-01-20
A00127,Williams Johnson and Wright,williams.com,,671,163740104,Belgium,Benelux,Continental Europe,Mid-market,Hadoop/Cloudera,U015,Prospect,True,2025-07-20
A00128,Hernandez Martinez and Caldwell,hernandez.com,Insurance,1026,326491668,United States,NA,North America,Enterprise,dbt;Snowflake;Airflow,U003,Prospect,True,2026-03-02
A00129,Johansson HB,johansson.com,CPG,1997,700110257,United States,NA,North America,Enterprise,Databricks;dbt;Redshift,U002,Prospect,True,2026-05-05
A00130,auch Schlauchin KG,auch.com,CPG,1092,205218468,United States,NA,North America,Enterprise,dbt,U003,Prospect,True,2023-02-22
A00131,Oconnell Inc,oconnell.com,Telecom,383,136765087,United States,NA,North America,Mid-market,dbt,U003,Prospect,False,2023-09-17
A00132,Svensson HB,svensson.com,Healthcare,1936,348077312,Germany,DACH,Continental Europe,Enterprise,Snowflake;Hadoop/Cloudera;Airflow,U015,Prospect,True,2025-10-28
A00133,Elberts & Peters,elberts.com,Healthcare,624,100693008,United States,NA,North America,Mid-market,Redshift;Airflow;dbt,U003,Prospect,False,2023-05-05
A00134,Barton Jefferson and Burke,barton.com,CPG,2903,741080743,Norway,Nordics,Continental Europe,Enterprise,Airflow;Snowflake,U015,Prospect,False,2023-06-15
A00135,Patton Reed and Patterson,patton.com,Insurance,720,120396960,United States,NA,North America,Mid-market,BigQuery,U003,Prospect,False,2024-08-26
A00136,Patberg KGaA,patberg.com,Healthcare,8517,2238046158,Canada,NA,North America,Enterprise,Redshift,U002,Prospect,False,2026-02-03
A00137,Linke GmbH & Co. KGaA,linke.com,Insurance,826,217023240,Germany,DACH,Continental Europe,Mid-market,Databricks;Hadoop/Cloudera,U015,Prospect,False,2023-07-14
A00138,Yu-Reid,yu-reid.com,Telecom,1310,424903740,United States,NA,North America,Enterprise,BigQuery;Databricks,U003,Prospect,False,2023-07-10
A00139,van Duyvenvoorde & Köster,van.com,Manufacturing,4078,1401486260,United States,NA,North America,Enterprise,Redshift;Databricks,U002,Prospect,False,2024-11-06
A00140,Fransson & Persson HB,fransson.com,Retail,528,128141904,Ireland,UK&I,UK&I,Mid-market,Redshift;Hadoop/Cloudera;Snowflake,U009,Prospect,False,2026-03-29
A00141,BT Nederland,bt.com,Insurance,2269,730978771,United Kingdom,UK&I,UK&I,Enterprise,Databricks;Snowflake,U009,Prospect,False,2024-07-24
A00142,Hammar Eriksson AB,hammar.com,CPG,6681,1753689009,United Kingdom,UK&I,UK&I,Enterprise,Redshift;dbt;Airflow,U008,Prospect,False,2024-07-01
A00143,Henk Weitzel GmbH & Co. KG,henk.com,Telecom,362,120983296,United States,NA,North America,Mid-market,BigQuery;Redshift,U002,Prospect,True,2026-09-08
A00144,Martinsson & Hasan HB,martinsson.com,Insurance,2174,748377760,United States,NA,North America,Enterprise,Snowflake;Redshift;dbt,U002,Prospect,False,2023-11-19
A00145,Neuschäfer AG & Co. OHG,neuschäfer.com,Manufacturing,2344,550922040,United States,NA,North America,Enterprise,dbt;Snowflake;Airflow,U002,Prospect,False,2023-06-17
A00146,Karge Holt KG,karge.com,Manufacturing,3951,1031811552,United States,NA,North America,Enterprise,dbt;Hadoop/Cloudera,U003,Prospect,False,2023-08-22
A00147,Atzler,atzler.com,Banking,524,117507524,United States,NA,North America,Mid-market,Airflow;dbt;Hadoop/Cloudera,U003,Prospect,False,2026-05-12
A00148,Asplund HB,asplund.com,Insurance,482,110385230,United States,NA,North America,Mid-market,Redshift,U002,Prospect,False,2023-09-03
A00149,van Ooste & van Tours,van.com,Manufacturing,3047,801034971,United States,NA,North America,Enterprise,Databricks,U003,Prospect,False,2026-02-18
A00150,Geldens NV,geldens.com,CPG,2433,590834586,Austria,DACH,Continental Europe,Enterprise,Hadoop/Cloudera,U014,Prospect,False,2023-06-09
A00151,Marshall-Rogers,marshall-rogers.com,Healthcare,2322,609603948,Netherlands,Benelux,Continental Europe,Enterprise,Hadoop/Cloudera;Airflow;Redshift,U015,Prospect,True,2024-10-27
A00152,Jonasson Karlsson HB,jonasson.com,Healthcare,2556,691681716,United States,NA,North America,Enterprise,BigQuery;Snowflake;Hadoop/Cloudera,U002,Prospect,False,2025-12-09
A00153,Henningsson Johansson HB,henningsson.com,CPG,915,211672440,United States,NA,North America,Mid-market,BigQuery;Databricks;Redshift,U002,Prospect,False,2025-12-22
A00154,Dussen van Stiftung & Co. KGaA,dussen.com,CPG,2280,550816080,United Kingdom,UK&I,UK&I,Enterprise,Airflow;Redshift,U008,Prospect,True,2024-02-09
A00155,Baldwin-Wilkinson,baldwin-wilkinson.com,Insurance,2423,846317555,United States,NA,North America,Enterprise,Snowflake;Databricks;Hadoop/Cloudera,U003,Prospect,False,2025-07-08
A00156,Stevens Group,stevens.com,Healthcare,885,281922060,Germany,DACH,Continental Europe,Mid-market,dbt;BigQuery;Airflow,U014,Prospect,False,2026-07-17
A00157,Schacht,schacht.com,Telecom,11681,3563137197,United States,NA,North America,Strategic,BigQuery,U002,Prospect,False,2023-04-27
A00158,Granberg & Berg AB,granberg.com,Telecom,2903,493840942,United States,NA,North America,Enterprise,Redshift;Snowflake;dbt,U003,Prospect,False,2023-03-26
A00159,Klingelhöfer AG & Co. KGaA,klingelhöfer.com,CPG,549,164620944,United States,NA,North America,Mid-market,Databricks;BigQuery;dbt,U003,Prospect,False,2025-07-11
A00160,Trommler KG,trommler.com,CPG,3486,836744580,United States,NA,North America,Enterprise,Snowflake;dbt;Databricks,U002,Prospect,False,2025-06-18
A00161,Thomas-Holloway,thomas-holloway.com,Healthcare,682,130680748,United Kingdom,UK&I,UK&I,Mid-market,BigQuery;Redshift,U009,Prospect,False,2026-05-09
A00162,Eberth,eberth.com,Manufacturing,3972,1269796764,United States,NA,North America,Enterprise,Snowflake;BigQuery,U002,Prospect,False,2024-05-31
A00163,Barents Groep,barents.com,Manufacturing,5759,2232142328,Germany,DACH,Continental Europe,Enterprise,Redshift;Databricks;BigQuery,U014,Prospect,True,2024-12-17
A00164,Naser Mans GmbH,naser.com,Manufacturing,795,264816090,United States,NA,North America,Mid-market,Hadoop/Cloudera;Databricks;dbt,U002,Prospect,False,2024-11-03
A00165,Smith Group,smith.com,Manufacturing,4738,1583638596,Switzerland,DACH,Continental Europe,Enterprise,Airflow;dbt;Snowflake,U015,Prospect,True,2024-09-24
A00166,Morales Inc,morales.com,Insurance,2731,654301173,United States,NA,North America,Enterprise,Databricks;Redshift,U002,Prospect,False,2023-07-27
A00167,Månsson & Brink HB,månsson.com,Healthcare,4113,1517372073,United Kingdom,UK&I,UK&I,Enterprise,dbt;Snowflake;BigQuery,U008,Prospect,False,2024-01-06
A00168,Wilson Group,wilson.com,CPG,12049,3780626779,Austria,DACH,Continental Europe,Strategic,Airflow,U015,Prospect,False,2024-05-01
A00169,Olsson & Eriksson HB,olsson.com,Healthcare,1414,317714488,Denmark,Nordics,Continental Europe,Enterprise,Redshift;Hadoop/Cloudera;Databricks,U014,Prospect,False,2025-08-18
A00170,Bluewater,bluewater.com,,850,209462950,Belgium,Benelux,Continental Europe,Mid-market,dbt;Hadoop/Cloudera;Airflow,U015,Prospect,False,2025-05-07
A00171,Gustavsson Liu AB,gustavsson.com,CPG,742,150142958,Denmark,Nordics,Continental Europe,Mid-market,Databricks;BigQuery;Snowflake,U015,Prospect,False,2023-07-30
A00172,Kelly Benson and Fraser,kelly.com,Healthcare,799,298129272,Germany,DACH,Continental Europe,Mid-market,BigQuery,U014,Prospect,False,2025-11-17
A00173,Tucker Harper and Price,tucker.com,Retail,1673,291172266,United States,NA,North America,Enterprise,Redshift,U003,Customer,False,2025-04-29
A00174,Gustafsson Eriksson HB,gustafsson.com,Healthcare,2543,630742833,United States,NA,North America,Enterprise,Hadoop/Cloudera,U002,Prospect,True,2023-07-22
A00175,Otto NV,otto.com,Manufacturing,2384,567139296,Austria,DACH,Continental Europe,Enterprise,Databricks,U014,Prospect,False,2023-10-12
A00176,Persson & Ekberg AB,persson.com,Retail,4134,1106250132,Germany,DACH,Continental Europe,Enterprise,Snowflake;Redshift;Airflow,U015,Prospect,True,2026-05-31
A00177,Lundqvist HB,lundqvist.com,Banking,1831,647199908,United Kingdom,UK&I,UK&I,Enterprise,Databricks;BigQuery,U008,Prospect,False,2026-06-29
A00178,Howard LLC,howard.com,Banking,7735,2856783020,Canada,NA,North America,Enterprise,dbt;Redshift,U002,Prospect,False,2023-10-22
A00179,Petersson & Svensson HB,petersson.com,Banking,1387,431590016,United States,NA,North America,Enterprise,Databricks;dbt,U003,Prospect,False,2025-12-08
A00180,Barker-Lyons,barker-lyons.com,Banking,27451,10978450979,Denmark,Nordics,Continental Europe,Strategic,dbt;Redshift;Airflow,U014,Prospect,False,2026-07-25
A00181,Reuter,reuter.com,Telecom,3380,731742960,United States,NA,North America,Enterprise,Snowflake;BigQuery;Redshift,U003,Prospect,False,2023-08-01
A00182,Microsoft,microsoft.com,,767,267190586,Germany,DACH,Continental Europe,Mid-market,Databricks;Snowflake,U015,Prospect,False,2023-12-25
A00183,Skoglund HB,skoglund.com,Manufacturing,619,168242962,Austria,DACH,Continental Europe,Mid-market,Hadoop/Cloudera;Airflow;Databricks,U014,Prospect,False,2025-07-26
A00184,Andersson Eriksson AB,andersson.com,Insurance,2929,472983707,United States,NA,North America,Enterprise,Snowflake,U003,Customer,False,2026-01-17
A00185,Benthin,benthin.com,Banking,1445,502094150,Canada,NA,North America,Enterprise,Databricks;BigQuery;Airflow,U002,Prospect,False,2023-09-12
A00186,Reynolds-Williams,reynolds-williams.com,Retail,3692,1414674716,Switzerland,DACH,Continental Europe,Enterprise,Airflow;Hadoop/Cloudera,U015,Prospect,False,2025-10-15
A00187,Sauer GmbH & Co. KG,sauer.com,,2902,830334750,United States,NA,North America,Enterprise,Redshift;Snowflake,U003,Prospect,False,2024-01-05
A00188,van Mook NV,van.com,Telecom,1681,297360495,United Kingdom,UK&I,UK&I,Enterprise,BigQuery,U009,Prospect,False,2025-05-22
A00189,Koninklijke Grondel,koninklijke.com,Retail,775,187670125,United States,NA,North America,Mid-market,Snowflake;Airflow,U003,Prospect,False,2026-08-02
A00190,Ali-Hughes,ali-hughes.com,Banking,397,67359387,Norway,Nordics,Continental Europe,Mid-market,Airflow;Hadoop/Cloudera;BigQuery,U014,Customer,True,2026-05-29
A00191,van Hostaden BV,van.com,Retail,1156,183945032,Ireland,UK&I,UK&I,Enterprise,Snowflake,U008,Prospect,False,2025-02-23
A00192,Junitz Drub e.G.,junitz.com,Banking,4257,1313799597,Sweden,Nordics,Continental Europe,Enterprise,Airflow,U015,Customer,False,2023-06-07
A00193,van der Pouw NV,van.com,,2239,551226127,United Kingdom,UK&I,UK&I,Enterprise,BigQuery;Airflow,U009,Prospect,True,2024-01-17
A00194,Lieshout Groep,lieshout.com,Retail,520,202529080,Canada,NA,North America,Mid-market,Snowflake;BigQuery;Airflow,U003,Prospect,False,2025-10-02
A00195,Wernecke,wernecke.com,Insurance,2149,802786887,United States,NA,North America,Enterprise,Hadoop/Cloudera,U002,Customer,False,2023-06-29
A00196,Alewijnse,alewijnse.com,CPG,2657,621148146,Switzerland,DACH,Continental Europe,Enterprise,BigQuery;Airflow;Snowflake,U015,Customer,False,2026-07-30
A00197,Adams and Sons,adams.com,Telecom,747,211675149,United States,NA,North America,Mid-market,Snowflake,U002,Prospect,False,2025-10-08
A00198,Thanel Neureuther AG,thanel.com,Healthcare,2108,632440052,United States,NA,North America,Enterprise,Hadoop/Cloudera;dbt,U002,Prospect,True,2024-09-25
A00199,Lynch Allen and Moore,lynch.com,Manufacturing,1916,648464452,United States,NA,North America,Enterprise,dbt;Hadoop/Cloudera,U003,Prospect,True,2024-10-11
A00200,Larsson AB,larsson.com,Retail,576,156738240,United Kingdom,UK&I,UK&I,Mid-market,dbt;BigQuery;Databricks,U008,Prospect,True,2025-10-26
A00201,Hall Inc,hall.com,Banking,2585,951135240,Belgium,Benelux,Continental Europe,Enterprise,dbt,U014,Prospect,False,2024-04-06
A00202,Begum-Harris,begum-harris.com,Healthcare,3167,1218025033,United States,NA,North America,Enterprise,Redshift;Snowflake,U003,Prospect,False,2024-07-16
A00203,Nette Mude GbR,nette.com,Telecom,5340,1661103120,United States,NA,North America,Enterprise,Snowflake;dbt;Databricks,U002,Prospect,False,2026-05-24
A00204,de Hoog & Loep,de.com,Healthcare,5186,833898428,United States,NA,North America,Enterprise,Snowflake,U002,Customer,False,2024-06-26
A00205,Norman & Blom AB,norman.com,CPG,455,136491810,Ireland,UK&I,UK&I,Mid-market,dbt;Airflow,U008,Prospect,False,2024-08-16
A00206,Karge Zirme GmbH & Co. OHG,karge.com,Telecom,707,195556907,United Kingdom,UK&I,UK&I,Mid-market,Redshift,U009,Prospect,True,2023-05-03
A00207,Holzapfel Stiftung & Co. KGaA,holzapfel.com,Retail,3026,838029518,United States,NA,North America,Enterprise,Databricks;BigQuery,U002,Prospect,False,2024-12-08
A00208,Sager,sager.com,Insurance,3022,1055895866,Denmark,Nordics,Continental Europe,Enterprise,dbt;Redshift,U014,Prospect,False,2024-07-01
A00209,van Goerle & van der Mast,van.com,Insurance,3026,530693828,United States,NA,North America,Enterprise,BigQuery,U003,Prospect,False,2023-11-24
A00210,Koninklijke van der Sande,koninklijke.com,Healthcare,85197,28885105683,Switzerland,DACH,Continental Europe,Strategic,Databricks;Redshift,U015,Churned,False,2024-09-23
A00211,DKG Groep,dkg.com,Banking,3199,1272520613,Canada,NA,North America,Enterprise,dbt;Hadoop/Cloudera,U002,Prospect,False,2023-04-14
A00212,Thanel GbR,thanel.com,Healthcare,5628,2145950772,United States,NA,North America,Enterprise,Airflow;Hadoop/Cloudera;BigQuery,U002,Prospect,False,2024-06-25
A00213,Eriksson Olsson AB,eriksson.com,CPG,4693,1200047030,Germany,DACH,Continental Europe,Enterprise,Snowflake;Hadoop/Cloudera,U014,Prospect,False,2026-02-07
A00214,Mühle,mühle.com,Retail,3468,978624516,United States,NA,North America,Enterprise,Redshift;dbt,U003,Prospect,False,2026-06-05
A00215,Denkavit International,denkavit.com,Banking,1319,334048621,United States,NA,North America,Enterprise,Redshift;BigQuery,U003,Prospect,False,2025-11-08
A00216,Arnold-Clarke,arnold-clarke.com,Banking,3862,625165112,United States,NA,North America,Enterprise,Databricks,U003,Prospect,False,2023-11-02
A00217,Schmidt Sjöberg HB,schmidt.com,Healthcare,834,155659428,United Kingdom,UK&I,UK&I,Mid-market,dbt;BigQuery,U008,Prospect,False,2024-09-04
A00218,Lozano Smith and Thomas,lozano.com,Healthcare,1426,523528806,United Kingdom,UK&I,UK&I,Enterprise,dbt;Hadoop/Cloudera;Redshift,U009,Prospect,True,2024-11-09
A00219,Jones LLC,jones.com,Retail,1112,336951568,Ireland,UK&I,UK&I,Enterprise,Redshift;Airflow,U008,Prospect,False,2026-09-04
A00220,Süßebier,süßebier.com,CPG,1962,591823566,Switzerland,DACH,Continental Europe,Enterprise,Databricks;Airflow;Snowflake,U015,Prospect,False,2026-06-23
A00221,Vergeer Groep,vergeer.com,Retail,18300,3453905400,Germany,DACH,Continental Europe,Strategic,Databricks;Snowflake;dbt,U014,Prospect,False,2025-05-07
A00222,Vallin Lund HB,vallin.com,Manufacturing,279,56761992,United States,NA,North America,Mid-market,dbt;Redshift,U003,Prospect,False,2023-05-08
A00223,Lindström AB,lindström.com,Healthcare,3591,733831623,Germany,DACH,Continental Europe,Enterprise,BigQuery;Airflow;Hadoop/Cloudera,U015,Prospect,False,2025-12-27
A00224,Weinhold AG,weinhold.com,Telecom,360,117782640,United States,NA,North America,Mid-market,Airflow;Redshift;BigQuery,U003,Prospect,False,2026-02-16
A00225,Godfrey van Alemannië NV,godfrey.com,Telecom,1127,396882066,United States,NA,North America,Enterprise,Airflow;Databricks,U003,Prospect,False,2024-07-14
A00226,Burns Day and Duncan,burns.com,Healthcare,5371,1758315012,United States,NA,North America,Enterprise,Hadoop/Cloudera;Redshift;BigQuery,U002,Prospect,False,2023-06-11
A00227,Howard-Jordan,howard-jordan.com,Retail,1928,620736952,United States,NA,North America,Enterprise,Airflow;Hadoop/Cloudera,U002,Prospect,False,2026-02-25
A00228,Ali Richardson and Gardner,ali.com,Insurance,615,109859295,Germany,DACH,Continental Europe,Mid-market,Airflow;dbt;Databricks,U014,Prospect,False,2024-04-07
A00229,John Group,john.com,Banking,884,155819144,United Kingdom,UK&I,UK&I,Mid-market,BigQuery;Airflow,U009,Prospect,False,2023-01-11
A00230,Eriksson & Sundström AB,eriksson.com,Insurance,3567,915534756,Denmark,Nordics,Continental Europe,Enterprise,Hadoop/Cloudera;Redshift;Databricks,U015,Prospect,False,2023-07-03
A00231,Dawson-Nicholls,dawson-nicholls.com,Insurance,870,252548820,Ireland,UK&I,UK&I,Mid-market,Airflow;Snowflake;Databricks,U009,Customer,False,2023-03-16
A00232,Santana-Byrd,santana-byrd.com,,2244,800118396,Norway,Nordics,Continental Europe,Enterprise,Databricks;Airflow,U015,Prospect,True,2026-03-09
A00233,Williams LLC,williams.com,Telecom,1892,424935632,United Kingdom,UK&I,UK&I,Enterprise,Airflow;dbt,U009,Customer,True,2025-10-29
A00234,Lundholm Johansson HB,lundholm.com,Insurance,942,341027550,Canada,NA,North America,Mid-market,BigQuery,U002,Prospect,False,2024-01-17
A00235,Stichting de Jager,stichting.com,Telecom,15428,5512331832,United States,NA,North America,Strategic,dbt;Airflow,U002,Prospect,False,2025-04-10
A00236,Paillet NV,paillet.com,Healthcare,3408,804165312,Austria,DACH,Continental Europe,Enterprise,Hadoop/Cloudera,U014,Prospect,True,2024-10-24
A00237,Lidström Öberg HB,lidström.com,,250,54590750,Sweden,Nordics,Continental Europe,Mid-market,Databricks;Hadoop/Cloudera,U015,Customer,False,2026-03-19
A00238,Foster Smith and Grimes,foster.com,Manufacturing,2178,531985212,United States,NA,North America,Enterprise,Databricks;Snowflake;Airflow,U003,Prospect,False,2025-10-26
A00239,Mcgee Wall and Leach,mcgee.com,Manufacturing,932,327885988,Sweden,Nordics,Continental Europe,Mid-market,Airflow;Snowflake,U015,Prospect,False,2023-10-01
A00240,Roberts Lloyd and Bates,roberts.com,Retail,4240,1467099360,Canada,NA,North America,Enterprise,BigQuery;Hadoop/Cloudera;dbt,U003,Prospect,False,2024-03-23
A00241,Wende,wende.com,Manufacturing,818,284541300,Germany,DACH,Continental Europe,Mid-market,Redshift;Snowflake;dbt,U015,Prospect,False,2026-03-01
A00242,Glover Johnson and Thomas,glover.com,CPG,1612,473221944,United States,NA,North America,Enterprise,Databricks;dbt;Airflow,U002,Prospect,False,2025-06-23
A00243,Wunderink Groep,wunderink.com,Insurance,2995,1012115325,United States,NA,North America,Enterprise,Hadoop/Cloudera;Snowflake;dbt,U003,Prospect,False,2025-11-17
A00244,Walker LLC,walker.com,Healthcare,4297,709585095,United States,NA,North America,Enterprise,Hadoop/Cloudera;Airflow;BigQuery,U002,Prospect,False,2024-03-22
A00245,Marchal & Huijzing,marchal.com,Banking,544,142021536,United Kingdom,UK&I,UK&I,Mid-market,Airflow;Snowflake,U008,Customer,True,2025-08-24
A00246,Karlsson Sundström AB,karlsson.com,Retail,1294,255152214,United States,NA,North America,Enterprise,Redshift,U003,Prospect,False,2025-07-07
A00247,Hübel Weinhold GmbH,hübel.com,Retail,1124,279283652,Netherlands,Benelux,Continental Europe,Enterprise,Airflow,U014,Prospect,False,2024-01-01
A00248,Mccarty-Taylor,mccarty-taylor.com,Retail,940,271314080,Norway,Nordics,Continental Europe,Mid-market,Airflow,U014,Prospect,False,2024-09-03
A00249,Wood Robinson and Morgan,wood.com,Manufacturing,10566,3092911218,Canada,NA,North America,Strategic,dbt;Hadoop/Cloudera,U002,Prospect,False,2024-07-18
A00250,Axelsson Issa HB,axelsson.com,Manufacturing,2710,950310280,United States,NA,North America,Enterprise,Snowflake,U003,Prospect,False,2023-02-02
A00251,Johansson HB,johansson.com,Banking,512,90341888,United States,NA,North America,Mid-market,Snowflake;Hadoop/Cloudera;dbt,U002,Prospect,True,2025-06-17
A00252,Persson Söderberg AB,persson.com,Insurance,4527,1574295939,United States,NA,North America,Enterprise,Databricks,U003,Prospect,False,2026-03-25
A00253,Jennings-Young,jennings-young.com,Healthcare,15095,5321229020,United States,NA,North America,Strategic,Redshift;BigQuery;Databricks,U003,Prospect,False,2025-12-03
A00254,Svanberg Engström AB,svanberg.com,Telecom,5076,1127526804,United States,NA,North America,Enterprise,dbt,U002,Prospect,False,2025-10-12
A00255,Royal le Matelot,royal.com,Telecom,395,156748245,United States,NA,North America,Mid-market,Airflow;Hadoop/Cloudera;dbt,U003,Prospect,False,2024-09-06
A00256,Williams Inc,williams.com,CPG,1114,324189596,United States,NA,North America,Enterprise,Databricks;Redshift,U003,Prospect,True,2025-08-06
A00257,Drub Dietz GbR,drub.com,Healthcare,6418,1656999240,Belgium,Benelux,Continental Europe,Enterprise,dbt;Redshift,U014,Prospect,False,2024-11-07
A00258,Ibrahim HB,ibrahim.com,Retail,890,331142300,United Kingdom,UK&I,UK&I,Mid-market,Snowflake;dbt,U008,Prospect,False,2026-05-23
A00259,Lindberg Nilsson HB,lindberg.com,CPG,2818,476464622,United Kingdom,UK&I,UK&I,Enterprise,Redshift,U008,Prospect,False,2024-11-12
A00260,Gilbert-Crosby,gilbert-crosby.com,Banking,3923,806270652,United States,NA,North America,Enterprise,Airflow,U002,Prospect,False,2024-05-11
A00261,Stumpf GmbH,stumpf.com,Manufacturing,715,145581865,Germany,DACH,Continental Europe,Mid-market,Databricks;dbt,U015,Prospect,False,2025-12-28
A00262,Williams-Smith,williams-smith.com,Telecom,1703,372217898,United Kingdom,UK&I,UK&I,Enterprise,dbt;Hadoop/Cloudera,U009,Prospect,False,2025-08-19
A00263,Striebitz GmbH,striebitz.com,Telecom,250,97421500,Germany,DACH,Continental Europe,Mid-market,BigQuery,U015,Prospect,False,2024-03-29
A00264,Hjalmarsson & Jafari AB,hjalmarsson.com,Banking,649,141715640,Germany,DACH,Continental Europe,Mid-market,dbt;Redshift;Hadoop/Cloudera,U015,Prospect,False,2025-02-16
A00265,Davis-Lewis,davis-lewis.com,Insurance,1404,394366752,United Kingdom,UK&I,UK&I,Enterprise,Airflow;Redshift;BigQuery,U009,Prospect,False,2026-08-07
A00266,Andersson HB,andersson.com,Retail,519,100738419,Germany,DACH,Continental Europe,Mid-market,Redshift;BigQuery;Databricks,U014,Prospect,False,2026-01-15
A00267,Greenwood and Sons,greenwood.com,Banking,9250,2657969000,Norway,Nordics,Continental Europe,Enterprise,Redshift,U014,Customer,False,2023-01-14
A00268,Clark Robinson and Kane,clark.com,CPG,432,136224288,United States,NA,North America,Mid-market,Snowflake,U002,Prospect,False,2025-02-03
A00269,Zirme KG,zirme.com,Manufacturing,1164,378049740,United States,NA,North America,Enterprise,Hadoop/Cloudera;Airflow;Redshift,U002,Prospect,False,2023-01-25
A00270,Garrison-Thomas,garrison-thomas.com,Manufacturing,2060,457363260,United States,NA,North America,Enterprise,BigQuery;Snowflake;dbt,U003,Prospect,False,2023-08-08
A00271,Smith Coleman and Benson,smith.com,Healthcare,7640,1444204480,Belgium,Benelux,Continental Europe,Enterprise,Databricks,U015,Prospect,False,2025-03-23
A00272,Smith and Sons,smith.com,Retail,430,116238890,United States,NA,North America,Mid-market,Databricks;Airflow;Redshift,U003,Prospect,False,2026-08-31
A00273,Alexandersson Forsgren AB,alexandersson.com,Manufacturing,5785,2019659200,Norway,Nordics,Continental Europe,Enterprise,Snowflake,U015,Prospect,False,2023-04-25
A00274,Demmendaal NV,demmendaal.com,Manufacturing,1826,355936702,United Kingdom,UK&I,UK&I,Enterprise,Hadoop/Cloudera,U009,Prospect,False,2023-07-15
A00275,Royal Haneberg,royal.com,Banking,677,142326387,Belgium,Benelux,Continental Europe,Mid-market,Redshift,U015,Prospect,False,2024-07-28
A00276,Broekhoven & van den Hoek,broekhoven.com,,2870,925629530,Belgium,Benelux,Continental Europe,Enterprise,Databricks,U015,Prospect,False,2023-10-23
A00277,Seifert Becker AG,seifert.com,Manufacturing,2206,805617964,Germany,DACH,Continental Europe,Enterprise,Snowflake;BigQuery,U014,Prospect,False,2025-03-07
A00278,B&S,b&s.com,Healthcare,992,235064320,Ireland,UK&I,UK&I,Mid-market,Redshift;Airflow,U008,Prospect,False,2023-06-10
A00279,Joseph-Wallace,joseph-wallace.com,Telecom,1938,317979288,United Kingdom,UK&I,UK&I,Enterprise,Hadoop/Cloudera,U008,Prospect,False,2026-06-11
A00280,Franklin-Jones,franklin-jones.com,Retail,1229,433569078,Sweden,Nordics,Continental Europe,Enterprise,Snowflake;Airflow,U015,Prospect,False,2024-04-12
A00281,Schulz,schulz.com,Retail,2025,532992150,United States,NA,North America,Enterprise,Airflow,U003,Prospect,False,2024-05-19
A00282,Nilsson & Häggström HB,nilsson.com,Banking,3505,771965735,Germany,DACH,Continental Europe,Enterprise,Hadoop/Cloudera,U014,Prospect,False,2023-08-07
A00283,De Alliantie,de.com,,8830,2353936720,United States,NA,North America,Enterprise,Redshift;BigQuery,U002,Prospect,False,2025-07-08
A00284,Curtis Mack and Le,curtis.com,Healthcare,524,134650184,United Kingdom,UK&I,UK&I,Mid-market,Snowflake,U008,Prospect,True,2026-05-09
A00285,Price-Wilson,price-wilson.com,CPG,15260,3830061620,Switzerland,DACH,Continental Europe,Strategic,BigQuery,U015,Prospect,True,2026-02-19
A00286,Kuhl Liebelt Stiftung & Co. KGaA,kuhl.com,,256,76783360,Belgium,Benelux,Continental Europe,Mid-market,Databricks;Airflow;Hadoop/Cloudera,U014,Prospect,False,2025-10-06
A00287,Simmons-Ortega,simmons-ortega.com,Insurance,1553,409909691,United States,NA,North America,Enterprise,Hadoop/Cloudera;BigQuery,U003,Prospect,False,2024-05-20
A00288,Striebitz GmbH & Co. KGaA,striebitz.com,Retail,3256,995235472,Germany,DACH,Continental Europe,Enterprise,Databricks;Hadoop/Cloudera;Snowflake,U014,Prospect,False,2024-11-11
A00289,Decker Inc,decker.com,Retail,2394,863714502,Netherlands,Benelux,Continental Europe,Enterprise,Hadoop/Cloudera;BigQuery,U015,Prospect,False,2026-05-02
A00290,de Boer BV,de.com,Telecom,970,298884160,United States,NA,North America,Mid-market,Databricks;Hadoop/Cloudera;BigQuery,U002,Customer,False,2024-08-19
A00291,Lindberg HB,lindberg.com,Manufacturing,1468,409152152,Germany,DACH,Continental Europe,Enterprise,Redshift;Databricks;BigQuery,U015,Prospect,False,2025-01-17
A00292,Gomez-Ortega,gomez-ortega.com,Healthcare,1104,223423104,United States,NA,North America,Enterprise,dbt;Databricks;Redshift,U002,Customer,False,2024-03-05
A00293,Simons Groep,simons.com,Telecom,1002,368650830,United States,NA,North America,Enterprise,Snowflake;Hadoop/Cloudera;Airflow,U002,Prospect,False,2026-09-10
A00294,Döhn Rust GmbH & Co. OHG,döhn.com,Retail,4228,1508766028,United States,NA,North America,Enterprise,Snowflake;Hadoop/Cloudera,U003,Prospect,False,2025-05-06
A00295,Moss and Sons,moss.com,CPG,2583,630892584,United Kingdom,UK&I,UK&I,Enterprise,Redshift;dbt;Airflow,U008,Prospect,False,2026-09-23
A00296,Bruce-Richardson,bruce-richardson.com,Manufacturing,904,280790536,United States,NA,North America,Mid-market,dbt,U003,Customer,False,2025-05-31
A00297,Hecker,hecker.com,Banking,4445,968236570,United States,NA,North America,Enterprise,dbt,U002,Prospect,False,2026-04-20
A00298,Ruijs BV,ruijs.com,Insurance,2458,590979398,Germany,DACH,Continental Europe,Enterprise,Hadoop/Cloudera,U014,Prospect,False,2023-06-25
A00299,Campbell-Herbert,campbell-herbert.com,Manufacturing,4075,762591425,United States,NA,North America,Enterprise,BigQuery;Redshift,U003,Prospect,False,2024-12-14
A00300,Albers Girschner AG & Co. KG,albers.com,Retail,3393,1151129538,Canada,NA,North America,Enterprise,Hadoop/Cloudera;BigQuery;Snowflake,U003,Prospect,False,2023-02-16
A00301,Jakobsson & Blomqvist AB,jakobsson.com,Manufacturing,789,140969052,Netherlands,Benelux,Continental Europe,Mid-market,Redshift;Databricks;Airflow,U014,Prospect,False,2025-05-23
A00302,Moreno Bennett and Chavez,moreno.com,Insurance,1032,370618032,Sweden,Nordics,Continental Europe,Enterprise,Airflow;Databricks,U014,Prospect,False,2023-03-01
A00303,Webster-Duncan,webster-duncan.com,Insurance,3817,1022394901,Germany,DACH,Continental Europe,Enterprise,Hadoop/Cloudera;Redshift;Snowflake,U014,Prospect,False,2023-05-09
A00304,Asplund & Andersson AB,asplund.com,CPG,3328,1259927552,United Kingdom,UK&I,UK&I,Enterprise,Databricks;BigQuery;Airflow,U008,Prospect,False,2025-09-29
A00305,Melander HB,melander.com,,1770,410917890,United Kingdom,UK&I,UK&I,Enterprise,Hadoop/Cloudera;dbt;Redshift,U008,Prospect,False,2026-06-18
A00306,Eaton Industries,eaton.com,Manufacturing,2033,681197310,United States,NA,North America,Enterprise,dbt;Redshift,U002,Prospect,False,2024-05-03
A00307,Jensen Englund AB,jensen.com,Insurance,6487,1607861333,United States,NA,North America,Enterprise,Databricks;dbt;Hadoop/Cloudera,U003,Prospect,False,2025-05-16
A00308,Dörschner Hölzenbecher OHG mbH,dörschner.com,Manufacturing,1000,290870000,United States,NA,North America,Enterprise,Airflow;Databricks;dbt,U002,Prospect,True,2024-10-06
A00309,Karlsson Gustavsson AB,karlsson.com,Healthcare,3124,512501572,Netherlands,Benelux,Continental Europe,Enterprise,Snowflake;Hadoop/Cloudera,U014,Prospect,False,2026-02-24
A00310,Appelman BV,appelman.com,Retail,1477,379961204,United Kingdom,UK&I,UK&I,Enterprise,Hadoop/Cloudera;Redshift;Airflow,U009,Prospect,False,2024-03-27
A00311,Wilms AG & Co. KG,wilms.com,Telecom,1454,303800214,United States,NA,North America,Enterprise,BigQuery;Databricks;Hadoop/Cloudera,U003,Prospect,True,2023-08-22
A00312,Junken Dussen van AG,junken.com,Healthcare,5425,1984562650,United States,NA,North America,Enterprise,dbt;Snowflake,U003,Prospect,False,2023-07-29
A00313,KEMA,kema.com,Manufacturing,4127,1431903920,Germany,DACH,Continental Europe,Enterprise,BigQuery,U014,Prospect,False,2023-06-28
A00314,Kent-Wilson,kent-wilson.com,Banking,4078,1440867506,United States,NA,North America,Enterprise,Databricks,U003,Prospect,False,2025-05-26
A00315,Persson & Andersson AB,persson.com,Insurance,6670,2372805810,United States,NA,North America,Enterprise,Redshift,U002,Prospect,False,2025-12-26
A00316,van Laarhoven BV,van.com,Healthcare,1846,358380594,United States,NA,North America,Enterprise,Airflow;BigQuery,U003,Prospect,False,2025-11-19
A00317,Lorch,lorch.com,Manufacturing,3575,1300206050,Norway,Nordics,Continental Europe,Enterprise,Databricks,U015,Customer,False,2026-09-05
A00318,Nilsson Johansen AB,nilsson.com,CPG,1325,244838800,United States,NA,North America,Enterprise,Databricks,U003,Prospect,False,2025-03-15
A00319,Veltman BV,veltman.com,Healthcare,2500,789450000,Canada,NA,North America,Enterprise,Airflow;Hadoop/Cloudera,U003,Prospect,False,2023-07-10
A00320,Pettersson Svensson AB,pettersson.com,Manufacturing,1587,353797845,United States,NA,North America,Enterprise,BigQuery;Hadoop/Cloudera;Airflow,U003,Prospect,False,2023-07-10
A00321,Peterse NV,peterse.com,Retail,1992,630306648,Germany,DACH,Continental Europe,Enterprise,Airflow;BigQuery;Snowflake,U015,Prospect,False,2024-03-09
A00322,Karlsson Ivarsson HB,karlsson.com,Telecom,3278,1203501310,Canada,NA,North America,Enterprise,BigQuery;dbt,U002,Prospect,False,2024-12-04
A00323,Kade e.G.,kade.com,CPG,797,129663930,Belgium,Benelux,Continental Europe,Mid-market,Snowflake,U015,Prospect,False,2023-11-20
A00324,Dennis Inc,dennis.com,Banking,14652,3840948540,United States,NA,North America,Strategic,Airflow,U002,Customer,False,2024-07-15
A00325,Einarsson & Olsson HB,einarsson.com,Telecom,661,142536718,United States,NA,North America,Mid-market,BigQuery,U002,Prospect,False,2024-04-24
A00326,Webb LLC,webb.com,,536,179275920,United States,NA,North America,Mid-market,Snowflake,U002,Prospect,True,2024-04-08
A00327,Foster Ltd,foster.com,Retail,5756,877410104,United Kingdom,UK&I,UK&I,Enterprise,Airflow,U009,Prospect,False,2025-05-14
A00328,Bean Ltd,bean.com,Retail,3990,672582330,Germany,DACH,Continental Europe,Enterprise,Hadoop/Cloudera,U014,Prospect,True,2024-10-03
A00329,Mazars,mazars.com,Telecom,3374,627385178,United States,NA,North America,Enterprise,Redshift;Databricks,U002,Prospect,False,2026-06-03
A00330,Johansson & Svensson HB,johansson.com,Retail,3389,820344729,Ireland,UK&I,UK&I,Enterprise,Databricks;Airflow;Redshift,U009,Prospect,False,2024-03-20
A00331,Mans AG,mans.com,Banking,1786,333451558,United States,NA,North America,Enterprise,dbt,U003,Prospect,False,2023-10-14
A00332,Sandd,sandd.com,Manufacturing,737,126826645,United States,NA,North America,Mid-market,dbt,U003,Prospect,False,2026-09-10
A00333,Schäfer Blümel GmbH,schäfer.com,Insurance,1950,557161800,Netherlands,Benelux,Continental Europe,Enterprise,dbt;Databricks;Hadoop/Cloudera,U015,Prospect,False,2024-05-05
A00334,Göransson HB,göransson.com,Banking,918,195715764,Canada,NA,North America,Mid-market,Airflow;dbt,U002,Prospect,False,2025-01-09
A00335,Wood LLC,wood.com,Insurance,4793,1204993751,Sweden,Nordics,Continental Europe,Enterprise,Hadoop/Cloudera;BigQuery;dbt,U014,Prospect,False,2023-05-30
A00336,Lin Wyatt and Gilbert,lin.com,Banking,1560,239639400,United States,NA,North America,Enterprise,Databricks;Snowflake,U002,Customer,False,2024-08-09
A00337,Johansson Larsson AB,johansson.com,Healthcare,791,277714563,United Kingdom,UK&I,UK&I,Mid-market,Hadoop/Cloudera;Airflow,U009,Prospect,False,2026-06-15
A00338,Van Bragt & van Ommeren,van.com,Banking,1311,303155640,United States,NA,North America,Enterprise,dbt,U002,Customer,False,2024-10-31
A00339,Vikström HB,vikström.com,Manufacturing,2732,956402168,United States,NA,North America,Enterprise,Airflow;Redshift;Snowflake,U003,Prospect,False,2024-05-03
A00340,Haas-Miller,haas-miller.com,Banking,1028,403371780,United States,NA,North America,Enterprise,Snowflake;Hadoop/Cloudera,U002,Prospect,False,2023-12-26
A00341,Smith Group,smith.com,Manufacturing,794,147659386,United States,NA,North America,Mid-market,Snowflake;Databricks;Hadoop/Cloudera,U003,Prospect,False,2024-06-14
A00342,Woutersz & de Boer,woutersz.com,Insurance,2306,799141994,United States,NA,North America,Enterprise,Airflow;Snowflake,U002,Prospect,False,2025-12-08
A00343,Lange Wohlgemut GmbH,lange.com,Manufacturing,2309,695389985,United States,NA,North America,Enterprise,Snowflake;Hadoop/Cloudera;Airflow,U003,Prospect,False,2023-12-08
A00344,Olsson HB,olsson.com,Telecom,1089,384115347,United States,NA,North America,Enterprise,dbt,U002,Prospect,False,2023-04-01
A00345,Davis-Gregory,davis-gregory.com,Banking,1128,241512696,Netherlands,Benelux,Continental Europe,Enterprise,Hadoop/Cloudera,U015,Prospect,False,2023-03-14
A00346,Ullrich Sontag KG,ullrich.com,Manufacturing,2280,784687080,United Kingdom,UK&I,UK&I,Enterprise,Hadoop/Cloudera;Databricks;BigQuery,U008,Prospect,False,2024-07-09
A00347,Reeves-Adams,reeves-adams.com,Healthcare,424,105037096,Austria,DACH,Continental Europe,Mid-market,dbt,U014,Prospect,False,2023-04-05
A00348,Sölzer Thanel OHG mbH,sölzer.com,Banking,442,167914474,Sweden,Nordics,Continental Europe,Mid-market,Redshift;BigQuery,U015,Prospect,False,2023-01-17
A00349,Flink & Texier,flink.com,,881,262360038,United States,NA,North America,Mid-market,Airflow;dbt,U002,Prospect,False,2025-10-07
A00350,Lundkvist Hansson AB,lundkvist.com,CPG,1460,293792880,Norway,Nordics,Continental Europe,Enterprise,dbt;Databricks;Airflow,U014,Customer,True,2026-01-14
A00351,Lundqvist HB,lundqvist.com,CPG,2467,818516062,United States,NA,North America,Enterprise,BigQuery,U002,Prospect,False,2024-09-21
A00352,Ali Gustavsson AB,ali.com,Healthcare,7905,1679290770,United States,NA,North America,Enterprise,Hadoop/Cloudera;Snowflake,U002,Prospect,True,2024-04-19
A00353,Gröttner Hecker AG & Co. KG,gröttner.com,Healthcare,4262,1100789360,Belgium,Benelux,Continental Europe,Enterprise,BigQuery;Hadoop/Cloudera;Snowflake,U014,Prospect,False,2025-03-18
A00354,Doyle Inc,doyle.com,Healthcare,1540,256143580,United States,NA,North America,Enterprise,Airflow;Databricks,U002,Prospect,False,2025-03-15
A00355,Pettersson & Sjöstedt AB,pettersson.com,Manufacturing,1773,417584052,Germany,DACH,Continental Europe,Enterprise,Hadoop/Cloudera;BigQuery,U014,Prospect,False,2026-04-12
A00356,Eigenwillig,eigenwillig.com,Banking,663,128018007,United States,NA,North America,Mid-market,Hadoop/Cloudera;BigQuery,U003,Prospect,False,2024-03-01
A00357,Broman Dahlqvist AB,broman.com,Retail,1774,389339780,Canada,NA,North America,Enterprise,Snowflake,U002,Prospect,False,2026-05-20
A00358,van 't Wel NV,van.com,CPG,1354,507133930,United States,NA,North America,Enterprise,Databricks;Snowflake,U002,Customer,False,2023-04-11
A00359,Morrison-Mitchell,morrison-mitchell.com,Telecom,2496,910992576,Ireland,UK&I,UK&I,Enterprise,Snowflake,U009,Prospect,False,2026-01-31
A00360,van der Laan & Pastoors,van.com,Retail,790,139604060,United States,NA,North America,Mid-market,Snowflake,U002,Prospect,False,2024-03-31
A00361,Gude Koch OHG mbH,gude.com,CPG,3039,774975390,United States,NA,North America,Enterprise,Airflow;Redshift,U002,Prospect,False,2023-06-03
A00362,Johansson Grahn HB,johansson.com,Banking,8372,1689796108,United States,NA,North America,Enterprise,Hadoop/Cloudera;Databricks;Snowflake,U003,Prospect,False,2023-04-14
A00363,Johansson & Börjesson AB,johansson.com,Healthcare,1621,427212929,United States,NA,North America,Enterprise,Hadoop/Cloudera;Redshift;Snowflake,U003,Prospect,False,2024-03-15
A00364,Sjöberg AB,sjöberg.com,Telecom,2701,603300762,Belgium,Benelux,Continental Europe,Enterprise,Databricks;Snowflake,U014,Prospect,False,2026-02-01
A00365,Royal Greij,royal.com,Banking,3605,805144305,Canada,NA,North America,Enterprise,Databricks;Hadoop/Cloudera,U002,Prospect,False,2024-05-25
A00366,Green AB,green.com,CPG,1210,353944360,United Kingdom,UK&I,UK&I,Enterprise,Hadoop/Cloudera,U009,Prospect,False,2024-12-05
A00367,Peukert Finke GmbH & Co. KG,peukert.com,Healthcare,2262,530000172,Belgium,Benelux,Continental Europe,Enterprise,BigQuery;Databricks,U014,Prospect,False,2024-07-29
A00368,Velasquez LLC,velasquez.com,,1830,528480210,United States,NA,North America,Enterprise,Redshift;dbt,U002,Customer,True,2026-09-07
A00369,Brown-Shaw,brown-shaw.com,Healthcare,1993,725420112,United States,NA,North America,Enterprise,Snowflake;Databricks;dbt,U003,Prospect,False,2023-12-22
A00370,Turner-Patel,turner-patel.com,Healthcare,834,194623908,United States,NA,North America,Mid-market,Airflow;BigQuery;dbt,U002,Prospect,False,2026-03-08
A00371,Galvan-Combs,galvan-combs.com,Healthcare,1852,738223868,United Kingdom,UK&I,UK&I,Enterprise,Redshift,U009,Prospect,False,2023-03-19
A00372,Etzler AG,etzler.com,Insurance,2974,915165228,United States,NA,North America,Enterprise,Snowflake,U003,Prospect,False,2024-02-17
A00373,Textor Etzold e.G.,textor.com,,7716,2607545040,Switzerland,DACH,Continental Europe,Enterprise,Redshift,U015,Prospect,True,2023-10-18
A00374,Emté,emté.com,CPG,4718,1358618870,Germany,DACH,Continental Europe,Enterprise,Snowflake;BigQuery,U015,Prospect,False,2024-10-22
A00375,Smith and Sons,smith.com,Insurance,15571,5324986151,United States,NA,North America,Strategic,Redshift;Airflow,U003,Prospect,False,2026-02-24
A00376,Singh Jenkins and Davison,singh.com,,839,298939895,Germany,DACH,Continental Europe,Mid-market,Databricks;Airflow,U014,Prospect,False,2024-08-26
A00377,Jacobi Jäckel AG,jacobi.com,Manufacturing,4325,650787075,United States,NA,North America,Enterprise,dbt;Hadoop/Cloudera;Redshift,U002,Prospect,False,2026-06-06
A00378,Barnes PLC,barnes.com,Healthcare,2171,384898761,United States,NA,North America,Enterprise,Databricks;BigQuery,U002,Prospect,False,2023-12-10
A00379,Hazenveld NV,hazenveld.com,Banking,16152,5901827736,United Kingdom,UK&I,UK&I,Strategic,Airflow;Redshift;BigQuery,U009,Prospect,False,2023-05-19
A00380,Alfredsson & Karlsson AB,alfredsson.com,CPG,805,143547600,United States,NA,North America,Mid-market,Snowflake;Redshift;Hadoop/Cloudera,U003,Prospect,False,2025-04-27
A00381,Mahmood-Richards,mahmood-richards.com,Retail,780,188816940,Canada,NA,North America,Mid-market,Hadoop/Cloudera;Snowflake;Redshift,U002,Prospect,True,2023-03-10
A00382,Fletcher Adams and Cunningham,fletcher.com,Telecom,992,216705376,United States,NA,North America,Mid-market,Snowflake,U003,Prospect,False,2023-06-03
A00383,Putz KG,putz.com,Banking,250,59647750,United Kingdom,UK&I,UK&I,Mid-market,dbt;Hadoop/Cloudera;Snowflake,U009,Customer,False,2025-06-08
A00384,Larsson & Isaksson HB,larsson.com,Banking,1068,252895992,United States,NA,North America,Enterprise,Databricks,U003,Prospect,False,2026-01-11
A00385,Hughes Brooks and Burgess,hughes.com,Telecom,846,192855006,United States,NA,North America,Mid-market,Snowflake,U002,Prospect,False,2025-10-02
A00386,Kaul GbR,kaul.com,Telecom,2101,317251000,United States,NA,North America,Enterprise,Snowflake;BigQuery,U003,Prospect,True,2023-12-16
A00387,Moss Cook and Williams,moss.com,Banking,2544,697419792,United Kingdom,UK&I,UK&I,Enterprise,BigQuery,U009,Prospect,False,2024-06-26
A00388,Persson Dahl HB,persson.com,Healthcare,11803,2969481361,United States,NA,North America,Strategic,BigQuery,U003,Prospect,False,2024-06-23
A00389,Hulst & Dekker,hulst.com,Telecom,4677,978933516,United States,NA,North America,Enterprise,dbt;Snowflake,U002,Prospect,False,2023-06-25
A00390,Smits BV,smits.com,,1015,296316055,Ireland,UK&I,UK&I,Enterprise,Redshift;dbt,U008,Prospect,False,2025-12-06
A00391,Blackwell LLC,blackwell.com,Healthcare,736,242960960,United States,NA,North America,Mid-market,dbt;Databricks,U003,Prospect,False,2023-03-13
A00392,Kruschwitz,kruschwitz.com,Healthcare,2956,1063666348,United Kingdom,UK&I,UK&I,Enterprise,Airflow;dbt;Databricks,U008,Customer,False,2023-12-09
A00393,Erlandsson Nylander AB,erlandsson.com,CPG,482,96651122,Denmark,Nordics,Continental Europe,Mid-market,Snowflake,U015,Prospect,False,2024-02-18
A00394,Zahn Biggen KGaA,zahn.com,Manufacturing,11287,2130590555,Norway,Nordics,Continental Europe,Strategic,BigQuery;Redshift;Snowflake,U014,Prospect,False,2024-10-29
A00395,Ebert Koch GmbH & Co. KG,ebert.com,Healthcare,5880,1588205640,Netherlands,Benelux,Continental Europe,Enterprise,Redshift,U015,Prospect,True,2026-03-06
A00396,Engie Services,engie.com,CPG,1130,447844990,United Kingdom,UK&I,UK&I,Enterprise,Snowflake,U008,Prospect,False,2024-12-05
A00397,Stichting van Voorst,stichting.com,Telecom,325,81383900,Netherlands,Benelux,Continental Europe,Mid-market,Hadoop/Cloudera;dbt;Airflow,U015,Prospect,False,2023-10-22
A00398,Royal Rubben,royal.com,Manufacturing,7001,2323204839,United Kingdom,UK&I,UK&I,Enterprise,Snowflake;Hadoop/Cloudera,U009,Prospect,True,2025-08-31
A00399,Coleman Jordan and Carney,coleman.com,Telecom,1612,250348436,Sweden,Nordics,Continental Europe,Enterprise,Redshift;BigQuery,U015,Prospect,False,2023-07-21
A00400,Harris Webb and Mills,harris.com,Insurance,6234,1154711352,Denmark,Nordics,Continental Europe,Enterprise,Airflow;Hadoop/Cloudera,U015,Prospect,False,2026-08-15
A00401,Matthäi Schleich Stiftung & Co. KG,matthäi.com,Retail,367,75386938,United States,NA,North America,Mid-market,Airflow;Hadoop/Cloudera,U003,Prospect,False,2023-11-22
A00402,van Gent & Weyland,van.com,Manufacturing,992,280590176,United States,NA,North America,Mid-market,Databricks;dbt,U002,Prospect,False,2024-02-16
A00403,Wijland Groep,wijland.com,Insurance,1817,288301573,Austria,DACH,Continental Europe,Enterprise,Snowflake;BigQuery,U014,Prospect,False,2025-10-31
A00404,Royal Coreth von und zu Coredo und Starkenberg,royal.com,Banking,1895,622630675,United States,NA,North America,Enterprise,Databricks,U003,Prospect,False,2025-08-29
A00405,Walsh Cox and Owen,walsh.com,Telecom,1152,276758784,United Kingdom,UK&I,UK&I,Enterprise,Redshift,U009,Prospect,False,2024-08-06
A00406,Wilkins PLC,wilkins.com,Banking,3370,649415850,United States,NA,North America,Enterprise,Redshift;Databricks;Airflow,U002,Prospect,False,2025-04-18
A00407,Holthuis BV,holthuis.com,,621,220176171,United Kingdom,UK&I,UK&I,Mid-market,Snowflake;Hadoop/Cloudera;Databricks,U008,Prospect,True,2024-05-31
A00408,Owen Cooper and Swift,owen.com,Telecom,1568,528165120,United Kingdom,UK&I,UK&I,Enterprise,Airflow;BigQuery;Hadoop/Cloudera,U009,Prospect,False,2024-03-22
A00409,Mohamed HB,mohamed.com,Manufacturing,2039,584136798,Canada,NA,North America,Enterprise,Hadoop/Cloudera;dbt;Snowflake,U002,Prospect,False,2025-02-05
A00410,Wiek Buchholz KG,wiek.com,Healthcare,3024,936405792,United Kingdom,UK&I,UK&I,Enterprise,BigQuery;Airflow,U008,Prospect,False,2024-07-20
A00411,Owen McLean and White,owen.com,CPG,3683,819773189,United Kingdom,UK&I,UK&I,Enterprise,Airflow;Redshift,U009,Prospect,False,2024-05-07
A00412,Fitzgerald Group,fitzgerald.com,CPG,587,219972380,Belgium,Benelux,Continental Europe,Mid-market,Hadoop/Cloudera;Airflow;BigQuery,U014,Prospect,False,2024-08-28
A00413,Sundström Bergqvist HB,sundström.com,Retail,389,99608507,United States,NA,North America,Mid-market,Airflow;Snowflake,U002,Prospect,False,2025-12-30
A00414,Segerszoen & van Tours,segerszoen.com,Retail,6487,2514620680,United Kingdom,UK&I,UK&I,Enterprise,BigQuery;dbt;Redshift,U008,Prospect,False,2024-01-06
A00415,Kirk Inc,kirk.com,Retail,2520,462518280,United States,NA,North America,Enterprise,BigQuery;Airflow;dbt,U002,Customer,False,2026-09-02
A00416,van Gils & Fremie,van.com,Telecom,855,178305120,United States,NA,North America,Mid-market,Redshift;BigQuery;Hadoop/Cloudera,U003,Prospect,False,2025-08-07
A00417,Kensy,kensy.com,Retail,8528,1399197488,Netherlands,Benelux,Continental Europe,Enterprise,dbt;Redshift;Airflow,U014,Prospect,False,2023-09-03
A00418,Daniels Vance and York,daniels.com,Retail,2029,586163897,Netherlands,Benelux,Continental Europe,Enterprise,Hadoop/Cloudera;Snowflake,U014,Prospect,False,2025-04-18
A00419,Bond-O'Neill,bond-o'neill.com,Retail,5879,1102577055,Norway,Nordics,Continental Europe,Enterprise,Redshift;Airflow,U014,Prospect,False,2026-07-16
A00420,Smith Group,smith.com,Telecom,1934,611782220,Norway,Nordics,Continental Europe,Enterprise,Snowflake,U015,Prospect,False,2023-12-12
A00421,Spencer-Wood,spencer-wood.com,Insurance,14196,3951300444,United Kingdom,UK&I,UK&I,Strategic,Databricks,U009,Prospect,False,2025-09-04
A00422,Lindskog AB,lindskog.com,Banking,10460,3032636420,United States,NA,North America,Strategic,Airflow,U003,Customer,False,2025-12-23
A00423,Sanders-Love,sanders-love.com,Manufacturing,1409,212873129,United States,NA,North America,Enterprise,Airflow;Databricks;Redshift,U003,Prospect,True,2025-10-27
A00424,Avery Dennison,avery.com,Insurance,4777,798303578,United Kingdom,UK&I,UK&I,Enterprise,BigQuery,U009,Prospect,False,2025-12-09
A00425,Hofman NV,hofman.com,Manufacturing,3447,637943184,United States,NA,North America,Enterprise,Hadoop/Cloudera;BigQuery,U002,Prospect,False,2025-04-06
A00426,Owens-Holmes,owens-holmes.com,Insurance,7105,2420119310,United States,NA,North America,Enterprise,Databricks,U002,Prospect,False,2025-01-20
A00427,Dawson Clayton and Morgan,dawson.com,CPG,688,109938272,Germany,DACH,Continental Europe,Mid-market,Airflow;BigQuery,U014,Prospect,True,2023-08-10
A00428,Hoelen Groep,hoelen.com,Banking,3590,583891960,Ireland,UK&I,UK&I,Enterprise,Snowflake;Hadoop/Cloudera;Airflow,U009,Prospect,False,2023-11-10
A00429,O'Brien-Stanley,o'brien-stanley.com,Manufacturing,5210,1642358720,United States,NA,North America,Enterprise,BigQuery,U003,Prospect,False,2024-07-06
A00430,May-Reynolds,may-reynolds.com,Manufacturing,311,57832316,United Kingdom,UK&I,UK&I,Mid-market,Redshift;Snowflake,U008,Prospect,False,2025-10-16
A00431,Hermann AG & Co. OHG,hermann.com,Insurance,553,195727161,United States,NA,North America,Mid-market,Redshift;dbt,U002,Prospect,False,2023-11-25
A00432,Bergvall Gustafsson AB,bergvall.com,Retail,250,97161000,United States,NA,North America,Mid-market,Airflow,U003,Prospect,True,2026-10-07
A00433,Carlsson & Söderberg AB,carlsson.com,Banking,1381,509521331,United States,NA,North America,Enterprise,Airflow;Hadoop/Cloudera;Databricks,U002,Prospect,True,2023-07-27
A00434,Johnson Poole and Haynes,johnson.com,Manufacturing,3705,780261885,Belgium,Benelux,Continental Europe,Enterprise,BigQuery;Redshift,U015,Prospect,False,2023-03-22
A00435,Petersson AB,petersson.com,Telecom,8122,2925000226,Netherlands,Benelux,Continental Europe,Enterprise,BigQuery;Hadoop/Cloudera;Snowflake,U014,Prospect,False,2023-01-20
A00436,Fry PLC,fry.com,Manufacturing,1947,622376073,Netherlands,Benelux,Continental Europe,Enterprise,BigQuery,U015,Customer,False,2024-07-03
A00437,Häring,häring.com,Banking,9215,2282371200,Netherlands,Benelux,Continental Europe,Enterprise,Databricks;Snowflake,U015,Prospect,False,2025-02-28
A00438,Lindström Andersson HB,lindström.com,Retail,454,163298352,Germany,DACH,Continental Europe,Mid-market,Airflow;Databricks,U014,Prospect,False,2023-11-23
A00439,Henschel Stolze GmbH,henschel.com,Healthcare,329,90978370,United States,NA,North America,Mid-market,Airflow;Hadoop/Cloudera;Databricks,U003,Prospect,False,2023-09-25
A00440,Briemer Stroh AG,briemer.com,Retail,1710,307124550,Canada,NA,North America,Enterprise,Hadoop/Cloudera;Snowflake,U002,Prospect,False,2025-12-10
A00441,Sanderson-Hall,sanderson-hall.com,Healthcare,2654,901648728,Germany,DACH,Continental Europe,Enterprise,Databricks;Airflow;BigQuery,U014,Prospect,False,2025-09-13
A00442,Fechner,fechner.com,Manufacturing,1749,556426860,United States,NA,North America,Enterprise,Databricks;dbt,U002,Prospect,False,2025-11-01
A00443,Juncken,juncken.com,,250,69995000,Netherlands,Benelux,Continental Europe,Mid-market,Snowflake,U015,Prospect,False,2024-07-23
A00444,Ehlert Wesack GmbH,ehlert.com,Insurance,1653,486492777,United States,NA,North America,Enterprise,Hadoop/Cloudera;Redshift;Databricks,U002,Prospect,False,2025-07-06
A00445,Berggren & Eriksson AB,berggren.com,Retail,490,130926040,United States,NA,North America,Mid-market,Snowflake;Hadoop/Cloudera,U002,Prospect,False,2026-02-15
A00446,Hentschel Faust AG,hentschel.com,CPG,3532,613956964,United Kingdom,UK&I,UK&I,Enterprise,dbt;Airflow;BigQuery,U008,Prospect,False,2024-11-29
A00447,Dougherty-Lin,dougherty-lin.com,Banking,2608,949476304,United States,NA,North America,Enterprise,Redshift,U003,Prospect,False,2026-05-13
A00448,Kloppert & Verbruggen,kloppert.com,,706,173135910,Canada,NA,North America,Mid-market,Hadoop/Cloudera;Snowflake;Airflow,U002,Prospect,False,2026-07-21
A00449,Hagberg & Olausson HB,hagberg.com,Telecom,1081,317352413,Denmark,Nordics,Continental Europe,Enterprise,BigQuery;Airflow;Snowflake,U014,Customer,False,2025-04-18
A00450,Karlsson Gustavsson AB,karlsson.com,Healthcare,626,126050734,United States,NA,North America,Mid-market,Snowflake,U003,Prospect,False,2024-01-26
A00451,Wagner-Levy,wagner-levy.com,Banking,1698,591722436,Germany,DACH,Continental Europe,Enterprise,Snowflake;Airflow,U014,Prospect,False,2026-09-10
A00452,Ingram Bentley and Hughes,ingram.com,Healthcare,4699,870696506,United Kingdom,UK&I,UK&I,Enterprise,Snowflake;dbt,U008,Prospect,False,2026-04-13
A00453,Royal Arens,royal.com,Healthcare,674,239104870,Canada,NA,North America,Mid-market,Airflow,U002,Prospect,True,2025-03-04
A00454,Anderson-Baker,anderson-baker.com,Healthcare,2993,1141509249,Ireland,UK&I,UK&I,Enterprise,dbt;Hadoop/Cloudera,U009,Customer,False,2024-05-23
A00455,Kobelt Bien GmbH,kobelt.com,Telecom,1063,241423245,United States,NA,North America,Enterprise,Redshift;Databricks,U002,Prospect,False,2025-11-15
A00456,Hoffman Cox and Roberts,hoffman.com,Manufacturing,818,240168072,United States,NA,North America,Mid-market,Airflow;Redshift,U002,Prospect,False,2024-08-18
A00457,Peter Appel Transport,peter.com,Manufacturing,1624,300081096,Germany,DACH,Continental Europe,Enterprise,Airflow;Databricks;dbt,U015,Prospect,False,2026-02-25
A00458,Petersson Ljungberg AB,petersson.com,Healthcare,642,254948472,Canada,NA,North America,Mid-market,Airflow;Hadoop/Cloudera;dbt,U003,Prospect,False,2023-01-27
A00459,North LLC,north.com,Banking,1039,259585838,United Kingdom,UK&I,UK&I,Enterprise,Snowflake,U008,Prospect,False,2023-11-26
A00460,Nyman Ekelund HB,nyman.com,Manufacturing,545,117547235,Norway,Nordics,Continental Europe,Mid-market,Redshift,U014,Prospect,False,2026-01-13
A00461,Andersson AB,andersson.com,CPG,12896,3464433024,United States,NA,North America,Strategic,dbt,U002,Prospect,False,2024-05-01
A00462,Pohl Meyer AG & Co. KG,pohl.com,CPG,1872,672808032,United Kingdom,UK&I,UK&I,Enterprise,BigQuery;Airflow;Snowflake,U009,Prospect,False,2024-10-02
A00463,Blomgren & Svensson HB,blomgren.com,Banking,898,137751404,Denmark,Nordics,Continental Europe,Mid-market,BigQuery;Databricks;dbt,U015,Prospect,False,2026-08-19
A00464,Scott-Cox,scott-cox.com,Healthcare,2239,656678549,United States,NA,North America,Enterprise,dbt;Databricks;Airflow,U003,Prospect,False,2023-06-02
A00465,Kallert,kallert.com,Insurance,1615,553454040,United States,NA,North America,Enterprise,Snowflake;Hadoop/Cloudera;Redshift,U003,Prospect,False,2023-11-26
A00466,Karlsson & Nilsson HB,karlsson.com,Telecom,1449,219493071,United Kingdom,UK&I,UK&I,Enterprise,Hadoop/Cloudera;Airflow,U008,Prospect,False,2026-05-07
A00467,Zijlmans NV,zijlmans.com,Manufacturing,3341,1040313898,United States,NA,North America,Enterprise,BigQuery;Hadoop/Cloudera;dbt,U003,Prospect,False,2025-12-12
A00468,Silva-Robles,silva-robles.com,Insurance,3856,1104639888,United States,NA,North America,Enterprise,Redshift,U002,Prospect,False,2023-07-08
A00469,Wells Coffey and Patton,wells.com,Insurance,1063,344294007,United States,NA,North America,Enterprise,BigQuery;Redshift,U003,Prospect,False,2025-12-22
A00470,Eriksson & Andersson HB,eriksson.com,Healthcare,1016,371778784,Canada,NA,North America,Enterprise,Snowflake;Redshift;BigQuery,U003,Prospect,False,2026-06-26
A00471,Johnson Bibi and Gray,johnson.com,Banking,1373,451615398,United States,NA,North America,Enterprise,Hadoop/Cloudera;Snowflake,U003,Prospect,False,2023-02-20
A00472,Smith Allen and Harrison,smith.com,CPG,250,87995000,Belgium,Benelux,Continental Europe,Mid-market,dbt;Redshift,U015,Prospect,False,2026-08-27
A00473,Williams Group,williams.com,Healthcare,397,68119642,United States,NA,North America,Mid-market,Databricks,U002,Prospect,False,2026-07-13
A00474,Marshall-Craig,marshall-craig.com,CPG,7093,2338377682,Germany,DACH,Continental Europe,Enterprise,Redshift;Snowflake,U014,Prospect,False,2025-06-10
A00475,Sjöberg Nordin AB,sjöberg.com,Banking,9367,3239033664,United Kingdom,UK&I,UK&I,Enterprise,Databricks;Snowflake;Hadoop/Cloudera,U009,Prospect,True,2023-12-31
A00476,Martin Rose and Adams,martin.com,Healthcare,1409,237367185,Switzerland,DACH,Continental Europe,Enterprise,Redshift;Databricks;BigQuery,U015,Prospect,False,2025-06-05
A00477,Haglund Claesson HB,haglund.com,Retail,3218,1050680218,United States,NA,North America,Enterprise,dbt,U002,Prospect,False,2026-04-14
A00478,Moberg Sandström HB,moberg.com,CPG,2468,417161104,United States,NA,North America,Enterprise,dbt;Snowflake,U003,Prospect,False,2023-06-27
A00479,Edström Eriksson HB,edström.com,,39296,9823410560,United States,NA,North America,Strategic,Redshift;Airflow,U002,Prospect,False,2023-10-07
A00480,Vaughan-Cole,vaughan-cole.com,CPG,5539,1988805645,Germany,DACH,Continental Europe,Enterprise,BigQuery;Airflow;Databricks,U015,Prospect,False,2026-08-19
A00481,Koninklijke West-Francië van,koninklijke.com,,1590,469213770,United States,NA,North America,Enterprise,Databricks;Snowflake;Airflow,U002,Prospect,False,2026-01-26
A00482,Fredriksson & Bergström HB,fredriksson.com,Telecom,695,142519480,Sweden,Nordics,Continental Europe,Mid-market,Airflow;Redshift;BigQuery,U014,Prospect,False,2025-11-15
A00483,Stichting Slingerland,stichting.com,Insurance,362,75251836,United States,NA,North America,Mid-market,Redshift;BigQuery;Databricks,U002,Prospect,False,2023-04-22
A00484,Moses-Miller,moses-miller.com,Healthcare,2216,600352072,Netherlands,Benelux,Continental Europe,Enterprise,dbt;Snowflake;BigQuery,U014,Prospect,False,2026-04-04
A00485,Royal van Oudewater,royal.com,Telecom,848,206590608,Canada,NA,North America,Mid-market,Airflow,U002,Prospect,False,2024-02-01
A00486,Finch LLC,finch.com,Retail,436,102927828,United States,NA,North America,Mid-market,Airflow;BigQuery;dbt,U002,Prospect,False,2024-10-09
A00487,Franzén & Bergkvist AB,franzén.com,,947,143248902,Sweden,Nordics,Continental Europe,Mid-market,Databricks;Redshift,U015,Prospect,False,2024-11-10
A00488,Davies PLC,davies.com,Retail,613,163515911,Netherlands,Benelux,Continental Europe,Mid-market,Redshift;BigQuery,U015,Prospect,False,2026-05-27
A00489,Barnes Spencer and Sheppard,barnes.com,Telecom,9770,3664785620,United States,NA,North America,Enterprise,dbt,U002,Prospect,False,2023-06-06
A00490,Jacobs BV,jacobs.com,Banking,4366,1627269324,Germany,DACH,Continental Europe,Enterprise,Airflow;Snowflake;dbt,U015,Prospect,False,2023-03-17
A00491,Jansson HB,jansson.com,Healthcare,1793,689144929,United Kingdom,UK&I,UK&I,Enterprise,Hadoop/Cloudera;Airflow;Databricks,U009,Prospect,False,2026-04-22
A00492,Simonis & Vallenduuk,simonis.com,Telecom,7942,1470032432,Germany,DACH,Continental Europe,Enterprise,dbt;Redshift,U014,Prospect,False,2026-09-19
A00493,Bonbach,bonbach.com,CPG,1953,607314645,United States,NA,North America,Enterprise,Databricks;dbt;Redshift,U003,Prospect,False,2026-03-04
A00494,Andrews Nichols and Sharp,andrews.com,Insurance,764,261987824,Ireland,UK&I,UK&I,Mid-market,Hadoop/Cloudera;BigQuery;Snowflake,U008,Prospect,False,2024-06-25
A00495,Butler and Sons,butler.com,Banking,8292,2697097380,United States,NA,North America,Enterprise,dbt,U003,Prospect,False,2023-04-06
A00496,French-Lopez,french-lopez.com,Manufacturing,3099,728119347,United States,NA,North America,Enterprise,Airflow,U003,Prospect,False,2026-01-19
A00497,Anders GmbH,anders.com,Retail,640,205668480,United Kingdom,UK&I,UK&I,Mid-market,BigQuery;dbt,U008,Prospect,False,2024-04-01
A00498,Berggren & Åberg HB,berggren.com,Telecom,1494,544164102,United Kingdom,UK&I,UK&I,Enterprise,Hadoop/Cloudera;Redshift,U008,Prospect,True,2023-12-06
A00499,RFS Holland,rfs.com,Healthcare,753,239968299,United States,NA,North America,Mid-market,Databricks;Redshift,U002,Prospect,False,2023-08-31
A00500,Jones O'Connor and Clark,jones.com,Retail,453,164277732,Ireland,UK&I,UK&I,Mid-market,Airflow;Snowflake,U009,Prospect,False,2026-04-24
A00501,Nicholls Smith and Skinner,nicholls.com,CPG,4565,1176464410,United States,NA,North America,Enterprise,Databricks,U002,Prospect,False,2023-10-03
A00502,Rosenow Steuer e.G.,rosenow.com,Banking,12202,4679674434,United Kingdom,UK&I,UK&I,Strategic,Databricks;Snowflake;Redshift,U009,Customer,False,2025-04-10
A00503,Morrison Ltd,morrison.com,Healthcare,446,141448008,United Kingdom,UK&I,UK&I,Mid-market,Airflow,U009,Customer,False,2026-05-27
A00504,ArboUnie,arbounie.com,CPG,3174,876868284,Norway,Nordics,Continental Europe,Enterprise,Databricks,U015,Prospect,False,2024-01-08
A00505,Kühnert OHG mbH,kühnert.com,Healthcare,943,206839506,United Kingdom,UK&I,UK&I,Mid-market,Airflow,U009,Customer,False,2023-05-21
A00506,Holden Group,holden.com,Retail,1110,204970380,United States,NA,North America,Enterprise,Snowflake,U002,Prospect,False,2025-05-09
A00507,Albers GbR,albers.com,Healthcare,999,175068756,Austria,DACH,Continental Europe,Mid-market,Hadoop/Cloudera,U014,Prospect,False,2023-08-29
A00508,van Goerle & Rubben,van.com,Manufacturing,762,140332968,United States,NA,North America,Mid-market,dbt;Snowflake;Hadoop/Cloudera,U003,Prospect,True,2025-12-21
A00509,Säuberlich Ullrich KG,säuberlich.com,CPG,1897,524302345,United States,NA,North America,Enterprise,BigQuery;dbt,U002,Prospect,False,2024-04-21
A00510,Valdez-Schwartz,valdez-schwartz.com,Banking,787,176489472,Belgium,Benelux,Continental Europe,Mid-market,dbt;Hadoop/Cloudera;BigQuery,U014,Prospect,False,2023-01-15
A00511,Wilson Parker and Sullivan,wilson.com,,2369,678130988,United Kingdom,UK&I,UK&I,Enterprise,Hadoop/Cloudera,U008,Prospect,False,2025-01-11
A00512,Olsson & Möller HB,olsson.com,Retail,1719,551465514,United States,NA,North America,Enterprise,BigQuery;Redshift;dbt,U003,Prospect,False,2025-03-24
A00513,Hartung,hartung.com,,1423,419400790,Germany,DACH,Continental Europe,Enterprise,Hadoop/Cloudera;Databricks;BigQuery,U015,Prospect,False,2024-12-06
A00514,Jones Group,jones.com,Retail,729,249959520,Germany,DACH,Continental Europe,Mid-market,Redshift,U014,Prospect,False,2023-11-28
A00515,Jeppsson Larsson HB,jeppsson.com,Healthcare,1015,258829060,United States,NA,North America,Enterprise,Redshift;dbt,U002,Prospect,False,2023-01-11
A00516,Petersson & Olander AB,petersson.com,CPG,3848,723793408,Switzerland,DACH,Continental Europe,Enterprise,dbt;Hadoop/Cloudera,U014,Prospect,False,2023-06-13
A00517,Karlsson Holgersson AB,karlsson.com,Manufacturing,2983,747981284,United Kingdom,UK&I,UK&I,Enterprise,dbt;Airflow,U009,Prospect,False,2023-12-25
A00518,Leach Harris and Herrera,leach.com,Retail,680,103908760,United Kingdom,UK&I,UK&I,Mid-market,Redshift,U009,Prospect,False,2025-11-11
A00519,Davis-Williams,davis-williams.com,Insurance,1996,621290928,United Kingdom,UK&I,UK&I,Enterprise,Airflow,U008,Prospect,False,2023-11-19
A00520,Jackson Green and Dennis,jackson.com,Telecom,3832,1358007152,United States,NA,North America,Enterprise,BigQuery;Airflow,U003,Prospect,False,2023-02-01
A00521,Anderson-Perry,anderson-perry.com,Banking,340,132925040,Germany,DACH,Continental Europe,Mid-market,dbt,U015,Prospect,False,2026-04-08
A00522,Larsson HB,larsson.com,CPG,3113,692592692,United States,NA,North America,Enterprise,dbt,U002,Prospect,False,2023-01-10
A00523,Scott-Smith,scott-smith.com,Retail,932,263482924,United States,NA,North America,Mid-market,dbt,U002,Prospect,False,2023-08-28
A00524,Ford Douglas and Harrison,ford.com,Telecom,3199,1214554733,Switzerland,DACH,Continental Europe,Enterprise,Redshift;dbt;BigQuery,U015,Customer,False,2024-05-13
A00525,Svensson AB,svensson.com,CPG,842,227579128,Germany,DACH,Continental Europe,Mid-market,Hadoop/Cloudera;dbt;Snowflake,U015,Prospect,True,2026-07-21
A00526,Shupe NV,shupe.com,Insurance,297,97252056,Switzerland,DACH,Continental Europe,Mid-market,Databricks;BigQuery;Hadoop/Cloudera,U015,Prospect,True,2024-06-23
A00527,Miller Ltd,miller.com,Banking,355,90374835,United States,NA,North America,Mid-market,Airflow;BigQuery;Snowflake,U002,Prospect,False,2026-03-20
A00528,Koninklijke van Haarlem,koninklijke.com,Manufacturing,1897,624249584,United States,NA,North America,Enterprise,Hadoop/Cloudera,U002,Prospect,False,2024-06-27
A00529,Microsoft,microsoft.com,Insurance,2344,864640656,United States,NA,North America,Enterprise,Redshift,U003,Prospect,True,2023-06-10
A00530,Löfgren HB,löfgren.com,Manufacturing,731,204057919,Ireland,UK&I,UK&I,Mid-market,Snowflake;dbt;Redshift,U009,Prospect,False,2026-03-22
A00531,Haney Group,haney.com,Retail,3424,677739712,Netherlands,Benelux,Continental Europe,Enterprise,BigQuery;Hadoop/Cloudera;Databricks,U014,Prospect,False,2025-09-06
A00532,Nilsson AB,nilsson.com,Banking,343,96629960,Sweden,Nordics,Continental Europe,Mid-market,Hadoop/Cloudera;Airflow,U014,Prospect,True,2025-11-27
A00533,Good Group,good.com,Manufacturing,1692,257532552,Canada,NA,North America,Enterprise,Airflow,U002,Prospect,True,2025-01-10
A00534,Karlsson Petersen AB,karlsson.com,Telecom,538,107094280,United Kingdom,UK&I,UK&I,Mid-market,BigQuery;Databricks;Redshift,U009,Customer,False,2024-01-12
A00535,Stichting Schelvis,stichting.com,Insurance,942,244790004,Canada,NA,North America,Mid-market,Redshift;BigQuery;Airflow,U003,Prospect,False,2023-09-26
A00536,Miller Higgins and Knowles,miller.com,,1895,397792715,Denmark,Nordics,Continental Europe,Enterprise,Airflow,U015,Prospect,False,2025-02-19
A00537,Eriksson AB,eriksson.com,CPG,764,262513456,United States,NA,North America,Mid-market,Hadoop/Cloudera,U002,Prospect,False,2026-07-15
A00538,Johnson Harper and Warner,johnson.com,Manufacturing,1230,286302180,United Kingdom,UK&I,UK&I,Enterprise,BigQuery;Redshift,U008,Prospect,False,2023-05-03
A00539,Yang Group,yang.com,Telecom,4945,1359484345,United States,NA,North America,Enterprise,Snowflake;Hadoop/Cloudera;BigQuery,U003,Prospect,False,2024-06-11
A00540,van der Meulen & Mol,van.com,Retail,1015,184507715,United States,NA,North America,Enterprise,Redshift;Airflow,U002,Prospect,False,2026-01-07
A00541,Gordon LLC,gordon.com,CPG,4170,936615360,United States,NA,North America,Enterprise,BigQuery;Airflow,U003,Prospect,False,2023-06-10
A00542,Allen Mellor and Clements,allen.com,Telecom,584,158596296,United States,NA,North America,Mid-market,Databricks;Redshift;BigQuery,U003,Prospect,False,2023-05-27
A00543,Jacobi Jäckel AG & Co. KG,jacobi.com,Telecom,3071,644372575,United States,NA,North America,Enterprise,BigQuery;Airflow,U003,Prospect,False,2025-03-20
A00544,Jensen HB,jensen.com,Retail,7643,2711178461,United States,NA,North America,Enterprise,Airflow;dbt,U003,Prospect,False,2023-02-17
A00545,Fry Hobbs and Buck,fry.com,Insurance,250,80886250,United States,NA,North America,Mid-market,Airflow;Redshift,U002,Prospect,False,2023-07-15
A00546,Van Leeuwen Buizen,van.com,Retail,814,239127152,United States,NA,North America,Mid-market,Snowflake,U003,Prospect,False,2023-08-01
A00547,Steckel,steckel.com,Insurance,3219,553993119,United States,NA,North America,Enterprise,Hadoop/Cloudera;BigQuery;Databricks,U002,Prospect,False,2023-09-16
A00548,Royal van Beek,royal.com,CPG,1475,287216425,United States,NA,North America,Enterprise,Snowflake,U003,Prospect,False,2025-09-02
A00549,Steenbakkers & de Bruyn,steenbakkers.com,CPG,2620,764280200,Canada,NA,North America,Enterprise,dbt;Hadoop/Cloudera,U002,Customer,False,2023-12-29
A00550,Jones Baker and Hodgson,jones.com,Retail,988,311639900,United Kingdom,UK&I,UK&I,Mid-market,Airflow;dbt;Hadoop/Cloudera,U009,Customer,False,2024-04-10
A00551,Austin-Moore,austin-moore.com,Retail,1971,454719555,Switzerland,DACH,Continental Europe,Enterprise,Hadoop/Cloudera;BigQuery,U014,Prospect,True,2023-10-07
A00552,de Kok & Peters,de.com,Retail,1547,449050784,United States,NA,North America,Enterprise,Airflow,U003,Customer,False,2023-01-19
A00553,Kabus KGaA,kabus.com,CPG,5812,1318086044,Germany,DACH,Continental Europe,Enterprise,Databricks;Snowflake;dbt,U015,Prospect,False,2025-06-14
A00554,Boone-Davis,boone-davis.com,Insurance,2331,786516696,United States,NA,North America,Enterprise,Airflow;Hadoop/Cloudera;Redshift,U002,Prospect,False,2024-05-05
A00555,Phillips Ltd,phillips.com,CPG,2534,984557826,United Kingdom,UK&I,UK&I,Enterprise,Redshift;Airflow;BigQuery,U009,Prospect,False,2024-07-04
A00556,Andersson & Andersson AB,andersson.com,,1197,201032559,United States,NA,North America,Enterprise,Databricks,U003,Prospect,False,2025-07-16
A00557,Vermeulen & Stinis,vermeulen.com,Healthcare,1110,309660030,United States,NA,North America,Enterprise,BigQuery,U002,Prospect,False,2023-02-15
A00558,Giles Ltd,giles.com,Banking,1173,262698042,United States,NA,North America,Enterprise,Databricks;Airflow,U003,Prospect,False,2023-11-05
A00559,Key Mendoza and Sanchez,key.com,,2682,642687660,United States,NA,North America,Enterprise,BigQuery;Hadoop/Cloudera,U003,Prospect,False,2024-11-07
A00560,Ekman & Svanberg HB,ekman.com,CPG,1186,473767862,United States,NA,North America,Enterprise,Snowflake,U003,Prospect,True,2025-08-20
A00561,Mohaupt Reinhardt KGaA,mohaupt.com,,2415,520567740,United States,NA,North America,Enterprise,Redshift;Snowflake,U002,Customer,False,2025-02-27
A00562,Heß Klingelhöfer GmbH & Co. OHG,heß.com,Retail,14406,3094293552,Germany,DACH,Continental Europe,Strategic,Snowflake;Databricks;Hadoop/Cloudera,U014,Prospect,False,2025-08-26
A00563,De Alliantie,de.com,Telecom,4320,1708227360,United States,NA,North America,Enterprise,Databricks;Airflow,U002,Prospect,False,2023-09-08
A00564,Stichting d' Heripon,stichting.com,Manufacturing,1305,297973260,United States,NA,North America,Enterprise,BigQuery,U002,Prospect,False,2023-08-20
A00565,Bien Rose GbR,bien.com,Retail,6010,1412764690,United States,NA,North America,Enterprise,Databricks,U003,Prospect,False,2024-05-12
A00566,Smith PLC,smith.com,Banking,1202,363394650,United States,NA,North America,Enterprise,Hadoop/Cloudera;Airflow;dbt,U002,Prospect,True,2023-11-19
A00567,Johansen & Broberg HB,johansen.com,Manufacturing,250,78043500,Canada,NA,North America,Mid-market,Redshift;Airflow,U002,Prospect,False,2026-01-03
A00568,Pearce-Smith,pearce-smith.com,Insurance,659,183126215,Switzerland,DACH,Continental Europe,Mid-market,BigQuery,U015,Prospect,False,2024-01-31
A00569,Söderlund & Hassan HB,söderlund.com,Retail,278,67801698,United States,NA,North America,Mid-market,Databricks;BigQuery;Snowflake,U003,Prospect,False,2026-01-16
A00570,ASR Vastgoed ontwikkeling,asr.com,Insurance,1272,379764504,Germany,DACH,Continental Europe,Enterprise,dbt,U015,Prospect,False,2026-05-11
A00571,Etzold Stiftung & Co. KGaA,etzold.com,Healthcare,1841,353532753,Belgium,Benelux,Continental Europe,Enterprise,dbt,U014,Prospect,False,2026-01-14
A00572,Danielsson Skoglund AB,danielsson.com,Banking,9666,3415983732,United States,NA,North America,Enterprise,dbt;Hadoop/Cloudera;Databricks,U002,Prospect,False,2026-06-24
A00573,Pettersson AB,pettersson.com,Manufacturing,2507,417676228,United States,NA,North America,Enterprise,dbt;Hadoop/Cloudera;Databricks,U003,Prospect,False,2024-08-02
A00574,Gutierrez Ltd,gutierrez.com,,1452,340372032,United States,NA,North America,Enterprise,Snowflake,U002,Prospect,False,2024-01-01
A00575,Goddard Inc,goddard.com,Insurance,4143,737715009,Netherlands,Benelux,Continental Europe,Enterprise,Databricks;Snowflake,U014,Prospect,False,2026-09-09
A00576,Murphy Howard and Todd,murphy.com,Healthcare,250,83461250,Canada,NA,North America,Mid-market,BigQuery;Snowflake;Redshift,U002,Prospect,True,2024-03-03
A00577,Magnusson Alexandersson HB,magnusson.com,CPG,2288,391156480,Ireland,UK&I,UK&I,Enterprise,Redshift;Airflow,U008,Prospect,False,2025-05-01
A00578,Moreno LLC,moreno.com,,3908,1311958588,Austria,DACH,Continental Europe,Enterprise,Redshift,U015,Prospect,False,2024-09-14
A00579,Ali Persson HB,ali.com,Insurance,412,117905748,United States,NA,North America,Mid-market,Snowflake,U002,Prospect,False,2025-12-13
A00580,Bell PLC,bell.com,Healthcare,5674,1781210450,Ireland,UK&I,UK&I,Enterprise,dbt,U009,Prospect,False,2026-03-26
A00581,Lucas PLC,lucas.com,Retail,2536,847452584,United States,NA,North America,Enterprise,Hadoop/Cloudera;Snowflake;Databricks,U002,Prospect,False,2026-09-08
A00582,Hethur Kruschwitz AG,hethur.com,Healthcare,1193,317495476,United States,NA,North America,Enterprise,BigQuery;dbt,U003,Prospect,False,2026-07-20
A00583,Mies Rosemann GbR,mies.com,Manufacturing,3404,799225160,United States,NA,North America,Enterprise,Databricks;dbt;Airflow,U002,Prospect,False,2024-06-04
A00584,Richardson-Baker,richardson-baker.com,Retail,17512,4681115208,United States,NA,North America,Strategic,Snowflake;Airflow,U002,Churned,False,2025-11-26
A00585,Sullivan Group,sullivan.com,Telecom,2168,328931128,United States,NA,North America,Enterprise,Databricks;Redshift,U003,Prospect,False,2024-07-19
A00586,Andersson Ahlström AB,andersson.com,Healthcare,2317,685452012,Belgium,Benelux,Continental Europe,Enterprise,dbt;Databricks;Snowflake,U014,Prospect,False,2024-06-26
A00587,Bruce-Newman,bruce-newman.com,Healthcare,1142,246098716,United States,NA,North America,Enterprise,BigQuery,U003,Prospect,False,2024-03-21
A00588,Dehmel,dehmel.com,,772,181509552,Germany,DACH,Continental Europe,Mid-market,Databricks;Hadoop/Cloudera,U014,Prospect,False,2026-03-26
A00589,Eriksson HB,eriksson.com,CPG,4147,682840873,United States,NA,North America,Enterprise,BigQuery;Hadoop/Cloudera,U003,Customer,True,2024-04-09
A00590,Bruder OHG mbH,bruder.com,CPG,768,236458752,Germany,DACH,Continental Europe,Mid-market,Airflow,U015,Prospect,False,2024-10-15
A00591,Rose,rose.com,Insurance,1942,457682792,United Kingdom,UK&I,UK&I,Enterprise,Airflow;Databricks;Redshift,U008,Prospect,False,2025-07-01
A00592,Mcfarland LLC,mcfarland.com,Healthcare,1121,316470631,Germany,DACH,Continental Europe,Enterprise,Databricks,U015,Prospect,False,2023-09-28
A00593,Matthews Ltd,matthews.com,Retail,2918,874813482,United States,NA,North America,Enterprise,Snowflake;dbt;Hadoop/Cloudera,U003,Prospect,False,2023-09-25
A00594,Stamrood BV,stamrood.com,Retail,2524,748658784,Germany,DACH,Continental Europe,Enterprise,Hadoop/Cloudera,U015,Prospect,False,2026-06-15
A00595,Larsson HB,larsson.com,Healthcare,5102,1094639202,Norway,Nordics,Continental Europe,Enterprise,Snowflake,U015,Prospect,False,2026-03-25
A00596,Håkansson Nordlund AB,håkansson.com,Manufacturing,1085,280383530,United States,NA,North America,Enterprise,BigQuery;Redshift,U002,Prospect,False,2023-02-19
A00597,Westman & Andersson HB,westman.com,Insurance,1380,333512880,Germany,DACH,Continental Europe,Enterprise,Redshift;Hadoop/Cloudera;dbt,U014,Prospect,False,2024-04-23
A00598,Cook PLC,cook.com,Telecom,679,129615668,United States,NA,North America,Mid-market,Redshift;Snowflake;Airflow,U002,Prospect,False,2023-10-30
A00599,Werner Hansson HB,werner.com,CPG,1159,261254826,Netherlands,Benelux,Continental Europe,Enterprise,BigQuery,U014,Prospect,False,2024-11-10
A00600,Essent,essent.com,Healthcare,2636,541806076,United States,NA,North America,Enterprise,dbt,U003,Prospect,False,2023-10-17
A00601,Kohl,kohl.com,Manufacturing,3854,596676280,Germany,DACH,Continental Europe,Enterprise,dbt;Airflow,U014,Prospect,True,2024-02-16
A00602,de Gruijter & Frankhuizen,de.com,Healthcare,718,158759852,Switzerland,DACH,Continental Europe,Mid-market,Hadoop/Cloudera,U014,Prospect,False,2026-09-19
A00603,Palmgren Nilsson AB,palmgren.com,Manufacturing,4313,1054222277,Netherlands,Benelux,Continental Europe,Enterprise,Snowflake,U015,Prospect,False,2024-04-18
A00604,Kramer Stiftung & Co. KG,kramer.com,Healthcare,7013,2356648520,Denmark,Nordics,Continental Europe,Enterprise,BigQuery,U015,Prospect,False,2024-01-17
A00605,Black Evans and Green,black.com,Retail,2733,811646340,United States,NA,North America,Enterprise,Snowflake;Redshift;Databricks,U003,Prospect,False,2023-11-18
A00606,Klingelhöfer Wesack GbR,klingelhöfer.com,Manufacturing,11811,2861226561,United States,NA,North America,Strategic,Airflow;BigQuery,U002,Churned,False,2024-07-18
A00607,Miller Group,miller.com,Manufacturing,833,181218317,Switzerland,DACH,Continental Europe,Mid-market,Redshift;Snowflake,U015,Prospect,False,2025-03-15
A00608,McDonalds,mcdonalds.com,Banking,520,177494720,Ireland,UK&I,UK&I,Mid-market,dbt;Airflow,U008,Prospect,False,2025-05-23
A00609,Gomez Inc,gomez.com,Healthcare,305,72077600,Denmark,Nordics,Continental Europe,Mid-market,dbt;Databricks,U014,Prospect,False,2024-02-19
A00610,Olsson & Sandberg AB,olsson.com,Telecom,8071,2667417074,Netherlands,Benelux,Continental Europe,Enterprise,dbt;Databricks;Hadoop/Cloudera,U014,Prospect,False,2023-11-20
A00611,Kraushaar Wulff AG,kraushaar.com,Healthcare,3478,1007618336,United States,NA,North America,Enterprise,Snowflake;Databricks;BigQuery,U002,Prospect,False,2025-04-27
A00612,Lennartsson AB,lennartsson.com,Telecom,1710,455082300,Denmark,Nordics,Continental Europe,Enterprise,Redshift;Airflow;BigQuery,U014,Prospect,True,2024-01-14
A00613,Jans & Sam,jans.com,,2392,745653376,United States,NA,North America,Enterprise,dbt;Redshift,U002,Prospect,False,2023-02-23
A00614,Nohlmans Fiebig AG,nohlmans.com,,586,207693636,United States,NA,North America,Mid-market,Databricks;dbt,U003,Prospect,False,2025-03-04
A00615,White-Hodgson,white-hodgson.com,Insurance,20863,4025202905,Canada,NA,North America,Strategic,Databricks,U002,Prospect,False,2024-07-06
A00616,King-Wright,king-wright.com,Insurance,2057,708854542,Sweden,Nordics,Continental Europe,Enterprise,Databricks;Redshift;Snowflake,U014,Customer,False,2026-06-17
A00617,van Kuijc & Haengreve,van.com,Telecom,2017,760850723,Canada,NA,North America,Enterprise,Databricks;Hadoop/Cloudera,U003,Prospect,False,2025-02-18
A00618,Bailey-Byrne,bailey-byrne.com,Retail,3735,1158977970,Germany,DACH,Continental Europe,Enterprise,dbt;Redshift;Airflow,U014,Prospect,False,2023-03-28
A00619,Persson Hansson HB,persson.com,Insurance,2924,836187976,Netherlands,Benelux,Continental Europe,Enterprise,Hadoop/Cloudera;Airflow;Snowflake,U015,Prospect,False,2023-04-11
A00620,Steenbeek & Vaessen,steenbeek.com,Retail,2261,575069523,United States,NA,North America,Enterprise,Redshift;BigQuery,U003,Prospect,False,2023-04-22
A00621,Eklund & Haglund HB,eklund.com,Insurance,820,222649680,Germany,DACH,Continental Europe,Mid-market,Hadoop/Cloudera;Snowflake;dbt,U014,Prospect,False,2026-01-24
A00622,Wähner Täsche KGaA,wähner.com,Retail,2897,680195321,United States,NA,North America,Enterprise,Snowflake;Databricks,U003,Prospect,False,2024-02-18
A00623,Verbeek & de Bruyn,verbeek.com,Banking,11873,2559308261,Netherlands,Benelux,Continental Europe,Strategic,Airflow;Redshift,U014,Prospect,True,2023-08-22
A00624,Knappe Drewes KG,knappe.com,Manufacturing,6942,1701782706,Germany,DACH,Continental Europe,Enterprise,dbt,U015,Prospect,False,2026-06-07
A00625,Turner Gardner and Read,turner.com,Retail,8894,2617228486,Sweden,Nordics,Continental Europe,Enterprise,Snowflake;Databricks,U015,Prospect,False,2023-11-04
A00626,Murray Erickson and Gonzales,murray.com,Insurance,1084,213426592,United States,NA,North America,Enterprise,Snowflake;Hadoop/Cloudera;BigQuery,U003,Prospect,False,2024-08-14
A00627,Bohnbach,bohnbach.com,Banking,672,259087584,United Kingdom,UK&I,UK&I,Mid-market,Databricks,U008,Prospect,False,2025-07-28
A00628,NS,ns.com,Retail,1594,466205150,Canada,NA,North America,Enterprise,dbt,U003,Prospect,False,2025-09-01
A00629,Herrmann OHG mbH,herrmann.com,Retail,1911,326427465,Canada,NA,North America,Enterprise,dbt;Snowflake;Databricks,U003,Prospect,False,2024-03-01
A00630,Davison Patel and Patterson,davison.com,Insurance,5400,887943600,United States,NA,North America,Enterprise,BigQuery;Snowflake;Databricks,U002,Prospect,False,2024-09-03
A00631,Lindahl Khan HB,lindahl.com,Banking,332,54067196,United States,NA,North America,Mid-market,Hadoop/Cloudera,U002,Prospect,False,2026-09-15
A00632,Olsson HB,olsson.com,,8346,2503966920,Germany,DACH,Continental Europe,Enterprise,Databricks;Hadoop/Cloudera;dbt,U015,Customer,True,2024-09-04
A00633,Lundh & Asplund AB,lundh.com,Retail,1543,563236661,United States,NA,North America,Enterprise,Redshift,U003,Prospect,True,2025-08-22
A00634,Seifert KG,seifert.com,Manufacturing,1179,442464552,United States,NA,North America,Enterprise,BigQuery;dbt,U003,Prospect,False,2026-06-07
A00635,Terrell Byrd and Ross,terrell.com,Healthcare,657,224229501,United States,NA,North America,Mid-market,dbt;Snowflake;Hadoop/Cloudera,U003,Prospect,False,2024-06-15
A00636,Döring Atzler AG,döring.com,Healthcare,345,83752200,United Kingdom,UK&I,UK&I,Mid-market,dbt,U009,Prospect,False,2025-10-05
A00637,Pergande Stiftung & Co. KGaA,pergande.com,Healthcare,4118,868922708,Switzerland,DACH,Continental Europe,Enterprise,BigQuery;Databricks;Snowflake,U014,Prospect,False,2023-08-30
A00638,Lind & Lidén HB,lind.com,Insurance,1945,699422000,Germany,DACH,Continental Europe,Enterprise,Hadoop/Cloudera;Redshift;Snowflake,U015,Prospect,False,2024-03-10
A00639,Mitschke Wirth OHG mbH,mitschke.com,Insurance,497,164448851,United States,NA,North America,Mid-market,BigQuery;Snowflake,U003,Prospect,False,2023-01-13
A00640,Karlsson & Hedström AB,karlsson.com,Telecom,495,118545075,United States,NA,North America,Mid-market,Airflow;dbt,U002,Prospect,False,2024-11-23
A00641,Spier NV,spier.com,Retail,1292,504094472,Sweden,Nordics,Continental Europe,Enterprise,Redshift;Snowflake,U014,Prospect,False,2026-01-04
A00642,Guerra Ltd,guerra.com,Retail,9595,3411195210,Belgium,Benelux,Continental Europe,Enterprise,Airflow;Snowflake,U015,Prospect,False,2026-02-11
A00643,Webster-Murphy,webster-murphy.com,Insurance,1394,420097234,United Kingdom,UK&I,UK&I,Enterprise,BigQuery;Redshift;Snowflake,U008,Prospect,True,2025-02-07
A00644,Jones Jones and Williams,jones.com,CPG,402,77789814,United Kingdom,UK&I,UK&I,Mid-market,dbt;Hadoop/Cloudera;Databricks,U008,Prospect,False,2024-10-06
A00645,Stichting Steenbakkers,stichting.com,Telecom,1414,365509102,Germany,DACH,Continental Europe,Enterprise,Hadoop/Cloudera,U014,Prospect,False,2024-09-11
A00646,Wilson Sweeney and Wong,wilson.com,Telecom,1376,269528128,United States,NA,North America,Enterprise,BigQuery,U002,Prospect,False,2025-06-27
A00647,Smith Coleman and Walsh,smith.com,CPG,250,69131750,United Kingdom,UK&I,UK&I,Mid-market,Databricks;Redshift;BigQuery,U009,Prospect,False,2024-11-01
A00648,Vikström Eriksson HB,vikström.com,CPG,1712,300894272,United States,NA,North America,Enterprise,Airflow;Databricks;Redshift,U002,Prospect,False,2025-12-05
A00649,Hart Group,hart.com,Telecom,1435,565972610,United States,NA,North America,Enterprise,Airflow,U002,Prospect,False,2023-07-31
A00650,Mahieu NV,mahieu.com,Manufacturing,3627,1252918134,United Kingdom,UK&I,UK&I,Enterprise,Snowflake;dbt,U009,Prospect,False,2024-02-15
A00651,Ibrahim Nilsson AB,ibrahim.com,Telecom,11486,3325564552,United States,NA,North America,Strategic,Redshift;Hadoop/Cloudera,U002,Prospect,False,2023-08-23
A00652,Bolnbach,bolnbach.com,Healthcare,5577,1654707054,United States,NA,North America,Enterprise,Snowflake;Databricks;dbt,U003,Prospect,False,2024-08-03
A00653,Paulsson AB,paulsson.com,Insurance,1381,232940175,United Kingdom,UK&I,UK&I,Enterprise,dbt;BigQuery,U009,Prospect,True,2023-04-14
A00654,Gunpf Mielcarek AG,gunpf.com,Banking,597,103027275,United States,NA,North America,Mid-market,Hadoop/Cloudera;Databricks,U003,Prospect,False,2024-02-10
A00655,Niemeier,niemeier.com,,23703,8584112559,Germany,DACH,Continental Europe,Strategic,Snowflake;Hadoop/Cloudera;dbt,U014,Prospect,False,2025-08-17
A00656,Haglund & Ibrahim HB,haglund.com,,1918,631848658,United States,NA,North America,Enterprise,Airflow;Hadoop/Cloudera;Redshift,U002,Customer,True,2026-06-17
A00657,Hellberg HB,hellberg.com,Telecom,1833,463345740,United States,NA,North America,Enterprise,Airflow,U003,Prospect,False,2025-07-17
A00658,Persson HB,persson.com,Banking,1764,484404984,Canada,NA,North America,Enterprise,BigQuery,U003,Prospect,False,2024-12-14
A00659,Asplund & Björkman AB,asplund.com,Insurance,2204,624073620,United Kingdom,UK&I,UK&I,Enterprise,Hadoop/Cloudera,U008,Prospect,False,2024-09-10
A00660,Hardy-Patel,hardy-patel.com,Retail,1564,476715020,United Kingdom,UK&I,UK&I,Enterprise,Databricks;dbt,U008,Prospect,False,2025-02-25
A00661,McCarthy Anderson and Allen,mccarthy.com,Insurance,1018,369903534,United States,NA,North America,Enterprise,dbt;Hadoop/Cloudera;Airflow,U003,Prospect,False,2026-09-19
A00662,van Schevinghuizen & van der Loo,van.com,Manufacturing,1046,412144920,Ireland,UK&I,UK&I,Enterprise,dbt;Hadoop/Cloudera;Snowflake,U009,Prospect,True,2025-06-30
A00663,Thompson Barber and Birch,thompson.com,Retail,1749,294264003,United States,NA,North America,Enterprise,Snowflake;Airflow;dbt,U003,Prospect,False,2023-05-06
A00664,Wolffel BV,wolffel.com,CPG,1050,195736800,United States,NA,North America,Enterprise,Redshift;Airflow;Snowflake,U002,Prospect,False,2024-08-19
A00665,Luster & de Hoogh,luster.com,Healthcare,886,236756920,United States,NA,North America,Mid-market,Databricks,U003,Prospect,False,2024-09-15
A00666,Löfgren & Jansson HB,löfgren.com,Retail,2011,680047804,Belgium,Benelux,Continental Europe,Enterprise,Snowflake;dbt,U014,Prospect,False,2023-09-19
A00667,Yara Sluiskil,yara.com,Banking,1401,345751389,Netherlands,Benelux,Continental Europe,Enterprise,Snowflake;Redshift;dbt,U015,Prospect,False,2023-03-05
A00668,Armstrong and Sons,armstrong.com,Manufacturing,8135,2478791445,United States,NA,North America,Enterprise,Airflow;BigQuery,U003,Prospect,False,2024-03-08
A00669,Höfig GbR,höfig.com,Retail,250,46614000,Ireland,UK&I,UK&I,Mid-market,dbt,U009,Prospect,False,2025-05-04
A00670,Carlsson Johansson HB,carlsson.com,CPG,5385,1753641405,United States,NA,North America,Enterprise,Databricks,U002,Prospect,True,2025-09-23
A00671,Berglund & Bergman HB,berglund.com,Insurance,6286,1082411484,Ireland,UK&I,UK&I,Enterprise,Airflow,U009,Prospect,False,2026-05-22
A00672,Näslund HB,näslund.com,,250,49283000,Sweden,Nordics,Continental Europe,Mid-market,dbt;Hadoop/Cloudera,U015,Prospect,False,2025-05-19
A00673,Åslund AB,åslund.com,Healthcare,1283,359994404,United Kingdom,UK&I,UK&I,Enterprise,Databricks;Airflow;dbt,U009,Prospect,False,2025-01-21
A00674,Gardiner-Higgins,gardiner-higgins.com,Banking,1247,372774439,United States,NA,North America,Enterprise,Airflow;BigQuery,U002,Prospect,False,2023-06-13
A00675,Christoph Mangold AG,christoph.com,,442,127293348,United States,NA,North America,Mid-market,Hadoop/Cloudera;dbt,U002,Prospect,False,2024-05-17
A00676,Barker PLC,barker.com,,830,268915020,Canada,NA,North America,Mid-market,Snowflake;Airflow;dbt,U003,Prospect,False,2025-12-31
A00677,Schmidt,schmidt.com,Retail,595,160068090,Germany,DACH,Continental Europe,Mid-market,Hadoop/Cloudera;dbt;BigQuery,U015,Prospect,False,2024-08-26
A00678,Jansdr & Meeusen,jansdr.com,Banking,10428,3464212884,United States,NA,North America,Strategic,Airflow;BigQuery;dbt,U003,Prospect,False,2023-12-13
A00679,Pearce PLC,pearce.com,Manufacturing,4608,1043624448,United Kingdom,UK&I,UK&I,Enterprise,dbt;Snowflake;BigQuery,U009,Prospect,False,2024-07-23
A00680,Renner,renner.com,Healthcare,6448,1442127440,United States,NA,North America,Enterprise,Redshift;BigQuery,U002,Prospect,False,2026-04-26
A00681,Robinson-Harris,robinson-harris.com,Manufacturing,3720,993563640,Germany,DACH,Continental Europe,Enterprise,Redshift;Databricks,U015,Prospect,False,2024-01-06
A00682,Turesson Karlsson AB,turesson.com,CPG,584,92665616,Switzerland,DACH,Continental Europe,Mid-market,Snowflake;Databricks,U014,Prospect,False,2025-04-25
A00683,Bell-Chambers,bell-chambers.com,Insurance,1070,345812230,Germany,DACH,Continental Europe,Enterprise,Airflow;Redshift,U014,Prospect,False,2024-12-07
A00684,Taylor Smith and Ellis,taylor.com,Telecom,2949,1026384705,United States,NA,North America,Enterprise,Snowflake,U002,Prospect,False,2025-09-02
A00685,Gilbert Sanders and Donnelly,gilbert.com,CPG,532,208446644,Germany,DACH,Continental Europe,Mid-market,Databricks;Hadoop/Cloudera;Airflow,U015,Prospect,False,2025-06-09
A00686,Atos,atos.com,CPG,3688,987111640,United States,NA,North America,Enterprise,Airflow;BigQuery,U002,Prospect,False,2024-12-25
A00687,Norton Mack and Powell,norton.com,Retail,1421,440559735,Sweden,Nordics,Continental Europe,Enterprise,Redshift;BigQuery;Airflow,U015,Prospect,True,2026-09-02
A00688,Koch,koch.com,Retail,1242,438023592,United Kingdom,UK&I,UK&I,Enterprise,Airflow;Databricks;dbt,U008,Prospect,False,2024-01-04
A00689,Driessen,driessen.com,Banking,3681,1201367970,United States,NA,North America,Enterprise,Redshift,U002,Prospect,True,2023-08-01
A00690,Sandström AB,sandström.com,Telecom,2819,584993242,Germany,DACH,Continental Europe,Enterprise,BigQuery;Redshift;Databricks,U014,Prospect,True,2026-05-01
A00691,Stichting van der Laar,stichting.com,CPG,1260,260617140,Ireland,UK&I,UK&I,Enterprise,Airflow;Snowflake;Redshift,U008,Prospect,True,2026-09-06
A00692,van Dijk & Meyer,van.com,Manufacturing,5763,1719627333,Germany,DACH,Continental Europe,Enterprise,Snowflake,U014,Prospect,False,2023-06-05
A00693,Koninklijke Schuurmans,koninklijke.com,,613,215581066,United Kingdom,UK&I,UK&I,Mid-market,Airflow;Redshift,U009,Prospect,False,2024-07-21
A00694,Rust,rust.com,,3347,842995502,Germany,DACH,Continental Europe,Enterprise,Snowflake;BigQuery,U015,Prospect,True,2024-02-15
A00695,Davis Pearson and Lawrence,davis.com,Insurance,3271,1044132639,United Kingdom,UK&I,UK&I,Enterprise,Snowflake;Databricks,U009,Prospect,False,2025-06-23
A00696,Garcia Group,garcia.com,Banking,1326,211016988,Germany,DACH,Continental Europe,Enterprise,Snowflake,U015,Prospect,True,2025-10-16
A00697,Noble and Sons,noble.com,Manufacturing,2505,376318635,United States,NA,North America,Enterprise,Airflow,U003,Prospect,False,2025-03-12
A00698,Shell,shell.com,Healthcare,517,173450398,United Kingdom,UK&I,UK&I,Mid-market,Hadoop/Cloudera;Redshift,U009,Prospect,False,2023-05-24
A00699,Huijzing & Stettyn,huijzing.com,,4555,1142275570,United Kingdom,UK&I,UK&I,Enterprise,Redshift;Hadoop/Cloudera;Snowflake,U009,Prospect,False,2023-04-24
A00700,Green-Evans,green-evans.com,Manufacturing,1502,260998034,United Kingdom,UK&I,UK&I,Enterprise,dbt;BigQuery,U008,Prospect,False,2024-08-16
A00701,Beck-Banks,beck-banks.com,,1071,316321992,United Kingdom,UK&I,UK&I,Enterprise,Hadoop/Cloudera,U008,Prospect,False,2023-08-07
A00702,Garrett-Barber,garrett-barber.com,,5161,1432347813,United Kingdom,UK&I,UK&I,Enterprise,Airflow,U009,Prospect,True,2024-01-31
A00703,Lynch-Campbell,lynch-campbell.com,Healthcare,893,189777681,United States,NA,North America,Mid-market,Hadoop/Cloudera;Snowflake,U003,Prospect,False,2025-07-09
A00704,Woods and Sons,woods.com,Banking,442,70591820,Denmark,Nordics,Continental Europe,Mid-market,Snowflake;BigQuery,U014,Prospect,False,2026-09-01
A00705,Karlsson HB,karlsson.com,Retail,381,151042878,Ireland,UK&I,UK&I,Mid-market,Redshift;dbt;Databricks,U008,Customer,True,2023-10-17
A00706,Dominguez Inc,dominguez.com,Banking,3314,906468478,Canada,NA,North America,Enterprise,Snowflake;Databricks;Airflow,U002,Prospect,True,2024-09-21
A00707,van Ooyen & Dries,van.com,Banking,502,135332172,Austria,DACH,Continental Europe,Mid-market,Databricks;dbt;Snowflake,U014,Prospect,False,2026-06-14
A00708,Archer-Forster,archer-forster.com,CPG,10454,2123426934,United States,NA,North America,Strategic,BigQuery;Airflow,U003,Prospect,False,2026-03-25
A00709,Richardson-Evans,richardson-evans.com,Telecom,250,92316000,United Kingdom,UK&I,UK&I,Mid-market,Redshift,U008,Prospect,False,2023-09-05
A00710,Janssen & Doorhof,janssen.com,CPG,9862,2552581460,United States,NA,North America,Enterprise,Airflow,U003,Prospect,False,2026-04-06
A00711,Ahlqvist & Lundström HB,ahlqvist.com,Banking,2232,797647608,United States,NA,North America,Enterprise,dbt;Hadoop/Cloudera;Databricks,U002,Prospect,True,2023-01-15
A00712,Hamann,hamann.com,Banking,1641,550173147,United States,NA,North America,Enterprise,dbt;BigQuery;Hadoop/Cloudera,U003,Prospect,False,2026-08-03
A00713,Richards-Williams,richards-williams.com,Retail,1048,270395528,United States,NA,North America,Enterprise,Databricks,U002,Prospect,False,2026-06-07
A00714,Wheeler and Sons,wheeler.com,Manufacturing,2694,987773958,Sweden,Nordics,Continental Europe,Enterprise,BigQuery;Hadoop/Cloudera,U014,Prospect,False,2025-12-21
A00715,Blair Bell and Jordan,blair.com,Healthcare,1741,426318670,Denmark,Nordics,Continental Europe,Enterprise,dbt;Databricks;Hadoop/Cloudera,U014,Prospect,False,2023-11-02
A00716,White Inc,white.com,Retail,5449,1528008580,Germany,DACH,Continental Europe,Enterprise,Databricks,U014,Prospect,False,2024-03-05
A00717,Foster Atkinson and Kirby,foster.com,Telecom,2026,631494070,United States,NA,North America,Enterprise,Snowflake;Redshift,U002,Customer,False,2023-03-01
A00718,Liu Harris and Lawson,liu.com,Banking,2101,354176075,Canada,NA,North America,Enterprise,Airflow,U003,Prospect,False,2024-02-12
A00719,Gilbert Willis and Leonard,gilbert.com,,1256,264148104,Germany,DACH,Continental Europe,Enterprise,BigQuery,U014,Prospect,False,2024-02-14
A00720,Cooper-Smith,cooper-smith.com,Insurance,1707,288952425,United States,NA,North America,Enterprise,dbt;Hadoop/Cloudera,U002,Customer,True,2026-06-02
A00721,Karlsson AB,karlsson.com,Retail,2459,609600854,Canada,NA,North America,Enterprise,Hadoop/Cloudera,U002,Prospect,False,2024-02-19
A00722,Eigenwillig Kraushaar KG,eigenwillig.com,Banking,326,108055308,United States,NA,North America,Mid-market,Snowflake;BigQuery;Databricks,U002,Prospect,False,2023-12-17
A00723,Royal Kuijpers,royal.com,Insurance,469,179329654,Germany,DACH,Continental Europe,Mid-market,dbt;Databricks,U014,Prospect,False,2024-04-15
A00724,Bekbergen Groep,bekbergen.com,CPG,3801,1090043178,United States,NA,North America,Enterprise,Redshift;Databricks,U003,Prospect,False,2025-05-26
A00725,Baker Inc,baker.com,Insurance,2144,460889248,Germany,DACH,Continental Europe,Enterprise,Hadoop/Cloudera;dbt,U014,Customer,False,2023-11-02
A00726,Hunter-Fuller,hunter-fuller.com,Banking,1504,390312064,Belgium,Benelux,Continental Europe,Enterprise,Snowflake,U015,Prospect,False,2025-05-21
A00727,Johansson Jakobsson AB,johansson.com,Retail,1841,666924342,United Kingdom,UK&I,UK&I,Enterprise,Redshift;Snowflake;Hadoop/Cloudera,U009,Prospect,False,2023-01-26
A00728,Jessel AG,jessel.com,Retail,2559,1021089621,Germany,DACH,Continental Europe,Enterprise,Databricks,U015,Prospect,False,2023-07-05
A00729,Westman AB,westman.com,Manufacturing,1053,242096283,United States,NA,North America,Enterprise,Airflow,U003,Prospect,False,2023-02-19
A00730,Isaksson Lundgren AB,isaksson.com,,830,292434730,Denmark,Nordics,Continental Europe,Mid-market,Redshift,U015,Prospect,False,2026-07-07
A00731,Mälzer,mälzer.com,,2199,330635043,Canada,NA,North America,Enterprise,Snowflake;Hadoop/Cloudera;BigQuery,U002,Prospect,False,2026-06-08
A00732,Smith Group,smith.com,CPG,679,138721058,United Kingdom,UK&I,UK&I,Mid-market,Snowflake;dbt;BigQuery,U008,Prospect,False,2025-01-15
A00733,Salazar-Brown,salazar-brown.com,Banking,2719,680807691,Netherlands,Benelux,Continental Europe,Enterprise,Hadoop/Cloudera;dbt,U014,Prospect,False,2026-02-18
A00734,Brown and Sons,brown.com,Healthcare,329,110526892,Germany,DACH,Continental Europe,Mid-market,Databricks,U015,Prospect,True,2025-09-06
A00735,Crawford LLC,crawford.com,CPG,5060,1528494440,Germany,DACH,Continental Europe,Enterprise,Databricks;Airflow;Redshift,U015,Prospect,False,2025-05-16
A00736,Olsson & Nilsson AB,olsson.com,Banking,2900,718417000,United States,NA,North America,Enterprise,Hadoop/Cloudera;Redshift,U002,Prospect,False,2025-12-27
A00737,Weiß e.G.,weiß.com,Retail,2335,730336630,Belgium,Benelux,Continental Europe,Enterprise,Redshift;Airflow,U014,Prospect,False,2023-06-28
A00738,Drubin,drubin.com,Insurance,4830,1089623850,United States,NA,North America,Enterprise,Snowflake,U002,Prospect,False,2025-10-13
A00739,Roman-Nelson,roman-nelson.com,Insurance,9561,2739178695,United States,NA,North America,Enterprise,Snowflake;BigQuery;Hadoop/Cloudera,U002,Prospect,False,2026-08-13
A00740,Joseph-Ray,joseph-ray.com,Insurance,4985,830007485,United States,NA,North America,Enterprise,Redshift,U002,Prospect,False,2024-11-18
A00741,Gibson-Ward,gibson-ward.com,Telecom,286,92064258,United States,NA,North America,Mid-market,Redshift;BigQuery;Hadoop/Cloudera,U003,Prospect,False,2024-09-19
A00742,Zijlemans & Kleijse,zijlemans.com,Telecom,502,105143398,United States,NA,North America,Mid-market,BigQuery;Redshift,U002,Prospect,False,2023-12-07
A00743,Ruppersberger OHG mbH,ruppersberger.com,Insurance,967,325489299,United Kingdom,UK&I,UK&I,Mid-market,BigQuery;Databricks;Airflow,U008,Prospect,True,2024-10-10
A00744,Yang Inc,yang.com,Retail,1855,404879720,United Kingdom,UK&I,UK&I,Enterprise,Databricks;Redshift,U008,Prospect,False,2023-10-30
A00745,Sanchez Group,sanchez.com,Healthcare,3034,584418182,United States,NA,North America,Enterprise,BigQuery;Snowflake;Airflow,U003,Customer,False,2025-07-27
A00746,Fischer Gieß AG,fischer.com,,875,132234375,Sweden,Nordics,Continental Europe,Mid-market,dbt;Redshift;BigQuery,U015,Prospect,False,2026-03-20
A00747,Nordqvist & Johansson HB,nordqvist.com,CPG,2179,649716788,Ireland,UK&I,UK&I,Enterprise,Hadoop/Cloudera;BigQuery;Snowflake,U009,Customer,True,2026-02-02
A00748,Chadwick-Newton,chadwick-newton.com,Banking,849,216736116,United States,NA,North America,Mid-market,Redshift;Databricks;Hadoop/Cloudera,U003,Prospect,True,2026-08-06
A00749,Watson Shaw and Winters,watson.com,Healthcare,980,204068340,United States,NA,North America,Mid-market,Databricks;Snowflake,U002,Prospect,False,2026-10-07
A00750,Roberts Inc,roberts.com,Healthcare,442,112000590,Sweden,Nordics,Continental Europe,Mid-market,Hadoop/Cloudera,U015,Prospect,False,2023-04-25
A00751,van Luin NV,van.com,Telecom,718,182527806,Belgium,Benelux,Continental Europe,Mid-market,Airflow,U015,Prospect,False,2024-08-05
A00752,Christoph Röhrdanz GmbH & Co. KG,christoph.com,Telecom,467,124597935,United States,NA,North America,Mid-market,Snowflake;Databricks;Hadoop/Cloudera,U003,Prospect,False,2025-05-18
A00753,Gonzalez-Elliott,gonzalez-elliott.com,Retail,681,127065066,Germany,DACH,Continental Europe,Mid-market,dbt;Snowflake;Databricks,U014,Prospect,False,2025-12-11
A00754,Scholtz,scholtz.com,Banking,5185,2046104700,Norway,Nordics,Continental Europe,Enterprise,Redshift;Hadoop/Cloudera;Snowflake,U014,Prospect,False,2025-04-28
A00755,Chan-Page,chan-page.com,Retail,699,234994014,United States,NA,North America,Mid-market,Redshift;Databricks;Airflow,U002,Prospect,False,2025-10-01
A00756,Hutchinson Carter and Smith,hutchinson.com,CPG,25144,5762124760,United States,NA,North America,Strategic,BigQuery;Hadoop/Cloudera;dbt,U003,Prospect,False,2023-11-12
A00757,Johnson-Weaver,johnson-weaver.com,Manufacturing,2961,1091694051,United States,NA,North America,Enterprise,Hadoop/Cloudera;Snowflake;BigQuery,U003,Prospect,False,2026-08-13
A00758,Smith-Sandoval,smith-sandoval.com,Banking,2175,762263550,United States,NA,North America,Enterprise,Hadoop/Cloudera;Snowflake,U003,Prospect,False,2024-06-12
A00759,Haering GmbH & Co. OHG,haering.com,Retail,766,254305872,United Kingdom,UK&I,UK&I,Mid-market,BigQuery,U008,Prospect,False,2023-04-30
A00760,Hughes-Howard,hughes-howard.com,Retail,3642,1384852290,United States,NA,North America,Enterprise,Databricks;BigQuery;Redshift,U002,Prospect,False,2024-12-30
A00761,White Thomas and Barnes,white.com,Telecom,1016,293455344,United States,NA,North America,Enterprise,Snowflake;dbt;Databricks,U002,Prospect,False,2023-12-09
A00762,Nilsson Holmström AB,nilsson.com,,2042,475565464,United Kingdom,UK&I,UK&I,Enterprise,Redshift;BigQuery;Airflow,U009,Prospect,False,2023-10-22
A00763,Karlsson HB,karlsson.com,Healthcare,23390,5234003690,United States,NA,North America,Strategic,Redshift;Hadoop/Cloudera,U003,Prospect,False,2023-07-29
A00764,Bradley Graham and Brandt,bradley.com,Healthcare,1642,341475246,United States,NA,North America,Enterprise,Redshift,U002,Prospect,False,2023-08-27
A00765,Smith-Saunders,smith-saunders.com,,5705,1572879910,Switzerland,DACH,Continental Europe,Enterprise,BigQuery;Airflow,U015,Prospect,False,2026-05-08
A00766,Koninklijke van Herstal,koninklijke.com,Telecom,894,174457842,United Kingdom,UK&I,UK&I,Mid-market,BigQuery;Snowflake;Airflow,U008,Prospect,False,2024-04-09
A00767,Bruder AG & Co. OHG,bruder.com,Insurance,1745,321315575,United States,NA,North America,Enterprise,Hadoop/Cloudera,U002,Prospect,False,2025-06-02
A00768,Griffiths Whitehouse and Power,griffiths.com,Banking,10623,1684765308,United States,NA,North America,Strategic,dbt;Redshift;Snowflake,U003,Prospect,False,2023-05-16
A00769,Dussen van Reising GmbH,dussen.com,Banking,965,335627000,United States,NA,North America,Mid-market,Redshift,U002,Customer,False,2024-02-14
A00770,Herbert-Pritchard,herbert-pritchard.com,Telecom,11075,1746195250,United States,NA,North America,Strategic,Databricks,U003,Customer,False,2023-11-25
A00771,Moore Ltd,moore.com,CPG,3669,1251077634,Netherlands,Benelux,Continental Europe,Enterprise,Databricks;dbt;Airflow,U014,Prospect,False,2023-01-29
A00772,Textor,textor.com,Manufacturing,1030,206219390,United Kingdom,UK&I,UK&I,Enterprise,Databricks;dbt,U008,Customer,True,2024-03-14
A00773,Engdahl HB,engdahl.com,CPG,3402,1141486668,Sweden,Nordics,Continental Europe,Enterprise,BigQuery;Airflow,U014,Prospect,False,2024-01-06
A00774,Ellis LLC,ellis.com,Retail,4781,1248668113,Austria,DACH,Continental Europe,Enterprise,dbt,U014,Prospect,False,2024-10-05
A00775,Stamrood NV,stamrood.com,,3367,963780181,United States,NA,North America,Enterprise,Hadoop/Cloudera,U003,Prospect,False,2023-03-25
A00776,Watson Group,watson.com,Retail,376,67805960,United States,NA,North America,Mid-market,BigQuery;Hadoop/Cloudera,U003,Prospect,False,2024-04-07
A00777,Larsson & Bengtsson AB,larsson.com,Telecom,873,326701044,United Kingdom,UK&I,UK&I,Mid-market,Databricks;Snowflake,U009,Customer,False,2023-01-27
A00778,Brown and Sons,brown.com,Retail,1411,460247035,Norway,Nordics,Continental Europe,Enterprise,Hadoop/Cloudera,U015,Prospect,False,2023-09-02
A00779,West LLC,west.com,Retail,1678,557429922,United States,NA,North America,Enterprise,Snowflake;Airflow;Databricks,U002,Prospect,False,2024-02-15
A00780,Willis Lowery and Jones,willis.com,Retail,3363,612674703,United Kingdom,UK&I,UK&I,Enterprise,Redshift,U009,Prospect,False,2026-04-06
A00781,Orr Group,orr.com,CPG,2159,770676640,United Kingdom,UK&I,UK&I,Enterprise,Hadoop/Cloudera;BigQuery;Redshift,U009,Churned,False,2023-10-29
A00782,Franklin LLC,franklin.com,Banking,475,86464725,Germany,DACH,Continental Europe,Mid-market,Hadoop/Cloudera;Redshift,U014,Prospect,True,2023-07-23
A00783,Dunlap Inc,dunlap.com,CPG,2644,443887940,Germany,DACH,Continental Europe,Enterprise,Airflow;Snowflake,U014,Prospect,False,2023-11-09
A00784,Williams Wood and Hughes,williams.com,Healthcare,3329,583417237,United States,NA,North America,Enterprise,Airflow,U003,Prospect,False,2026-09-17
A00785,Mammoet,mammoet.com,Healthcare,3164,691628252,Canada,NA,North America,Enterprise,BigQuery;dbt;Airflow,U002,Customer,True,2025-05-31
A00786,Gotthard GbR,gotthard.com,Banking,5328,1335015648,Netherlands,Benelux,Continental Europe,Enterprise,BigQuery;Hadoop/Cloudera,U015,Prospect,True,2026-02-14
A00787,Fischer Beer KG,fischer.com,CPG,4162,954933442,Ireland,UK&I,UK&I,Enterprise,Databricks;Hadoop/Cloudera;Airflow,U008,Prospect,False,2023-08-13
A00788,Eriksson & Gustafsson HB,eriksson.com,Retail,2861,924203135,United Kingdom,UK&I,UK&I,Enterprise,Airflow;dbt;Redshift,U009,Prospect,False,2025-11-03
A00789,Andersson Frisk AB,andersson.com,Telecom,1685,471260800,United States,NA,North America,Enterprise,Hadoop/Cloudera;dbt;BigQuery,U003,Prospect,True,2023-04-03
A00790,van den Velden & Potters,van.com,Telecom,343,82819065,United States,NA,North America,Mid-market,dbt;Snowflake;BigQuery,U003,Prospect,False,2025-01-01
A00791,Åslund HB,åslund.com,Banking,2778,898238520,United States,NA,North America,Enterprise,Databricks,U002,Prospect,False,2023-05-15
A00792,Ardagh Group,ardagh.com,Banking,2225,530658050,Netherlands,Benelux,Continental Europe,Enterprise,Snowflake,U015,Prospect,False,2025-05-15
A00793,Halvarsson & Fransson AB,halvarsson.com,Retail,2372,521583824,United Kingdom,UK&I,UK&I,Enterprise,Airflow,U009,Prospect,False,2025-02-12
A00794,Hartmann,hartmann.com,Telecom,504,151243848,United Kingdom,UK&I,UK&I,Mid-market,Redshift,U009,Prospect,False,2024-11-19
A00795,Brown-Frey,brown-frey.com,CPG,613,214865082,Canada,NA,North America,Mid-market,BigQuery;Databricks;dbt,U003,Prospect,False,2025-10-14
A00796,Olofsson Östman AB,olofsson.com,CPG,5183,879783152,United Kingdom,UK&I,UK&I,Enterprise,Databricks;BigQuery;Airflow,U008,Prospect,False,2024-04-07
A00797,Sandoval LLC,sandoval.com,Banking,1737,587352654,United Kingdom,UK&I,UK&I,Enterprise,Snowflake;dbt;BigQuery,U009,Prospect,False,2025-08-31
A00798,Andersson & Österberg AB,andersson.com,Telecom,3574,1281547050,United States,NA,North America,Enterprise,Airflow,U003,Prospect,False,2026-09-20
A00799,Henriksson Pettersson AB,henriksson.com,Insurance,1859,480754131,United Kingdom,UK&I,UK&I,Enterprise,BigQuery;dbt,U009,Prospect,False,2023-02-08
A00800,Wright Ltd,wright.com,Healthcare,1862,700398748,United Kingdom,UK&I,UK&I,Enterprise,dbt,U009,Prospect,False,2025-08-15
A00801,Baum,baum.com,Manufacturing,4620,1338178380,United States,NA,North America,Enterprise,Redshift;Hadoop/Cloudera;dbt,U002,Prospect,False,2023-10-30
A00802,Rose,rose.com,Manufacturing,1079,355691271,United States,NA,North America,Enterprise,Redshift;Hadoop/Cloudera,U003,Prospect,False,2023-05-12
A00803,Wells Lee and Barker,wells.com,CPG,1990,513654820,United Kingdom,UK&I,UK&I,Enterprise,Redshift;BigQuery,U008,Prospect,False,2025-04-11
A00804,Stichting van Susa,stichting.com,Insurance,1138,227951642,United States,NA,North America,Enterprise,Databricks,U003,Prospect,False,2025-06-12
A00805,Brown PLC,brown.com,Banking,1170,237451500,United States,NA,North America,Enterprise,BigQuery,U002,Prospect,False,2024-07-22
A00806,Hill Inc,hill.com,Insurance,1327,423176319,Ireland,UK&I,UK&I,Enterprise,Airflow,U009,Prospect,True,2023-06-21
A00807,Gutknecht,gutknecht.com,Telecom,2257,851618011,United States,NA,North America,Enterprise,Hadoop/Cloudera,U003,Prospect,False,2025-03-23
A00808,Edwards-Bell,edwards-bell.com,Manufacturing,1120,415431520,Sweden,Nordics,Continental Europe,Enterprise,Databricks,U014,Prospect,False,2023-09-05
A00809,Barkholz AG & Co. KG,barkholz.com,,6347,1917765091,United Kingdom,UK&I,UK&I,Enterprise,BigQuery;Hadoop/Cloudera;Snowflake,U008,Prospect,False,2024-10-03
A00810,Svedberg & Olsson HB,svedberg.com,Healthcare,739,253670618,United States,NA,North America,Mid-market,Redshift;Airflow,U002,Customer,False,2023-08-07
A00811,Bush-Bates,bush-bates.com,Telecom,1499,397542295,United States,NA,North America,Enterprise,BigQuery;dbt,U002,Prospect,False,2023-08-20
A00812,Hassan HB,hassan.com,Retail,1164,319494720,United States,NA,North America,Enterprise,Databricks;BigQuery;Redshift,U003,Prospect,False,2024-09-23
A00813,Hope Group,hope.com,Healthcare,7684,1222716500,United States,NA,North America,Enterprise,Airflow;Snowflake;Databricks,U003,Prospect,False,2025-01-13
A00814,Stichting Wilmont,stichting.com,Manufacturing,2200,400389000,Belgium,Benelux,Continental Europe,Enterprise,Redshift;Databricks;Hadoop/Cloudera,U015,Prospect,False,2024-06-07
A00815,Fox Jarvis and Parkes,fox.com,CPG,5073,1767204915,United States,NA,North America,Enterprise,BigQuery,U002,Prospect,False,2025-06-17
A00816,Gierschner Stiftung & Co. KGaA,gierschner.com,CPG,409,143557364,United Kingdom,UK&I,UK&I,Mid-market,Hadoop/Cloudera;Snowflake;BigQuery,U008,Prospect,False,2025-08-22
A00817,Fry Myers and Gamble,fry.com,CPG,2361,560078781,Germany,DACH,Continental Europe,Enterprise,Hadoop/Cloudera;Snowflake;Databricks,U015,Prospect,False,2026-05-18
A00818,Dahlström HB,dahlström.com,Healthcare,4401,1511329806,Germany,DACH,Continental Europe,Enterprise,Hadoop/Cloudera;Airflow,U014,Prospect,False,2024-01-12
A00819,Lundin AB,lundin.com,CPG,1963,624351780,United Kingdom,UK&I,UK&I,Enterprise,Snowflake,U009,Prospect,False,2026-03-25
A00820,Verhoeven & Elsenaar,verhoeven.com,Insurance,5247,1130371704,United States,NA,North America,Enterprise,Airflow;Redshift;Databricks,U003,Prospect,False,2025-09-06
A00821,Robinson-Thompson,robinson-thompson.com,Insurance,1077,235146795,Netherlands,Benelux,Continental Europe,Enterprise,Airflow,U015,Prospect,False,2025-04-28
A00822,Santiago Daniel and Rogers,santiago.com,Retail,7400,2810076000,United States,NA,North America,Enterprise,Redshift;dbt,U002,Prospect,True,2026-02-17
A00823,Clark-Steele,clark-steele.com,Manufacturing,18013,3781901402,United Kingdom,UK&I,UK&I,Strategic,Hadoop/Cloudera,U008,Prospect,False,2023-04-12
A00824,Zimmer Dörr Stiftung & Co. KGaA,zimmer.com,Retail,1257,386387973,United States,NA,North America,Enterprise,Databricks;Snowflake,U003,Prospect,False,2023-01-29
A00825,Cruz Ltd,cruz.com,Retail,1158,408462498,Germany,DACH,Continental Europe,Enterprise,Redshift;Airflow,U015,Prospect,False,2024-01-26
A00826,van Asten & van Velzen,van.com,CPG,7734,2745786552,Sweden,Nordics,Continental Europe,Enterprise,BigQuery;Airflow,U015,Prospect,False,2024-02-28
A00827,Royal de Bruin,royal.com,CPG,8774,1966937772,United Kingdom,UK&I,UK&I,Enterprise,Airflow;Databricks;Hadoop/Cloudera,U008,Prospect,True,2024-08-17
A00828,Kramer-Lane,kramer-lane.com,,1071,334067391,Denmark,Nordics,Continental Europe,Enterprise,Databricks;BigQuery,U015,Prospect,False,2024-10-24
A00829,Price Inc,price.com,Retail,1187,391774098,Denmark,Nordics,Continental Europe,Enterprise,Airflow,U015,Prospect,False,2024-06-08
A00830,Juncken GbR,juncken.com,Healthcare,1364,225606964,United States,NA,North America,Enterprise,BigQuery,U002,Prospect,False,2026-05-26
A00831,Peterson Group,peterson.com,CPG,471,144513162,Sweden,Nordics,Continental Europe,Mid-market,Airflow;Snowflake;Redshift,U015,Prospect,False,2025-03-19
A00832,Tucker Howarth and Stewart,tucker.com,Insurance,721,276785411,Ireland,UK&I,UK&I,Mid-market,Snowflake;dbt;Databricks,U009,Prospect,False,2024-11-25
A00833,Schmiedecke,schmiedecke.com,Insurance,662,114857000,Netherlands,Benelux,Continental Europe,Mid-market,Airflow;dbt,U015,Prospect,True,2023-04-01
A00834,van Dommelen Groep,van.com,Retail,838,317187190,Denmark,Nordics,Continental Europe,Mid-market,Airflow;BigQuery,U015,Prospect,False,2026-06-09
A00835,Ball Fraser and Spencer,ball.com,Telecom,1746,498519666,Austria,DACH,Continental Europe,Enterprise,Hadoop/Cloudera;Databricks,U015,Prospect,False,2023-11-06
A00836,Bolton PLC,bolton.com,Manufacturing,2285,724102790,United Kingdom,UK&I,UK&I,Enterprise,Snowflake;Databricks,U008,Prospect,False,2025-08-21
A00837,Magnusson Gustafsson AB,magnusson.com,Manufacturing,8522,2321870032,United States,NA,North America,Enterprise,Snowflake;Hadoop/Cloudera,U002,Prospect,False,2026-02-22
A00838,Armstrong-Larsen,armstrong-larsen.com,Retail,666,119539008,Canada,NA,North America,Mid-market,Redshift;Databricks;Snowflake,U003,Prospect,False,2024-01-05
A00839,Evans Group,evans.com,Manufacturing,4838,1370905356,Austria,DACH,Continental Europe,Enterprise,dbt;Airflow,U014,Prospect,False,2025-12-13
A00840,Colon-Weber,colon-weber.com,Insurance,1459,378115899,Germany,DACH,Continental Europe,Enterprise,Databricks,U015,Prospect,False,2023-02-23
A00841,Gerritsen & Blom,gerritsen.com,Manufacturing,1720,313003880,United States,NA,North America,Enterprise,BigQuery;dbt,U002,Prospect,False,2023-06-16
A00842,Dawson Inc,dawson.com,Manufacturing,3550,1146273700,Canada,NA,North America,Enterprise,Hadoop/Cloudera;Airflow,U003,Prospect,True,2023-03-31
A00843,Tamsma NV,tamsma.com,Retail,588,138282312,Ireland,UK&I,UK&I,Mid-market,Airflow;dbt;Databricks,U008,Prospect,False,2024-08-02
A00844,Engie Services,engie.com,Banking,2650,914202300,United States,NA,North America,Enterprise,dbt,U003,Prospect,False,2024-05-06
A00845,Segebahn KG,segebahn.com,CPG,2135,543513355,Denmark,Nordics,Continental Europe,Enterprise,Snowflake,U014,Prospect,False,2024-08-06
A00846,d' Heripon & de Gruson,d'.com,Manufacturing,2958,563217990,United Kingdom,UK&I,UK&I,Enterprise,BigQuery,U009,Prospect,False,2024-09-27
A00847,Matthäi AG,matthäi.com,Healthcare,2414,445180224,Belgium,Benelux,Continental Europe,Enterprise,Airflow;Snowflake,U015,Prospect,False,2025-03-05
A00848,Mohaupt Hesse GbR,mohaupt.com,Healthcare,21063,6474239625,Canada,NA,North America,Strategic,Snowflake;Hadoop/Cloudera,U003,Prospect,False,2025-05-22
A00849,Bolander,bolander.com,Healthcare,955,228804630,United States,NA,North America,Mid-market,Airflow;Databricks,U002,Customer,False,2026-08-18
A00850,King Cunningham and Ward,king.com,Telecom,1063,289922620,United Kingdom,UK&I,UK&I,Enterprise,Snowflake;Hadoop/Cloudera,U009,Prospect,True,2024-09-07
A00851,Westerberg Lindberg AB,westerberg.com,Healthcare,969,254001063,Netherlands,Benelux,Continental Europe,Mid-market,dbt;Snowflake,U014,Customer,False,2025-11-11
A00852,Booking.com,booking.com.com,Banking,1037,281862822,United States,NA,North America,Enterprise,Airflow;dbt;BigQuery,U003,Prospect,True,2025-10-28
A00853,van Ooste & Stamrood,van.com,Manufacturing,955,308873740,United States,NA,North America,Mid-market,Databricks;Redshift,U003,Prospect,False,2024-09-01
A00854,Orr-Klein,orr-klein.com,Manufacturing,5937,1598685675,United States,NA,North America,Enterprise,Hadoop/Cloudera;dbt;BigQuery,U003,Customer,False,2024-01-19
A00855,Strid & Pedersen AB,strid.com,Banking,7483,2587838407,United States,NA,North America,Enterprise,BigQuery;Airflow;Snowflake,U003,Prospect,True,2023-08-27
A00856,Thompson-Joyce,thompson-joyce.com,Manufacturing,1021,280850554,United States,NA,North America,Enterprise,Airflow;Hadoop/Cloudera,U003,Prospect,False,2026-06-17
A00857,Clarke Group,clarke.com,Manufacturing,786,260131416,United States,NA,North America,Mid-market,Hadoop/Cloudera;BigQuery;Snowflake,U002,Prospect,False,2023-02-02
A00858,Graham Osborn and Burton,graham.com,,2896,1086532864,Germany,DACH,Continental Europe,Enterprise,Databricks,U015,Prospect,False,2025-06-11
A00859,Hallgren Nilsson AB,hallgren.com,,1040,371379840,Netherlands,Benelux,Continental Europe,Enterprise,Databricks;Snowflake;BigQuery,U015,Prospect,False,2023-08-27
A00860,Hawkins-Arnold,hawkins-arnold.com,Insurance,3404,1169842468,United States,NA,North America,Enterprise,Hadoop/Cloudera;Redshift;Airflow,U002,Prospect,False,2024-02-17
A00861,Mielcarek,mielcarek.com,CPG,2214,816047190,United States,NA,North America,Enterprise,Snowflake;BigQuery,U002,Prospect,False,2025-06-03
A00862,Dean Mills and Barnes,dean.com,CPG,397,111138165,Denmark,Nordics,Continental Europe,Mid-market,dbt;Redshift;Airflow,U015,Prospect,False,2025-11-17
A00863,Jorlink & Godfrey van Alemannië,jorlink.com,Healthcare,8497,3357827466,United Kingdom,UK&I,UK&I,Enterprise,Redshift;Hadoop/Cloudera;Databricks,U008,Prospect,False,2024-10-08
A00864,Chan Floyd and Dillon,chan.com,Telecom,10893,4183587366,United Kingdom,UK&I,UK&I,Strategic,Hadoop/Cloudera;Redshift;Snowflake,U009,Prospect,False,2025-07-07
A00865,Hettner Kraus KGaA,hettner.com,Banking,979,188253868,Germany,DACH,Continental Europe,Mid-market,Airflow;Databricks,U015,Prospect,False,2024-03-25
A00866,Damen Shipyard,damen.com,Manufacturing,1226,292898756,United Kingdom,UK&I,UK&I,Enterprise,Redshift;Airflow;Hadoop/Cloudera,U008,Customer,False,2025-03-10
A00867,Ahmed-Richards,ahmed-richards.com,CPG,2406,954529974,Sweden,Nordics,Continental Europe,Enterprise,Airflow;Redshift;BigQuery,U015,Prospect,False,2026-06-27
A00868,de Ruiter NV,de.com,Manufacturing,2526,875036712,United States,NA,North America,Enterprise,Airflow,U003,Prospect,False,2026-05-25
A00869,Morris LLC,morris.com,,3493,904851171,Canada,NA,North America,Enterprise,BigQuery;Databricks,U002,Prospect,False,2025-01-04
A00870,Kallert e.V.,kallert.com,Telecom,13496,4419292192,Netherlands,Benelux,Continental Europe,Strategic,Databricks,U014,Prospect,False,2023-08-22
A00871,Holt Noack Stiftung & Co. KG,holt.com,Banking,1514,450142480,United Kingdom,UK&I,UK&I,Enterprise,Hadoop/Cloudera,U009,Churned,False,2023-04-06
A00872,Taylor Ltd,taylor.com,Healthcare,813,178958373,Germany,DACH,Continental Europe,Mid-market,Redshift,U014,Prospect,False,2025-06-15
A00873,Koninklijke van Beek,koninklijke.com,,455,158394145,Switzerland,DACH,Continental Europe,Mid-market,Snowflake,U014,Prospect,True,2023-08-04
A00874,Axelsson & Johansson HB,axelsson.com,Banking,870,329114910,United States,NA,North America,Mid-market,BigQuery,U002,Prospect,False,2025-11-02
A00875,Stichting van den Bergh,stichting.com,,1749,307874721,Canada,NA,North America,Enterprise,Airflow,U003,Prospect,True,2024-02-18
A00876,Kemp PLC,kemp.com,Retail,10878,3825205188,United States,NA,North America,Strategic,Databricks,U003,Prospect,False,2023-06-24
A00877,van den Oever & Boeser,van.com,Manufacturing,1077,374664606,United States,NA,North America,Enterprise,BigQuery;Airflow,U002,Prospect,False,2025-05-13
A00878,Gardiner and Sons,gardiner.com,,2261,814362458,Switzerland,DACH,Continental Europe,Enterprise,Hadoop/Cloudera;Redshift,U015,Customer,False,2025-01-10
A00879,Johnson Inc,johnson.com,Retail,1778,334555592,Sweden,Nordics,Continental Europe,Enterprise,Airflow,U014,Prospect,False,2023-12-03
A00880,Gumprich,gumprich.com,Retail,5933,2070717861,United States,NA,North America,Enterprise,Airflow,U002,Customer,True,2026-07-17
A00881,Mitschke Pärtzelt GmbH,mitschke.com,CPG,22627,7310987343,Norway,Nordics,Continental Europe,Strategic,BigQuery;Hadoop/Cloudera;Airflow,U015,Prospect,False,2024-12-05
A00882,Johnson Watson and Wheeler,johnson.com,,1063,410300992,United States,NA,North America,Enterprise,dbt;Databricks;Hadoop/Cloudera,U003,Prospect,False,2026-07-02
A00883,Fox-Stone,fox-stone.com,Manufacturing,1108,294622740,Switzerland,DACH,Continental Europe,Enterprise,BigQuery;Airflow;Hadoop/Cloudera,U014,Customer,True,2026-01-05
A00884,Morris-Holmes,morris-holmes.com,Manufacturing,5136,1738279200,United States,NA,North America,Enterprise,Databricks;dbt;Airflow,U003,Prospect,False,2024-10-01
A00885,Krause AG,krause.com,CPG,3575,1131991575,United Kingdom,UK&I,UK&I,Enterprise,Snowflake,U008,Customer,False,2024-06-13
A00886,Porter Stevens and Quinn,porter.com,CPG,11461,2632316636,United States,NA,North America,Strategic,Hadoop/Cloudera;dbt;Snowflake,U002,Prospect,False,2025-11-05
A00887,Martin Riley and Lewis,martin.com,Banking,3241,1128927807,United States,NA,North America,Enterprise,Snowflake;Hadoop/Cloudera;BigQuery,U002,Prospect,False,2026-04-06
A00888,Buck-Holland,buck-holland.com,,1262,409471044,United Kingdom,UK&I,UK&I,Enterprise,Redshift;dbt;Databricks,U009,Prospect,False,2026-03-19
A00889,Ericsson HB,ericsson.com,Manufacturing,3263,812493526,Ireland,UK&I,UK&I,Enterprise,Airflow;Databricks;Snowflake,U009,Prospect,False,2025-01-09
A00890,Kohl Keudel GmbH & Co. KG,kohl.com,Insurance,5479,1843968408,Canada,NA,North America,Enterprise,Redshift;Hadoop/Cloudera,U002,Prospect,False,2023-09-24
A00891,Mohaupt GmbH,mohaupt.com,Retail,4107,700103862,Canada,NA,North America,Enterprise,Airflow;dbt,U003,Prospect,False,2025-03-19
A00892,Jacobsson & Berg HB,jacobsson.com,Healthcare,3002,842853528,Netherlands,Benelux,Continental Europe,Enterprise,Hadoop/Cloudera;Redshift;Airflow,U015,Prospect,True,2023-09-18
A00893,Linde & Granath AB,linde.com,Retail,5253,966116001,Canada,NA,North America,Enterprise,dbt;Redshift;Snowflake,U002,Prospect,True,2023-11-18
A00894,Vervoort NV,vervoort.com,Telecom,5821,2279602557,Sweden,Nordics,Continental Europe,Enterprise,dbt,U015,Prospect,False,2024-08-16
A00895,Heß Sölzer Stiftung & Co. KG,heß.com,Insurance,7202,1302589730,United States,NA,North America,Enterprise,BigQuery;Redshift,U003,Prospect,True,2023-10-20
A00896,Fischer GmbH & Co. OHG,fischer.com,Healthcare,3458,901019938,United States,NA,North America,Enterprise,BigQuery,U003,Prospect,False,2025-09-28
A00897,Nelson PLC,nelson.com,Healthcare,1529,369094484,United States,NA,North America,Enterprise,Redshift,U002,Prospect,False,2026-03-04
A00898,Royal Janse,royal.com,Telecom,2093,742650818,Canada,NA,North America,Enterprise,Hadoop/Cloudera;Airflow,U002,Prospect,False,2025-08-01
A00899,Jimenez Phillips and Meadows,jimenez.com,Manufacturing,6042,1617576324,Germany,DACH,Continental Europe,Enterprise,Redshift,U015,Prospect,False,2026-07-01
A00900,Verkade,verkade.com,,798,308022414,United States,NA,North America,Mid-market,BigQuery;dbt,U002,Customer,False,2024-07-22
A00901,Erickson Armstrong and Lee,erickson.com,CPG,2614,505584196,United Kingdom,UK&I,UK&I,Enterprise,Snowflake;dbt;BigQuery,U008,Prospect,True,2026-06-21
A00902,Wilkinson McKenzie and Walker,wilkinson.com,CPG,1220,199909200,United Kingdom,UK&I,UK&I,Enterprise,dbt;Databricks;Hadoop/Cloudera,U008,Prospect,False,2024-01-04
A00903,Jacob,jacob.com,Telecom,1860,662611980,Denmark,Nordics,Continental Europe,Enterprise,Databricks,U015,Prospect,False,2024-10-18
A00904,Hawkins Farrell and Gibson,hawkins.com,Banking,6492,1810203312,United States,NA,North America,Enterprise,BigQuery,U003,Prospect,True,2025-12-17
A00905,Smith Mann and Miller,smith.com,Telecom,2188,380407868,United States,NA,North America,Enterprise,Snowflake,U002,Prospect,False,2023-07-03
A00906,Lyons Waters and Morton,lyons.com,Retail,1893,620701449,United States,NA,North America,Enterprise,Snowflake,U003,Prospect,False,2024-09-02
A00907,Carr Burton and Shah,carr.com,Telecom,464,86928080,United States,NA,North America,Mid-market,BigQuery;Redshift,U003,Customer,False,2023-04-17
A00908,Sauer Hornig GmbH & Co. KG,sauer.com,CPG,3813,1168688313,United States,NA,North America,Enterprise,Databricks;Hadoop/Cloudera;dbt,U003,Customer,False,2024-10-13
A00909,Brown-Walters,brown-walters.com,Retail,3447,576197073,Canada,NA,North America,Enterprise,Snowflake;Hadoop/Cloudera,U002,Customer,True,2026-02-08
A00910,Andersson & Skoglund AB,andersson.com,Manufacturing,15728,2777722080,Denmark,Nordics,Continental Europe,Strategic,Redshift,U014,Prospect,False,2023-06-21
A00911,Koninklijke Claassen,koninklijke.com,Healthcare,1329,270232215,Netherlands,Benelux,Continental Europe,Enterprise,BigQuery,U014,Prospect,False,2025-05-17
A00912,Chambers LLC,chambers.com,Healthcare,2251,604215671,Denmark,Nordics,Continental Europe,Enterprise,Snowflake,U015,Customer,False,2026-08-30
A00913,FloraHolland,floraholland.com,Banking,2320,384595680,Denmark,Nordics,Continental Europe,Enterprise,BigQuery;dbt,U015,Prospect,False,2024-12-20
A00914,Girschner,girschner.com,Insurance,8755,2656223225,Netherlands,Benelux,Continental Europe,Enterprise,BigQuery;Snowflake;Databricks,U014,Prospect,False,2023-09-09
A00915,Cook-Hatfield,cook-hatfield.com,Manufacturing,1643,486125911,Austria,DACH,Continental Europe,Enterprise,Hadoop/Cloudera;Databricks,U015,Customer,False,2026-07-24
A00916,Bohlander,bohlander.com,CPG,2389,801588337,United States,NA,North America,Enterprise,BigQuery;Databricks,U003,Prospect,False,2026-05-12
A00917,Hill-Juarez,hill-juarez.com,Manufacturing,3320,614382600,United States,NA,North America,Enterprise,Snowflake;dbt;Hadoop/Cloudera,U002,Customer,False,2025-04-26
A00918,Miller Jones and Miller,miller.com,Manufacturing,2178,728246970,United Kingdom,UK&I,UK&I,Enterprise,Redshift;Hadoop/Cloudera,U008,Prospect,False,2023-06-08
A00919,Mendez Ltd,mendez.com,CPG,1156,420696144,United Kingdom,UK&I,UK&I,Enterprise,Hadoop/Cloudera;Airflow;Snowflake,U009,Customer,False,2026-05-16
A00920,BCC,bcc.com,Insurance,2195,812099515,United States,NA,North America,Enterprise,Snowflake;Redshift;Hadoop/Cloudera,U003,Customer,False,2024-03-29
A00921,ASML,asml.com,CPG,5290,1183357130,Germany,DACH,Continental Europe,Enterprise,Airflow;BigQuery;Databricks,U014,Prospect,False,2024-03-28
A00922,Gonzalez Watson and Smith,gonzalez.com,Retail,647,158617226,United States,NA,North America,Mid-market,BigQuery,U003,Customer,False,2024-03-04
A00923,Grein Groth,grein.com,CPG,2065,655352530,United States,NA,North America,Enterprise,Snowflake;BigQuery,U003,Prospect,False,2026-03-04
A00924,Smith Gross and Perez,smith.com,Healthcare,897,267438756,Ireland,UK&I,UK&I,Mid-market,Snowflake,U008,Prospect,True,2026-03-13
A00925,Ehlert Dobes GmbH,ehlert.com,Healthcare,5973,2037246948,Netherlands,Benelux,Continental Europe,Enterprise,Databricks;Airflow,U014,Churned,False,2025-12-27
A00926,Gustavsson & Andersson AB,gustavsson.com,Manufacturing,394,116951414,United Kingdom,UK&I,UK&I,Mid-market,Snowflake;Hadoop/Cloudera,U008,Prospect,False,2025-04-13
A00927,Meyer Vogt GmbH & Co. OHG,meyer.com,Manufacturing,1033,295300611,United States,NA,North America,Enterprise,Hadoop/Cloudera;BigQuery,U002,Customer,False,2024-07-23
A00928,Hassan & Skoglund AB,hassan.com,,2636,705567576,Belgium,Benelux,Continental Europe,Enterprise,Snowflake;Hadoop/Cloudera,U014,Prospect,False,2023-02-21
A00929,Klemt Weitzel AG & Co. OHG,klemt.com,Insurance,8651,2861413411,Norway,Nordics,Continental Europe,Enterprise,Snowflake;Databricks,U014,Prospect,False,2026-07-06
A00930,Brown-Wilson,brown-wilson.com,Banking,1692,466687440,United Kingdom,UK&I,UK&I,Enterprise,Redshift;Snowflake,U009,Prospect,False,2025-08-27
A00931,Hunter PLC,hunter.com,Telecom,1037,381863843,United States,NA,North America,Enterprise,Redshift,U003,Prospect,False,2023-05-30
A00932,Bergström AB,bergström.com,Healthcare,11862,3142919934,Germany,DACH,Continental Europe,Strategic,Airflow,U015,Prospect,True,2023-05-05
A00933,Royal Buijs,royal.com,Retail,424,98420576,Belgium,Benelux,Continental Europe,Mid-market,Snowflake;Databricks;Redshift,U015,Prospect,False,2025-06-03
A00934,Malm AB,malm.com,Manufacturing,250,41156250,United States,NA,North America,Mid-market,Snowflake;BigQuery;Hadoop/Cloudera,U003,Prospect,False,2024-04-22
A00935,Wilson Wallace and Martinez,wilson.com,CPG,2807,906498194,Netherlands,Benelux,Continental Europe,Enterprise,Snowflake;Hadoop/Cloudera;Airflow,U015,Prospect,False,2026-06-22
A00936,Tintzmann Fliegner AG & Co. OHG,tintzmann.com,Manufacturing,1094,432985508,United States,NA,North America,Enterprise,Redshift;Snowflake;Hadoop/Cloudera,U003,Prospect,True,2023-01-26
A00937,Fisher-Garcia,fisher-garcia.com,Banking,651,198829071,United Kingdom,UK&I,UK&I,Mid-market,dbt,U008,Prospect,False,2025-05-12
A00938,Ljungberg Nilsson HB,ljungberg.com,Healthcare,3671,978523405,Canada,NA,North America,Enterprise,Databricks,U002,Prospect,True,2024-09-30
A00939,Higgins Wilson and Wilson,higgins.com,Healthcare,2307,740177880,United Kingdom,UK&I,UK&I,Enterprise,BigQuery;dbt,U008,Prospect,False,2024-12-03
A00940,Gonzalez-Gonzalez,gonzalez-gonzalez.com,Banking,1028,293705768,United States,NA,North America,Enterprise,Airflow;Redshift;Databricks,U002,Prospect,False,2026-02-19
A00941,Gutknecht,gutknecht.com,Retail,502,120544758,Netherlands,Benelux,Continental Europe,Mid-market,Databricks,U014,Prospect,False,2026-09-29
A00942,Lange,lange.com,Manufacturing,4326,1178947476,Canada,NA,North America,Enterprise,Airflow;BigQuery;dbt,U003,Prospect,False,2023-11-29
A00943,Benthin KG,benthin.com,CPG,3464,1346432552,United States,NA,North America,Enterprise,Hadoop/Cloudera,U002,Customer,False,2024-04-16
A00944,van Praagh & Verheuvel,van.com,Insurance,1637,348119509,Canada,NA,North America,Enterprise,Airflow;BigQuery,U003,Prospect,False,2023-01-14
A00945,Brown Inc,brown.com,Banking,11460,2794142820,United States,NA,North America,Strategic,dbt,U002,Prospect,False,2026-07-16
A00946,Caldwell Hernandez and Davis,caldwell.com,CPG,620,151495760,United Kingdom,UK&I,UK&I,Mid-market,Snowflake,U008,Prospect,False,2024-06-20
A00947,Nilsson AB,nilsson.com,Telecom,393,146265168,Germany,DACH,Continental Europe,Mid-market,Databricks;Redshift;Airflow,U014,Prospect,False,2023-07-27
A00948,Heinrich,heinrich.com,Manufacturing,905,168309185,United States,NA,North America,Mid-market,Airflow;Snowflake,U003,Customer,False,2024-05-06
A00949,Koninklijke van Loon,koninklijke.com,Telecom,1727,558257931,United States,NA,North America,Enterprise,dbt,U003,Prospect,True,2023-10-23
A00950,Li Inc,li.com,Insurance,2306,826417362,Netherlands,Benelux,Continental Europe,Enterprise,Databricks,U015,Prospect,False,2025-05-29
A00951,Stey Johann GmbH & Co. KG,stey.com,,1420,555841960,Denmark,Nordics,Continental Europe,Enterprise,Redshift,U014,Prospect,False,2023-11-01
A00952,York Inc,york.com,Banking,2571,809885568,United States,NA,North America,Enterprise,Redshift;Databricks,U003,Prospect,True,2025-08-21
A00953,Alvarado and Sons,alvarado.com,Healthcare,517,86342102,Switzerland,DACH,Continental Europe,Mid-market,dbt,U015,Prospect,False,2025-11-08
A00954,Mangold Scholtz GbR,mangold.com,Healthcare,7659,2080980936,United States,NA,North America,Enterprise,BigQuery,U003,Prospect,False,2025-10-10
A00955,Briggs-White,briggs-white.com,Healthcare,1665,424749825,Canada,NA,North America,Enterprise,Redshift;dbt;Snowflake,U002,Prospect,False,2024-04-25
A00956,KPN,kpn.com,Telecom,5526,1444590342,United States,NA,North America,Enterprise,dbt;Databricks,U003,Prospect,True,2023-06-22
A00957,Stumpf Müller e.V.,stumpf.com,Healthcare,2547,616789161,United States,NA,North America,Enterprise,dbt,U002,Prospect,False,2025-05-22
A00958,Hehl & Huisman,hehl.com,Retail,2854,734060216,Canada,NA,North America,Enterprise,Redshift;Hadoop/Cloudera,U003,Prospect,True,2025-06-23
A00959,Garcia PLC,garcia.com,Manufacturing,3196,542978028,United States,NA,North America,Enterprise,Snowflake;BigQuery,U002,Prospect,False,2023-07-21
A00960,KPMG,kpmg.com,Telecom,2829,452739015,United States,NA,North America,Enterprise,Databricks;BigQuery;Redshift,U003,Prospect,False,2024-07-16
A00961,Olsson Lindqvist AB,olsson.com,Healthcare,3438,639949320,United States,NA,North America,Enterprise,Airflow;dbt;BigQuery,U002,Prospect,False,2024-12-10
A00962,Alliander,alliander.com,Retail,6830,2717923370,Switzerland,DACH,Continental Europe,Enterprise,Redshift;dbt,U014,Prospect,False,2023-11-02
A00963,Coca-Cola,coca-cola.com,Insurance,2200,460871400,Netherlands,Benelux,Continental Europe,Enterprise,Airflow;Databricks;Hadoop/Cloudera,U014,Prospect,False,2025-08-17
A00964,Pena-Smith,pena-smith.com,Retail,3673,878952573,Germany,DACH,Continental Europe,Enterprise,BigQuery,U014,Prospect,False,2025-05-05
A00965,Lilja & Larsson HB,lilja.com,Retail,1652,617177288,United States,NA,North America,Enterprise,Snowflake;BigQuery;Databricks,U002,Prospect,False,2025-10-20
A00966,Mårtensson & Lindström HB,mårtensson.com,CPG,7632,1854362304,Switzerland,DACH,Continental Europe,Enterprise,Databricks;Hadoop/Cloudera,U015,Prospect,False,2026-01-06
A00967,Ward-Davies,ward-davies.com,Healthcare,919,143448548,United States,NA,North America,Mid-market,Redshift;Snowflake;Databricks,U002,Customer,False,2026-03-09
A00968,Claesdr & Backer,claesdr.com,Healthcare,10948,4264618232,United Kingdom,UK&I,UK&I,Strategic,dbt;Hadoop/Cloudera;Airflow,U008,Customer,True,2025-03-02
A00969,Baker Barton and Taylor,baker.com,Banking,1736,410048408,United States,NA,North America,Enterprise,Hadoop/Cloudera;Airflow;BigQuery,U002,Prospect,False,2023-12-30
A00970,Flores-Rivera,flores-rivera.com,Manufacturing,432,133128576,United States,NA,North America,Mid-market,Snowflake;Databricks,U002,Prospect,False,2024-08-04
A00971,Patberg GbR,patberg.com,Telecom,2055,663563610,United States,NA,North America,Enterprise,Snowflake;Hadoop/Cloudera;Redshift,U003,Prospect,False,2025-04-21
A00972,Hägg & Persson AB,hägg.com,Banking,915,168224580,United States,NA,North America,Mid-market,Hadoop/Cloudera;Redshift;Snowflake,U003,Customer,False,2023-09-24
A00973,Raet,raet.com,Telecom,4190,1103218620,Netherlands,Benelux,Continental Europe,Enterprise,Airflow;Hadoop/Cloudera;Databricks,U015,Prospect,False,2025-07-28
A00974,Axelsson Karlsson HB,axelsson.com,Banking,941,176348105,United States,NA,North America,Mid-market,Snowflake;Hadoop/Cloudera,U002,Prospect,False,2025-10-02
A00975,Mcgee-Smith,mcgee-smith.com,Healthcare,1157,185403465,Canada,NA,North America,Enterprise,Snowflake;BigQuery;Hadoop/Cloudera,U003,Prospect,False,2024-09-01
A00976,Achmea,achmea.com,CPG,273,98916636,United States,NA,North America,Mid-market,Hadoop/Cloudera,U002,Prospect,False,2025-06-03
A00977,Abbas & Axelsson HB,abbas.com,Manufacturing,1150,227801200,Canada,NA,North America,Enterprise,dbt;Snowflake;Hadoop/Cloudera,U002,Prospect,False,2024-07-14
A00978,Ekstrand & Mattsson HB,ekstrand.com,Healthcare,250,56629250,Netherlands,Benelux,Continental Europe,Mid-market,Snowflake;Airflow;Databricks,U015,Prospect,False,2023-09-06
A00979,Hauffer GmbH & Co. KG,hauffer.com,Banking,370,128768140,Norway,Nordics,Continental Europe,Mid-market,dbt,U015,Prospect,False,2024-02-29
A00980,Wilms,wilms.com,Retail,3867,607130601,United Kingdom,UK&I,UK&I,Enterprise,Airflow,U009,Prospect,False,2024-02-03
A00981,Jonasson & Magnusson HB,jonasson.com,Banking,3967,855658098,United States,NA,North America,Enterprise,Airflow,U002,Prospect,False,2025-09-19
A00982,Malone and Sons,malone.com,Banking,2766,812559522,Canada,NA,North America,Enterprise,Databricks;Airflow;Hadoop/Cloudera,U002,Prospect,False,2023-11-27
A00983,Kelly-Schultz,kelly-schultz.com,Banking,687,212364066,United States,NA,North America,Mid-market,Databricks,U003,Prospect,False,2023-12-11
A00984,Preiß,preiß.com,CPG,1723,263512174,United States,NA,North America,Enterprise,BigQuery;Databricks;Hadoop/Cloudera,U003,Prospect,False,2025-12-26
A00985,Döring,döring.com,Manufacturing,1801,292694918,United States,NA,North America,Enterprise,Redshift;dbt;Snowflake,U003,Prospect,False,2026-05-10
A00986,Vasquez Ltd,vasquez.com,CPG,567,141143877,United States,NA,North America,Mid-market,Databricks,U003,Customer,False,2023-02-02
A00987,Rehorst Groep,rehorst.com,,8130,1937972490,United States,NA,North America,Enterprise,Airflow,U002,Prospect,False,2026-09-22
A00988,O'Neill Group,o'neill.com,Insurance,4347,702201339,United States,NA,North America,Enterprise,dbt;Snowflake,U003,Prospect,False,2026-07-03
A00989,West-Bates,west-bates.com,Healthcare,1449,367412787,United States,NA,North America,Enterprise,Snowflake;Databricks,U002,Prospect,False,2023-01-31
A00990,Wernecke GmbH & Co. KG,wernecke.com,Telecom,1857,284380980,United States,NA,North America,Enterprise,Databricks;Hadoop/Cloudera,U002,Prospect,False,2026-08-24
A00991,Monroe Chapman and Barton,monroe.com,Banking,2226,373188900,United Kingdom,UK&I,UK&I,Enterprise,Hadoop/Cloudera,U009,Prospect,False,2023-07-28
A00992,CGI Nederland,cgi.com,CPG,250,97938750,Germany,DACH,Continental Europe,Mid-market,Databricks;BigQuery;Snowflake,U015,Churned,False,2023-09-30
A00993,Björkman & Karlsson AB,björkman.com,Manufacturing,1412,493746748,United States,NA,North America,Enterprise,BigQuery;Airflow;Hadoop/Cloudera,U002,Prospect,False,2026-04-13
A00994,Pettersson Jonsson AB,pettersson.com,Healthcare,914,290585278,United States,NA,North America,Mid-market,Databricks;dbt;Airflow,U002,Prospect,False,2023-09-12
A00995,Nilsson AB,nilsson.com,,664,174185792,United States,NA,North America,Mid-market,dbt,U002,Prospect,False,2024-08-30
A00996,Sandoval-Obrien,sandoval-obrien.com,Retail,1364,277680392,United States,NA,North America,Enterprise,Snowflake;Databricks;dbt,U003,Prospect,False,2024-07-23
A00997,Kraus,kraus.com,CPG,10912,3812194496,United States,NA,North America,Strategic,dbt,U003,Prospect,False,2023-02-18
A00998,Schatteleijn & de Vos,schatteleijn.com,Manufacturing,3431,812598040,United States,NA,North America,Enterprise,Databricks;Redshift,U002,Customer,False,2024-05-23
A00999,Mentzel Eimer AG & Co. KG,mentzel.com,Manufacturing,1021,345723873,Switzerland,DACH,Continental Europe,Enterprise,dbt,U015,Prospect,False,2026-07-13
A01000,Royal van der Strigt,royal.com,CPG,3205,893813605,United States,NA,North America,Enterprise,Databricks,U002,Prospect,True,2024-02-23
A01001,Walter,walter.com,Insurance,7327,2237328758,United States,NA,North America,Enterprise,Redshift;Databricks;Airflow,U002,Prospect,False,2023-12-03
A01002,Engman & Eliasson HB,engman.com,Insurance,4557,1190074221,Germany,DACH,Continental Europe,Enterprise,dbt,U014,Prospect,False,2026-07-25
A01003,Eigenwillig,eigenwillig.com,CPG,1919,680880390,United States,NA,North America,Enterprise,Snowflake;BigQuery,U003,Prospect,False,2025-05-15
A01004,Freeman Todd and Ellis,freeman.com,Manufacturing,946,249385466,United Kingdom,UK&I,UK&I,Mid-market,Redshift,U009,Prospect,False,2023-06-20
A01005,Naser,naser.com,Telecom,3634,1112087582,Germany,DACH,Continental Europe,Enterprise,Databricks;dbt;Redshift,U015,Prospect,False,2024-08-03
A01006,Söderholm & Nilsson HB,söderholm.com,Healthcare,2679,739537950,United States,NA,North America,Enterprise,BigQuery,U002,Prospect,False,2024-01-24
A01007,van den Nuwenhuijzen BV,van.com,CPG,4425,1244553375,United States,NA,North America,Enterprise,Airflow;BigQuery;Hadoop/Cloudera,U003,Customer,False,2025-02-03
A01008,Thomas-Santiago,thomas-santiago.com,Telecom,3412,1085176364,United States,NA,North America,Enterprise,Snowflake;Hadoop/Cloudera;Redshift,U002,Prospect,False,2024-02-02
A01009,Banks-Walsh,banks-walsh.com,Telecom,5164,1818673012,Germany,DACH,Continental Europe,Enterprise,BigQuery;dbt;Hadoop/Cloudera,U015,Prospect,False,2025-05-18
A01010,Hermann,hermann.com,Insurance,1058,291195456,Germany,DACH,Continental Europe,Enterprise,Redshift,U015,Prospect,False,2026-09-25
A01011,Marshall LLC,marshall.com,Telecom,6750,2083799250,United Kingdom,UK&I,UK&I,Enterprise,Airflow;Databricks,U009,Prospect,False,2026-09-19
A01012,Higgins Bradley and Warner,higgins.com,Banking,2203,397861800,Netherlands,Benelux,Continental Europe,Enterprise,Airflow,U015,Prospect,False,2023-06-14
A01013,Nordström HB,nordström.com,Insurance,14403,5467940517,United Kingdom,UK&I,UK&I,Strategic,Databricks;Hadoop/Cloudera,U009,Prospect,False,2025-12-27
A01014,Leonard Roberts and Hussain,leonard.com,Retail,907,275398759,Ireland,UK&I,UK&I,Mid-market,Airflow;Hadoop/Cloudera,U008,Prospect,False,2024-12-06
A01015,Hughes-Frye,hughes-frye.com,Telecom,10259,3552435225,Switzerland,DACH,Continental Europe,Strategic,Airflow,U015,Prospect,True,2023-12-11
A01016,Bloch,bloch.com,Banking,2203,386392982,Switzerland,DACH,Continental Europe,Enterprise,Redshift,U015,Prospect,False,2025-06-01
A01017,King Oliver and Norman,king.com,Telecom,942,187328946,United States,NA,North America,Mid-market,Databricks;Redshift;Hadoop/Cloudera,U002,Prospect,True,2026-03-07
A01018,Zijlemans & van der Stael de Jonge,zijlemans.com,Insurance,1114,225779950,Switzerland,DACH,Continental Europe,Enterprise,Airflow,U014,Prospect,False,2025-04-17
A01019,Olsson AB,olsson.com,Healthcare,1312,234354688,United States,NA,North America,Enterprise,Databricks;Snowflake;BigQuery,U002,Prospect,False,2024-12-01
A01020,Gierschner Stoll AG,gierschner.com,Insurance,2763,760590351,United States,NA,North America,Enterprise,Airflow;Snowflake,U002,Prospect,False,2023-01-15
A01021,Newman Inc,newman.com,CPG,3049,490806677,Ireland,UK&I,UK&I,Enterprise,Databricks,U008,Prospect,False,2024-06-28
A01022,van Dam NV,van.com,Retail,1018,354690542,Sweden,Nordics,Continental Europe,Enterprise,dbt;Hadoop/Cloudera,U015,Prospect,False,2024-10-07
A01023,Björk Lindberg HB,björk.com,Telecom,1764,572146344,Switzerland,DACH,Continental Europe,Enterprise,Hadoop/Cloudera;dbt,U014,Customer,False,2023-07-25
A01024,Owens-Pineda,owens-pineda.com,CPG,15402,5129743914,United States,NA,North America,Strategic,Airflow;Databricks,U002,Prospect,False,2024-07-26
A01025,Mcfarland PLC,mcfarland.com,CPG,10173,3699513180,Sweden,Nordics,Continental Europe,Strategic,BigQuery,U015,Prospect,False,2025-08-31
A01026,Gilbert Stanley and Henry,gilbert.com,Manufacturing,2797,557347002,United Kingdom,UK&I,UK&I,Enterprise,Airflow,U009,Prospect,False,2023-04-04
A01027,Hermansson & Olsson HB,hermansson.com,Manufacturing,1878,441957252,Denmark,Nordics,Continental Europe,Enterprise,Hadoop/Cloudera;Databricks;dbt,U015,Prospect,False,2023-06-16
A01028,Viklund AB,viklund.com,,2038,657416002,United States,NA,North America,Enterprise,Snowflake;Airflow;Hadoop/Cloudera,U003,Prospect,False,2025-12-01
A01029,Jeppsson HB,jeppsson.com,,3339,1250806095,Netherlands,Benelux,Continental Europe,Enterprise,dbt;Snowflake;Databricks,U015,Prospect,False,2026-01-28
A01030,Walker-Lewis,walker-lewis.com,Retail,650,126135100,Norway,Nordics,Continental Europe,Mid-market,Snowflake;Hadoop/Cloudera,U014,Prospect,False,2026-09-13
A01031,Klingelhöfer Hornig AG & Co. OHG,klingelhöfer.com,Banking,1397,368813588,Germany,DACH,Continental Europe,Enterprise,Snowflake;Databricks;BigQuery,U015,Prospect,False,2024-06-11
A01032,Jonsson & Larsson AB,jonsson.com,Manufacturing,340,61971460,Ireland,UK&I,UK&I,Mid-market,Databricks;dbt;Hadoop/Cloudera,U008,Prospect,False,2024-04-03
A01033,Reed Allen and May,reed.com,CPG,2695,1056927795,Sweden,Nordics,Continental Europe,Enterprise,Snowflake;Airflow;BigQuery,U015,Customer,False,2025-02-20
A01034,Vilhelmsson HB,vilhelmsson.com,CPG,3453,1026569994,Ireland,UK&I,UK&I,Enterprise,Redshift;Databricks,U008,Prospect,False,2023-08-17
A01035,de Jong NV,de.com,Manufacturing,1115,340343715,United States,NA,North America,Enterprise,Airflow,U002,Prospect,True,2024-10-03
A01036,Granberg & Sundqvist HB,granberg.com,Healthcare,8725,2994228050,Sweden,Nordics,Continental Europe,Enterprise,BigQuery,U014,Prospect,False,2025-03-05
A01037,Johansson & Andersson AB,johansson.com,Telecom,530,186658580,Denmark,Nordics,Continental Europe,Mid-market,Redshift;Airflow,U014,Prospect,False,2024-03-30
A01038,Carsten,carsten.com,Banking,418,121683980,United States,NA,North America,Mid-market,BigQuery;Databricks,U003,Prospect,False,2025-07-22
A01039,Bonilla PLC,bonilla.com,Telecom,2263,425984857,United States,NA,North America,Enterprise,Airflow;Redshift;Snowflake,U003,Prospect,False,2023-09-10
A01040,Lund AB,lund.com,CPG,5151,1726666710,United States,NA,North America,Enterprise,Hadoop/Cloudera;Airflow;Databricks,U003,Prospect,False,2023-05-01
A01041,Douglas Webb and Powell,douglas.com,Telecom,9739,1850692431,Norway,Nordics,Continental Europe,Enterprise,Databricks;Airflow;Redshift,U014,Customer,False,2025-09-25
A01042,Keijzer BV,keijzer.com,Telecom,1142,415288300,Germany,DACH,Continental Europe,Enterprise,Redshift;Databricks;Snowflake,U015,Prospect,False,2024-12-14
A01043,Stichting Fremie,stichting.com,Retail,5317,897658476,Germany,DACH,Continental Europe,Enterprise,Airflow;BigQuery;Redshift,U014,Prospect,False,2023-07-19
A01044,Thompson LLC,thompson.com,CPG,1739,621567292,United States,NA,North America,Enterprise,Redshift;Snowflake;BigQuery,U003,Prospect,False,2025-06-23
A01045,Lidström AB,lidström.com,,1521,585889200,Germany,DACH,Continental Europe,Enterprise,Databricks,U014,Prospect,False,2026-08-26
A01046,Kraushaar Mende KGaA,kraushaar.com,Manufacturing,4374,1637765568,United States,NA,North America,Enterprise,Snowflake;Airflow;Databricks,U003,Customer,False,2023-12-11
A01047,Nyrstar holding,nyrstar.com,Banking,3471,844195794,Sweden,Nordics,Continental Europe,Enterprise,Databricks;Snowflake,U014,Churned,False,2026-04-30
A01048,Nunez-Nichols,nunez-nichols.com,Insurance,373,117255161,United States,NA,North America,Mid-market,Hadoop/Cloudera;Databricks;Snowflake,U002,Prospect,False,2026-05-05
A01049,Nyman AB,nyman.com,Manufacturing,7915,2733437335,Sweden,Nordics,Continental Europe,Enterprise,Redshift;Airflow,U014,Prospect,False,2026-08-24
A01050,Reilly-Rodriguez,reilly-rodriguez.com,Manufacturing,7187,2308687197,United States,NA,North America,Enterprise,BigQuery;Snowflake,U002,Prospect,True,2026-08-06
A01051,Christoph,christoph.com,Healthcare,967,202069155,Ireland,UK&I,UK&I,Mid-market,dbt,U009,Prospect,False,2026-04-29
A01052,Kranz Kroker OHG mbH,kranz.com,Retail,2685,856453245,United States,NA,North America,Enterprise,Hadoop/Cloudera;BigQuery;dbt,U002,Prospect,True,2026-01-05
A01053,Moore-Robinson,moore-robinson.com,CPG,2963,988738285,United States,NA,North America,Enterprise,Hadoop/Cloudera,U003,Prospect,False,2026-01-08
A01054,Royal Jeggij,royal.com,,2346,752688294,Germany,DACH,Continental Europe,Enterprise,Redshift,U014,Customer,False,2024-01-06
A01055,Vollbrecht,vollbrecht.com,Manufacturing,1042,205450098,Netherlands,Benelux,Continental Europe,Enterprise,dbt,U015,Prospect,True,2023-09-21
A01056,Röhrdanz KG,röhrdanz.com,Manufacturing,923,177455980,United Kingdom,UK&I,UK&I,Mid-market,dbt,U009,Prospect,True,2023-09-13
A01057,Thomas PLC,thomas.com,Telecom,1762,515769116,United Kingdom,UK&I,UK&I,Enterprise,Hadoop/Cloudera,U008,Prospect,True,2025-11-29
A01058,Kling Söderström HB,kling.com,Telecom,5841,1885439754,Belgium,Benelux,Continental Europe,Enterprise,Hadoop/Cloudera;Databricks;dbt,U015,Prospect,False,2024-12-22
A01059,Cox Wood and Kelly,cox.com,,3113,638189904,United Kingdom,UK&I,UK&I,Enterprise,Snowflake;Airflow;Redshift,U008,Prospect,True,2024-03-16
A01060,Bäckström AB,bäckström.com,Healthcare,1248,367813056,Sweden,Nordics,Continental Europe,Enterprise,dbt,U015,Prospect,False,2025-05-14
A01061,Einarsson Dahlqvist AB,einarsson.com,Telecom,3911,853904274,United States,NA,North America,Enterprise,Airflow;Databricks,U003,Prospect,False,2025-05-21
A01062,Lundmark Andersson AB,lundmark.com,Insurance,250,72621000,Sweden,Nordics,Continental Europe,Mid-market,Snowflake,U015,Churned,False,2024-01-30
A01063,Gumprich Stiftung & Co. KGaA,gumprich.com,Healthcare,5703,1838139633,Germany,DACH,Continental Europe,Enterprise,Redshift;dbt;Airflow,U014,Prospect,False,2025-06-07
A01064,Tran Hermansson AB,tran.com,Healthcare,317,68116960,United States,NA,North America,Mid-market,BigQuery,U002,Prospect,False,2025-04-13
A01065,Harvey-Mccullough,harvey-mccullough.com,Manufacturing,1258,218041592,United States,NA,North America,Enterprise,BigQuery;Redshift,U002,Prospect,False,2023-01-21
A01066,Mende Jüttner KG,mende.com,,590,147061040,United States,NA,North America,Mid-market,Redshift,U002,Prospect,False,2024-09-19
A01067,Sauer,sauer.com,CPG,495,137783250,United Kingdom,UK&I,UK&I,Mid-market,dbt,U009,Prospect,False,2026-02-03
A01068,Sullivan Mann and Hayward,sullivan.com,Banking,5772,2222393160,United States,NA,North America,Enterprise,Databricks,U003,Customer,False,2024-12-07
A01069,Webster and Sons,webster.com,,1132,403857980,Switzerland,DACH,Continental Europe,Enterprise,dbt;Redshift;Hadoop/Cloudera,U015,Prospect,False,2025-11-17
A01070,Koninklijke Hulskes,koninklijke.com,Manufacturing,2556,468070056,Germany,DACH,Continental Europe,Enterprise,Hadoop/Cloudera,U015,Prospect,False,2025-01-28
A01071,Misicher Matthäi GmbH,misicher.com,Insurance,1725,565437750,Germany,DACH,Continental Europe,Enterprise,Hadoop/Cloudera;Airflow;Redshift,U014,Prospect,False,2025-08-17
A01072,Rohleder Dörr AG & Co. KGaA,rohleder.com,,2913,1164390186,United Kingdom,UK&I,UK&I,Enterprise,dbt;Airflow,U008,Prospect,False,2024-09-17
A01073,Pettersson AB,pettersson.com,Telecom,1952,725316352,United States,NA,North America,Enterprise,Airflow,U002,Prospect,False,2023-07-11
A01074,Forsberg AB,forsberg.com,,501,86258673,United States,NA,North America,Mid-market,BigQuery;dbt;Hadoop/Cloudera,U002,Customer,False,2025-11-07
A01075,Atkinson Ltd,atkinson.com,Insurance,4896,1350013248,Sweden,Nordics,Continental Europe,Enterprise,dbt;Airflow,U014,Prospect,False,2023-01-15
A01076,Riley Hammond and Lewis,riley.com,Manufacturing,1103,319947210,Germany,DACH,Continental Europe,Enterprise,BigQuery;Databricks;dbt,U014,Prospect,False,2025-12-08
A01077,Green Shannon and Fernandez,green.com,Insurance,381,64652652,Belgium,Benelux,Continental Europe,Mid-market,Redshift;Databricks,U015,Customer,False,2025-02-15
A01078,Gilbert-Norman,gilbert-norman.com,Banking,1178,281062554,United States,NA,North America,Enterprise,Databricks;dbt;Snowflake,U003,Prospect,False,2024-03-12
A01079,Salomonsson & Björkman AB,salomonsson.com,Manufacturing,8109,2425547862,United States,NA,North America,Enterprise,Databricks;BigQuery,U002,Customer,False,2025-09-26
A01080,Royal Arts,royal.com,Banking,4231,1317351467,United States,NA,North America,Enterprise,BigQuery;Redshift,U003,Prospect,False,2024-01-17
A01081,Richardson Peacock and Davidson,richardson.com,Banking,1275,225120375,United States,NA,North America,Enterprise,Hadoop/Cloudera;Databricks,U002,Prospect,False,2025-04-21
A01082,Sullivan PLC,sullivan.com,Retail,1275,193559025,United States,NA,North America,Enterprise,Redshift,U003,Prospect,False,2024-09-04
A01083,Chandler Singh and Thomas,chandler.com,Insurance,1310,380713510,United States,NA,North America,Enterprise,Snowflake;Hadoop/Cloudera,U003,Prospect,False,2025-06-07
A01084,Dekker & Rotteveel,dekker.com,CPG,14425,4845602725,United States,NA,North America,Strategic,Snowflake,U002,Prospect,True,2025-05-12
A01085,Berger OHG mbH,berger.com,Banking,2648,508479552,Germany,DACH,Continental Europe,Enterprise,Databricks;Hadoop/Cloudera;BigQuery,U014,Prospect,False,2023-09-18
A01086,Walker Evans and Jones,walker.com,CPG,2779,985322240,United States,NA,North America,Enterprise,dbt;Airflow,U003,Prospect,False,2023-02-13
A01087,Briere Groep,briere.com,,5065,1423629680,United States,NA,North America,Enterprise,Redshift,U002,Prospect,False,2025-05-29
A01088,Tlustek GmbH & Co. OHG,tlustek.com,,2295,349078680,Denmark,Nordics,Continental Europe,Enterprise,Hadoop/Cloudera;BigQuery,U015,Prospect,False,2024-05-22
A01089,Hesse,hesse.com,Manufacturing,1395,396205110,United Kingdom,UK&I,UK&I,Enterprise,Databricks,U009,Prospect,False,2024-05-21
A01090,Larsson & Hultman HB,larsson.com,Retail,1485,299987820,Ireland,UK&I,UK&I,Enterprise,Airflow;Snowflake,U008,Prospect,False,2026-07-12
A01091,Söding,söding.com,Insurance,1683,305595774,United Kingdom,UK&I,UK&I,Enterprise,Hadoop/Cloudera,U008,Prospect,False,2023-10-27
A01092,King Kaufman and Walker,king.com,Healthcare,1741,352265235,United States,NA,North America,Enterprise,Redshift,U002,Prospect,False,2026-07-21
A01093,Koninklijke van Schweinfurt,koninklijke.com,Insurance,3742,891071234,Norway,Nordics,Continental Europe,Enterprise,Hadoop/Cloudera;Snowflake,U015,Prospect,False,2024-07-05
A01094,van de Berg BV,van.com,Telecom,1904,640766448,United States,NA,North America,Enterprise,Databricks;BigQuery,U002,Prospect,True,2026-09-14
A01095,Ooms & Ellis,ooms.com,Insurance,3761,845450234,Germany,DACH,Continental Europe,Enterprise,BigQuery;dbt,U014,Prospect,False,2025-10-03
A01096,Gashi & Boström AB,gashi.com,Telecom,1667,298786412,United States,NA,North America,Enterprise,Airflow,U002,Prospect,False,2023-09-24
A01097,Trupp,trupp.com,Manufacturing,1955,708384475,United States,NA,North America,Enterprise,Airflow;dbt,U003,Prospect,False,2026-04-11
A01098,Hall Shepherd and Cortez,hall.com,Banking,250,46051250,United States,NA,North America,Mid-market,Airflow;dbt;Snowflake,U002,Prospect,False,2026-09-02
A01099,De Rijke Group,de.com,Insurance,4520,1512943440,Switzerland,DACH,Continental Europe,Enterprise,Snowflake;Redshift,U015,Prospect,False,2024-02-18
A01100,Wade Lee and Brown,wade.com,Insurance,2556,412753104,United Kingdom,UK&I,UK&I,Enterprise,Databricks,U009,Prospect,False,2026-02-21
A01101,Berry and Sons,berry.com,,4904,1312143664,Denmark,Nordics,Continental Europe,Enterprise,Airflow;Snowflake;Hadoop/Cloudera,U014,Prospect,False,2025-10-28
A01102,Lewis Ball and Kennedy,lewis.com,Insurance,250,76766000,Switzerland,DACH,Continental Europe,Mid-market,Airflow;Databricks,U015,Prospect,False,2024-01-25
A01103,Preston-Lewis,preston-lewis.com,Retail,14594,4082934192,Germany,DACH,Continental Europe,Strategic,dbt;Redshift;Snowflake,U014,Prospect,False,2026-02-25
A01104,Schuurmans BV,schuurmans.com,Retail,1572,486027816,Germany,DACH,Continental Europe,Enterprise,Databricks;Redshift,U014,Prospect,False,2023-01-19
A01105,Jenkins-Jones,jenkins-jones.com,CPG,5476,1557516776,Netherlands,Benelux,Continental Europe,Enterprise,dbt;Airflow,U015,Prospect,False,2024-07-03
A01106,Mosley & van 't Wel,mosley.com,Insurance,639,133359939,United Kingdom,UK&I,UK&I,Mid-market,dbt,U008,Prospect,False,2024-07-22
A01107,Ottosson AB,ottosson.com,Telecom,3336,1264183872,Sweden,Nordics,Continental Europe,Enterprise,Airflow,U014,Churned,False,2023-08-26
A01108,Karlsson & Carlsson HB,karlsson.com,Telecom,630,198988020,United States,NA,North America,Mid-market,BigQuery;Redshift;Snowflake,U003,Prospect,False,2026-06-06
A01109,Olykan NV,olykan.com,Banking,968,304039120,United States,NA,North America,Mid-market,Redshift,U003,Prospect,False,2023-12-28
A01110,Hakker & Beijring,hakker.com,Banking,12259,3565812107,United States,NA,North America,Strategic,Redshift;dbt;Snowflake,U003,Customer,False,2026-07-06
A01111,Taylor Pollard and Burton,taylor.com,Healthcare,1494,304840242,United Kingdom,UK&I,UK&I,Enterprise,Databricks;BigQuery,U009,Prospect,False,2025-03-20
A01112,Glover Jones and Flynn,glover.com,Insurance,2247,766934805,United States,NA,North America,Enterprise,Hadoop/Cloudera;BigQuery;Databricks,U003,Prospect,False,2024-01-14
A01113,Gordon Wilson and Olson,gordon.com,Insurance,4315,860877020,Switzerland,DACH,Continental Europe,Enterprise,Hadoop/Cloudera;Airflow;Databricks,U015,Prospect,False,2023-12-30
A01114,Powell Winter and Cross,powell.com,Manufacturing,2968,918109248,Switzerland,DACH,Continental Europe,Enterprise,Snowflake,U014,Prospect,False,2026-08-14
A01115,Veen Bosch & Keuning Uitgeversgroep,veen.com,Banking,2101,714071072,Denmark,Nordics,Continental Europe,Enterprise,Databricks;Airflow;Snowflake,U014,Prospect,True,2023-01-28
A01116,Moreno Perez and Lang,moreno.com,Manufacturing,2604,1028632080,Germany,DACH,Continental Europe,Enterprise,Databricks,U014,Prospect,False,2026-07-08
A01117,Royal Ghoerle,royal.com,CPG,19998,3048955074,United Kingdom,UK&I,UK&I,Strategic,dbt,U009,Prospect,True,2023-10-13
A01118,Reijers & van Oostendorp,reijers.com,Healthcare,1706,654991404,Canada,NA,North America,Enterprise,Redshift;Databricks,U003,Prospect,False,2023-04-25
A01119,Abbott PLC,abbott.com,Telecom,2210,695025110,United Kingdom,UK&I,UK&I,Enterprise,Snowflake;Redshift;Airflow,U008,Prospect,True,2025-04-30
A01120,Stichting Aertsz,stichting.com,Insurance,5170,808024470,United States,NA,North America,Enterprise,Hadoop/Cloudera,U003,Prospect,False,2024-04-07
A01121,Mills Meyer and Brooks,mills.com,Manufacturing,5461,1369935538,Sweden,Nordics,Continental Europe,Enterprise,Airflow;Snowflake;Hadoop/Cloudera,U014,Churned,False,2024-07-31
A01122,Roberts Hanson and Dean,roberts.com,Healthcare,5925,1407086775,United States,NA,North America,Enterprise,BigQuery,U002,Customer,False,2023-12-31
A01123,Koninklijke van der Leek,koninklijke.com,Telecom,3424,1051798016,United States,NA,North America,Enterprise,Airflow,U003,Prospect,False,2024-09-09
A01124,Royal Schelvis,royal.com,Telecom,576,139004352,United Kingdom,UK&I,UK&I,Mid-market,BigQuery,U009,Prospect,False,2023-06-06
A01125,van Arnsberg & van Rijthoven,van.com,CPG,9259,3653647695,Switzerland,DACH,Continental Europe,Enterprise,Redshift,U014,Prospect,False,2025-09-06
A01126,Moore-Jones,moore-jones.com,Banking,574,173048372,Switzerland,DACH,Continental Europe,Mid-market,Airflow;BigQuery,U014,Prospect,False,2024-01-08
A01127,Kaul,kaul.com,Telecom,2447,571878582,Germany,DACH,Continental Europe,Enterprise,Hadoop/Cloudera;Redshift,U015,Prospect,False,2023-10-11
A01128,Hendrikse & Olykan,hendrikse.com,Manufacturing,850,332854050,Switzerland,DACH,Continental Europe,Mid-market,Hadoop/Cloudera,U015,Prospect,False,2025-10-05
A01129,Godfrey van Alemannië & Miner,godfrey.com,CPG,1695,356497485,United Kingdom,UK&I,UK&I,Enterprise,Snowflake;dbt,U009,Prospect,False,2024-03-25
A01130,Olsson Pedersen AB,olsson.com,Insurance,2511,614740509,Germany,DACH,Continental Europe,Enterprise,Databricks,U014,Prospect,False,2023-10-01
A01131,Arnold-Burgess,arnold-burgess.com,Banking,2493,969547644,Sweden,Nordics,Continental Europe,Enterprise,BigQuery;Databricks,U015,Prospect,False,2026-02-03
A01132,Ruiz PLC,ruiz.com,,2757,588809733,Denmark,Nordics,Continental Europe,Enterprise,Redshift,U014,Prospect,True,2023-10-21
A01133,Dennenberg NV,dennenberg.com,Banking,9078,3018289752,United States,NA,North America,Enterprise,BigQuery;Snowflake,U002,Prospect,True,2026-05-01
A01134,Francis-Thomas,francis-thomas.com,Banking,2845,536296725,Netherlands,Benelux,Continental Europe,Enterprise,Databricks;Snowflake,U014,Prospect,False,2025-05-02
A01135,Jacobs,jacobs.com,Insurance,1416,386774736,United States,NA,North America,Enterprise,Databricks;Airflow;dbt,U003,Prospect,False,2025-06-28
A01136,Nilsson Lindgren AB,nilsson.com,,4741,727563342,Switzerland,DACH,Continental Europe,Enterprise,Snowflake;Databricks,U014,Customer,True,2023-12-22
A01137,KLM,klm.com,Banking,5940,1508231340,United Kingdom,UK&I,UK&I,Enterprise,Airflow;Hadoop/Cloudera,U009,Customer,False,2024-04-10
A01138,Begum Joyce and Chamberlain,begum.com,Insurance,529,117044953,United States,NA,North America,Mid-market,dbt,U003,Customer,True,2024-03-09
A01139,Karlsson & Eriksson AB,karlsson.com,,3285,681259725,United States,NA,North America,Enterprise,Databricks;Airflow,U002,Prospect,False,2024-10-03
A01140,Allen-Smith,allen-smith.com,Retail,3645,1337201055,Ireland,UK&I,UK&I,Enterprise,Databricks;Snowflake,U009,Prospect,False,2023-08-11
A01141,Turner Group,turner.com,Telecom,1342,413499724,United States,NA,North America,Enterprise,Snowflake;Databricks,U003,Prospect,True,2024-03-09
A01142,Kroker,kroker.com,CPG,7156,2779877008,United Kingdom,UK&I,UK&I,Enterprise,Databricks;dbt,U008,Prospect,True,2024-07-05
A01143,van den Broek & Beekman,van.com,Healthcare,1556,463778248,United States,NA,North America,Enterprise,dbt,U003,Prospect,False,2024-09-24
A01144,Dunn Ltd,dunn.com,Telecom,2049,711101352,United States,NA,North America,Enterprise,Hadoop/Cloudera;dbt,U002,Prospect,False,2024-12-29
A01145,Hellgren & Wallin HB,hellgren.com,Manufacturing,1520,496833280,Denmark,Nordics,Continental Europe,Enterprise,BigQuery,U015,Customer,False,2025-10-25
A01146,Robson Murphy and Ahmed,robson.com,Insurance,1836,286797888,Switzerland,DACH,Continental Europe,Enterprise,Redshift;Hadoop/Cloudera;Airflow,U014,Prospect,False,2025-08-06
A01147,Thompson-Hunter,thompson-hunter.com,,604,105370820,United States,NA,North America,Mid-market,Databricks;Redshift;Airflow,U002,Churned,False,2026-05-31
A01148,Karlsson HB,karlsson.com,CPG,428,102505572,Ireland,UK&I,UK&I,Mid-market,Redshift;Databricks,U009,Prospect,False,2025-06-01
A01149,Frye Walter and Li,frye.com,Manufacturing,8906,3143328170,United States,NA,North America,Enterprise,Hadoop/Cloudera;Databricks;Airflow,U002,Customer,False,2025-10-15
A01150,Nielsen Wallin HB,nielsen.com,,775,145224925,United States,NA,North America,Mid-market,dbt;Snowflake,U003,Prospect,False,2024-08-28
A01151,Hunt-Hale,hunt-hale.com,Telecom,670,201756430,United States,NA,North America,Mid-market,BigQuery;Snowflake,U002,Prospect,False,2024-06-12
A01152,van Rijnsbergen BV,van.com,Telecom,250,87513500,Norway,Nordics,Continental Europe,Mid-market,Airflow;Databricks,U014,Customer,False,2025-01-14
A01153,Kranz KGaA,kranz.com,Retail,954,245392650,Netherlands,Benelux,Continental Europe,Mid-market,Airflow;Databricks;Hadoop/Cloudera,U015,Prospect,False,2024-10-04
A01154,Harrison Roberts and Ali,harrison.com,Manufacturing,481,124249996,United States,NA,North America,Mid-market,Hadoop/Cloudera;BigQuery;Snowflake,U002,Prospect,False,2026-02-22
A01155,Reising,reising.com,CPG,9339,1658634417,United States,NA,North America,Enterprise,Hadoop/Cloudera;Databricks,U003,Prospect,False,2025-08-04
A01156,Collier Wright and Davis,collier.com,Telecom,4963,1350566301,Ireland,UK&I,UK&I,Enterprise,Airflow;dbt,U009,Prospect,False,2023-08-10
A01157,Röhrdanz AG & Co. KGaA,röhrdanz.com,Retail,908,319055764,Belgium,Benelux,Continental Europe,Mid-market,Databricks;Hadoop/Cloudera,U015,Prospect,False,2026-05-22
A01158,Koninklijke Molenaar,koninklijke.com,Manufacturing,17196,5920978308,Canada,NA,North America,Strategic,Snowflake;BigQuery,U003,Prospect,False,2025-08-20
A01159,Dahlström Norman AB,dahlström.com,Insurance,4825,1128736375,United States,NA,North America,Enterprise,Snowflake;dbt;Hadoop/Cloudera,U002,Customer,False,2025-05-30
A01160,Ouwel & Perrono,ouwel.com,Insurance,1306,214413856,Denmark,Nordics,Continental Europe,Enterprise,Redshift,U014,Customer,False,2024-07-06
A01161,Hein AG & Co. OHG,hein.com,Insurance,250,42978000,United States,NA,North America,Mid-market,Snowflake,U003,Prospect,False,2025-07-13
A01162,Evans Marsh and Baldwin,evans.com,Healthcare,17871,3683677746,Netherlands,Benelux,Continental Europe,Strategic,BigQuery;Databricks;Snowflake,U014,Customer,False,2024-08-31
A01163,Sosa Vasquez and Smith,sosa.com,Telecom,450,178615800,United States,NA,North America,Mid-market,Hadoop/Cloudera;Redshift,U002,Customer,False,2026-03-14
A01164,Roos HB,roos.com,Banking,348,103369224,United States,NA,North America,Mid-market,Databricks;Snowflake;dbt,U002,Prospect,False,2024-10-10
A01165,Jönsson Ågren HB,jönsson.com,Retail,5026,1984239670,United States,NA,North America,Enterprise,Hadoop/Cloudera,U003,Prospect,False,2025-04-12
A01166,van de Ven & Scholten,van.com,Manufacturing,20738,3130670694,United States,NA,North America,Strategic,Redshift;Databricks,U003,Prospect,False,2023-03-16
A01167,Hoppenbrouwer & Claassen,hoppenbrouwer.com,,7217,1877473682,United States,NA,North America,Enterprise,dbt;Databricks;Redshift,U003,Prospect,False,2024-01-27
A01168,Jonsson Kristiansson HB,jonsson.com,Healthcare,3177,488517759,Denmark,Nordics,Continental Europe,Enterprise,Redshift;BigQuery,U014,Prospect,False,2023-09-13
A01169,van Klaarwater & Hermans,van.com,Manufacturing,3277,883272749,Germany,DACH,Continental Europe,Enterprise,Hadoop/Cloudera;BigQuery,U015,Prospect,False,2024-11-18
A01170,Hagström Ahlqvist AB,hagström.com,Insurance,4244,1147055588,United States,NA,North America,Enterprise,BigQuery;Databricks,U002,Prospect,False,2026-09-12
A01171,Verbeeck NV,verbeeck.com,Retail,3861,1220952447,Germany,DACH,Continental Europe,Enterprise,Airflow;dbt,U014,Churned,False,2023-08-01
A01172,Davidsson Forsberg HB,davidsson.com,Banking,2395,746157460,United States,NA,North America,Enterprise,Snowflake;Hadoop/Cloudera,U002,Prospect,False,2023-03-08
A01173,Koninklijke Le Marec,koninklijke.com,CPG,2006,522097608,Ireland,UK&I,UK&I,Enterprise,Databricks,U009,Prospect,True,2025-08-19
A01174,Bakker Logistiek,bakker.com,Telecom,1698,608014746,Sweden,Nordics,Continental Europe,Enterprise,Hadoop/Cloudera;Airflow,U015,Prospect,False,2024-04-03
A01175,Koninklijke de Wit,koninklijke.com,Telecom,850,323495550,United Kingdom,UK&I,UK&I,Mid-market,BigQuery;Redshift;Hadoop/Cloudera,U008,Prospect,False,2023-03-08
A01176,Girschner Rudolph AG & Co. KG,girschner.com,Insurance,1365,487614855,United States,NA,North America,Enterprise,Redshift;dbt,U003,Prospect,False,2025-05-30
A01177,Eriksson & Bengtsson HB,eriksson.com,Retail,332,66567328,United States,NA,North America,Mid-market,Airflow;Hadoop/Cloudera;Snowflake,U003,Prospect,False,2023-12-22
A01178,Williams Palmer and Lane,williams.com,Telecom,1638,467814438,United States,NA,North America,Enterprise,Hadoop/Cloudera,U002,Prospect,False,2025-10-29
A01179,Nelson-Noble,nelson-noble.com,Healthcare,672,238959168,United States,NA,North America,Mid-market,Redshift;Airflow,U003,Prospect,False,2024-10-22
A01180,van den Brink & van der Laan,van.com,Banking,599,93875879,United States,NA,North America,Mid-market,Snowflake;Airflow,U002,Prospect,False,2023-06-11
A01181,Jacob Hermann KG,jacob.com,Banking,2164,745712236,United Kingdom,UK&I,UK&I,Enterprise,Databricks;Hadoop/Cloudera;BigQuery,U008,Prospect,False,2024-08-31
A01182,Jakobsson AB,jakobsson.com,CPG,7273,1558538443,United States,NA,North America,Enterprise,Redshift;Hadoop/Cloudera;BigQuery,U002,Prospect,False,2026-07-08
A01183,Cervantes Group,cervantes.com,Healthcare,4529,1708619598,United States,NA,North America,Enterprise,Snowflake,U003,Customer,True,2023-10-18
A01184,Garner-Green,garner-green.com,Insurance,375,65370000,United States,NA,North America,Mid-market,Hadoop/Cloudera,U003,Customer,False,2023-07-26
A01185,Roht,roht.com,Banking,672,173685120,Canada,NA,North America,Mid-market,Hadoop/Cloudera,U002,Prospect,False,2024-10-04
A01186,Bärer Langern AG,bärer.com,Retail,4632,1676580192,United Kingdom,UK&I,UK&I,Enterprise,Databricks,U009,Prospect,False,2026-03-07
A01187,auch Schlauchin,auch.com,CPG,676,106972944,United Kingdom,UK&I,UK&I,Mid-market,BigQuery,U009,Prospect,False,2026-01-24
A01188,Allen Brooks and Coleman,allen.com,Healthcare,1444,497358364,United States,NA,North America,Enterprise,Snowflake;Databricks,U002,Prospect,False,2023-11-09
A01189,Junk Steinberg GmbH & Co. OHG,junk.com,Telecom,3133,564225103,United States,NA,North America,Enterprise,Snowflake,U003,Prospect,True,2023-09-17
A01190,RFS Holland,rfs.com,Retail,686,138728408,United States,NA,North America,Mid-market,BigQuery,U003,Prospect,False,2025-06-12
A01191,Austin-Ford,austin-ford.com,Retail,2008,786710304,United Kingdom,UK&I,UK&I,Enterprise,BigQuery,U008,Prospect,False,2024-07-29
A01192,Hart LLC,hart.com,Banking,476,144227524,Denmark,Nordics,Continental Europe,Mid-market,BigQuery;Databricks;Airflow,U015,Prospect,False,2026-05-06
A01193,Elopak Nederland,elopak.com,CPG,990,231222420,Germany,DACH,Continental Europe,Mid-market,Snowflake;dbt;Hadoop/Cloudera,U015,Prospect,False,2026-07-19
A01194,Martin and Sons,martin.com,Retail,2489,482475227,Switzerland,DACH,Continental Europe,Enterprise,dbt,U015,Prospect,False,2026-08-14
A01195,Söding Hornich Stiftung & Co. KG,söding.com,Healthcare,367,88939147,Sweden,Nordics,Continental Europe,Mid-market,Snowflake;Redshift,U014,Prospect,False,2024-01-16
A01196,Seidel,seidel.com,Banking,2808,579596472,United States,NA,North America,Enterprise,BigQuery;Redshift;Databricks,U003,Prospect,False,2023-01-23
A01197,Koninklijke Wouters,koninklijke.com,Insurance,1772,481975140,Germany,DACH,Continental Europe,Enterprise,Redshift;BigQuery;Databricks,U014,Prospect,False,2025-12-15
A01198,Wallin & Jensen AB,wallin.com,Healthcare,3141,700091208,United States,NA,North America,Enterprise,dbt;Airflow;Snowflake,U003,Prospect,False,2024-10-17
A01199,Luna Ltd,luna.com,Banking,2261,814929969,United States,NA,North America,Enterprise,Hadoop/Cloudera;Snowflake,U003,Prospect,True,2023-12-17
A01200,Thies,thies.com,Healthcare,7073,1770817499,United Kingdom,UK&I,UK&I,Enterprise,dbt,U008,Prospect,False,2026-03-25
A01201,Jackson Inc,jackson.com,Retail,2049,460090656,Norway,Nordics,Continental Europe,Enterprise,Redshift,U015,Prospect,False,2025-12-16
A01202,Zuniga Group,zuniga.com,Manufacturing,1176,181415640,United States,NA,North America,Enterprise,Hadoop/Cloudera,U002,Prospect,False,2024-09-08
A01203,Andersson HB,andersson.com,CPG,2043,491658165,United States,NA,North America,Enterprise,Snowflake;dbt,U003,Prospect,True,2024-09-03
A01204,Berg AB,berg.com,Retail,3112,869259400,Germany,DACH,Continental Europe,Enterprise,Snowflake;BigQuery;dbt,U014,Prospect,True,2023-01-22
A01205,Huynh Price and Perez,huynh.com,Telecom,1898,713281686,United States,NA,North America,Enterprise,Airflow;Hadoop/Cloudera;Databricks,U002,Prospect,False,2025-01-25
A01206,Schomber Eberth AG & Co. KG,schomber.com,Healthcare,1882,284737190,Switzerland,DACH,Continental Europe,Enterprise,Redshift;Snowflake;BigQuery,U014,Prospect,False,2023-06-03
A01207,Andersson HB,andersson.com,Manufacturing,896,278322688,United States,NA,North America,Mid-market,BigQuery;Airflow,U002,Customer,False,2023-09-03
A01208,Mosemann Reuter GbR,mosemann.com,CPG,931,175770007,United States,NA,North America,Mid-market,Redshift;Hadoop/Cloudera;Airflow,U002,Prospect,False,2025-09-05
A01209,Blixt Thor AB,blixt.com,Telecom,444,104067828,Ireland,UK&I,UK&I,Mid-market,Hadoop/Cloudera;Databricks;Snowflake,U009,Prospect,False,2024-12-23
A01210,Johansson & Nyberg HB,johansson.com,CPG,10400,2220784800,United Kingdom,UK&I,UK&I,Strategic,Airflow;Redshift;Databricks,U008,Prospect,False,2024-03-11
A01211,Lundin & Gustavsson HB,lundin.com,,521,142088162,United States,NA,North America,Mid-market,Databricks;Hadoop/Cloudera,U002,Prospect,False,2025-12-16
A01212,Furda & van Geenen,furda.com,Telecom,904,315818728,United Kingdom,UK&I,UK&I,Mid-market,Airflow;Hadoop/Cloudera,U008,Prospect,True,2023-09-24
A01213,Lehmann Heß AG & Co. KG,lehmann.com,Telecom,881,221197956,United States,NA,North America,Mid-market,Redshift;dbt,U002,Prospect,False,2024-07-23
A01214,Ackermann GmbH & Co. OHG,ackermann.com,Manufacturing,4424,1019802784,United States,NA,North America,Enterprise,Airflow;Snowflake;Databricks,U003,Prospect,False,2024-05-07
A01215,Hussain-Wilkinson,hussain-wilkinson.com,Retail,1346,267891688,United States,NA,North America,Enterprise,Snowflake;Hadoop/Cloudera,U003,Prospect,True,2026-02-01
A01216,Stedin,stedin.com,Retail,6296,1294400936,United States,NA,North America,Enterprise,Hadoop/Cloudera,U003,Prospect,True,2024-07-12
A01217,Yates-Harper,yates-harper.com,Banking,921,294749472,United States,NA,North America,Mid-market,Airflow;Hadoop/Cloudera,U002,Prospect,False,2026-05-01
A01218,Brooks Jenkins and Castro,brooks.com,Healthcare,2389,667481822,United States,NA,North America,Enterprise,Hadoop/Cloudera;Snowflake;Airflow,U002,Customer,False,2023-04-19
A01219,Kolen & de Korte,kolen.com,Healthcare,784,172305168,Belgium,Benelux,Continental Europe,Mid-market,Snowflake,U014,Prospect,False,2025-04-08
A01220,Room & Erhout,room.com,,15446,3207238332,United States,NA,North America,Strategic,Redshift;Airflow;BigQuery,U003,Prospect,False,2024-12-12
A01221,van den Brink & Scardino,van.com,Manufacturing,551,168781769,United Kingdom,UK&I,UK&I,Mid-market,Airflow;Snowflake,U008,Prospect,False,2026-06-28
A01222,Weimer,weimer.com,Telecom,2464,920289216,Canada,NA,North America,Enterprise,Databricks;Redshift;BigQuery,U002,Prospect,False,2025-07-21
A01223,Jarl Rydberg AB,jarl.com,Banking,3407,1105898572,United States,NA,North America,Enterprise,Hadoop/Cloudera;BigQuery,U002,Prospect,False,2023-06-07
A01224,Griffiths-Murphy,griffiths-murphy.com,CPG,2734,1021509888,United States,NA,North America,Enterprise,dbt,U003,Customer,False,2025-09-27
A01225,Royal van Veen,royal.com,Retail,1502,268368348,Netherlands,Benelux,Continental Europe,Enterprise,Redshift,U014,Prospect,False,2024-04-12
A01226,Brown-Parker,brown-parker.com,Insurance,1587,552142692,United Kingdom,UK&I,UK&I,Enterprise,Redshift,U008,Prospect,False,2024-11-18
A01227,Danielsson AB,danielsson.com,Manufacturing,1889,457052995,Canada,NA,North America,Enterprise,BigQuery;Airflow;Hadoop/Cloudera,U003,Prospect,True,2024-12-23
A01228,Eberth Trubin GmbH & Co. KG,eberth.com,,1560,598520520,United States,NA,North America,Enterprise,Redshift;Airflow;dbt,U003,Prospect,False,2026-08-03
A01229,Davis Inc,davis.com,,4740,1774959360,United States,NA,North America,Enterprise,Airflow,U002,Prospect,True,2026-03-28
A01230,Waardeloo & van Boulogne,waardeloo.com,Retail,16490,4027171310,Germany,DACH,Continental Europe,Strategic,Airflow,U014,Prospect,False,2026-08-01
A01231,Köhler Mitschke Stiftung & Co. KG,köhler.com,Telecom,1035,393235830,United States,NA,North America,Enterprise,Airflow;dbt;Hadoop/Cloudera,U002,Prospect,False,2024-11-09
A01232,Miller-Christensen,miller-christensen.com,,459,182587905,United States,NA,North America,Mid-market,BigQuery;Databricks,U002,Prospect,False,2026-06-08
A01233,Phillips Group,phillips.com,CPG,1655,445661710,United States,NA,North America,Enterprise,Redshift;BigQuery;Airflow,U002,Customer,False,2023-10-29
A01234,Harrison Lee and Skinner,harrison.com,Insurance,23854,6849676100,Canada,NA,North America,Strategic,dbt;Redshift,U002,Prospect,False,2024-08-26
A01235,Heymans Groep,heymans.com,Banking,809,167438730,United States,NA,North America,Mid-market,Redshift;dbt,U002,Prospect,False,2025-05-31
A01236,Vaughan-Williams,vaughan-williams.com,CPG,9312,1398364416,United States,NA,North America,Enterprise,BigQuery,U002,Prospect,False,2025-10-25
A01237,Murray Inc,murray.com,CPG,9678,2874336966,Ireland,UK&I,UK&I,Enterprise,Snowflake,U009,Prospect,False,2025-06-03
A01238,Åberg & Jonasson HB,åberg.com,,1039,235055048,United Kingdom,UK&I,UK&I,Enterprise,Snowflake,U009,Customer,False,2026-07-28
A01239,Schuchhardt Stiftung & Co. KGaA,schuchhardt.com,Retail,3193,1235754860,United States,NA,North America,Enterprise,BigQuery,U003,Prospect,False,2025-06-11
A01240,Pineda Meyer and King,pineda.com,Telecom,9213,3324630819,Ireland,UK&I,UK&I,Enterprise,Databricks;Airflow;Redshift,U009,Prospect,False,2024-09-08
A01241,Klingelhöfer AG,klingelhöfer.com,Telecom,1237,369302639,United States,NA,North America,Enterprise,Hadoop/Cloudera;dbt;Databricks,U003,Prospect,False,2023-07-16
A01242,Smith Group,smith.com,Retail,1475,489643950,United States,NA,North America,Enterprise,dbt;Airflow,U003,Prospect,False,2025-05-11
A01243,Geisel e.V.,geisel.com,Retail,1010,158826540,Denmark,Nordics,Continental Europe,Enterprise,Snowflake;Hadoop/Cloudera;Redshift,U014,Prospect,False,2024-05-11
A01244,Dussen van,dussen.com,,655,120103420,United Kingdom,UK&I,UK&I,Mid-market,dbt;Redshift;BigQuery,U008,Prospect,False,2025-04-05
A01245,Ariens & Broeders,ariens.com,Retail,944,341422144,Ireland,UK&I,UK&I,Mid-market,Hadoop/Cloudera;Snowflake;Airflow,U008,Prospect,False,2023-08-08
A01246,Jonsson & Linder HB,jonsson.com,Banking,531,194062446,United States,NA,North America,Mid-market,dbt;Hadoop/Cloudera,U003,Prospect,True,2026-04-12
A01247,Moore Inc,moore.com,Manufacturing,1870,631955280,Ireland,UK&I,UK&I,Enterprise,Airflow,U008,Prospect,False,2025-10-11
A01248,Svensson Österberg AB,svensson.com,,837,265902345,United States,NA,North America,Mid-market,BigQuery,U003,Prospect,False,2025-09-20
A01249,Newman-Miles,newman-miles.com,Insurance,2284,411279880,United Kingdom,UK&I,UK&I,Enterprise,Snowflake,U008,Prospect,True,2023-07-18
A01250,Freeman LLC,freeman.com,Banking,381,104465628,United States,NA,North America,Mid-market,Redshift,U003,Prospect,False,2024-09-06
A01251,Nyström & Persson HB,nyström.com,Insurance,2517,918777993,United States,NA,North America,Enterprise,Redshift,U003,Prospect,False,2026-09-09
A01252,Conway LLC,conway.com,Retail,4161,783670257,United Kingdom,UK&I,UK&I,Enterprise,Snowflake;Databricks;Airflow,U008,Prospect,False,2026-01-24
A01253,Sutton-Jones,sutton-jones.com,Retail,250,56507750,United States,NA,North America,Mid-market,Airflow;Snowflake,U003,Prospect,False,2025-03-01
A01254,Royal van Suinvorde,royal.com,Banking,2628,713830500,Germany,DACH,Continental Europe,Enterprise,Redshift;Hadoop/Cloudera,U014,Prospect,False,2026-03-01
A01255,Birch Godfrey and Hope,birch.com,Healthcare,6171,1415423757,United States,NA,North America,Enterprise,Airflow,U003,Prospect,False,2023-10-13
A01256,Röhrdanz,röhrdanz.com,Manufacturing,539,145612467,Canada,NA,North America,Mid-market,Snowflake;Databricks,U003,Prospect,False,2024-03-07
A01257,Hill Group,hill.com,,9629,2769685560,United States,NA,North America,Enterprise,dbt;Snowflake,U002,Prospect,False,2026-02-27
A01258,Riehl Kobelt GmbH & Co. KG,riehl.com,Manufacturing,2749,1031130657,United States,NA,North America,Enterprise,BigQuery,U003,Customer,True,2026-08-14
A01259,Hunter Gross and Andrade,hunter.com,Retail,893,275773581,Canada,NA,North America,Mid-market,Databricks;dbt;Airflow,U003,Prospect,False,2026-04-04
A01260,Olsson Eriksson AB,olsson.com,Healthcare,1709,628141241,United States,NA,North America,Enterprise,Snowflake;Redshift,U002,Prospect,False,2023-07-17
A01261,Edlund Mohamud AB,edlund.com,Retail,3159,1247498577,Ireland,UK&I,UK&I,Enterprise,Hadoop/Cloudera;BigQuery;Databricks,U008,Prospect,False,2025-02-25
A01262,Hammarström Lundin AB,hammarström.com,Retail,1950,764000250,Germany,DACH,Continental Europe,Enterprise,Snowflake,U015,Prospect,False,2023-05-30
A01263,Hopkins Williams and Pace,hopkins.com,Telecom,3098,957278902,United States,NA,North America,Enterprise,Redshift;Snowflake;Databricks,U003,Prospect,False,2023-09-30
A01264,Howell Group,howell.com,Healthcare,720,213029280,Norway,Nordics,Continental Europe,Mid-market,Databricks,U015,Prospect,False,2024-04-06
A01265,Higgins Ltd,higgins.com,,2141,564767967,United States,NA,North America,Enterprise,Redshift;Databricks;Snowflake,U002,Prospect,False,2024-02-21
A01266,AVR Afvalverwerking,avr.com,Insurance,439,168650630,United States,NA,North America,Mid-market,BigQuery,U003,Prospect,False,2024-11-28
A01267,Lindblad & Andersson AB,lindblad.com,Manufacturing,1617,628705770,United States,NA,North America,Enterprise,Airflow;dbt;Hadoop/Cloudera,U002,Prospect,False,2025-08-28
A01268,Andersson & Svensson AB,andersson.com,Telecom,732,228479160,United Kingdom,UK&I,UK&I,Mid-market,Redshift;Databricks;Snowflake,U009,Prospect,False,2023-05-26
A01269,van Mare Groep,van.com,Insurance,866,307514868,United Kingdom,UK&I,UK&I,Mid-market,BigQuery;Snowflake;Airflow,U009,Prospect,False,2024-11-08
A01270,Grant-Hurley,grant-hurley.com,CPG,6223,2467898671,United States,NA,North America,Enterprise,Redshift;BigQuery,U003,Prospect,True,2023-11-20
A01271,Royal Cornelissen,royal.com,,5384,1561871480,Denmark,Nordics,Continental Europe,Enterprise,Databricks;dbt;Airflow,U015,Prospect,True,2023-08-16
A01272,Karlsson Nord HB,karlsson.com,Telecom,3324,1067801760,United Kingdom,UK&I,UK&I,Enterprise,Snowflake,U009,Prospect,False,2023-05-02
A01273,Yu Inc,yu.com,Healthcare,606,220650054,United States,NA,North America,Mid-market,BigQuery;Airflow;Snowflake,U002,Prospect,False,2026-02-28
A01274,Hall Cruz and Lee,hall.com,Manufacturing,1317,485829447,Belgium,Benelux,Continental Europe,Enterprise,BigQuery,U014,Customer,False,2026-06-08
A01275,Johnson Carpenter and Morris,johnson.com,Healthcare,6082,1675633574,Sweden,Nordics,Continental Europe,Enterprise,BigQuery,U014,Prospect,False,2024-04-06
A01276,Winters Groep,winters.com,Retail,2083,573237434,Ireland,UK&I,UK&I,Enterprise,Redshift;Databricks,U008,Customer,True,2024-02-06
A01277,Interfood Group,interfood.com,CPG,18385,4586211790,United Kingdom,UK&I,UK&I,Strategic,Airflow;Redshift;Snowflake,U009,Prospect,False,2023-09-14
A01278,Sparks PLC,sparks.com,Retail,2679,787784061,United States,NA,North America,Enterprise,Snowflake,U003,Prospect,False,2025-01-23
A01279,Royal Klein,royal.com,Telecom,2190,579106080,United States,NA,North America,Enterprise,Databricks,U002,Prospect,True,2025-04-25
A01280,Johansson & Henningsson HB,johansson.com,CPG,1327,474969129,Germany,DACH,Continental Europe,Enterprise,dbt;Snowflake;Airflow,U014,Prospect,True,2023-09-17
A01281,Rask Jansson HB,rask.com,Telecom,2066,333576360,United States,NA,North America,Enterprise,BigQuery;dbt,U002,Churned,True,2025-03-25
A01282,Hendriks,hendriks.com,Banking,1552,499931792,Canada,NA,North America,Enterprise,Snowflake,U003,Customer,False,2025-01-01
A01283,Emilsson & Olofsson HB,emilsson.com,,3670,762427820,Belgium,Benelux,Continental Europe,Enterprise,Airflow;BigQuery,U015,Prospect,False,2026-08-31
A01284,Meister Kruschwitz AG,meister.com,Telecom,4706,1099255716,United States,NA,North America,Enterprise,dbt;Redshift;Snowflake,U002,Prospect,False,2026-06-27
A01285,Larson-Holmes,larson-holmes.com,Banking,823,167365280,Canada,NA,North America,Mid-market,Redshift,U002,Prospect,False,2023-09-09
A01286,Jacob GbR,jacob.com,CPG,477,170075781,United States,NA,North America,Mid-market,Snowflake,U002,Prospect,False,2025-07-18
A01287,Brown-Fuller,brown-fuller.com,Banking,288,80866080,Sweden,Nordics,Continental Europe,Mid-market,BigQuery,U015,Prospect,False,2023-06-23
A01288,Pergande,pergande.com,CPG,3004,930762364,United States,NA,North America,Enterprise,Hadoop/Cloudera;Snowflake,U003,Prospect,True,2024-02-26
A01289,Svensson & Brännström AB,svensson.com,Manufacturing,599,157540594,United States,NA,North America,Mid-market,Snowflake;Airflow;BigQuery,U002,Prospect,False,2023-02-23
A01290,Stichting Jacquot,stichting.com,CPG,250,96034500,Belgium,Benelux,Continental Europe,Mid-market,Redshift;BigQuery,U014,Prospect,False,2026-06-26
A01291,Säuberlich Hering GbR,säuberlich.com,Retail,2666,946848562,United States,NA,North America,Enterprise,Airflow;Snowflake;Redshift,U003,Customer,False,2024-08-11
A01292,Davids Rudolph GmbH,davids.com,Healthcare,21872,5938335488,Netherlands,Benelux,Continental Europe,Strategic,dbt;Airflow,U015,Prospect,False,2024-05-02
A01293,Nord HB,nord.com,Banking,1797,401778651,United States,NA,North America,Enterprise,BigQuery;Snowflake;Databricks,U003,Prospect,False,2026-06-14
A01294,van Spreeuwel & Gepa van Bourgondië,van.com,Telecom,4181,1349681153,United States,NA,North America,Enterprise,Redshift;Airflow,U002,Prospect,False,2024-10-19
A01295,Gustafsson & Nilsson HB,gustafsson.com,CPG,1962,386253054,Austria,DACH,Continental Europe,Enterprise,Hadoop/Cloudera;Snowflake,U015,Prospect,True,2025-01-04
A01296,Weeks LLC,weeks.com,CPG,1637,484406307,Canada,NA,North America,Enterprise,Hadoop/Cloudera,U002,Prospect,True,2026-06-03
A01297,Lindau Dussen van e.G.,lindau.com,Banking,4532,1203055656,United Kingdom,UK&I,UK&I,Enterprise,BigQuery,U009,Prospect,False,2024-04-10
A01298,Riley Foster and Brown,riley.com,,1352,511583280,United Kingdom,UK&I,UK&I,Enterprise,Airflow;Snowflake;Databricks,U008,Prospect,False,2025-11-03
A01299,Strijker Groep,strijker.com,Healthcare,2362,550787694,Netherlands,Benelux,Continental Europe,Enterprise,dbt,U014,Prospect,False,2024-06-14
A01300,Fernandez-Hernandez,fernandez-hernandez.com,Banking,2494,817620490,Denmark,Nordics,Continental Europe,Enterprise,dbt;Airflow,U014,Prospect,False,2023-06-08
A01301,Engström & Andersson HB,engström.com,Banking,926,262950664,United Kingdom,UK&I,UK&I,Mid-market,Databricks,U008,Prospect,False,2025-05-01
A01302,Mulders NV,mulders.com,Retail,4875,1850545125,United States,NA,North America,Enterprise,Databricks;Snowflake,U003,Prospect,False,2025-04-15
A01303,Finke Eigenwillig GmbH,finke.com,Telecom,1517,414728079,Belgium,Benelux,Continental Europe,Enterprise,dbt;Snowflake,U014,Prospect,False,2023-11-04
A01304,Duncan-Williams,duncan-williams.com,Banking,849,150992952,Belgium,Benelux,Continental Europe,Mid-market,Databricks;BigQuery;dbt,U015,Customer,False,2026-04-08
A01305,Stichting de Vries,stichting.com,Manufacturing,3091,585253031,United States,NA,North America,Enterprise,Redshift;Airflow,U002,Customer,False,2024-04-04
A01306,Olsson Björk AB,olsson.com,Healthcare,736,232012960,United Kingdom,UK&I,UK&I,Mid-market,Airflow;Hadoop/Cloudera;dbt,U008,Prospect,False,2023-04-16
A01307,van Spreeuwel & de Roos,van.com,Manufacturing,1859,534425320,United Kingdom,UK&I,UK&I,Enterprise,Hadoop/Cloudera;BigQuery;Airflow,U008,Prospect,False,2024-05-14
A01308,Larsson AB,larsson.com,CPG,1791,629058303,United States,NA,North America,Enterprise,Databricks;Hadoop/Cloudera,U003,Prospect,True,2024-05-08
A01309,Phillips Group,phillips.com,Retail,5355,1311246720,United States,NA,North America,Enterprise,BigQuery,U002,Customer,False,2026-05-24
A01310,Ruppert,ruppert.com,CPG,2906,754975894,United States,NA,North America,Enterprise,dbt,U002,Customer,False,2025-04-14
A01311,Powers Group,powers.com,Manufacturing,1763,328291756,Ireland,UK&I,UK&I,Enterprise,BigQuery;Redshift;Airflow,U009,Prospect,False,2025-10-31
A01312,Grein Groth Jungfer GmbH,grein.com,Healthcare,4096,1145040896,Norway,Nordics,Continental Europe,Enterprise,Redshift;Databricks;Airflow,U015,Prospect,True,2024-06-23
A01313,Anderberg & Gustafsson HB,anderberg.com,Manufacturing,7260,2859176760,Germany,DACH,Continental Europe,Enterprise,Airflow;Snowflake,U014,Prospect,False,2023-02-19
A01314,Ljungberg Johansson AB,ljungberg.com,Banking,3158,583288916,Germany,DACH,Continental Europe,Enterprise,Redshift;dbt;Hadoop/Cloudera,U015,Prospect,False,2026-02-14
A01315,Patel Reed and Davis,patel.com,,1826,330874852,United States,NA,North America,Enterprise,Redshift;BigQuery,U002,Churned,True,2024-12-27
A01316,Brown Rush and Mcintosh,brown.com,,486,153268848,Sweden,Nordics,Continental Europe,Mid-market,Airflow;Hadoop/Cloudera,U015,Prospect,False,2024-01-11
A01317,Karz Stiftung & Co. KG,karz.com,Healthcare,623,243102699,Germany,DACH,Continental Europe,Mid-market,Snowflake;Databricks;Redshift,U015,Prospect,False,2024-10-18
A01318,Cole-Johnson,cole-johnson.com,Healthcare,1332,452090124,United States,NA,North America,Enterprise,BigQuery;Snowflake;Databricks,U003,Prospect,True,2025-11-26
A01319,Powell Martin and Norris,powell.com,Healthcare,982,278129896,Belgium,Benelux,Continental Europe,Mid-market,BigQuery;Redshift,U015,Prospect,False,2023-10-21
A01320,Nette,nette.com,Manufacturing,1499,571585189,United States,NA,North America,Enterprise,Databricks;Hadoop/Cloudera;dbt,U003,Prospect,False,2023-07-23
A01321,Öberg & Nielsen AB,öberg.com,Insurance,1913,346400301,United States,NA,North America,Enterprise,BigQuery;Hadoop/Cloudera,U003,Prospect,False,2024-06-15
A01322,Rek BV,rek.com,CPG,3070,545901260,Norway,Nordics,Continental Europe,Enterprise,Airflow,U015,Prospect,False,2025-11-07
A01323,Gonzalez-Horton,gonzalez-horton.com,Banking,1684,516758976,Germany,DACH,Continental Europe,Enterprise,dbt,U014,Prospect,False,2023-02-22
A01324,Mohaupt KGaA,mohaupt.com,Telecom,2940,1166850720,United States,NA,North America,Enterprise,Hadoop/Cloudera;Airflow;Redshift,U002,Prospect,False,2023-08-13
A01325,Price LLC,price.com,CPG,1928,349818248,Germany,DACH,Continental Europe,Enterprise,Hadoop/Cloudera;Redshift,U015,Prospect,True,2024-07-24
A01326,Bähr GmbH,bähr.com,Banking,250,60681250,Germany,DACH,Continental Europe,Mid-market,Airflow,U014,Prospect,False,2025-11-04
A01327,de Gruil & van de Plas,de.com,Retail,706,222611684,United States,NA,North America,Mid-market,dbt;Airflow;Snowflake,U003,Customer,True,2023-07-25
A01328,Washington-Harper,washington-harper.com,CPG,1565,448613510,Sweden,Nordics,Continental Europe,Enterprise,Databricks;dbt,U014,Customer,False,2024-05-18
A01329,Gonzalez Group,gonzalez.com,Retail,539,204075641,United States,NA,North America,Mid-market,Airflow,U002,Prospect,False,2024-01-19
A01330,Alm & Eriksson HB,alm.com,Telecom,3294,607901112,Germany,DACH,Continental Europe,Enterprise,Airflow,U014,Customer,False,2024-03-14
A01331,Kreusel Weinhage AG & Co. KGaA,kreusel.com,Banking,8356,2328240636,United States,NA,North America,Enterprise,dbt;Databricks;Airflow,U002,Prospect,False,2025-02-17
A01332,Sutton-Kelly,sutton-kelly.com,Insurance,6116,1939830068,United Kingdom,UK&I,UK&I,Enterprise,Hadoop/Cloudera;dbt,U008,Prospect,False,2024-08-21
A01333,Otto GbR,otto.com,Retail,1460,523938520,Ireland,UK&I,UK&I,Enterprise,Hadoop/Cloudera;dbt;BigQuery,U009,Prospect,False,2024-08-11
A01334,Scott Hughes and Cooke,scott.com,Retail,8028,1888988400,United States,NA,North America,Enterprise,Airflow,U003,Prospect,False,2024-10-15
A01335,Avery Perez and Peterson,avery.com,,2097,697684482,Ireland,UK&I,UK&I,Enterprise,Airflow;Databricks,U009,Prospect,False,2026-05-15
A01336,Fremie & de Haan,fremie.com,Insurance,1290,203293680,United States,NA,North America,Enterprise,BigQuery;dbt,U002,Customer,False,2023-05-05
A01337,Lindskog & Lund AB,lindskog.com,Telecom,979,213987862,United Kingdom,UK&I,UK&I,Mid-market,BigQuery;Hadoop/Cloudera;Airflow,U009,Prospect,False,2023-04-22
A01338,Kathagen & van Cuijck,kathagen.com,Manufacturing,1336,277079720,United States,NA,North America,Enterprise,Airflow;Snowflake,U003,Prospect,False,2023-12-08
A01339,Jüttner,jüttner.com,CPG,1226,384859790,United Kingdom,UK&I,UK&I,Enterprise,dbt,U009,Prospect,False,2023-02-13
A01340,Meeusen & Jacquot,meeusen.com,Banking,2143,759875655,Switzerland,DACH,Continental Europe,Enterprise,BigQuery;Redshift;dbt,U014,Prospect,False,2025-01-11
A01341,Molin & Eklund AB,molin.com,Insurance,2122,784535230,United Kingdom,UK&I,UK&I,Enterprise,Hadoop/Cloudera;Airflow;Databricks,U009,Prospect,False,2024-11-09
A01342,Trapp,trapp.com,Healthcare,1813,620479307,United States,NA,North America,Enterprise,Snowflake,U002,Prospect,False,2025-12-14
A01343,Johansson AB,johansson.com,,2798,1000131110,United States,NA,North America,Enterprise,Snowflake;Databricks,U003,Prospect,False,2024-05-21
A01344,Hall AB,hall.com,Manufacturing,5947,1084804164,United States,NA,North America,Enterprise,Airflow;Hadoop/Cloudera,U002,Prospect,False,2023-06-23
A01345,Bryant-Lane,bryant-lane.com,Healthcare,4672,1585195584,United States,NA,North America,Enterprise,Redshift;Airflow;Hadoop/Cloudera,U002,Prospect,False,2026-05-23
A01346,Beard-Gutierrez,beard-gutierrez.com,Banking,409,140247736,Belgium,Benelux,Continental Europe,Mid-market,Redshift;Hadoop/Cloudera;Databricks,U015,Prospect,False,2023-02-17
A01347,Koninklijke Schatteleijn,koninklijke.com,Retail,250,50781750,United States,NA,North America,Mid-market,BigQuery,U003,Prospect,False,2024-03-31
A01348,Dean and Sons,dean.com,Healthcare,4602,1026347244,Denmark,Nordics,Continental Europe,Enterprise,BigQuery;Airflow,U014,Prospect,False,2025-03-17
A01349,Jensen Obrien and Salazar,jensen.com,CPG,460,134910180,Sweden,Nordics,Continental Europe,Mid-market,Snowflake;Hadoop/Cloudera;Databricks,U014,Prospect,False,2025-01-27
A01350,Eriksson AB,eriksson.com,Banking,1444,459929884,Canada,NA,North America,Enterprise,BigQuery;Databricks,U002,Prospect,False,2025-09-30
A01351,Stroh e.G.,stroh.com,Banking,561,104933928,United Kingdom,UK&I,UK&I,Mid-market,dbt;Hadoop/Cloudera,U008,Prospect,False,2025-04-23
A01352,van de Biesenbos & van Mil,van.com,Telecom,298,109876176,United States,NA,North America,Mid-market,Snowflake,U003,Prospect,False,2023-01-12
A01353,Kraushaar GmbH & Co. KGaA,kraushaar.com,Insurance,3107,1081012296,United States,NA,North America,Enterprise,Redshift;Hadoop/Cloudera;dbt,U003,Prospect,False,2024-10-21
A01354,Kolster & Louws,kolster.com,Retail,3862,1100110010,Canada,NA,North America,Enterprise,Redshift;Airflow;Snowflake,U002,Prospect,True,2023-09-18
A01355,Hanson Inc,hanson.com,Insurance,1015,290592470,Germany,DACH,Continental Europe,Enterprise,Snowflake;Databricks;Airflow,U015,Prospect,True,2025-05-18
A01356,Hartung Weimer OHG mbH,hartung.com,Manufacturing,250,90135250,Canada,NA,North America,Mid-market,Hadoop/Cloudera;Databricks;dbt,U003,Prospect,False,2025-06-10
A01357,Collins Group,collins.com,Manufacturing,1047,410097336,Norway,Nordics,Continental Europe,Enterprise,BigQuery;dbt;Redshift,U015,Prospect,False,2024-08-17
A01358,Mårtensson Sandin AB,mårtensson.com,Insurance,2675,964209100,United Kingdom,UK&I,UK&I,Enterprise,Airflow;BigQuery;dbt,U009,Prospect,False,2024-11-07
A01359,BMC,bmc.com,Manufacturing,412,153861400,Sweden,Nordics,Continental Europe,Mid-market,Databricks,U015,Prospect,False,2023-11-04
A01360,Moss James and Edwards,moss.com,Banking,2171,503122737,Canada,NA,North America,Enterprise,Databricks;Redshift;Snowflake,U003,Prospect,True,2025-08-17
A01361,Lennartsson & Klasson AB,lennartsson.com,Banking,1780,430526820,United Kingdom,UK&I,UK&I,Enterprise,dbt;Databricks;BigQuery,U008,Customer,False,2025-05-22
A01362,Johansson AB,johansson.com,Telecom,3226,794492828,United Kingdom,UK&I,UK&I,Enterprise,Redshift;Hadoop/Cloudera;BigQuery,U008,Prospect,False,2024-03-19
A01363,Powell Robinson and Thomas,powell.com,Telecom,2037,606537120,United States,NA,North America,Enterprise,Databricks,U003,Prospect,False,2026-04-27
A01364,Linschoten NV,linschoten.com,CPG,683,234452727,United Kingdom,UK&I,UK&I,Mid-market,Airflow;Hadoop/Cloudera;Databricks,U008,Prospect,False,2024-03-19
A01365,Interfood Group,interfood.com,CPG,5982,1861586436,United States,NA,North America,Enterprise,Databricks,U002,Prospect,True,2023-06-09
A01366,Misicher Geisel GmbH & Co. KG,misicher.com,Banking,1542,286668594,Belgium,Benelux,Continental Europe,Enterprise,Redshift;Hadoop/Cloudera;Airflow,U015,Prospect,False,2023-08-29
A01367,Bloch,bloch.com,Retail,1759,437830931,United States,NA,North America,Enterprise,Airflow;Hadoop/Cloudera,U003,Prospect,False,2025-12-22
A01368,Johansson HB,johansson.com,Healthcare,711,263621025,United States,NA,North America,Mid-market,Databricks,U003,Prospect,False,2026-02-21
A01369,Mason White and Richards,mason.com,Manufacturing,1160,413913520,United States,NA,North America,Enterprise,Airflow;Snowflake,U003,Prospect,False,2025-01-18
A01370,Ismail HB,ismail.com,,746,242931916,Netherlands,Benelux,Continental Europe,Mid-market,Airflow;Hadoop/Cloudera,U014,Prospect,False,2024-01-27
A01371,Lambers NV,lambers.com,Insurance,1520,599837600,United States,NA,North America,Enterprise,Snowflake;Databricks;Hadoop/Cloudera,U003,Prospect,True,2024-09-27
A01372,Stenström & Sjölin AB,stenström.com,Telecom,10013,3905800949,United States,NA,North America,Strategic,dbt;Snowflake,U003,Prospect,False,2025-09-07
A01373,Süßebier Seip Stiftung & Co. KG,süßebier.com,Manufacturing,458,153255044,United States,NA,North America,Mid-market,BigQuery;Airflow,U002,Customer,False,2025-08-22
A01374,Hunter Green and Cole,hunter.com,Manufacturing,360,96890040,Norway,Nordics,Continental Europe,Mid-market,Databricks;Hadoop/Cloudera,U014,Prospect,True,2023-11-10
A01375,Pruschke Stiftung & Co. KG,pruschke.com,Insurance,7872,2978009088,Germany,DACH,Continental Europe,Enterprise,Snowflake,U015,Prospect,True,2025-06-27
A01376,de Groot & van der Wal,de.com,Banking,1466,340661750,United Kingdom,UK&I,UK&I,Enterprise,Redshift,U009,Churned,False,2026-06-11
A01377,Kriens NV,kriens.com,Telecom,926,342144036,Germany,DACH,Continental Europe,Mid-market,Redshift;BigQuery;Databricks,U015,Prospect,False,2025-04-05
A01378,Sandberg & Börjesson AB,sandberg.com,Manufacturing,5114,1664821788,United States,NA,North America,Enterprise,Snowflake,U002,Prospect,False,2024-06-30
A01379,Bentley Brookes and Elliott,bentley.com,Retail,986,159403662,United States,NA,North America,Mid-market,dbt;Databricks,U003,Prospect,False,2023-01-07
A01380,Royal Langevoort,royal.com,Healthcare,11226,2715894954,United States,NA,North America,Strategic,BigQuery,U003,Prospect,False,2026-03-05
A01381,Horne Inc,horne.com,Banking,3561,642678597,Sweden,Nordics,Continental Europe,Enterprise,Databricks,U014,Prospect,False,2023-02-11
A01382,Ahmed Karlsson HB,ahmed.com,CPG,1109,169384224,Germany,DACH,Continental Europe,Enterprise,Airflow,U015,Prospect,False,2024-05-20
A01383,Lindquist HB,lindquist.com,Manufacturing,15635,4977855665,United States,NA,North America,Strategic,Airflow,U002,Prospect,False,2024-08-10
A01384,Fox Group,fox.com,Insurance,986,293947306,United States,NA,North America,Mid-market,Hadoop/Cloudera;Databricks,U002,Prospect,False,2024-08-27
A01385,Chubb,chubb.com,Retail,3797,832864356,United States,NA,North America,Enterprise,Hadoop/Cloudera,U003,Prospect,False,2026-08-07
A01386,Greene Sanchez and Kelley,greene.com,CPG,2438,768991522,United Kingdom,UK&I,UK&I,Enterprise,Redshift;Databricks;Snowflake,U009,Prospect,False,2025-06-07
A01387,Larsson & Petersson AB,larsson.com,CPG,6645,2184782970,United States,NA,North America,Enterprise,Databricks;BigQuery,U003,Prospect,False,2024-06-12
A01388,Hartley LLC,hartley.com,Telecom,8617,1363579931,United States,NA,North America,Enterprise,dbt,U002,Prospect,False,2024-10-23
A01389,Nash Ltd,nash.com,Retail,1866,601915620,United States,NA,North America,Enterprise,Snowflake;BigQuery;Redshift,U003,Prospect,True,2025-05-13
A01390,Gustafsson & Svensson AB,gustafsson.com,Telecom,851,272182138,Canada,NA,North America,Mid-market,Databricks,U003,Prospect,False,2024-01-17
A01391,Chaney-Martin,chaney-martin.com,Retail,2863,1036783916,Germany,DACH,Continental Europe,Enterprise,Hadoop/Cloudera;dbt;Airflow,U015,Prospect,False,2024-05-13
A01392,Speer,speer.com,Telecom,918,282315294,United States,NA,North America,Mid-market,Hadoop/Cloudera;Airflow,U003,Prospect,False,2024-04-24
A01393,Olsson & Dahlberg HB,olsson.com,Healthcare,13539,2413638147,Germany,DACH,Continental Europe,Strategic,Hadoop/Cloudera;BigQuery,U015,Prospect,False,2023-12-07
A01394,Svensson Backman HB,svensson.com,Healthcare,2072,689725288,Sweden,Nordics,Continental Europe,Enterprise,Databricks;dbt;Redshift,U014,Prospect,False,2023-04-21
A01395,Kramer Börner e.G.,kramer.com,Telecom,1254,448736376,Denmark,Nordics,Continental Europe,Enterprise,Redshift,U015,Prospect,False,2023-01-02
A01396,Smits NV,smits.com,Insurance,2174,829296214,Ireland,UK&I,UK&I,Enterprise,BigQuery,U009,Prospect,False,2024-02-21
A01397,Garner LLC,garner.com,Manufacturing,470,100652850,United States,NA,North America,Mid-market,Airflow,U003,Prospect,False,2023-07-24
A01398,Lehmann,lehmann.com,Manufacturing,684,173255148,Canada,NA,North America,Mid-market,Databricks;Hadoop/Cloudera;Airflow,U003,Prospect,False,2023-07-16
A01399,Niklasson AB,niklasson.com,Telecom,6005,2101912135,United States,NA,North America,Enterprise,Hadoop/Cloudera,U003,Customer,False,2025-05-19
A01400,Blair Fuller and Benitez,blair.com,Healthcare,937,158150608,United Kingdom,UK&I,UK&I,Mid-market,Hadoop/Cloudera;Airflow,U008,Prospect,False,2024-04-26
A01401,Koninklijke Uit de Willigen,koninklijke.com,Telecom,634,178441202,United States,NA,North America,Mid-market,dbt,U003,Customer,False,2023-10-10
A01402,Ruppert,ruppert.com,Banking,3092,635013316,Canada,NA,North America,Enterprise,Hadoop/Cloudera;Snowflake,U003,Prospect,False,2023-11-05
A01403,Svensson Lindström HB,svensson.com,,5917,1934965506,United States,NA,North America,Enterprise,Snowflake;BigQuery,U003,Prospect,False,2025-11-25
A01404,Lundberg & Jönsson AB,lundberg.com,Retail,3710,1340601080,Austria,DACH,Continental Europe,Enterprise,BigQuery,U014,Prospect,False,2023-01-26
A01405,Nilsson AB,nilsson.com,Insurance,4895,1471676855,United States,NA,North America,Enterprise,Hadoop/Cloudera;Airflow;Redshift,U002,Prospect,False,2025-04-02
A01406,Johnson Ltd,johnson.com,Banking,848,194545616,United States,NA,North America,Mid-market,BigQuery;Airflow,U002,Prospect,False,2025-07-11
A01407,Charles Marsh and Duarte,charles.com,CPG,436,119523732,United Kingdom,UK&I,UK&I,Mid-market,BigQuery;dbt;Redshift,U008,Prospect,False,2025-12-24
A01408,Verschuere NV,verschuere.com,CPG,8113,2651920649,Germany,DACH,Continental Europe,Enterprise,Databricks,U014,Prospect,False,2026-04-23
A01409,Elofsson & Lundin HB,elofsson.com,Healthcare,1309,475270411,United States,NA,North America,Enterprise,Airflow;Hadoop/Cloudera;Redshift,U002,Prospect,True,2025-09-29
A01410,Jäntsch GmbH,jäntsch.com,Banking,1406,538623134,Canada,NA,North America,Enterprise,Airflow;BigQuery;Redshift,U003,Prospect,False,2023-02-18
A01411,Hanna & Ahlberg HB,hanna.com,Insurance,6823,1547940833,United Kingdom,UK&I,UK&I,Enterprise,Hadoop/Cloudera;Snowflake,U009,Prospect,False,2026-05-05
A01412,Ullrich Roskoth KG,ullrich.com,Manufacturing,3153,503209341,United States,NA,North America,Enterprise,Airflow;Hadoop/Cloudera;Databricks,U002,Prospect,True,2023-10-24
A01413,Lee LLC,lee.com,Retail,2852,1095225040,United Kingdom,UK&I,UK&I,Enterprise,BigQuery;Hadoop/Cloudera,U008,Customer,False,2025-12-08
A01414,Barentz Group,barentz.com,Banking,15756,2679512628,United Kingdom,UK&I,UK&I,Strategic,BigQuery;Snowflake,U008,Prospect,False,2023-07-27
A01415,Taylor Moore and Murray,taylor.com,Manufacturing,950,162114650,United States,NA,North America,Mid-market,Airflow;Redshift,U003,Prospect,True,2024-06-10
A01416,Johansson Persson AB,johansson.com,,4572,1744003116,Germany,DACH,Continental Europe,Enterprise,Redshift,U015,Customer,False,2026-03-15
A01417,Larsson Mohamed AB,larsson.com,Telecom,1914,595962180,United States,NA,North America,Enterprise,dbt;Databricks;Snowflake,U003,Prospect,False,2025-06-13
A01418,Vincent Roberts and Gregory,vincent.com,Manufacturing,2365,837278585,United States,NA,North America,Enterprise,BigQuery,U002,Prospect,False,2024-08-06
A01419,Fischer GbR,fischer.com,,8337,1703240763,United States,NA,North America,Enterprise,Redshift,U003,Prospect,False,2025-08-05
A01420,Terrell-Sims,terrell-sims.com,Manufacturing,3004,701142612,United Kingdom,UK&I,UK&I,Enterprise,Databricks,U008,Prospect,False,2023-05-11
A01421,Butler Kay and Clark,butler.com,Manufacturing,3097,1042620535,United Kingdom,UK&I,UK&I,Enterprise,Redshift;Hadoop/Cloudera;dbt,U009,Prospect,False,2025-03-07
A01422,Jopich,jopich.com,,5284,810005496,Canada,NA,North America,Enterprise,BigQuery;Redshift,U003,Prospect,False,2025-10-18
A01423,Gutierrez-Crawford,gutierrez-crawford.com,Manufacturing,1255,244181585,United States,NA,North America,Enterprise,Hadoop/Cloudera;BigQuery;Redshift,U002,Prospect,False,2023-06-10
A01424,Price-Watson,price-watson.com,Healthcare,781,187844558,United Kingdom,UK&I,UK&I,Mid-market,Databricks,U009,Prospect,False,2025-07-13
A01425,Stokes Clark and McKenzie,stokes.com,Banking,635,121201180,Ireland,UK&I,UK&I,Mid-market,dbt;Databricks;Redshift,U009,Prospect,False,2023-02-17
A01426,Williams Inc,williams.com,Telecom,253,74854351,Germany,DACH,Continental Europe,Mid-market,Hadoop/Cloudera;Databricks;Redshift,U014,Prospect,False,2023-09-10
A01427,Lips & Voortman,lips.com,Insurance,14132,2902599744,United States,NA,North America,Strategic,dbt,U003,Prospect,False,2025-04-01
A01428,Koninklijke Janssens,koninklijke.com,Telecom,599,207818857,United Kingdom,UK&I,UK&I,Mid-market,Hadoop/Cloudera,U009,Prospect,False,2023-08-05
A01429,Rhodes Anderson and Hardy,rhodes.com,,1449,457839081,Ireland,UK&I,UK&I,Enterprise,BigQuery;dbt;Airflow,U009,Prospect,False,2025-08-08
A01430,Hoogvliet,hoogvliet.com,Retail,1370,261872760,United States,NA,North America,Enterprise,Hadoop/Cloudera,U003,Prospect,False,2025-08-08
A01431,Abrahamsson AB,abrahamsson.com,Manufacturing,2458,953305804,Ireland,UK&I,UK&I,Enterprise,Hadoop/Cloudera,U009,Customer,False,2026-07-27
A01432,Hansson AB,hansson.com,Insurance,4087,761510275,United States,NA,North America,Enterprise,dbt;Redshift;Snowflake,U003,Customer,False,2024-05-26
A01433,Miranda Reese and Johnson,miranda.com,Manufacturing,4274,1169832266,United States,NA,North America,Enterprise,Snowflake;BigQuery;Redshift,U003,Prospect,False,2023-11-27
A01434,Häring,häring.com,Manufacturing,1009,382697556,Canada,NA,North America,Enterprise,Databricks,U003,Customer,False,2024-10-22
A01435,Gröttner GmbH,gröttner.com,Banking,1529,587859217,United States,NA,North America,Enterprise,Databricks,U003,Prospect,False,2025-06-27
A01436,Juncken,juncken.com,CPG,2398,470888066,Norway,Nordics,Continental Europe,Enterprise,dbt;Airflow,U014,Prospect,False,2023-11-23
A01437,Schakelaar BV,schakelaar.com,Manufacturing,1409,237145972,United States,NA,North America,Enterprise,Airflow,U002,Prospect,False,2025-11-30
A01438,Clark-Hayward,clark-hayward.com,,9021,2264343168,Norway,Nordics,Continental Europe,Enterprise,Redshift,U015,Customer,False,2026-01-05
A01439,Berg & Källström HB,berg.com,CPG,2954,913125710,United States,NA,North America,Enterprise,dbt;Airflow;Snowflake,U003,Prospect,False,2024-08-22
A01440,Tlustek e.V.,tlustek.com,CPG,3770,1378180050,Switzerland,DACH,Continental Europe,Enterprise,Redshift;Snowflake;BigQuery,U015,Prospect,False,2026-08-23
A01441,Henschel,henschel.com,,3508,640280160,United States,NA,North America,Enterprise,Databricks,U003,Prospect,False,2023-08-17
A01442,Kemp LLC,kemp.com,Telecom,5845,1509395265,Germany,DACH,Continental Europe,Enterprise,BigQuery;Databricks;Airflow,U015,Prospect,True,2026-08-07
A01443,Andersson Andersson AB,andersson.com,Retail,2166,835465188,Germany,DACH,Continental Europe,Enterprise,Hadoop/Cloudera;Databricks;BigQuery,U015,Prospect,False,2025-07-11
A01444,Brown-Simmons,brown-simmons.com,Healthcare,494,109750498,Germany,DACH,Continental Europe,Mid-market,Snowflake;Databricks;Airflow,U015,Prospect,False,2026-02-28
A01445,Anderson Wright and Lee,anderson.com,Telecom,2696,621128744,United States,NA,North America,Enterprise,Databricks;dbt;BigQuery,U003,Prospect,False,2023-11-13
A01446,Koninklijke Verkade,koninklijke.com,Manufacturing,942,173044458,Germany,DACH,Continental Europe,Mid-market,dbt,U015,Prospect,False,2024-04-11
A01447,Reed Law and Ferguson,reed.com,Insurance,1065,322577850,United States,NA,North America,Enterprise,Databricks;dbt,U002,Prospect,False,2025-11-24
A01448,Geldens & van Metz,geldens.com,Healthcare,3249,1253886570,United States,NA,North America,Enterprise,BigQuery,U002,Prospect,False,2025-12-07
A01449,Collins-Newman,collins-newman.com,CPG,6237,2449681542,United States,NA,North America,Enterprise,Airflow;Databricks,U003,Prospect,False,2023-01-30
A01450,ONVZ Zorgverzekeraar,onvz.com,Banking,1846,442576654,Ireland,UK&I,UK&I,Enterprise,BigQuery,U008,Prospect,False,2023-09-02
A01451,Taylor PLC,taylor.com,Telecom,2462,691216348,United Kingdom,UK&I,UK&I,Enterprise,dbt;Airflow,U008,Prospect,False,2025-12-09
A01452,Krein Gnatz Stiftung & Co. KG,krein.com,Manufacturing,9919,2014469548,Belgium,Benelux,Continental Europe,Enterprise,Airflow;Snowflake,U015,Prospect,False,2025-11-05
A01453,Metz Neuschäfer AG,metz.com,Healthcare,2300,667418600,United States,NA,North America,Enterprise,dbt;Snowflake;Airflow,U003,Prospect,False,2024-06-08
A01454,Rodriguez-Mendoza,rodriguez-mendoza.com,Insurance,24384,8066227200,Switzerland,DACH,Continental Europe,Strategic,Redshift;Databricks;Airflow,U015,Prospect,False,2024-06-28
A01455,Read-Butler,read-butler.com,Banking,3182,1097156782,United Kingdom,UK&I,UK&I,Enterprise,Airflow,U008,Customer,True,2024-09-12
A01456,Webb Warren and Roberts,webb.com,Insurance,310,66323570,United States,NA,North America,Mid-market,Redshift;dbt;Hadoop/Cloudera,U003,Prospect,False,2023-04-15
A01457,Seip,seip.com,Manufacturing,3840,649536000,United States,NA,North America,Enterprise,Hadoop/Cloudera,U002,Prospect,False,2023-07-24
A01458,Patel-Morales,patel-morales.com,Insurance,2646,811895994,United Kingdom,UK&I,UK&I,Enterprise,BigQuery;dbt,U008,Prospect,False,2023-08-17
A01459,Phillipsen & van der Veen,phillipsen.com,Retail,6566,2322978574,Germany,DACH,Continental Europe,Enterprise,Databricks;dbt;Airflow,U015,Churned,False,2025-04-13
A01460,Cooper-Cook,cooper-cook.com,Retail,3544,1117940624,United Kingdom,UK&I,UK&I,Enterprise,BigQuery,U009,Prospect,False,2024-09-05
A01461,Olsson Johansson HB,olsson.com,Healthcare,1574,338849146,United States,NA,North America,Enterprise,BigQuery;Airflow,U003,Prospect,True,2024-01-09
A01462,Eriksson & Malm AB,eriksson.com,Telecom,531,204004890,Canada,NA,North America,Mid-market,Hadoop/Cloudera;Redshift;Databricks,U002,Prospect,False,2024-09-15
A01463,Bergman Linder HB,bergman.com,CPG,1467,390487527,United States,NA,North America,Enterprise,Airflow;Redshift,U002,Prospect,True,2024-04-19
A01464,Persson AB,persson.com,Healthcare,772,177601688,United States,NA,North America,Mid-market,Redshift;dbt,U003,Prospect,False,2026-06-02
A01465,Bohnbach Scheuermann AG,bohnbach.com,,1011,192621786,United States,NA,North America,Enterprise,Databricks;Redshift,U003,Prospect,False,2026-06-03
A01466,Hansson Lundmark AB,hansson.com,Telecom,3257,929508716,Ireland,UK&I,UK&I,Enterprise,Airflow;dbt,U009,Prospect,False,2024-06-22
A01467,Montoya PLC,montoya.com,CPG,9603,3541039029,Canada,NA,North America,Enterprise,BigQuery;Databricks,U003,Prospect,False,2024-10-07
A01468,Guerrero Group,guerrero.com,Retail,2682,798329484,United States,NA,North America,Enterprise,Redshift;Hadoop/Cloudera,U002,Prospect,False,2025-04-17
A01469,Isaksson Liljegren AB,isaksson.com,,546,101927826,United States,NA,North America,Mid-market,Redshift;BigQuery,U002,Prospect,False,2026-09-17
A01470,Shaw Hodgson and James,shaw.com,Telecom,2820,1038459360,Germany,DACH,Continental Europe,Enterprise,Snowflake;BigQuery,U015,Prospect,False,2026-02-20
A01471,Trupp Kaul AG,trupp.com,CPG,5982,1234415610,Germany,DACH,Continental Europe,Enterprise,dbt;Hadoop/Cloudera;BigQuery,U014,Prospect,False,2025-09-09
A01472,Lindqvist HB,lindqvist.com,Healthcare,982,268256868,Sweden,Nordics,Continental Europe,Mid-market,Redshift,U015,Prospect,False,2025-09-24
A01473,Farmer-Hutchinson,farmer-hutchinson.com,Healthcare,1581,480064326,United States,NA,North America,Enterprise,Snowflake;Redshift,U002,Prospect,False,2025-01-26
A01474,Warner LLC,warner.com,Telecom,1834,328480404,United States,NA,North America,Enterprise,Databricks;Airflow,U002,Prospect,False,2025-04-27
A01475,Glenn-Young,glenn-young.com,CPG,824,156091144,Austria,DACH,Continental Europe,Mid-market,BigQuery;dbt;Databricks,U014,Prospect,False,2026-01-24
A01476,Ljungqvist Nilsson HB,ljungqvist.com,Telecom,3457,1023023096,Germany,DACH,Continental Europe,Enterprise,Redshift;BigQuery;Snowflake,U014,Prospect,True,2024-10-04
A01477,Ohra Verzekeringen,ohra.com,Telecom,1602,620401734,Sweden,Nordics,Continental Europe,Enterprise,Airflow;Databricks,U014,Prospect,False,2025-01-11
A01478,Coleman Khan and Duffy,coleman.com,Manufacturing,2750,920053750,United States,NA,North America,Enterprise,BigQuery;dbt,U002,Prospect,False,2025-05-25
A01479,Fliegner Hövel OHG mbH,fliegner.com,Retail,744,267256704,United States,NA,North America,Mid-market,Redshift,U002,Customer,False,2023-02-03
A01480,Brown Ltd,brown.com,Banking,1167,329299392,United Kingdom,UK&I,UK&I,Enterprise,Redshift;dbt,U009,Prospect,False,2023-05-18
A01481,Griffith Group,griffith.com,,3723,648375342,Germany,DACH,Continental Europe,Enterprise,Redshift;Snowflake;dbt,U014,Prospect,False,2023-06-29
A01482,Flink & Jacobs,flink.com,Retail,1245,385845420,United Kingdom,UK&I,UK&I,Enterprise,Databricks;Snowflake;Hadoop/Cloudera,U009,Prospect,False,2023-11-08
A01483,Rockwell Automation Nederland,rockwell.com,,10167,2009243208,Ireland,UK&I,UK&I,Strategic,dbt;BigQuery;Hadoop/Cloudera,U009,Customer,False,2024-08-24
A01484,Ljungberg Johansson HB,ljungberg.com,CPG,1212,305693064,United States,NA,North America,Enterprise,Snowflake,U002,Prospect,False,2024-04-01
A01485,Högberg Eriksson HB,högberg.com,CPG,2263,533210323,United Kingdom,UK&I,UK&I,Enterprise,Hadoop/Cloudera;Airflow;Databricks,U009,Customer,False,2026-03-27
A01486,Liljegren AB,liljegren.com,CPG,4594,867673374,United States,NA,North America,Enterprise,BigQuery,U002,Prospect,False,2023-03-22
A01487,Jansson Larsson HB,jansson.com,Healthcare,437,105475194,Germany,DACH,Continental Europe,Mid-market,BigQuery,U015,Customer,False,2024-02-18
A01488,Carroll Ltd,carroll.com,Retail,310,68528910,United States,NA,North America,Mid-market,Databricks,U003,Prospect,False,2025-06-19
A01489,Salz GmbH & Co. KGaA,salz.com,Retail,393,61568952,United States,NA,North America,Mid-market,Redshift;Airflow,U002,Prospect,False,2025-03-28
A01490,Cross PLC,cross.com,CPG,6390,1595883330,United States,NA,North America,Enterprise,Redshift;Snowflake;Airflow,U002,Prospect,False,2025-11-23
A01491,Plath Budig GmbH & Co. OHG,plath.com,CPG,1041,213358155,United States,NA,North America,Enterprise,Hadoop/Cloudera,U003,Prospect,False,2024-01-27
A01492,Eriksson AB,eriksson.com,Banking,23346,8396622360,United States,NA,North America,Strategic,BigQuery;Hadoop/Cloudera;Redshift,U002,Customer,True,2025-02-17
A01493,Hagberg & Andersson HB,hagberg.com,Retail,1028,385280008,Switzerland,DACH,Continental Europe,Enterprise,BigQuery,U015,Customer,False,2025-06-08
A01494,Johnson HB,johnson.com,Manufacturing,2174,497465550,Sweden,Nordics,Continental Europe,Enterprise,Airflow,U014,Prospect,False,2025-08-23
A01495,Hansson & Henriksson HB,hansson.com,Telecom,8451,2884047417,United States,NA,North America,Enterprise,BigQuery;Snowflake;Databricks,U002,Prospect,True,2025-11-28
A01496,Beier Stiftung & Co. KG,beier.com,Manufacturing,13441,3671516678,United States,NA,North America,Strategic,Snowflake,U002,Prospect,False,2025-01-31
A01497,Gustafsson & Olsson HB,gustafsson.com,,14207,2717557581,United Kingdom,UK&I,UK&I,Strategic,Databricks;Redshift,U008,Prospect,False,2024-01-07
A01498,Kennedy Jackson and Williams,kennedy.com,Banking,6053,2156024123,United States,NA,North America,Enterprise,Snowflake,U003,Prospect,False,2025-02-03
A01499,Scholz,scholz.com,Telecom,5034,1575793020,Belgium,Benelux,Continental Europe,Enterprise,Snowflake;Redshift,U015,Prospect,False,2023-10-23
A01500,Washington-Martinez,washington-martinez.com,Banking,3269,952651980,Belgium,Benelux,Continental Europe,Enterprise,Redshift;dbt,U014,Prospect,True,2024-04-01
A01501,King-Gilbert,king-gilbert.com,Banking,3937,706561579,United States,NA,North America,Enterprise,Hadoop/Cloudera;Redshift,U003,Prospect,False,2026-07-28
A01502,Austermühle Weihmann AG,austermühle.com,Retail,1041,284268993,United States,NA,North America,Enterprise,Databricks;BigQuery,U003,Customer,False,2023-07-17
A01503,Sundin AB,sundin.com,Manufacturing,797,293188405,Canada,NA,North America,Mid-market,Databricks;Redshift;Airflow,U002,Prospect,True,2026-09-12
A01504,Stichting Roessink,stichting.com,Banking,1801,608786627,United States,NA,North America,Enterprise,BigQuery;dbt,U002,Prospect,False,2026-09-12
A01505,Farrell-Hill,farrell-hill.com,Manufacturing,1525,413502225,United States,NA,North America,Enterprise,dbt;Redshift;Airflow,U003,Prospect,True,2025-05-14
A01506,Riggs-Coffey,riggs-coffey.com,Insurance,1149,346856673,United States,NA,North America,Enterprise,Redshift;Snowflake;Hadoop/Cloudera,U002,Prospect,False,2023-01-30
A01507,Pettersson HB,pettersson.com,Banking,3627,1338323103,United States,NA,North America,Enterprise,Databricks,U003,Prospect,False,2025-09-17
A01508,van Evelingen & Kortman,van.com,Insurance,4699,1479306287,Netherlands,Benelux,Continental Europe,Enterprise,Hadoop/Cloudera;Redshift;Databricks,U015,Prospect,False,2023-08-30
A01509,Hunter Ward and Graham,hunter.com,Manufacturing,1975,694133500,Germany,DACH,Continental Europe,Enterprise,BigQuery;Redshift;Databricks,U015,Prospect,False,2026-01-29
A01510,Jackson Group,jackson.com,Banking,7923,2575886145,Canada,NA,North America,Enterprise,Redshift;dbt,U003,Prospect,False,2026-08-08
A01511,Koninklijke van der Kint,koninklijke.com,Healthcare,577,105642353,United States,NA,North America,Mid-market,Databricks,U003,Prospect,True,2024-08-28
A01512,Richardson-Black,richardson-black.com,Telecom,1489,343193654,United States,NA,North America,Enterprise,Hadoop/Cloudera;dbt,U002,Customer,False,2024-01-09
A01513,Radisch GmbH & Co. KG,radisch.com,Healthcare,882,177357852,United States,NA,North America,Mid-market,Redshift,U002,Prospect,False,2024-12-25
A01514,Ho-Cole,ho-cole.com,CPG,279,52950015,United Kingdom,UK&I,UK&I,Mid-market,Redshift;dbt;Airflow,U008,Prospect,False,2024-04-16
A01515,Stoll,stoll.com,Healthcare,1664,322338432,Germany,DACH,Continental Europe,Enterprise,Databricks;Snowflake,U014,Prospect,False,2024-04-08
A01516,Hardin Ltd,hardin.com,CPG,1600,540347200,Netherlands,Benelux,Continental Europe,Enterprise,dbt,U015,Prospect,False,2025-03-31
A01517,Schmidt Siering GbR,schmidt.com,Healthcare,8212,2138659372,United States,NA,North America,Enterprise,Hadoop/Cloudera;BigQuery,U002,Prospect,False,2023-06-03
A01518,Hethur Dippel GbR,hethur.com,Healthcare,3397,1104510771,United States,NA,North America,Enterprise,Databricks;Airflow,U002,Prospect,False,2023-10-22
A01519,Johansson Melin AB,johansson.com,Insurance,649,227431017,Canada,NA,North America,Mid-market,Hadoop/Cloudera,U002,Prospect,False,2024-02-01
A01520,Karlsson AB,karlsson.com,Telecom,11545,1945205505,United States,NA,North America,Strategic,BigQuery,U002,Customer,True,2026-04-14
A01521,Atzler,atzler.com,Insurance,6130,1250256410,Sweden,Nordics,Continental Europe,Enterprise,Databricks;Airflow,U015,Prospect,True,2023-08-29
A01522,Smith Inc,smith.com,Healthcare,3236,572445164,United Kingdom,UK&I,UK&I,Enterprise,dbt;Hadoop/Cloudera;Databricks,U009,Prospect,True,2026-06-03
A01523,Mustafa HB,mustafa.com,Banking,1441,548654986,Canada,NA,North America,Enterprise,BigQuery;Redshift;Snowflake,U003,Prospect,False,2026-07-07
A01524,Abbott O'Connor and Brown,abbott.com,Healthcare,692,134358028,Canada,NA,North America,Mid-market,Airflow;Hadoop/Cloudera;BigQuery,U002,Prospect,True,2026-05-20
A01525,Mays Ltd,mays.com,CPG,1246,305319840,Sweden,Nordics,Continental Europe,Enterprise,Redshift,U015,Prospect,False,2025-05-13
A01526,Dawson Walters and O'Neill,dawson.com,Banking,5370,2023405260,United States,NA,North America,Enterprise,Redshift;Airflow,U003,Customer,False,2024-11-04
A01527,Hultgren AB,hultgren.com,CPG,11903,2569417289,United States,NA,North America,Strategic,Snowflake;Redshift,U002,Prospect,False,2026-04-14
A01528,Lopez Phillips and Guerrero,lopez.com,Healthcare,8461,2231241849,Canada,NA,North America,Enterprise,BigQuery;Snowflake;Hadoop/Cloudera,U003,Prospect,False,2026-09-29
A01529,Chavez Carney and Hammond,chavez.com,Healthcare,1108,197509864,United States,NA,North America,Enterprise,Redshift;Airflow;Snowflake,U002,Prospect,False,2025-01-08
A01530,Fritsch Zahn AG,fritsch.com,Manufacturing,590,228284570,United Kingdom,UK&I,UK&I,Mid-market,Hadoop/Cloudera;Redshift;Snowflake,U009,Prospect,False,2025-08-01
A01531,Kranz GmbH,kranz.com,Healthcare,2081,332483451,United Kingdom,UK&I,UK&I,Enterprise,Redshift;Airflow,U009,Prospect,True,2026-03-07
A01532,Heser GbR,heser.com,Manufacturing,308,122576300,United States,NA,North America,Mid-market,Snowflake;BigQuery,U003,Prospect,False,2024-06-03
A01533,Rees-Robinson,rees-robinson.com,Manufacturing,2497,599754430,United States,NA,North America,Enterprise,Databricks;BigQuery,U003,Prospect,False,2026-07-24
A01534,Gilbert Berry and Griffiths,gilbert.com,CPG,1559,299480782,United States,NA,North America,Enterprise,dbt,U003,Prospect,False,2023-12-19
A01535,Engström Lundkvist HB,engström.com,CPG,1134,196517664,Netherlands,Benelux,Continental Europe,Enterprise,BigQuery;dbt,U014,Prospect,False,2023-07-05
A01536,Beer AG,beer.com,Telecom,366,114558366,United Kingdom,UK&I,UK&I,Mid-market,Airflow;Databricks,U009,Prospect,False,2025-09-21
A01537,Luna Waters and Smith,luna.com,CPG,3021,799833918,United States,NA,North America,Enterprise,Redshift;Databricks,U002,Prospect,True,2026-04-06
A01538,Aalts & Brandt,aalts.com,Healthcare,1061,353907160,United States,NA,North America,Enterprise,dbt;BigQuery;Redshift,U002,Prospect,False,2024-02-11
A01539,Stichting Verharen,stichting.com,Manufacturing,561,172088994,United States,NA,North America,Mid-market,Hadoop/Cloudera;BigQuery;Databricks,U003,Prospect,False,2025-02-27
A01540,van den Bergh Groep,van.com,Manufacturing,250,90883750,United States,NA,North America,Mid-market,dbt;Redshift,U002,Prospect,False,2023-03-25
A01541,SKF,skf.com,,1758,571325388,United States,NA,North America,Enterprise,Snowflake;Hadoop/Cloudera,U002,Prospect,False,2024-05-17
A01542,van der Noot BV,van.com,Retail,10638,3402468558,Netherlands,Benelux,Continental Europe,Strategic,Databricks,U014,Prospect,False,2026-06-07
A01543,Finley-Meyers,finley-meyers.com,Retail,9521,2462749465,Canada,NA,North America,Enterprise,dbt;Redshift;Databricks,U003,Prospect,False,2025-03-29
A01544,van der Lede NV,van.com,Retail,1144,395557448,United Kingdom,UK&I,UK&I,Enterprise,Airflow;BigQuery,U009,Prospect,False,2024-04-25
A01545,Jähn,jähn.com,Telecom,990,168493050,United States,NA,North America,Mid-market,Databricks;BigQuery;Redshift,U002,Prospect,False,2025-11-05
A01546,Galijn NV,galijn.com,Healthcare,2889,670762242,Germany,DACH,Continental Europe,Enterprise,Redshift,U014,Prospect,False,2026-08-13
A01547,Aronsson Johansson HB,aronsson.com,CPG,666,139000860,Denmark,Nordics,Continental Europe,Mid-market,BigQuery;dbt,U014,Prospect,False,2026-04-25
A01548,Naylor Group,naylor.com,Insurance,2444,380767868,United States,NA,North America,Enterprise,Hadoop/Cloudera;dbt;Snowflake,U003,Prospect,False,2023-05-11
A01549,Booth-Wheeler,booth-wheeler.com,Banking,3889,1316220383,Germany,DACH,Continental Europe,Enterprise,dbt;BigQuery,U014,Prospect,False,2023-10-01
A01550,Caspar Schüler GmbH & Co. KG,caspar.com,Insurance,6166,1994620842,Norway,Nordics,Continental Europe,Enterprise,BigQuery;dbt,U015,Prospect,False,2025-11-06
A01551,Fowler Inc,fowler.com,Insurance,1635,573690435,Sweden,Nordics,Continental Europe,Enterprise,Airflow;dbt;BigQuery,U014,Customer,True,2025-01-03
A01552,Jönsson AB,jönsson.com,CPG,1474,248538510,United Kingdom,UK&I,UK&I,Enterprise,Snowflake;dbt;Hadoop/Cloudera,U008,Prospect,False,2026-05-16
A01553,Gustavsson & Khalil HB,gustavsson.com,Insurance,751,277182084,Germany,DACH,Continental Europe,Mid-market,Snowflake,U015,Prospect,False,2023-07-12
A01554,Morgan LLC,morgan.com,Healthcare,790,263657760,Sweden,Nordics,Continental Europe,Mid-market,Hadoop/Cloudera;Redshift;Airflow,U015,Prospect,False,2023-07-16
A01555,Wilson-Roman,wilson-roman.com,Insurance,1441,483317164,United States,NA,North America,Enterprise,BigQuery;Hadoop/Cloudera,U002,Prospect,False,2024-04-09
A01556,Söderberg Schmidt AB,söderberg.com,Manufacturing,2610,824600790,United States,NA,North America,Enterprise,BigQuery,U003,Prospect,False,2023-02-11
A01557,Svensson AB,svensson.com,Banking,4507,1334283829,Netherlands,Benelux,Continental Europe,Enterprise,Airflow,U015,Prospect,True,2025-12-19
A01558,Lambert-Jones,lambert-jones.com,Telecom,809,202945740,United States,NA,North America,Mid-market,Snowflake;dbt,U003,Prospect,False,2024-01-22
A01559,Eriksson AB,eriksson.com,Retail,8044,1589928776,United Kingdom,UK&I,UK&I,Enterprise,Databricks;BigQuery;Snowflake,U008,Prospect,False,2025-06-21
A01560,Chen LLC,chen.com,CPG,1378,270815584,Germany,DACH,Continental Europe,Enterprise,Databricks;Hadoop/Cloudera;Snowflake,U014,Customer,False,2023-09-04
A01561,Carr-Conley,carr-conley.com,Telecom,1769,698954897,Switzerland,DACH,Continental Europe,Enterprise,Snowflake;BigQuery,U014,Prospect,False,2023-07-24
A01562,Wilson PLC,wilson.com,Healthcare,856,163237488,Canada,NA,North America,Mid-market,BigQuery;Hadoop/Cloudera;dbt,U003,Prospect,False,2026-10-01
A01563,Andersson AB,andersson.com,Telecom,250,53636250,United Kingdom,UK&I,UK&I,Mid-market,Databricks;Redshift,U009,Prospect,False,2025-01-03
A01564,Royal den Buytelaar,royal.com,Retail,4376,1586623824,United States,NA,North America,Enterprise,Airflow;dbt;Snowflake,U002,Prospect,False,2025-12-15
A01565,Stolze KG,stolze.com,Manufacturing,3777,1093218657,United Kingdom,UK&I,UK&I,Enterprise,Hadoop/Cloudera;dbt;Databricks,U009,Prospect,False,2024-02-10
A01566,Halvarsson AB,halvarsson.com,Manufacturing,1364,357036548,United States,NA,North America,Enterprise,Hadoop/Cloudera;Redshift,U002,Prospect,False,2024-10-20
A01567,Thompson Brown and Hill,thompson.com,Healthcare,1933,486967159,United Kingdom,UK&I,UK&I,Enterprise,Hadoop/Cloudera;BigQuery,U008,Prospect,True,2023-07-02
A01568,Zwart & Konings,zwart.com,Healthcare,3028,1047821232,United States,NA,North America,Enterprise,dbt;Databricks;BigQuery,U002,Prospect,True,2024-09-12
A01569,Brisee & Huls,brisee.com,Telecom,378,109987038,United States,NA,North America,Mid-market,Redshift,U003,Prospect,False,2024-01-01
A01570,Salazar Strickland and Smith,salazar.com,Manufacturing,1065,354949590,United Kingdom,UK&I,UK&I,Enterprise,Databricks,U008,Prospect,False,2024-03-29
A01571,Amalrada BV,amalrada.com,Banking,4000,1348716000,Germany,DACH,Continental Europe,Enterprise,Hadoop/Cloudera,U014,Prospect,False,2023-04-03
A01572,Goddard PLC,goddard.com,Insurance,515,198796695,Sweden,Nordics,Continental Europe,Mid-market,Snowflake;BigQuery;Redshift,U014,Prospect,False,2024-11-08
A01573,Täsche Zorbach e.G.,täsche.com,Retail,2424,888832320,Norway,Nordics,Continental Europe,Enterprise,BigQuery,U015,Prospect,True,2024-05-19
A01574,Meeres & Janssens,meeres.com,Telecom,465,177256140,United Kingdom,UK&I,UK&I,Mid-market,Airflow;dbt,U009,Prospect,False,2024-07-12
A01575,Mende,mende.com,Banking,2882,746501404,United States,NA,North America,Enterprise,Hadoop/Cloudera;BigQuery,U002,Prospect,False,2026-05-14
A01576,Kuit & Brandt,kuit.com,Manufacturing,1744,442398736,United States,NA,North America,Enterprise,Airflow,U003,Prospect,False,2023-05-25
A01577,Nilsson AB,nilsson.com,Banking,359,68805940,United Kingdom,UK&I,UK&I,Mid-market,Snowflake;Databricks,U009,Prospect,False,2025-03-26
A01578,Lindner Adolph KG,lindner.com,Telecom,5794,1301523602,United States,NA,North America,Enterprise,BigQuery;Snowflake;Airflow,U003,Prospect,False,2023-06-27
A01579,Hardy PLC,hardy.com,Retail,867,175684545,United Kingdom,UK&I,UK&I,Mid-market,dbt,U008,Prospect,True,2024-04-13
A01580,Cox Juarez and Fernandez,cox.com,Retail,804,159480636,United States,NA,North America,Mid-market,Redshift,U002,Prospect,False,2025-06-16
A01581,Welch-Knowles,welch-knowles.com,Retail,2209,677058500,Germany,DACH,Continental Europe,Enterprise,Airflow,U014,Prospect,False,2023-03-31
A01582,Gude AG,gude.com,Insurance,5702,1365526364,United Kingdom,UK&I,UK&I,Enterprise,Databricks;BigQuery,U009,Prospect,False,2025-03-12
A01583,Watts Walker and Stephenson,watts.com,Telecom,654,184779852,United States,NA,North America,Mid-market,Databricks,U002,Prospect,False,2025-06-17
A01584,Preston Collier and Evans,preston.com,Retail,1923,323425524,United States,NA,North America,Enterprise,dbt,U003,Prospect,True,2024-10-12
A01585,Smith-Richards,smith-richards.com,Manufacturing,2776,463794648,United States,NA,North America,Enterprise,dbt;Redshift,U002,Prospect,False,2024-10-20
A01586,Groenestein Groep,groenestein.com,Insurance,3615,1396572105,United States,NA,North America,Enterprise,Airflow,U002,Prospect,True,2023-04-30
A01587,Thompson Floyd and Washington,thompson.com,CPG,2156,643831188,Switzerland,DACH,Continental Europe,Enterprise,Redshift,U014,Prospect,True,2026-01-22
A01588,Jacobson Ltd,jacobson.com,Manufacturing,1252,458239512,United States,NA,North America,Enterprise,dbt;Airflow,U003,Prospect,False,2025-07-09
A01589,Koninklijke Manne,koninklijke.com,Insurance,790,259920270,Belgium,Benelux,Continental Europe,Mid-market,dbt;BigQuery,U015,Churned,False,2025-09-08
A01590,Wulff AG,wulff.com,Insurance,1970,530069870,Belgium,Benelux,Continental Europe,Enterprise,BigQuery;Databricks;Airflow,U015,Prospect,False,2025-03-06
A01591,Dippel GbR,dippel.com,Insurance,618,152330202,Norway,Nordics,Continental Europe,Mid-market,Snowflake;Hadoop/Cloudera;BigQuery,U014,Prospect,False,2026-01-13
A01592,de Bruin & Muijs,de.com,Retail,250,45693500,Netherlands,Benelux,Continental Europe,Mid-market,BigQuery;Databricks;Hadoop/Cloudera,U015,Customer,False,2025-07-15
A01593,Richards-Brown,richards-brown.com,Retail,2797,759407876,United States,NA,North America,Enterprise,BigQuery;Redshift,U003,Prospect,False,2024-05-18
A01594,Moet & van Hostaden,moet.com,Insurance,4464,1334731536,United States,NA,North America,Enterprise,Redshift,U003,Customer,False,2025-04-16
A01595,Patel-Murphy,patel-murphy.com,Telecom,250,51492750,United States,NA,North America,Mid-market,Databricks;Hadoop/Cloudera,U002,Prospect,False,2026-07-01
A01596,Evans Phillips and Goodwin,evans.com,,658,136160598,United States,NA,North America,Mid-market,dbt;Databricks,U003,Customer,False,2025-06-26
A01597,Carroll Ramirez and Rodriguez,carroll.com,Insurance,3358,843459082,United States,NA,North America,Enterprise,Airflow;Databricks;BigQuery,U002,Prospect,False,2024-02-10
A01598,Baker Tilly Berk,baker.com,Telecom,14150,3860615250,United States,NA,North America,Strategic,Redshift,U002,Prospect,False,2026-06-04
A01599,Lloyd-Harris,lloyd-harris.com,Healthcare,1846,533660140,Sweden,Nordics,Continental Europe,Enterprise,Airflow;Snowflake;Redshift,U014,Prospect,True,2023-04-19
A01600,Watson Howe and Whitehead,watson.com,Banking,873,202647744,United States,NA,North America,Mid-market,Databricks;Airflow,U002,Customer,False,2023-05-16
A01601,Augustsson HB,augustsson.com,Telecom,1505,455935235,United States,NA,North America,Enterprise,Hadoop/Cloudera;BigQuery,U002,Prospect,True,2026-02-24
A01602,Jones Hall and Brown,jones.com,Insurance,7150,1378491400,United States,NA,North America,Enterprise,Snowflake;dbt,U003,Prospect,False,2025-08-19
A01603,Post & Verbruggen,post.com,Telecom,947,313332943,Germany,DACH,Continental Europe,Mid-market,Snowflake,U014,Customer,True,2023-03-22
A01604,Jurrijens & Aelftrud van Wessex,jurrijens.com,Retail,813,222717285,United States,NA,North America,Mid-market,Hadoop/Cloudera;Databricks,U002,Prospect,False,2025-01-12
A01605,Brievingh NV,brievingh.com,Healthcare,1115,334413030,Sweden,Nordics,Continental Europe,Enterprise,Hadoop/Cloudera,U014,Customer,False,2026-03-06
A01606,Johansson HB,johansson.com,Telecom,696,119909664,United States,NA,North America,Mid-market,Snowflake;Databricks,U002,Prospect,False,2023-11-03
A01607,van Henegouwen NV,van.com,CPG,2044,665013356,United States,NA,North America,Enterprise,Airflow,U003,Prospect,False,2023-06-20
A01608,Doherty Inc,doherty.com,CPG,9179,2567320405,United States,NA,North America,Enterprise,dbt,U003,Churned,False,2024-06-01
A01609,Huisman & Wipstrik,huisman.com,Telecom,2497,715210716,United States,NA,North America,Enterprise,Hadoop/Cloudera,U003,Customer,True,2024-05-04
A01610,Seifert AG,seifert.com,Telecom,1404,375828336,Germany,DACH,Continental Europe,Enterprise,BigQuery;Snowflake,U015,Prospect,False,2025-07-27
A01611,Caldwell-Martin,caldwell-martin.com,,1350,397592550,Ireland,UK&I,UK&I,Enterprise,Databricks,U008,Prospect,True,2025-02-18
A01612,van Hostaden NV,van.com,Retail,378,94355982,United States,NA,North America,Mid-market,Snowflake;Airflow,U003,Prospect,False,2025-11-15
A01613,Stevenson Pearson and Middleton,stevenson.com,CPG,4372,1142329276,Netherlands,Benelux,Continental Europe,Enterprise,Airflow;BigQuery,U014,Customer,False,2026-02-05
A01614,Draaisma NV,draaisma.com,Telecom,1672,367682832,United States,NA,North America,Enterprise,Hadoop/Cloudera,U002,Prospect,False,2025-11-08
A01615,Beckmann,beckmann.com,Banking,1509,547063806,Belgium,Benelux,Continental Europe,Enterprise,Redshift,U014,Prospect,False,2023-05-14
A01616,Weller Hiller Stiftung & Co. KG,weller.com,CPG,44051,9343789763,United States,NA,North America,Strategic,Redshift,U002,Prospect,True,2024-11-29
A01617,Lidén & Ekström AB,lidén.com,Healthcare,2437,410512650,Netherlands,Benelux,Continental Europe,Enterprise,dbt,U015,Prospect,False,2026-09-23
A01618,Nordgren Andersson HB,nordgren.com,Banking,852,140343996,United States,NA,North America,Mid-market,Databricks;Redshift;Snowflake,U002,Prospect,False,2023-01-08
A01619,Reyes Group,reyes.com,,1180,249096820,United States,NA,North America,Enterprise,Snowflake,U002,Prospect,False,2024-01-30
A01620,Holmberg AB,holmberg.com,Insurance,5701,1913597660,Canada,NA,North America,Enterprise,dbt;Airflow,U002,Prospect,False,2026-04-27
A01621,Andersson & Nilsson AB,andersson.com,Banking,2024,538390072,Netherlands,Benelux,Continental Europe,Enterprise,dbt,U014,Prospect,False,2024-06-23
A01622,Smith-Clark,smith-clark.com,Healthcare,429,129062934,United States,NA,North America,Mid-market,Airflow,U002,Prospect,True,2024-01-19
A01623,Nieuwstraten & Vaessen,nieuwstraten.com,CPG,4533,950542902,Netherlands,Benelux,Continental Europe,Enterprise,Hadoop/Cloudera,U015,Prospect,False,2024-08-07
A01624,Paffrath Stiffel GmbH & Co. KG,paffrath.com,Telecom,926,339035454,United States,NA,North America,Mid-market,Airflow;Databricks,U002,Prospect,False,2024-05-30
A01625,Bolnbach GmbH,bolnbach.com,,11769,1964811012,United States,NA,North America,Strategic,Snowflake,U003,Prospect,False,2026-06-23
A01626,Neureuther Otto GmbH & Co. OHG,neureuther.com,Retail,5324,910180392,Germany,DACH,Continental Europe,Enterprise,Redshift;Airflow;Hadoop/Cloudera,U014,Customer,False,2024-10-14
A01627,Mckinney-Gregory,mckinney-gregory.com,Telecom,1155,384610380,United Kingdom,UK&I,UK&I,Enterprise,dbt;Airflow;Snowflake,U009,Prospect,False,2025-01-03
A01628,Johansson Holmberg AB,johansson.com,Retail,6509,1608432481,Germany,DACH,Continental Europe,Enterprise,BigQuery;Hadoop/Cloudera,U015,Prospect,False,2024-04-12
A01629,Hopkins-Dickinson,hopkins-dickinson.com,Banking,1934,640359004,United Kingdom,UK&I,UK&I,Enterprise,Hadoop/Cloudera;Redshift,U009,Prospect,False,2025-04-05
A01630,Hayward-Hamilton,hayward-hamilton.com,Retail,4241,1138856935,Canada,NA,North America,Enterprise,Databricks,U003,Prospect,True,2023-10-13
A01631,Clark-Kennedy,clark-kennedy.com,Retail,2935,1109811550,Switzerland,DACH,Continental Europe,Enterprise,Databricks;Hadoop/Cloudera;BigQuery,U014,Prospect,False,2023-12-20
A01632,Reynolds Ltd,reynolds.com,Insurance,775,160334325,United States,NA,North America,Mid-market,Snowflake,U003,Prospect,False,2024-02-10
A01633,Butler-Fleming,butler-fleming.com,Retail,949,181734449,United States,NA,North America,Mid-market,Redshift;dbt,U003,Prospect,False,2025-10-19
A01634,Ward-Williams,ward-williams.com,CPG,5064,971761344,United States,NA,North America,Enterprise,Airflow;Snowflake,U003,Customer,True,2024-10-24
A01635,Lopez-Johnson,lopez-johnson.com,Healthcare,1293,292014999,Germany,DACH,Continental Europe,Enterprise,Databricks,U015,Prospect,False,2023-01-27
A01636,Berry Ali and Ward,berry.com,Manufacturing,1207,231232232,Sweden,Nordics,Continental Europe,Enterprise,Airflow;BigQuery,U015,Prospect,False,2025-12-20
A01637,Scheel Stadelmann Stiftung & Co. KG,scheel.com,,695,172271040,United States,NA,North America,Mid-market,Redshift;Databricks;BigQuery,U003,Prospect,False,2025-05-04
A01638,Johansson & Gustafsson AB,johansson.com,Telecom,2761,912311708,United States,NA,North America,Enterprise,Redshift,U003,Prospect,False,2025-09-02
A01639,Zobel GbR,zobel.com,Healthcare,14221,3403469267,Switzerland,DACH,Continental Europe,Strategic,Redshift;BigQuery;Databricks,U014,Customer,False,2026-03-18
A01640,Patel-Barber,patel-barber.com,Insurance,621,208423125,Denmark,Nordics,Continental Europe,Mid-market,dbt;Databricks;Airflow,U015,Prospect,False,2024-10-03
A01641,Gomez Group,gomez.com,Banking,1852,464296400,United Kingdom,UK&I,UK&I,Enterprise,dbt,U009,Prospect,False,2026-05-19
A01642,Bennett Ellis and Hussain,bennett.com,Manufacturing,7422,1630850904,Belgium,Benelux,Continental Europe,Enterprise,Hadoop/Cloudera,U015,Prospect,False,2024-07-19
A01643,Marshall King and Dyer,marshall.com,Telecom,1669,621265222,Germany,DACH,Continental Europe,Enterprise,Hadoop/Cloudera,U014,Prospect,True,2024-12-30
A01644,Thomas LLC,thomas.com,Retail,2842,844903864,Austria,DACH,Continental Europe,Enterprise,Redshift,U015,Customer,False,2024-10-05
A01645,Johansson HB,johansson.com,Healthcare,624,126325056,United Kingdom,UK&I,UK&I,Mid-market,Databricks;dbt;Airflow,U008,Prospect,True,2024-02-04
A01646,Moore Inc,moore.com,Healthcare,2774,621498056,United Kingdom,UK&I,UK&I,Enterprise,Redshift,U009,Prospect,False,2023-01-23
A01647,Finke Köhler GmbH & Co. KG,finke.com,Insurance,1499,281458236,United States,NA,North America,Enterprise,Snowflake;Redshift,U003,Prospect,False,2023-10-30
A01648,Khalil AB,khalil.com,,4845,1431983355,United States,NA,North America,Enterprise,dbt,U003,Prospect,True,2024-07-14
A01649,Velazquez-Mack,velazquez-mack.com,Insurance,5927,1986439977,Canada,NA,North America,Enterprise,Hadoop/Cloudera;BigQuery;Databricks,U002,Prospect,True,2023-04-18
A01650,Stichting Adryaens,stichting.com,Healthcare,24090,6626412210,Netherlands,Benelux,Continental Europe,Strategic,Databricks;BigQuery,U015,Prospect,False,2026-08-16
A01651,Hansson & Nilsson HB,hansson.com,Insurance,3228,760574904,United States,NA,North America,Enterprise,Redshift;Snowflake;BigQuery,U003,Prospect,False,2025-11-13
A01652,Stahr,stahr.com,Manufacturing,2504,844053328,United States,NA,North America,Enterprise,Hadoop/Cloudera,U002,Customer,True,2023-07-29
A01653,Briggs Woodward and Cook,briggs.com,Manufacturing,2195,464477365,United Kingdom,UK&I,UK&I,Enterprise,Redshift,U009,Customer,False,2025-04-25
A01654,Mendoza Williams and Gregory,mendoza.com,Banking,1270,354449380,United States,NA,North America,Enterprise,dbt;Snowflake,U003,Prospect,False,2023-11-14
A01655,Johnson-Williamson,johnson-williamson.com,Banking,2536,921785280,United Kingdom,UK&I,UK&I,Enterprise,Hadoop/Cloudera,U008,Prospect,False,2024-06-18
A01656,Evans-Rose,evans-rose.com,Banking,1345,429080555,United States,NA,North America,Enterprise,dbt;Snowflake;Airflow,U002,Prospect,True,2024-04-21
A01657,Ek & Karlsson HB,ek.com,CPG,2139,398046510,Sweden,Nordics,Continental Europe,Enterprise,BigQuery;Redshift;Hadoop/Cloudera,U015,Prospect,False,2025-10-05
A01658,Short Group,short.com,,6752,2246707744,United States,NA,North America,Enterprise,dbt;Snowflake,U002,Prospect,True,2024-04-15
A01659,Foster Henry and Morrison,foster.com,Banking,660,159448080,United Kingdom,UK&I,UK&I,Mid-market,Snowflake;dbt;BigQuery,U008,Prospect,False,2023-01-16
A01660,Sundberg HB,sundberg.com,Manufacturing,5652,1770551172,Belgium,Benelux,Continental Europe,Enterprise,BigQuery;dbt,U015,Prospect,False,2024-02-17
A01661,van Dagsburg & Zwart,van.com,Telecom,6748,1603884884,Germany,DACH,Continental Europe,Enterprise,BigQuery,U015,Prospect,False,2025-07-13
A01662,Stichting Schwartsbach,stichting.com,Healthcare,1606,515143772,United States,NA,North America,Enterprise,dbt;Hadoop/Cloudera;Databricks,U002,Prospect,False,2023-08-07
A01663,Jäntsch Matthäi KG,jäntsch.com,CPG,250,50973000,Germany,DACH,Continental Europe,Mid-market,Redshift,U015,Prospect,False,2026-04-29
A01664,Luna Group,luna.com,Telecom,984,267231768,Switzerland,DACH,Continental Europe,Mid-market,Airflow,U014,Prospect,False,2024-05-31
A01665,Athlon Car Lease,athlon.com,Banking,6614,1529408132,United States,NA,North America,Enterprise,Databricks,U002,Prospect,False,2025-03-06
A01666,Morgan Douglas and Wheeler,morgan.com,Retail,1767,446049111,Germany,DACH,Continental Europe,Enterprise,Redshift;Databricks;Hadoop/Cloudera,U015,Prospect,False,2026-09-28
A01667,Anderson Wilkins and Stokes,anderson.com,Insurance,665,113290065,Netherlands,Benelux,Continental Europe,Mid-market,Snowflake;Redshift;Airflow,U014,Prospect,False,2023-01-01
A01668,Andersson Wahlgren HB,andersson.com,Retail,1091,372070276,United States,NA,North America,Enterprise,Databricks;Snowflake;Airflow,U003,Prospect,False,2025-05-16
A01669,Ortiz LLC,ortiz.com,Telecom,4190,712086310,Germany,DACH,Continental Europe,Enterprise,Hadoop/Cloudera;Airflow,U014,Prospect,True,2023-09-03
A01670,van Leuven & Jacobi,van.com,Telecom,3123,842522940,United States,NA,North America,Enterprise,Snowflake,U002,Customer,False,2023-12-24
A01671,Lee LLC,lee.com,Banking,1423,483825692,United States,NA,North America,Enterprise,Hadoop/Cloudera,U003,Prospect,False,2025-09-09
A01672,Andersson Petersson HB,andersson.com,Manufacturing,1252,238111620,United States,NA,North America,Enterprise,Snowflake,U003,Prospect,True,2025-10-15
A01673,Exact,exact.com,Retail,1221,315157194,United States,NA,North America,Enterprise,Snowflake,U002,Prospect,False,2024-07-29
A01674,Moore LLC,moore.com,Manufacturing,718,197888698,Germany,DACH,Continental Europe,Mid-market,Redshift,U015,Prospect,False,2024-01-21
A01675,Simons NV,simons.com,Retail,9094,3295929326,United States,NA,North America,Enterprise,Airflow,U002,Prospect,False,2025-06-10
A01676,Walker-Berry,walker-berry.com,Manufacturing,1309,363985776,United Kingdom,UK&I,UK&I,Enterprise,Airflow,U008,Prospect,True,2025-01-22
A01677,Hubbard Group,hubbard.com,Retail,6106,1787598666,Canada,NA,North America,Enterprise,BigQuery,U003,Prospect,False,2024-10-18
A01678,Reese Perkins and Cunningham,reese.com,Telecom,8277,2124647961,Germany,DACH,Continental Europe,Enterprise,dbt,U015,Prospect,False,2024-08-21
A01679,Striebitz,striebitz.com,,4906,1702588052,United States,NA,North America,Enterprise,Airflow;dbt,U003,Prospect,False,2026-05-18
A01680,de Boer Groep,de.com,Insurance,1174,278522108,United States,NA,North America,Enterprise,Airflow;Hadoop/Cloudera,U003,Prospect,False,2023-12-03
A01681,Rasmussen AB,rasmussen.com,Telecom,2707,765369059,Netherlands,Benelux,Continental Europe,Enterprise,Databricks;dbt;BigQuery,U014,Prospect,False,2024-02-26
A01682,Borg HB,borg.com,Retail,1764,302398992,Austria,DACH,Continental Europe,Enterprise,Snowflake;dbt,U014,Prospect,False,2024-06-05
A01683,Humphries-Sharpe,humphries-sharpe.com,,732,290614980,Sweden,Nordics,Continental Europe,Mid-market,Airflow,U014,Prospect,False,2025-09-28
A01684,Stichting Slagmolen,stichting.com,Manufacturing,2500,923187500,United States,NA,North America,Enterprise,dbt;Hadoop/Cloudera,U003,Prospect,False,2025-04-15
A01685,Schwital,schwital.com,Banking,556,116312420,Germany,DACH,Continental Europe,Mid-market,Airflow;Hadoop/Cloudera;Databricks,U014,Prospect,False,2025-10-30
A01686,Lee Burton and Duran,lee.com,,5929,1113709289,Switzerland,DACH,Continental Europe,Enterprise,Airflow,U015,Prospect,False,2024-03-04
A01687,Landström HB,landström.com,Banking,1136,453767248,United Kingdom,UK&I,UK&I,Enterprise,Snowflake,U008,Prospect,True,2024-01-16
A01688,Stolze Thanel Stiftung & Co. KG,stolze.com,Manufacturing,2210,372827000,Austria,DACH,Continental Europe,Enterprise,BigQuery,U015,Customer,False,2025-01-02
A01689,Reinhardt KG,reinhardt.com,,2400,799027200,Ireland,UK&I,UK&I,Enterprise,BigQuery;Redshift;Hadoop/Cloudera,U009,Prospect,False,2026-04-22
A01690,Aumann AG & Co. KG,aumann.com,Manufacturing,1395,434076570,Belgium,Benelux,Continental Europe,Enterprise,Snowflake;Airflow;Hadoop/Cloudera,U014,Prospect,False,2024-06-07
A01691,Holmström Jonsson HB,holmström.com,CPG,3250,1167224500,Germany,DACH,Continental Europe,Enterprise,Redshift;dbt,U014,Prospect,False,2024-12-19
A01692,Lloyd PLC,lloyd.com,,1124,313068844,Sweden,Nordics,Continental Europe,Enterprise,Hadoop/Cloudera,U014,Customer,False,2023-06-27
A01693,James PLC,james.com,Healthcare,4321,752415730,Canada,NA,North America,Enterprise,Databricks,U002,Prospect,False,2024-05-09
A01694,Pettersson & Karlsson AB,pettersson.com,Retail,470,74730940,United Kingdom,UK&I,UK&I,Mid-market,BigQuery;dbt,U009,Prospect,False,2023-01-22
A01695,Merck,merck.com,Healthcare,2051,771495956,Germany,DACH,Continental Europe,Enterprise,Redshift;Snowflake;dbt,U015,Prospect,False,2024-07-16
A01696,Fuentes Inc,fuentes.com,Retail,12568,4525196376,Germany,DACH,Continental Europe,Strategic,Airflow;Redshift;Snowflake,U015,Prospect,False,2025-10-02
A01697,Koninklijke Woudenberg,koninklijke.com,Retail,664,150668240,United States,NA,North America,Mid-market,Snowflake,U003,Prospect,False,2023-11-14
A01698,Ball-Anderson,ball-anderson.com,Banking,918,185617764,Denmark,Nordics,Continental Europe,Mid-market,Hadoop/Cloudera;Databricks,U014,Prospect,False,2026-09-01
A01699,Tröst GmbH,tröst.com,CPG,3022,751734588,Belgium,Benelux,Continental Europe,Enterprise,BigQuery,U014,Prospect,False,2026-04-10
A01700,Olsen Walker and Vincent,olsen.com,,2163,729201375,Netherlands,Benelux,Continental Europe,Enterprise,Redshift;Airflow,U014,Prospect,True,2026-05-24
A01701,Wilson Harvey and Clarke,wilson.com,Retail,2567,718916587,United Kingdom,UK&I,UK&I,Enterprise,Redshift;Airflow,U009,Prospect,False,2025-01-24
A01702,Vazquez-Bowers,vazquez-bowers.com,,2948,765710572,United Kingdom,UK&I,UK&I,Enterprise,Snowflake;BigQuery,U009,Prospect,False,2023-05-14
A01703,Hampton Group,hampton.com,Manufacturing,3410,831197730,United States,NA,North America,Enterprise,Hadoop/Cloudera;dbt,U002,Customer,False,2023-09-05
A01704,Rodriguez Ltd,rodriguez.com,Banking,5484,1642633488,United States,NA,North America,Enterprise,Airflow,U002,Prospect,False,2025-02-03
A01705,Andersson & Bergsten HB,andersson.com,Retail,2723,456146068,United Kingdom,UK&I,UK&I,Enterprise,Databricks;dbt;Hadoop/Cloudera,U008,Prospect,False,2023-10-29
A01706,Turner Inc,turner.com,Manufacturing,1420,474119540,United States,NA,North America,Enterprise,Snowflake;BigQuery,U002,Prospect,True,2025-12-10
A01707,Mora and Sons,mora.com,Healthcare,3542,1023893024,Ireland,UK&I,UK&I,Enterprise,BigQuery,U008,Prospect,False,2025-09-10
A01708,Danielsson HB,danielsson.com,Insurance,12086,3916746278,Switzerland,DACH,Continental Europe,Strategic,Hadoop/Cloudera;Redshift,U014,Prospect,False,2026-07-21
A01709,Thomas Ltd,thomas.com,CPG,1583,571034007,United Kingdom,UK&I,UK&I,Enterprise,Databricks,U008,Prospect,True,2023-05-20
A01710,Keudel,keudel.com,Banking,682,203518348,Canada,NA,North America,Mid-market,Databricks,U003,Prospect,False,2024-04-06
A01711,Otto e.G.,otto.com,Retail,5470,906061740,Austria,DACH,Continental Europe,Enterprise,Snowflake;BigQuery,U015,Prospect,False,2025-02-04
A01712,Karlsson AB,karlsson.com,Healthcare,1602,591538500,United States,NA,North America,Enterprise,Airflow,U002,Prospect,False,2025-11-09
A01713,Hines Rice and Baldwin,hines.com,,250,94638750,Netherlands,Benelux,Continental Europe,Mid-market,Databricks;Redshift;dbt,U015,Prospect,True,2026-05-13
A01714,Wende KG,wende.com,Banking,4219,1254063998,United States,NA,North America,Enterprise,Airflow,U002,Prospect,True,2024-07-22
A01715,Garcia Lewis and Gordon,garcia.com,Retail,1058,339022346,United States,NA,North America,Enterprise,BigQuery;dbt,U003,Customer,False,2025-08-20
A01716,Royal Lelijveld,royal.com,Retail,1651,575459352,United Kingdom,UK&I,UK&I,Enterprise,dbt;Airflow;Redshift,U008,Prospect,True,2025-09-29
A01717,Langevoort NV,langevoort.com,Healthcare,2519,719242513,Denmark,Nordics,Continental Europe,Enterprise,Airflow;Snowflake;BigQuery,U015,Customer,False,2026-05-02
A01718,Bayer,bayer.com,Telecom,2187,859403520,United Kingdom,UK&I,UK&I,Enterprise,Databricks;dbt,U008,Prospect,False,2024-11-17
A01719,Jansson HB,jansson.com,Retail,3675,819569100,United Kingdom,UK&I,UK&I,Enterprise,dbt;Hadoop/Cloudera,U008,Prospect,False,2023-10-13
A01720,Rodriguez-Taylor,rodriguez-taylor.com,Manufacturing,1169,265755784,Switzerland,DACH,Continental Europe,Enterprise,Airflow,U015,Prospect,False,2024-02-23
A01721,Hövel,hövel.com,Healthcare,3020,864758880,Switzerland,DACH,Continental Europe,Enterprise,Snowflake,U015,Prospect,False,2026-07-21
A01722,Andersson & Hansson AB,andersson.com,Insurance,1394,533334642,Austria,DACH,Continental Europe,Enterprise,Redshift;Hadoop/Cloudera;BigQuery,U014,Prospect,False,2026-03-09
A01723,Koninklijke Thout,koninklijke.com,Telecom,3785,712950170,Canada,NA,North America,Enterprise,dbt;Snowflake,U003,Prospect,False,2026-02-01
A01724,le Gulcher & Smeets,le.com,Banking,3345,560100180,Norway,Nordics,Continental Europe,Enterprise,Redshift,U015,Customer,False,2026-02-01
A01725,Dorsman & van Ommeren,dorsman.com,Telecom,709,201346074,United Kingdom,UK&I,UK&I,Mid-market,Hadoop/Cloudera;Databricks;BigQuery,U008,Churned,False,2025-09-29
A01726,Aumann OHG mbH,aumann.com,Retail,5356,1417208312,United Kingdom,UK&I,UK&I,Enterprise,BigQuery;Snowflake,U008,Prospect,False,2023-04-22
A01727,de Smit NV,de.com,Banking,1057,235401299,United States,NA,North America,Enterprise,dbt,U003,Prospect,True,2025-05-16
A01728,Moberg & Bergsten HB,moberg.com,Manufacturing,4056,1210805232,United States,NA,North America,Enterprise,Snowflake,U002,Prospect,False,2024-07-21
A01729,Koster BV,koster.com,,2610,549198810,United States,NA,North America,Enterprise,dbt,U003,Customer,False,2024-04-29
A01730,Kambs AG & Co. OHG,kambs.com,Healthcare,11363,3444386649,United States,NA,North America,Strategic,Redshift;Databricks,U002,Prospect,False,2024-02-21
A01731,Bergström Pettersson HB,bergström.com,Banking,1445,277506470,United Kingdom,UK&I,UK&I,Enterprise,dbt,U009,Prospect,True,2024-05-19
A01732,Wilms,wilms.com,Insurance,1274,271928930,Netherlands,Benelux,Continental Europe,Enterprise,dbt;Databricks,U014,Customer,False,2023-01-07
A01733,Fredriksson & Olsson HB,fredriksson.com,Telecom,1773,468219159,United States,NA,North America,Enterprise,Redshift;dbt;Hadoop/Cloudera,U003,Prospect,True,2023-06-17
A01734,Stahr Schleich GmbH,stahr.com,Retail,1335,355116675,United States,NA,North America,Enterprise,Airflow,U003,Prospect,False,2023-02-17
A01735,Stichting van Hostaden,stichting.com,Telecom,4023,819778779,United Kingdom,UK&I,UK&I,Enterprise,Hadoop/Cloudera;Redshift;dbt,U009,Prospect,False,2026-06-14
A01736,King Group,king.com,Retail,359,110932436,United States,NA,North America,Mid-market,BigQuery,U002,Prospect,False,2025-02-12
A01737,Hewitt Holland and Rahman,hewitt.com,Retail,630,128707740,United States,NA,North America,Mid-market,BigQuery,U003,Prospect,False,2024-08-18
A01738,Gregory-Stanton,gregory-stanton.com,Retail,621,190895400,Belgium,Benelux,Continental Europe,Mid-market,Snowflake;Airflow,U014,Prospect,True,2023-02-14
A01739,Stichting Stinis,stichting.com,Telecom,4676,1142094296,United States,NA,North America,Enterprise,Snowflake;Hadoop/Cloudera,U003,Prospect,False,2023-07-03
A01740,Bengtsson & Andreasson HB,bengtsson.com,Telecom,10002,2099559828,United States,NA,North America,Strategic,BigQuery;Redshift,U003,Prospect,False,2026-04-14
A01741,Soos & van Wassenaar,soos.com,Healthcare,1628,470786668,United Kingdom,UK&I,UK&I,Enterprise,Redshift,U008,Customer,False,2024-04-13
A01742,Royal Walter,royal.com,Insurance,1527,266027832,United States,NA,North America,Enterprise,Airflow;dbt;Snowflake,U003,Prospect,False,2025-07-16
A01743,Ali & Olofsson HB,ali.com,Insurance,1939,727221950,United States,NA,North America,Enterprise,BigQuery;Databricks,U002,Prospect,False,2023-05-17
A01744,Cole-Farrell,cole-farrell.com,Banking,5778,1807219728,United States,NA,North America,Enterprise,dbt,U002,Prospect,False,2025-05-16
A01745,Achmea,achmea.com,Insurance,715,110470360,Belgium,Benelux,Continental Europe,Mid-market,dbt,U014,Prospect,True,2024-01-02
A01746,Hawkins LLC,hawkins.com,CPG,2294,622249794,United Kingdom,UK&I,UK&I,Enterprise,Redshift;BigQuery;Databricks,U008,Prospect,False,2023-01-18
A01747,Crawford-Webster,crawford-webster.com,Insurance,4794,1682181042,United States,NA,North America,Enterprise,dbt;Snowflake,U002,Prospect,False,2025-08-18
A01748,Peter Appel Transport,peter.com,Insurance,2984,636842296,United States,NA,North America,Enterprise,Redshift;BigQuery;dbt,U003,Prospect,False,2023-08-14
A01749,Leonard Keller and Jennings,leonard.com,Insurance,2185,694408295,Germany,DACH,Continental Europe,Enterprise,Redshift;Snowflake;Airflow,U015,Prospect,False,2025-12-19
A01750,Jonsson Rydén AB,jonsson.com,Manufacturing,4919,1710454356,Switzerland,DACH,Continental Europe,Enterprise,dbt;Redshift,U015,Customer,False,2026-08-18
A01751,Koninklijke de Gratie,koninklijke.com,Telecom,250,89036500,Sweden,Nordics,Continental Europe,Mid-market,dbt;Airflow;Hadoop/Cloudera,U015,Prospect,False,2025-10-27
A01752,Henriksson & Wiklund HB,henriksson.com,Insurance,3561,1285460463,Netherlands,Benelux,Continental Europe,Enterprise,Databricks,U014,Prospect,False,2024-09-03
A01753,Garza and Sons,garza.com,Retail,940,235271660,United States,NA,North America,Mid-market,BigQuery;Redshift,U002,Prospect,False,2023-02-02
A01754,Weihmann Säuberlich AG,weihmann.com,CPG,289,91718774,United States,NA,North America,Mid-market,Hadoop/Cloudera,U002,Prospect,False,2024-05-15
A01755,Dietz Lorch GmbH,dietz.com,Insurance,3014,1166086460,United States,NA,North America,Enterprise,BigQuery;Hadoop/Cloudera,U003,Prospect,False,2024-02-24
A01756,Killer Blümel OHG mbH,killer.com,Retail,7141,1167267860,Canada,NA,North America,Enterprise,Databricks,U002,Prospect,True,2025-08-10
A01757,Henry LLC,henry.com,Manufacturing,1575,596324925,Belgium,Benelux,Continental Europe,Enterprise,Snowflake;dbt,U015,Prospect,False,2025-09-04
A01758,Sundin AB,sundin.com,CPG,4688,1744315728,United States,NA,North America,Enterprise,Snowflake;BigQuery,U003,Prospect,False,2023-12-06
A01759,Kallert AG & Co. KGaA,kallert.com,Banking,9065,1706549705,United States,NA,North America,Enterprise,Airflow;dbt;BigQuery,U002,Prospect,False,2025-12-03
A01760,Nguyen Murray and Boyer,nguyen.com,Retail,6733,1721978216,United States,NA,North America,Enterprise,Redshift;dbt,U003,Prospect,False,2025-01-23
A01761,Ström & Forsman HB,ström.com,Healthcare,9320,2828778440,United States,NA,North America,Enterprise,Hadoop/Cloudera,U003,Prospect,False,2026-09-26
A01762,Åkerlund HB,åkerlund.com,,3797,1315011213,Germany,DACH,Continental Europe,Enterprise,dbt;Snowflake;Databricks,U015,Prospect,False,2026-07-24
A01763,Hammar Bengtsson HB,hammar.com,Insurance,1949,681725118,United States,NA,North America,Enterprise,Snowflake,U003,Prospect,False,2023-04-01
A01764,Leonard Rogers and Shaw,leonard.com,Insurance,364,73158540,United States,NA,North America,Mid-market,dbt;Databricks,U003,Prospect,False,2025-05-24
A01765,Schmiedecke GmbH,schmiedecke.com,Telecom,1413,551270646,United Kingdom,UK&I,UK&I,Enterprise,Snowflake,U008,Prospect,True,2025-09-15
A01766,Gutknecht Oestrovsky KGaA,gutknecht.com,Insurance,778,212209614,Switzerland,DACH,Continental Europe,Mid-market,Airflow,U015,Prospect,False,2024-12-02
A01767,Lewis Baker and Evans,lewis.com,Telecom,15850,5911701300,United Kingdom,UK&I,UK&I,Strategic,BigQuery;dbt,U009,Prospect,False,2023-11-15
A01768,Persson Ljunggren AB,persson.com,CPG,1516,512168472,Ireland,UK&I,UK&I,Enterprise,dbt;Airflow;BigQuery,U008,Prospect,True,2025-09-16
A01769,Lindblom HB,lindblom.com,Healthcare,2045,467879640,United States,NA,North America,Enterprise,Airflow;Hadoop/Cloudera,U002,Customer,False,2024-06-11
A01770,Solis Alvarez and Clark,solis.com,Insurance,3138,927257034,United States,NA,North America,Enterprise,Redshift,U002,Customer,False,2023-11-10
A01771,Colon Wagner and Evans,colon.com,Manufacturing,1888,551552768,Sweden,Nordics,Continental Europe,Enterprise,BigQuery;Hadoop/Cloudera;Airflow,U015,Prospect,False,2024-05-11
A01772,Ekholm Jakobsson HB,ekholm.com,Retail,9848,3925816568,United States,NA,North America,Enterprise,Snowflake;BigQuery;Redshift,U003,Prospect,False,2025-04-28
A01773,Sjöholm AB,sjöholm.com,Banking,970,230374030,Canada,NA,North America,Mid-market,Snowflake;BigQuery,U002,Prospect,False,2025-03-22
A01774,Emanuelsson Wall HB,emanuelsson.com,Retail,2196,576996804,United Kingdom,UK&I,UK&I,Enterprise,BigQuery,U008,Prospect,False,2023-11-23
A01775,Reichmann,reichmann.com,Healthcare,860,213957680,United Kingdom,UK&I,UK&I,Mid-market,Snowflake,U008,Prospect,False,2023-11-04
A01776,Svensson Nilsson AB,svensson.com,Retail,482,185585906,United Kingdom,UK&I,UK&I,Mid-market,Redshift,U008,Churned,True,2023-12-30
A01777,Holm AB,holm.com,Telecom,980,363716220,United States,NA,North America,Mid-market,Airflow;Redshift,U003,Prospect,True,2023-12-05
A01778,Morris LLC,morris.com,Telecom,1742,306950852,Belgium,Benelux,Continental Europe,Enterprise,dbt,U014,Churned,False,2024-01-29
A01779,Tauw,tauw.com,Retail,1176,430481856,Switzerland,DACH,Continental Europe,Enterprise,Snowflake;BigQuery,U015,Prospect,False,2026-06-08
A01780,Harris Gutierrez and Colon,harris.com,Banking,904,245162992,United States,NA,North America,Mid-market,Redshift;BigQuery;Databricks,U002,Prospect,False,2024-08-04
A01781,Holmes-Smith,holmes-smith.com,CPG,443,105778211,United States,NA,North America,Mid-market,Databricks;Airflow;Hadoop/Cloudera,U003,Prospect,False,2024-08-24
A01782,Burrows Inc,burrows.com,CPG,1663,424304472,Ireland,UK&I,UK&I,Enterprise,Redshift;Databricks,U009,Prospect,False,2025-08-02
A01783,Hall-Moore,hall-moore.com,Insurance,401,64018046,United States,NA,North America,Mid-market,Snowflake,U002,Prospect,False,2023-09-16
A01784,Honeywell,honeywell.com,Banking,3866,866173434,United States,NA,North America,Enterprise,Airflow;BigQuery,U002,Prospect,False,2023-09-09
A01785,Moore and Sons,moore.com,Manufacturing,1963,779489633,Sweden,Nordics,Continental Europe,Enterprise,dbt;Airflow;Redshift,U015,Customer,False,2025-08-27
A01786,Clarke-Ramirez,clarke-ramirez.com,Telecom,420,80233860,Ireland,UK&I,UK&I,Mid-market,Databricks;BigQuery,U008,Prospect,False,2024-05-31
A01787,Lundmark AB,lundmark.com,,1327,372153169,United States,NA,North America,Enterprise,Airflow;Hadoop/Cloudera,U003,Prospect,False,2025-05-14
A01788,Coenen BV,coenen.com,CPG,852,254340744,Ireland,UK&I,UK&I,Mid-market,Databricks;Snowflake;Redshift,U009,Prospect,False,2024-11-16
A01789,Huhn,huhn.com,Insurance,2487,529532040,United States,NA,North America,Enterprise,dbt;Hadoop/Cloudera;BigQuery,U002,Prospect,False,2023-01-19
A01790,Mosley-Powers,mosley-powers.com,Manufacturing,6908,1657263740,United Kingdom,UK&I,UK&I,Enterprise,BigQuery;Redshift;Snowflake,U008,Prospect,False,2025-10-23
A01791,Hahn-Ramsey,hahn-ramsey.com,Insurance,277,65695259,United States,NA,North America,Mid-market,Airflow;Redshift;dbt,U003,Prospect,False,2026-04-24
A01792,Clark Ltd,clark.com,Healthcare,2028,408749484,United Kingdom,UK&I,UK&I,Enterprise,Redshift;Airflow,U008,Prospect,False,2026-01-25
A01793,Karlsson HB,karlsson.com,CPG,1540,415264080,United States,NA,North America,Enterprise,BigQuery,U003,Prospect,False,2023-05-09
A01794,Pasman Groep,pasman.com,Retail,3538,1392358672,Canada,NA,North America,Enterprise,dbt;Redshift,U002,Customer,False,2024-04-01
A01795,Murphy-Silva,murphy-silva.com,Telecom,2237,858345848,United States,NA,North America,Enterprise,Redshift;Snowflake;Databricks,U003,Prospect,True,2024-04-14
A01796,van Breukeleveen & Molen,van.com,CPG,852,228138336,United States,NA,North America,Mid-market,Hadoop/Cloudera,U002,Prospect,False,2024-07-14
A01797,Jarvis LLC,jarvis.com,Healthcare,1314,520860402,United Kingdom,UK&I,UK&I,Enterprise,Snowflake;dbt,U009,Prospect,False,2025-10-14
A01798,Apollo Vredestein,apollo.com,Insurance,815,236356520,Norway,Nordics,Continental Europe,Mid-market,dbt;BigQuery;Snowflake,U014,Customer,False,2024-11-03
A01799,Jönsson HB,jönsson.com,Manufacturing,5302,1073633792,United States,NA,North America,Enterprise,Airflow,U003,Prospect,False,2025-09-09
A01800,Gardner-Wells,gardner-wells.com,Insurance,1846,727466142,United States,NA,North America,Enterprise,Airflow;BigQuery;Databricks,U003,Prospect,False,2025-05-23
A01801,Shaw-Cross,shaw-cross.com,Insurance,12102,2961916092,United States,NA,North America,Strategic,Redshift,U003,Prospect,False,2026-01-28
A01802,Trubin Koch GmbH,trubin.com,Banking,1701,324518481,United Kingdom,UK&I,UK&I,Enterprise,Redshift,U008,Customer,True,2024-07-07
A01803,Rasmussen Obrien and Skinner,rasmussen.com,Banking,890,311957460,Denmark,Nordics,Continental Europe,Mid-market,BigQuery;Snowflake,U015,Prospect,False,2026-06-12
A01804,Lowery Powers and King,lowery.com,Banking,397,96626227,United States,NA,North America,Mid-market,BigQuery,U002,Prospect,False,2024-05-27
A01805,Royal Wouters,royal.com,Healthcare,297,107176014,Germany,DACH,Continental Europe,Mid-market,Snowflake,U014,Prospect,False,2025-12-31
A01806,Camacho Mathews and Price,camacho.com,CPG,370,116757940,United States,NA,North America,Mid-market,Snowflake;BigQuery,U003,Prospect,False,2025-11-15
A01807,Koninklijke Galenzone,koninklijke.com,Retail,2361,485582148,Germany,DACH,Continental Europe,Enterprise,Databricks,U015,Prospect,False,2023-05-18
A01808,Kelly-Ball,kelly-ball.com,,3007,629789087,Denmark,Nordics,Continental Europe,Enterprise,Redshift;Hadoop/Cloudera;dbt,U015,Prospect,False,2024-02-12
A01809,Royal le Gallen,royal.com,Banking,371,99697717,Belgium,Benelux,Continental Europe,Mid-market,Snowflake,U015,Prospect,False,2025-02-01
A01810,Delacruz-Morrow,delacruz-morrow.com,Retail,4425,1533426225,United Kingdom,UK&I,UK&I,Enterprise,BigQuery,U009,Prospect,False,2026-05-02
A01811,Verkade,verkade.com,CPG,1115,201299870,United Kingdom,UK&I,UK&I,Enterprise,Databricks;Hadoop/Cloudera;Airflow,U009,Prospect,False,2026-07-30
A01812,Royal van Breugel,royal.com,,2093,608627656,United States,NA,North America,Enterprise,BigQuery;Snowflake,U002,Prospect,False,2023-10-08
A01813,Hale PLC,hale.com,CPG,9065,2261753760,Germany,DACH,Continental Europe,Enterprise,BigQuery,U015,Prospect,False,2025-12-23
A01814,Fisher-Daniel,fisher-daniel.com,,4433,1023318153,United States,NA,North America,Enterprise,BigQuery;Hadoop/Cloudera;Snowflake,U002,Churned,False,2023-07-10
A01815,Hansson & Niklasson AB,hansson.com,Healthcare,1382,425722336,Netherlands,Benelux,Continental Europe,Enterprise,Redshift;Snowflake;BigQuery,U014,Prospect,False,2024-11-14
A01816,Williams Hart and Harper,williams.com,Banking,741,146623152,United States,NA,North America,Mid-market,Databricks;dbt;Snowflake,U002,Prospect,False,2026-01-31
A01817,Rogers Allen and Griffiths,rogers.com,CPG,250,42720750,Germany,DACH,Continental Europe,Mid-market,dbt;Redshift;Airflow,U015,Customer,False,2023-07-25
A01818,Edwards Read and Brooks,edwards.com,CPG,880,346720000,Belgium,Benelux,Continental Europe,Mid-market,BigQuery,U015,Prospect,False,2023-04-17
A01819,Vincent James and Newton,vincent.com,Banking,1463,583400510,United States,NA,North America,Enterprise,Snowflake;Redshift;Hadoop/Cloudera,U002,Prospect,False,2026-01-14
A01820,Risma & Kuiper,risma.com,Insurance,673,205189624,United States,NA,North America,Mid-market,Redshift;Databricks;Snowflake,U003,Prospect,False,2026-03-11
A01821,Paulsson Ekelund HB,paulsson.com,Banking,1585,499861450,Germany,DACH,Continental Europe,Enterprise,Hadoop/Cloudera,U014,Prospect,True,2025-11-09
A01822,Kreusel GmbH,kreusel.com,,1952,295503520,United States,NA,North America,Enterprise,dbt;BigQuery;Redshift,U002,Prospect,False,2025-05-30
A01823,Ali AB,ali.com,Manufacturing,1443,363386361,United States,NA,North America,Enterprise,Redshift,U003,Prospect,False,2026-04-24
A01824,Lindskog & Eriksson AB,lindskog.com,Healthcare,943,212560687,United States,NA,North America,Mid-market,Databricks;dbt,U002,Prospect,False,2026-05-24
A01825,Romijn & Koster,romijn.com,,2140,548505540,Canada,NA,North America,Enterprise,Databricks;Airflow;BigQuery,U002,Prospect,False,2026-04-03
A01826,Williamson-Burke,williamson-burke.com,Manufacturing,2812,605187392,United States,NA,North America,Enterprise,Airflow,U002,Prospect,False,2023-04-06
A01827,Hayward and Sons,hayward.com,Manufacturing,607,153858111,Germany,DACH,Continental Europe,Mid-market,Databricks,U015,Customer,False,2026-08-27
A01828,Ahmed HB,ahmed.com,Banking,7412,2724436252,United States,NA,North America,Enterprise,Snowflake;Hadoop/Cloudera;Redshift,U003,Prospect,True,2026-08-20
A01829,Berenschot,berenschot.com,CPG,1638,404040546,Switzerland,DACH,Continental Europe,Enterprise,Hadoop/Cloudera;Redshift,U015,Prospect,False,2026-07-24
A01830,Martin Harding and Bradley,martin.com,Retail,1842,446837886,United States,NA,North America,Enterprise,Redshift,U002,Prospect,False,2025-06-14
A01831,Weinhold Oderwald GmbH,weinhold.com,Banking,3670,967356950,United States,NA,North America,Enterprise,Databricks;Snowflake,U002,Prospect,False,2024-02-22
A01832,Baxter-Foster,baxter-foster.com,Telecom,2282,426467006,United States,NA,North America,Enterprise,BigQuery;Databricks,U003,Prospect,False,2025-12-20
A01833,Stey,stey.com,Retail,4689,1130911776,United States,NA,North America,Enterprise,Airflow;Databricks,U003,Prospect,False,2025-09-03
A01834,Gardner-James,gardner-james.com,Telecom,2409,462679767,Denmark,Nordics,Continental Europe,Enterprise,Databricks;Hadoop/Cloudera,U014,Prospect,False,2025-09-22
A01835,Cherry-Young,cherry-young.com,Healthcare,980,277941720,United States,NA,North America,Mid-market,Databricks;Snowflake;BigQuery,U003,Prospect,False,2024-07-10
A01836,Zwart & van Kuijc van Malsen,zwart.com,Healthcare,2595,933091935,Netherlands,Benelux,Continental Europe,Enterprise,Airflow;Hadoop/Cloudera,U014,Prospect,False,2023-08-08
A01837,Harrison LLC,harrison.com,Telecom,576,124465536,United States,NA,North America,Mid-market,Redshift,U002,Prospect,False,2023-01-07
A01838,de Hoog & van Breukeleveen,de.com,Banking,2015,475175285,United States,NA,North America,Enterprise,Redshift;dbt;Hadoop/Cloudera,U003,Prospect,False,2023-08-11
A01839,Andersson Larsson AB,andersson.com,Manufacturing,1748,612359360,Germany,DACH,Continental Europe,Enterprise,BigQuery;Airflow,U015,Prospect,False,2026-10-03
A01840,Mude GmbH,mude.com,Healthcare,1468,437709156,Netherlands,Benelux,Continental Europe,Enterprise,BigQuery;Snowflake;Hadoop/Cloudera,U015,Prospect,False,2024-10-27
A01841,Wang & Lindgren AB,wang.com,Telecom,1589,387007306,United States,NA,North America,Enterprise,Redshift;Databricks,U003,Prospect,False,2026-02-25
A01842,Wagner-James,wagner-james.com,Banking,275,48689025,United States,NA,North America,Mid-market,Databricks;Redshift;Hadoop/Cloudera,U002,Prospect,False,2023-05-29
A01843,Stichting Brizee,stichting.com,,1044,277368876,United States,NA,North America,Enterprise,Databricks;Redshift;Airflow,U002,Prospect,True,2023-01-24
A01844,Fors HB,fors.com,Retail,1983,359973990,Belgium,Benelux,Continental Europe,Enterprise,Airflow;dbt,U015,Customer,True,2024-04-29
A01845,Eigenwillig Cichorius GmbH,eigenwillig.com,Banking,2121,765965214,United Kingdom,UK&I,UK&I,Enterprise,Redshift;dbt,U008,Prospect,False,2026-01-13
A01846,Blomqvist Bergman AB,blomqvist.com,CPG,646,214741382,United States,NA,North America,Mid-market,Snowflake;Hadoop/Cloudera;Databricks,U003,Customer,True,2025-10-28
A01847,Carr-Lee,carr-lee.com,Healthcare,6410,1428077490,United Kingdom,UK&I,UK&I,Enterprise,Hadoop/Cloudera,U009,Customer,False,2026-02-13
A01848,Holzapfel Hesse KG,holzapfel.com,Banking,760,261210480,Germany,DACH,Continental Europe,Mid-market,Airflow,U014,Prospect,False,2023-11-18
A01849,Johann,johann.com,Banking,4766,1629991064,United States,NA,North America,Enterprise,Databricks,U002,Prospect,False,2023-05-06
A01850,Totwiller & van Tuijl,totwiller.com,Insurance,2771,865034154,Ireland,UK&I,UK&I,Enterprise,Snowflake,U008,Prospect,False,2025-01-20
A01851,Davis Moss and Roberts,davis.com,CPG,947,216423592,United Kingdom,UK&I,UK&I,Mid-market,Hadoop/Cloudera;Databricks;Snowflake,U008,Prospect,True,2025-02-06
A01852,Hernandez and Sons,hernandez.com,Insurance,10671,3515251491,United States,NA,North America,Strategic,Snowflake;Redshift,U002,Prospect,False,2023-08-11
A01853,Jones and Sons,jones.com,Manufacturing,548,198933864,United States,NA,North America,Mid-market,BigQuery,U003,Customer,False,2026-05-02
A01854,Enexis,enexis.com,Healthcare,4533,936127962,United Kingdom,UK&I,UK&I,Enterprise,Hadoop/Cloudera;Databricks,U009,Prospect,False,2024-03-14
A01855,van Geenen NV,van.com,CPG,4917,1732382025,Sweden,Nordics,Continental Europe,Enterprise,Databricks,U015,Prospect,False,2025-08-10
A01856,Johansson Berglund AB,johansson.com,CPG,924,279427764,Sweden,Nordics,Continental Europe,Mid-market,Redshift,U014,Customer,False,2025-12-28
A01857,Davis-Oneill,davis-oneill.com,Banking,7276,2159640492,Sweden,Nordics,Continental Europe,Enterprise,Hadoop/Cloudera;Airflow,U014,Prospect,False,2024-04-19
A01858,Banks LLC,banks.com,Insurance,1408,546342016,Switzerland,DACH,Continental Europe,Enterprise,dbt,U014,Prospect,False,2024-11-25
A01859,Lindberg & Lindahl AB,lindberg.com,Banking,2413,526195671,United Kingdom,UK&I,UK&I,Enterprise,BigQuery;dbt,U008,Prospect,True,2025-10-01
A01860,Dahlin & Svensson AB,dahlin.com,Insurance,2345,437633280,Netherlands,Benelux,Continental Europe,Enterprise,Airflow,U014,Prospect,False,2023-05-27
A01861,Verhaar BV,verhaar.com,Manufacturing,1580,463447180,United States,NA,North America,Enterprise,Airflow,U003,Prospect,False,2024-11-22
A01862,Stiffel,stiffel.com,CPG,4067,622340474,United States,NA,North America,Enterprise,Redshift,U002,Prospect,False,2023-06-21
A01863,Brooks-Hickman,brooks-hickman.com,,3997,1377214314,United States,NA,North America,Enterprise,dbt;Snowflake;Airflow,U002,Prospect,False,2025-06-18
A01864,Hernandez-Miller,hernandez-miller.com,Healthcare,314,100401500,Switzerland,DACH,Continental Europe,Mid-market,Snowflake;Airflow,U014,Prospect,False,2024-10-02
A01865,De Goudse Verzekeringen,de.com,Banking,6663,2387506149,United States,NA,North America,Enterprise,Airflow;BigQuery;Redshift,U003,Prospect,False,2023-10-30
A01866,Sontag,sontag.com,Healthcare,342,99713862,United Kingdom,UK&I,UK&I,Mid-market,BigQuery;Hadoop/Cloudera,U008,Prospect,False,2024-08-14
A01867,Booker-Douglas,booker-douglas.com,CPG,5077,818057010,United Kingdom,UK&I,UK&I,Enterprise,Hadoop/Cloudera;Redshift,U008,Prospect,False,2023-04-01
A01868,Royal Houdijk,royal.com,Banking,5578,1804756322,United Kingdom,UK&I,UK&I,Enterprise,Databricks;Hadoop/Cloudera,U009,Prospect,True,2025-11-22
A01869,Roberts LLC,roberts.com,Insurance,607,155523112,United States,NA,North America,Mid-market,dbt;Snowflake,U002,Prospect,False,2025-11-13
A01870,Weimer AG,weimer.com,Telecom,1198,295761042,United States,NA,North America,Enterprise,Snowflake;BigQuery;Airflow,U002,Prospect,False,2023-03-27
A01871,Håkansson & Jakobsson AB,håkansson.com,Banking,598,187678712,United Kingdom,UK&I,UK&I,Mid-market,Snowflake;Hadoop/Cloudera,U008,Prospect,False,2026-06-11
A01872,Archer-Davis,archer-davis.com,Healthcare,1458,354412098,United Kingdom,UK&I,UK&I,Enterprise,Redshift,U008,Prospect,True,2023-04-07
A01873,Marsh-Kirby,marsh-kirby.com,CPG,1328,335552400,Sweden,Nordics,Continental Europe,Enterprise,Redshift;dbt,U014,Customer,False,2023-01-11
A01874,Burns Group,burns.com,Manufacturing,3942,858591252,United States,NA,North America,Enterprise,Databricks;dbt;Hadoop/Cloudera,U003,Customer,False,2024-02-02
A01875,Schleich,schleich.com,CPG,6702,1335038400,United States,NA,North America,Enterprise,Airflow;Snowflake;Hadoop/Cloudera,U003,Prospect,False,2023-10-17
A01876,King-Lee,king-lee.com,Healthcare,7300,2392268400,Germany,DACH,Continental Europe,Enterprise,Airflow;Databricks,U015,Prospect,False,2024-05-12
A01877,Jönsson HB,jönsson.com,CPG,1030,348092620,Netherlands,Benelux,Continental Europe,Enterprise,BigQuery,U015,Prospect,False,2024-05-30
A01878,Royal van Breukeleveen,royal.com,CPG,1466,235570074,United States,NA,North America,Enterprise,BigQuery;Airflow,U003,Prospect,False,2025-02-04
A01879,Shepherd-Austin,shepherd-austin.com,CPG,335,126956290,Germany,DACH,Continental Europe,Mid-market,Databricks,U015,Prospect,False,2025-01-25
A01880,Agrifirm,agrifirm.com,Manufacturing,807,160600263,United States,NA,North America,Mid-market,Databricks;Airflow,U002,Prospect,False,2024-09-22
A01881,Peterson Ford and Walker,peterson.com,Telecom,4745,1785315740,United States,NA,North America,Enterprise,dbt;Redshift,U002,Prospect,False,2025-01-24
A01882,Hill-Miah,hill-miah.com,Manufacturing,9095,2558659970,United States,NA,North America,Enterprise,Databricks;BigQuery;Airflow,U002,Prospect,False,2023-05-07
A01883,Mcdonald-Miller,mcdonald-miller.com,Telecom,526,84076366,Ireland,UK&I,UK&I,Mid-market,Airflow;Redshift,U008,Churned,False,2024-02-24
A01884,Stichting Hoogers,stichting.com,Insurance,999,350201448,Belgium,Benelux,Continental Europe,Mid-market,Databricks;dbt,U015,Prospect,False,2023-09-08
A01885,Preiß GmbH & Co. KG,preiß.com,Insurance,1760,636190720,United States,NA,North America,Enterprise,Redshift,U002,Prospect,False,2025-07-20
A01886,Biggen,biggen.com,Manufacturing,2392,909720656,United Kingdom,UK&I,UK&I,Enterprise,dbt,U008,Prospect,False,2026-04-30
A01887,Svensson AB,svensson.com,,804,162328404,United States,NA,North America,Mid-market,Databricks;Redshift,U003,Prospect,False,2023-03-22
A01888,Jarl Johansson HB,jarl.com,CPG,2762,439464582,Netherlands,Benelux,Continental Europe,Enterprise,Snowflake;Redshift;dbt,U015,Prospect,False,2025-03-08
A01889,Sauer Butte e.G.,sauer.com,Healthcare,1125,421895250,United States,NA,North America,Enterprise,Redshift;dbt,U002,Prospect,False,2023-02-24
A01890,Bergman HB,bergman.com,Banking,1782,541086480,Norway,Nordics,Continental Europe,Enterprise,BigQuery,U015,Prospect,True,2026-05-08
A01891,Watts Inc,watts.com,Banking,3122,668307808,United Kingdom,UK&I,UK&I,Enterprise,Hadoop/Cloudera;BigQuery;Redshift,U009,Prospect,False,2026-05-05
A01892,Mcdowell-Evans,mcdowell-evans.com,Manufacturing,1819,705790190,United States,NA,North America,Enterprise,Snowflake;dbt,U002,Prospect,False,2024-12-09
A01893,Johansson & Mattsson HB,johansson.com,Banking,1168,198545984,United States,NA,North America,Enterprise,dbt;Snowflake,U002,Prospect,False,2026-03-23
A01894,Hahn AG & Co. KGaA,hahn.com,Healthcare,1620,367106580,United States,NA,North America,Enterprise,Databricks,U003,Prospect,False,2023-02-24
A01895,Hendrix Green and Nunez,hendrix.com,CPG,1655,424946075,United Kingdom,UK&I,UK&I,Enterprise,Databricks,U008,Customer,False,2025-11-01
A01896,Aertsz NV,aertsz.com,Insurance,1248,334842144,United States,NA,North America,Enterprise,BigQuery;Redshift,U003,Prospect,False,2023-03-16
A01897,Jackson Group,jackson.com,CPG,1395,476469225,Germany,DACH,Continental Europe,Enterprise,Databricks;dbt,U015,Customer,True,2025-01-21
A01898,Farm Frites,farm.com,CPG,8943,3198249318,United Kingdom,UK&I,UK&I,Enterprise,Databricks;Hadoop/Cloudera,U009,Prospect,False,2023-04-05
A01899,Josefsson & Lindvall HB,josefsson.com,Banking,3168,571960224,United Kingdom,UK&I,UK&I,Enterprise,Databricks;Hadoop/Cloudera;Snowflake,U008,Customer,False,2023-04-24
A01900,Stichting Hofman,stichting.com,Insurance,1345,329145710,United Kingdom,UK&I,UK&I,Enterprise,Hadoop/Cloudera;dbt,U008,Prospect,False,2025-03-02
A01901,Bates Inc,bates.com,Retail,3629,613489708,United States,NA,North America,Enterprise,Airflow;Databricks,U002,Customer,False,2024-06-04
A01902,Kelly Ltd,kelly.com,Telecom,1294,211756630,Belgium,Benelux,Continental Europe,Enterprise,dbt;Redshift,U014,Prospect,True,2026-07-06
A01903,Smith Gray and Taylor,smith.com,Retail,5843,2045219447,Netherlands,Benelux,Continental Europe,Enterprise,Airflow;Databricks;dbt,U014,Churned,False,2024-08-17
A01904,Augustsson HB,augustsson.com,Banking,2616,471829608,Germany,DACH,Continental Europe,Enterprise,BigQuery,U014,Prospect,False,2024-02-02
A01905,Oliver-Clark,oliver-clark.com,Insurance,1624,446621112,United States,NA,North America,Enterprise,dbt;Airflow;Redshift,U002,Prospect,False,2026-08-14
A01906,Campbell Robson and Jones,campbell.com,Manufacturing,2829,516408489,United States,NA,North America,Enterprise,Snowflake,U003,Prospect,False,2026-05-25
A01907,Marchand & Spanhaak,marchand.com,Healthcare,375,92449500,Austria,DACH,Continental Europe,Mid-market,dbt;Airflow;Snowflake,U015,Prospect,False,2023-02-02
A01908,Andersson Ahlin HB,andersson.com,Retail,585,126892350,Germany,DACH,Continental Europe,Mid-market,Redshift;Databricks;Hadoop/Cloudera,U015,Prospect,False,2025-02-08
A01909,Verkade,verkade.com,Manufacturing,547,124552994,Netherlands,Benelux,Continental Europe,Mid-market,Airflow;dbt;Redshift,U015,Prospect,False,2023-10-25
A01910,Norberg & Östlund AB,norberg.com,Telecom,2085,629365590,United Kingdom,UK&I,UK&I,Enterprise,Airflow;dbt,U008,Prospect,False,2024-08-25
A01911,Eaton Industries,eaton.com,,10224,3911804640,United States,NA,North America,Strategic,dbt;Redshift,U002,Customer,False,2023-08-10
A01912,Nilsson & Svensson HB,nilsson.com,CPG,16836,6087392520,United States,NA,North America,Strategic,BigQuery,U002,Prospect,False,2026-02-28
A01913,Long Brown and Allen,long.com,Banking,3422,879135754,United Kingdom,UK&I,UK&I,Enterprise,Airflow;Snowflake;dbt,U009,Prospect,False,2025-07-25
A01914,Frank HB,frank.com,Banking,2983,949426257,Germany,DACH,Continental Europe,Enterprise,Databricks;Airflow,U014,Prospect,False,2024-04-12
A01915,van Vlaanderen Groep,van.com,Insurance,298,70149200,United Kingdom,UK&I,UK&I,Mid-market,Airflow;dbt;BigQuery,U008,Customer,False,2026-09-08
A01916,Thanel Mälzer AG,thanel.com,CPG,1050,162316350,Belgium,Benelux,Continental Europe,Enterprise,Redshift;Snowflake,U015,Customer,False,2023-08-30
A01917,Wood-Jones,wood-jones.com,Manufacturing,822,245320146,Norway,Nordics,Continental Europe,Mid-market,Hadoop/Cloudera;BigQuery;Snowflake,U014,Prospect,False,2026-01-20
A01918,van de Noordmark & Mosley,van.com,Retail,971,313880605,Ireland,UK&I,UK&I,Mid-market,Snowflake;dbt,U009,Prospect,False,2026-07-14
A01919,Hedberg & Lindgren HB,hedberg.com,CPG,1528,315972064,United States,NA,North America,Enterprise,dbt,U003,Prospect,True,2023-10-26
A01920,Wood-Black,wood-black.com,CPG,1127,325189088,Germany,DACH,Continental Europe,Enterprise,dbt;BigQuery,U014,Prospect,False,2024-06-30
A01921,Koninklijke Kof,koninklijke.com,Insurance,250,53268000,United States,NA,North America,Mid-market,Redshift;BigQuery;dbt,U003,Prospect,True,2023-03-02
A01922,Granath AB,granath.com,Insurance,3819,1051806066,Austria,DACH,Continental Europe,Enterprise,Snowflake,U014,Prospect,False,2026-05-14
A01923,Kuilenburg & Mansveld,kuilenburg.com,Retail,618,102841998,United States,NA,North America,Mid-market,Snowflake,U003,Prospect,True,2026-09-30
A01924,Hughes James and Hewitt,hughes.com,Healthcare,2296,545933696,United States,NA,North America,Enterprise,Snowflake,U002,Prospect,True,2026-08-20
A01925,Stichting Mens,stichting.com,Telecom,14387,4533545118,United States,NA,North America,Strategic,Snowflake;Airflow;BigQuery,U002,Prospect,False,2026-07-13
A01926,Östman HB,östman.com,CPG,720,217936080,United Kingdom,UK&I,UK&I,Mid-market,Airflow;Hadoop/Cloudera,U008,Prospect,False,2026-07-29
A01927,Stey Freudenberger AG & Co. KGaA,stey.com,,250,96201750,United States,NA,North America,Mid-market,Hadoop/Cloudera;Redshift,U003,Prospect,True,2025-07-08
A01928,Persson HB,persson.com,Manufacturing,1358,347241958,Netherlands,Benelux,Continental Europe,Enterprise,Airflow;Databricks,U014,Prospect,False,2023-07-08
A01929,Nollee BV,nollee.com,Retail,5436,1848517236,Germany,DACH,Continental Europe,Enterprise,Redshift;Hadoop/Cloudera;Airflow,U014,Churned,False,2026-05-17
A01930,Josefsson HB,josefsson.com,CPG,12814,2807368004,United States,NA,North America,Strategic,Hadoop/Cloudera,U003,Prospect,False,2024-02-20
A01931,Winkler KG,winkler.com,,528,208925376,Canada,NA,North America,Mid-market,BigQuery,U003,Prospect,False,2024-12-07
A01932,Stumpf GmbH & Co. OHG,stumpf.com,Retail,2971,530317558,Belgium,Benelux,Continental Europe,Enterprise,dbt;Snowflake,U015,Prospect,False,2023-12-03
A01933,Berg & Andersson HB,berg.com,Banking,1135,349640155,Ireland,UK&I,UK&I,Enterprise,Snowflake,U009,Prospect,False,2024-05-02
A01934,Gruijl Groep,gruijl.com,Manufacturing,1626,379340922,Austria,DACH,Continental Europe,Enterprise,Hadoop/Cloudera,U015,Prospect,False,2025-02-09
A01935,Petersen AB,petersen.com,Insurance,25446,6801868476,United States,NA,North America,Strategic,Airflow,U003,Prospect,False,2023-12-12
A01936,Carlsson AB,carlsson.com,Telecom,402,65335452,Netherlands,Benelux,Continental Europe,Mid-market,Redshift,U015,Prospect,True,2023-07-13
A01937,Fraser-Harris,fraser-harris.com,Telecom,2330,381810110,United States,NA,North America,Enterprise,Hadoop/Cloudera,U002,Prospect,False,2025-03-26
A01938,Mercedes-Benz,mercedes-benz.com,Banking,2886,1134734796,Canada,NA,North America,Enterprise,Hadoop/Cloudera,U003,Prospect,False,2024-01-18
A01939,Holland LLC,holland.com,CPG,5355,1029927150,United States,NA,North America,Enterprise,Snowflake;Hadoop/Cloudera;dbt,U002,Prospect,False,2025-11-29
A01940,Baker Group,baker.com,Retail,1994,388808066,Sweden,Nordics,Continental Europe,Enterprise,dbt;BigQuery;Hadoop/Cloudera,U015,Prospect,False,2024-04-19
A01941,Pieters van der Maes NV,pieters.com,Healthcare,2460,525721680,Netherlands,Benelux,Continental Europe,Enterprise,Redshift,U014,Prospect,False,2025-04-16
A01942,Pärtzelt Geißler AG,pärtzelt.com,Insurance,1222,366669654,United States,NA,North America,Enterprise,Airflow;Snowflake,U003,Prospect,False,2026-07-27
A01943,Trubin Wende GmbH & Co. KG,trubin.com,Manufacturing,2366,929920810,United States,NA,North America,Enterprise,Hadoop/Cloudera,U003,Prospect,False,2025-10-13
A01944,Stadelmann,stadelmann.com,Retail,1282,366476366,United States,NA,North America,Enterprise,Redshift,U002,Prospect,True,2026-01-12
A01945,Mitchell PLC,mitchell.com,,3366,1246695714,United States,NA,North America,Enterprise,Databricks,U002,Prospect,False,2023-11-23
A01946,Jacobs & van Dam,jacobs.com,Retail,1249,409583321,United States,NA,North America,Enterprise,BigQuery;Snowflake;Redshift,U003,Customer,False,2025-04-09
A01947,Hendrix Genetics,hendrix.com,,2636,445747600,United Kingdom,UK&I,UK&I,Enterprise,Airflow;Databricks;Snowflake,U008,Prospect,False,2025-07-24
A01948,Stichting van Geffen,stichting.com,Banking,1755,519746760,Germany,DACH,Continental Europe,Enterprise,dbt;Airflow;BigQuery,U014,Prospect,False,2024-08-14
A01949,Edwards PLC,edwards.com,CPG,5575,859871275,Switzerland,DACH,Continental Europe,Enterprise,Databricks,U014,Prospect,False,2026-05-24
A01950,Morgan Group,morgan.com,Insurance,1717,555657257,Germany,DACH,Continental Europe,Enterprise,Hadoop/Cloudera;Airflow;dbt,U015,Prospect,False,2023-09-24
A01951,Long-Carter,long-carter.com,Healthcare,307,73229017,United States,NA,North America,Mid-market,dbt;Redshift;Airflow,U002,Prospect,False,2025-07-14
A01952,Tomlinson Mistry and Edwards,tomlinson.com,Healthcare,6386,1724417966,United Kingdom,UK&I,UK&I,Enterprise,Airflow,U009,Prospect,False,2024-04-26
A01953,Johansson Sjöström HB,johansson.com,Retail,730,195150900,Belgium,Benelux,Continental Europe,Mid-market,Hadoop/Cloudera;Databricks,U014,Prospect,False,2024-07-16
A01954,Anders Holt GmbH & Co. OHG,anders.com,Banking,940,292304280,United States,NA,North America,Mid-market,Airflow,U003,Prospect,False,2025-02-26
A01955,Nilsson HB,nilsson.com,,996,312229068,United Kingdom,UK&I,UK&I,Mid-market,Hadoop/Cloudera;dbt;Redshift,U008,Prospect,True,2025-11-23
A01956,Johnson Richards and Williams,johnson.com,Retail,7146,2476417716,United Kingdom,UK&I,UK&I,Enterprise,Redshift,U009,Prospect,True,2026-08-10
A01957,Lachmann,lachmann.com,Manufacturing,250,89431000,United States,NA,North America,Mid-market,BigQuery,U002,Prospect,False,2026-09-20
A01958,Short-Powell,short-powell.com,Telecom,41678,14506736426,Belgium,Benelux,Continental Europe,Strategic,Hadoop/Cloudera;Airflow,U015,Prospect,False,2023-03-04
A01959,van den Henst & van der Plas,van.com,Insurance,5198,1160682212,Ireland,UK&I,UK&I,Enterprise,Databricks;Airflow;BigQuery,U009,Prospect,False,2025-12-08
A01960,Davids GmbH & Co. OHG,davids.com,Healthcare,2260,572462520,United States,NA,North America,Enterprise,Databricks,U003,Prospect,False,2024-01-16
A01961,Karlsson Nyström AB,karlsson.com,,1711,683486326,United Kingdom,UK&I,UK&I,Enterprise,Airflow,U009,Prospect,False,2024-03-31
A01962,Zamora PLC,zamora.com,Insurance,2405,705093090,Netherlands,Benelux,Continental Europe,Enterprise,Snowflake;BigQuery;Hadoop/Cloudera,U014,Prospect,False,2024-11-02
A01963,Eriksson Olsson HB,eriksson.com,CPG,3044,726222300,United States,NA,North America,Enterprise,Hadoop/Cloudera;Databricks;BigQuery,U003,Prospect,False,2025-04-06
A01964,Norberg HB,norberg.com,Insurance,3446,1301306088,Sweden,Nordics,Continental Europe,Enterprise,Databricks;BigQuery;dbt,U015,Prospect,False,2025-10-30
A01965,Patberg,patberg.com,Manufacturing,3151,795800805,United States,NA,North America,Enterprise,BigQuery;Snowflake,U003,Prospect,False,2026-02-18
A01966,Biggen e.G.,biggen.com,Healthcare,1977,462619977,United States,NA,North America,Enterprise,Redshift;Airflow,U003,Prospect,False,2024-02-02
A01967,Evans-Doyle,evans-doyle.com,Healthcare,1484,269273284,United States,NA,North America,Enterprise,dbt;Redshift;Snowflake,U002,Customer,False,2023-12-04
A01968,Stichting van der Klijn,stichting.com,Healthcare,1554,572450088,United States,NA,North America,Enterprise,BigQuery;dbt;Databricks,U003,Prospect,True,2025-01-15
A01969,Hellström HB,hellström.com,Telecom,1487,257433901,United States,NA,North America,Enterprise,BigQuery;Hadoop/Cloudera,U002,Prospect,False,2023-08-08
A01970,Blomkvist & Hussein AB,blomkvist.com,Insurance,5618,1381876314,United States,NA,North America,Enterprise,Databricks;Hadoop/Cloudera;Airflow,U002,Prospect,False,2024-10-11
A01971,Black-Lee,black-lee.com,Healthcare,3273,718963545,United States,NA,North America,Enterprise,Airflow,U002,Prospect,False,2023-06-28
A01972,Dippel Finke Stiftung & Co. KG,dippel.com,,250,49121000,United States,NA,North America,Mid-market,Hadoop/Cloudera;dbt,U002,Prospect,False,2026-02-23
A01973,Microsoft,microsoft.com,Manufacturing,3483,1284763761,United States,NA,North America,Enterprise,Redshift,U003,Prospect,False,2024-04-26
A01974,Coleman and Sons,coleman.com,Healthcare,2196,650510100,Netherlands,Benelux,Continental Europe,Enterprise,Hadoop/Cloudera;Databricks,U014,Customer,False,2025-05-26
A01975,van Ginneke & Elsenaar,van.com,Telecom,1774,667912774,United States,NA,North America,Enterprise,dbt;Hadoop/Cloudera;Airflow,U003,Prospect,False,2023-10-11
A01976,Putz,putz.com,Telecom,1225,347591300,Canada,NA,North America,Enterprise,Airflow;Redshift,U003,Prospect,False,2026-04-19
A01977,Caldic,caldic.com,Telecom,5564,1996496736,United States,NA,North America,Enterprise,Redshift;Airflow,U003,Prospect,True,2026-06-12
A01978,Ortmann,ortmann.com,,4663,1692529110,Belgium,Benelux,Continental Europe,Enterprise,Hadoop/Cloudera;BigQuery;Snowflake,U014,Customer,True,2023-03-22
A01979,Cefetra,cefetra.com,CPG,834,192183624,United States,NA,North America,Mid-market,Airflow;Databricks,U002,Prospect,False,2026-08-09
A01980,SIF group,sif.com,CPG,2716,489798008,Netherlands,Benelux,Continental Europe,Enterprise,Redshift;BigQuery,U014,Prospect,False,2025-09-11
A01981,Lowe Group,lowe.com,Insurance,684,216175464,United States,NA,North America,Mid-market,Hadoop/Cloudera;dbt;Databricks,U002,Prospect,False,2025-11-30
A01982,van de Wiel & van der Heijden,van.com,Retail,455,114269155,United Kingdom,UK&I,UK&I,Mid-market,dbt;Airflow;Hadoop/Cloudera,U008,Prospect,False,2024-03-30
A01983,Lewis Kennedy and Francis,lewis.com,Manufacturing,966,344655276,United States,NA,North America,Mid-market,Airflow;BigQuery,U003,Prospect,True,2025-01-20
A01984,Svensson Bergqvist HB,svensson.com,Manufacturing,4282,1432183412,Netherlands,Benelux,Continental Europe,Enterprise,BigQuery,U015,Prospect,False,2025-12-12
A01985,Wood LLC,wood.com,CPG,4689,915841413,United States,NA,North America,Enterprise,dbt;Snowflake;Databricks,U002,Prospect,True,2026-05-27
A01986,Hernandez Watson and Ritter,hernandez.com,CPG,3020,963745420,United States,NA,North America,Enterprise,Airflow,U003,Prospect,True,2023-01-17
A01987,Neureuther Baum e.V.,neureuther.com,,3733,799455547,Netherlands,Benelux,Continental Europe,Enterprise,BigQuery;Hadoop/Cloudera,U014,Prospect,False,2024-12-07
A01988,Leonard Group,leonard.com,Insurance,3029,1063321363,United States,NA,North America,Enterprise,Hadoop/Cloudera;dbt,U002,Prospect,False,2024-01-06
A01989,Small-Lewis,small-lewis.com,Retail,951,258389553,Belgium,Benelux,Continental Europe,Mid-market,BigQuery;Airflow,U015,Prospect,False,2023-10-05
A01990,Heyne Groep,heyne.com,CPG,2784,834478944,United States,NA,North America,Enterprise,BigQuery,U002,Prospect,False,2026-10-03
A01991,Beyer GmbH & Co. KG,beyer.com,Retail,4025,1552997950,Germany,DACH,Continental Europe,Enterprise,dbt;Databricks;Snowflake,U015,Prospect,False,2025-06-19
A01992,Royal van Henegouwen,royal.com,Manufacturing,3844,1048969940,Denmark,Nordics,Continental Europe,Enterprise,Snowflake,U015,Prospect,False,2024-03-20
A01993,Mülichen Tschentscher KG,mülichen.com,Manufacturing,5936,1796904368,Sweden,Nordics,Continental Europe,Enterprise,Redshift,U014,Prospect,False,2026-03-26
A01994,Lowe Group,lowe.com,Healthcare,3671,756681204,Sweden,Nordics,Continental Europe,Enterprise,Hadoop/Cloudera;Databricks;Snowflake,U015,Prospect,False,2026-04-13
A01995,EY,ey.com,Telecom,2569,544466153,United States,NA,North America,Enterprise,dbt;Databricks;Airflow,U002,Prospect,False,2024-05-15
A01996,Scholz OHG mbH,scholz.com,CPG,5271,2026662603,Switzerland,DACH,Continental Europe,Enterprise,Databricks;BigQuery;dbt,U015,Prospect,True,2026-08-13
A01997,Ibrahim Strandberg HB,ibrahim.com,Manufacturing,1760,671163680,Canada,NA,North America,Enterprise,Databricks;Redshift,U003,Prospect,False,2026-03-15
A01998,Vikström HB,vikström.com,CPG,748,161984636,United States,NA,North America,Mid-market,Redshift;Hadoop/Cloudera;dbt,U002,Prospect,False,2026-04-07
A01999,Cichorius,cichorius.com,Insurance,1535,460031825,United States,NA,North America,Enterprise,Hadoop/Cloudera,U002,Prospect,False,2026-09-27
A02000,Jennings Yates and Vaughan,jennings.com,Retail,858,299580996,Belgium,Benelux,Continental Europe,Mid-market,Hadoop/Cloudera;Airflow;Snowflake,U014,Prospect,False,2024-10-31
A02001,Harris Group,harris.com,Manufacturing,352,123383392,United Kingdom,UK&I,UK&I,Mid-market,Hadoop/Cloudera;Snowflake,U008,Prospect,False,2026-05-01
A02002,Frey-Knight,frey-knight.com,Banking,3175,880725950,United Kingdom,UK&I,UK&I,Enterprise,BigQuery;Databricks,U009,Prospect,False,2026-01-22
A02003,Schleich e.G.,schleich.com,Banking,1662,261514038,Canada,NA,North America,Enterprise,dbt;BigQuery,U002,Prospect,False,2026-01-01
A02004,Korsman NV,korsman.com,CPG,4645,1320141515,United States,NA,North America,Enterprise,dbt;Databricks,U002,Prospect,False,2026-05-22
A02005,Bolander GbR,bolander.com,Manufacturing,2289,403518654,United States,NA,North America,Enterprise,Hadoop/Cloudera;dbt,U003,Prospect,False,2025-10-04
A02006,Johnston-John,johnston-john.com,Retail,2390,629119700,Canada,NA,North America,Enterprise,dbt;Snowflake,U002,Prospect,False,2026-03-29
A02007,Baum,baum.com,Manufacturing,3464,1304871480,Germany,DACH,Continental Europe,Enterprise,Airflow;dbt,U015,Prospect,False,2026-09-10
A02008,Turner Ltd,turner.com,Manufacturing,2641,783418317,Switzerland,DACH,Continental Europe,Enterprise,BigQuery;Snowflake,U014,Prospect,False,2025-11-22
A02009,Johnson and Sons,johnson.com,CPG,3898,1487246818,United Kingdom,UK&I,UK&I,Enterprise,Hadoop/Cloudera;Airflow,U009,Prospect,False,2026-05-05
A02010,Forsberg & Ali HB,forsberg.com,Insurance,1188,265501368,United States,NA,North America,Enterprise,Hadoop/Cloudera;Airflow,U003,Prospect,False,2025-12-27
A02011,Murphy Guzman and White,murphy.com,Telecom,4769,1697334790,Switzerland,DACH,Continental Europe,Enterprise,Airflow;dbt,U015,Prospect,False,2026-09-03
A02012,Johnson-Barnes,johnson-barnes.com,Retail,3346,766889816,Canada,NA,North America,Enterprise,Redshift;Hadoop/Cloudera,U002,Prospect,False,2025-09-14
A02013,Todd-Ward,todd-ward.com,Telecom,3797,1164805690,Canada,NA,North America,Enterprise,Airflow;Redshift,U002,Prospect,False,2025-12-09
A02014,Peters Morris and Brown,peters.com,Healthcare,1748,335539088,Germany,DACH,Continental Europe,Enterprise,Hadoop/Cloudera;Redshift,U015,Prospect,False,2026-04-22
A02015,Koninklijke van Vlaanderen,koninklijke.com,Healthcare,3613,1254693736,Germany,DACH,Continental Europe,Enterprise,BigQuery;Airflow,U014,Prospect,False,2026-07-24
A02016,Seip Henck Stiftung & Co. KG,seip.com,Manufacturing,2970,672021900,United States,NA,North America,Enterprise,Redshift;BigQuery,U003,Prospect,False,2026-06-28
A02017,Read and Sons,read.com,Insurance,3355,762205675,United Kingdom,UK&I,UK&I,Enterprise,BigQuery;Hadoop/Cloudera,U008,Prospect,False,2025-09-11
A02018,Wheeler-Campbell,wheeler-campbell.com,Banking,584,104300064,Belgium,Benelux,Continental Europe,Mid-market,Databricks;Hadoop/Cloudera,U015,Prospect,False,2026-08-12
A02019,Roberts Group,roberts.com,Insurance,4441,1087636428,United States,NA,North America,Enterprise,Redshift;Databricks,U002,Prospect,False,2026-03-06
A02020,Blevins Harrington and Maynard,blevins.com,Retail,2171,399107956,Switzerland,DACH,Continental Europe,Enterprise,Airflow;BigQuery,U014,Prospect,False,2025-09-19
A02021,Eriksson & Franzén HB,eriksson.com,Telecom,628,163266184,Germany,DACH,Continental Europe,Mid-market,Airflow;BigQuery,U014,Prospect,False,2025-08-13
A02022,Rasmussen-Newton,rasmussen-newton.com,Insurance,2814,471156462,Austria,DACH,Continental Europe,Enterprise,Airflow;Hadoop/Cloudera,U014,Prospect,False,2025-05-02
A02023,Pauwels BV,pauwels.com,CPG,3014,1122811448,Netherlands,Benelux,Continental Europe,Enterprise,Redshift;Hadoop/Cloudera,U014,Prospect,False,2026-04-03
A02024,Lindell Mattsson HB,lindell.com,CPG,3346,936050192,United States,NA,North America,Enterprise,Hadoop/Cloudera;dbt,U002,Prospect,False,2025-07-13
A02025,Kuhl Stiftung & Co. KGaA,kuhl.com,CPG,607,226366689,United States,NA,North America,Mid-market,Snowflake;Databricks,U002,Prospect,False,2026-01-07
A02026,Lambert Greene and Simpson,lambert.com,Banking,1825,402188025,United States,NA,North America,Enterprise,Databricks;Redshift,U002,Prospect,False,2025-09-13
A02027,Losekann,losekann.com,Retail,4229,1260216626,Belgium,Benelux,Continental Europe,Enterprise,Redshift;Snowflake,U014,Prospect,False,2026-05-17
A02028,Koninklijke van den Eerenbeemt,koninklijke.com,Insurance,1004,390404396,United Kingdom,UK&I,UK&I,Enterprise,Snowflake;BigQuery,U008,Prospect,False,2025-08-22
A02029,Pärtzelt Mühle GmbH & Co. KG,pärtzelt.com,Insurance,1728,486877824,United States,NA,North America,Enterprise,dbt;BigQuery,U002,Prospect,False,2025-11-22
A02030,Karlsson & Nordlander HB,karlsson.com,Healthcare,4919,1174770337,United States,NA,North America,Enterprise,BigQuery;Redshift,U002,Prospect,False,2025-08-23
A02031,Tech Data Nederland,tech.com,CPG,3766,724175438,United States,NA,North America,Enterprise,Hadoop/Cloudera;Snowflake,U002,Prospect,False,2025-12-02
A02032,Sahlin AB,sahlin.com,Retail,666,134795070,United States,NA,North America,Mid-market,Snowflake;dbt,U003,Prospect,False,2025-08-16
A02033,King LLC,king.com,Telecom,2583,892462662,United States,NA,North America,Enterprise,dbt;Snowflake,U003,Prospect,False,2025-10-26
A02034,Sims-Watson,sims-watson.com,Retail,3436,1319245328,United States,NA,North America,Enterprise,Airflow;Hadoop/Cloudera,U003,Prospect,False,2025-07-02
A02035,Noble-Richardson,noble-richardson.com,Insurance,3796,1202656312,United States,NA,North America,Enterprise,dbt;Airflow,U002,Prospect,False,2025-12-22
A02036,Pasman & Amalrada,pasman.com,Telecom,3705,616745415,United States,NA,North America,Enterprise,Hadoop/Cloudera;BigQuery,U002,Prospect,False,2025-08-01
A02037,Lucas Davis and Ford,lucas.com,Retail,1334,311729120,Belgium,Benelux,Continental Europe,Enterprise,Redshift;BigQuery,U015,Prospect,False,2026-06-02
A02038,Klotz,klotz.com,Retail,1863,297627291,United States,NA,North America,Enterprise,BigQuery;Databricks,U002,Prospect,False,2026-02-14
A02039,Gonzalez Terry and Mcclain,gonzalez.com,Banking,2735,670736870,United States,NA,North America,Enterprise,Databricks;Redshift,U003,Prospect,False,2026-10-05
A02040,Aumann,aumann.com,CPG,3842,1332605384,United States,NA,North America,Enterprise,dbt;Hadoop/Cloudera,U002,Prospect,False,2025-11-26
A02041,Allen and Sons,allen.com,Banking,470,140419080,Sweden,Nordics,Continental Europe,Mid-market,dbt;BigQuery,U015,Prospect,False,2026-05-03
A02042,Gorlitz,gorlitz.com,Banking,3083,791255033,Netherlands,Benelux,Continental Europe,Enterprise,Airflow;dbt,U014,Prospect,False,2025-07-14
A02043,Plus,plus.com,Manufacturing,3039,834111291,Canada,NA,North America,Enterprise,Hadoop/Cloudera;Databricks,U002,Prospect,False,2025-07-06
A02044,Lindén Sundberg AB,lindén.com,CPG,4468,1437275176,United Kingdom,UK&I,UK&I,Enterprise,Snowflake;Databricks,U008,Prospect,False,2025-09-28
A02045,Coop Nederland,coop.com,CPG,2903,661541446,United States,NA,North America,Enterprise,Airflow;Databricks,U002,Prospect,False,2026-05-08
A02046,Vitol,vitol.com,Banking,3773,954467129,United States,NA,North America,Enterprise,Databricks;Snowflake,U002,Prospect,False,2026-01-18
A02047,Hein,hein.com,Retail,4292,706926736,United States,NA,North America,Enterprise,Databricks;Airflow,U002,Prospect,False,2026-01-21
A02048,Berntsson Nordström HB,berntsson.com,Banking,4330,1155378230,United States,NA,North America,Enterprise,Databricks;Hadoop/Cloudera,U002,Prospect,False,2025-09-23
A02049,Martin and Sons,martin.com,Retail,3490,1280379790,United States,NA,North America,Enterprise,dbt;Snowflake,U002,Prospect,False,2026-03-09
A02050,Graves Cox and Williams,graves.com,Retail,991,365435214,Denmark,Nordics,Continental Europe,Mid-market,dbt;Airflow,U015,Prospect,False,2026-08-26
A02051,DKG Groep,dkg.com,Banking,3816,1021390560,United Kingdom,UK&I,UK&I,Enterprise,Airflow;dbt,U008,Prospect,False,2025-05-23
