activity_id,activity_type,owner_id,account_id,contact_id,opportunity_id,lead_id,activity_date,outcome
ACT000001,Call,U018,A01628,C005667,O0001,,2026-02-28,Meeting held
ACT000002,Email,U015,A01628,C005667,O0001,,2026-04-06,No answer
ACT000003,Email,U018,A01628,C005667,O0001,,2026-01-01,No answer
ACT000004,Email,U015,A01628,C005667,O0001,,2026-05-25,Meeting held
ACT000005,Meeting,U015,A01628,C005667,O0001,,2026-01-21,Meeting held
ACT000006,Call,U015,A01628,C005667,O0001,,2026-04-19,No answer
ACT000007,Call,U015,A01628,C005667,O0001,,2026-01-14,Meeting held
ACT000008,Call,U018,A01628,C005667,O0001,,2026-05-07,Meeting held
ACT000009,Call,U018,A01628,C005667,O0001,,2026-01-17,Meeting held
ACT000010,Email,U015,A01628,C005667,O0001,,2026-04-14,Replied
ACT000011,Call,U018,A01628,C005667,O0001,,2026-03-21,Replied
ACT000012,Call,U018,A01628,C005667,O0001,,2026-03-29,Completed
ACT000013,LinkedIn,U018,A01628,C005667,O0001,,2026-03-16,Replied
ACT000014,Email,U018,A01628,C005667,O0001,,2026-05-24,Replied
ACT000015,Email,U015,A01628,C005667,O0001,,2026-04-17,Replied
ACT000016,Meeting,U018,A01628,C005667,O0001,,2026-04-17,Meeting held
ACT000017,LinkedIn,U018,A01628,C005667,O0001,,2026-03-02,Completed
ACT000018,Email,U015,A01628,C005667,O0001,,2026-03-22,Replied
ACT000019,Email,U018,A01628,C005667,O0001,,2026-05-19,No answer
ACT000020,LinkedIn,U015,A01628,C005667,O0001,,2026-01-21,No answer
ACT000021,Email,U015,A01628,C005667,O0001,,2026-05-22,Meeting held
ACT000022,Email,U006,A01881,C006636,O0002,,2026-07-21,Replied
ACT000023,Email,U006,A01881,C006636,O0002,,2026-08-16,Bounced
ACT000024,Call,U006,A01881,C003857,O0002,,2026-07-02,Completed
ACT000025,Email,U006,A01881,C006636,O0002,,2026-08-27,Bounced
ACT000026,Email,U002,A01881,C003857,O0002,,2026-08-01,No answer
ACT000027,Meeting,U002,A01881,C003857,O0002,,2026-07-20,Replied
ACT000028,Call,U006,A01881,C003857,O0002,,2026-06-25,Completed
ACT000029,Email,U006,A01881,C006636,O0002,,2026-07-04,No answer
ACT000030,Email,U006,A01881,C003857,O0002,,2026-07-16,Replied
ACT000031,Call,U006,A01881,C003857,O0002,,2026-07-09,Bounced
ACT000032,Email,U002,A01881,C006636,O0002,,2026-09-12,Replied
ACT000033,Email,U006,A01881,C006636,O0002,,2026-09-25,Bounced
ACT000034,Call,U002,A01881,C006636,O0002,,2026-08-15,Completed
ACT000035,Email,U006,A01881,C006636,O0002,,2026-08-22,Completed
ACT000036,Meeting,U002,A01881,C003857,O0002,,2026-09-30,Meeting held
ACT000037,LinkedIn,U006,A01881,C006636,O0002,,2026-08-10,Meeting held
ACT000038,Call,U002,A01881,C003857,O0002,,2026-09-22,No answer
ACT000039,LinkedIn,U002,A01881,C006636,O0002,,2026-08-16,Completed
ACT000040,Email,U002,A01881,C006636,O0002,,2026-08-18,Bounced
ACT000041,Call,U002,A01881,C006636,O0002,,2026-09-10,Meeting held
ACT000042,Meeting,U014,A01639,C003945,O0003,,2026-09-21,No answer
ACT000043,Email,U018,A01639,C003945,O0003,,2026-09-21,No answer
ACT000044,Email,U018,A01639,C006843,O0003,,2026-10-07,Replied
ACT000045,Call,U014,A01639,C003945,O0003,,2026-10-03,No answer
ACT000046,LinkedIn,U018,A01639,C006843,O0003,,2026-09-28,Completed
ACT000047,Call,U014,A01639,C002618,O0003,,2026-09-28,Bounced
ACT000048,Call,U014,A01639,C003945,O0003,,2026-09-26,Replied
ACT000049,Email,U014,A01639,C006388,O0003,,2026-09-22,Bounced
ACT000050,Email,U014,A01639,C006388,O0003,,2026-10-07,Replied
ACT000051,Call,U018,A01639,C003945,O0003,,2026-09-19,Completed
ACT000052,Email,U018,A01639,C002618,O0003,,2026-09-20,Replied
ACT000053,LinkedIn,U018,A01639,C002618,O0003,,2026-09-28,Replied
ACT000054,Call,U014,A01639,C003945,O0003,,2026-09-22,No answer
ACT000055,Call,U006,A01166,C006010,O0004,,2025-10-08,Bounced
ACT000056,Meeting,U006,A01166,C002564,O0004,,2025-08-08,Bounced
ACT000057,Meeting,U006,A01166,C002564,O0004,,2025-11-18,Bounced
ACT000058,Meeting,U003,A01166,C004861,O0004,,2025-10-31,Replied
ACT000059,Meeting,U006,A01166,C006010,O0004,,2025-07-27,Meeting held
ACT000060,Call,U006,A01166,C002564,O0004,,2025-07-29,Bounced
ACT000061,Email,U003,A01166,C001923,O0004,,2025-10-25,Meeting held
ACT000062,Meeting,U003,A01166,C001923,O0004,,2025-09-04,Completed
ACT000063,LinkedIn,U006,A01166,C002564,O0004,,2025-09-24,Replied
ACT000064,Email,U006,A01166,C002564,O0004,,2025-11-20,Bounced
ACT000065,Email,U006,A01166,C001923,O0004,,2025-08-19,Meeting held
ACT000066,Email,U006,A01166,C004861,O0004,,2025-10-13,Replied
ACT000067,Email,U006,A01166,C004861,O0004,,2025-07-31,Completed
ACT000068,Email,U003,A01166,C001923,O0004,,2025-12-03,Completed
ACT000069,Email,U002,A00293,C006099,O0005,,2026-09-12,No answer
ACT000070,Meeting,U006,A00293,C006099,O0005,,2026-07-04,Bounced
ACT000071,LinkedIn,U006,A00293,C005520,O0005,,2026-06-04,Completed
ACT000072,Meeting,U002,A00293,C006099,O0005,,2026-06-05,Completed
ACT000073,LinkedIn,U006,A00293,C006099,O0005,,2026-09-25,Replied
ACT000074,Meeting,U002,A00293,C005520,O0005,,2026-06-18,No answer
ACT000075,Email,U018,A00266,C005010,O0006,,2026-06-20,Replied
ACT000076,Email,U018,A00266,C001810,O0006,,2026-02-14,Completed
ACT000077,Call,U014,A00266,C001810,O0006,,2026-05-10,Bounced
ACT000078,Call,U018,A00266,C002472,O0006,,2026-04-02,No answer
ACT000079,Call,U014,A00266,C002472,O0006,,2026-04-04,Meeting held
ACT000080,Email,U018,A00266,C005010,O0006,,2026-04-30,Completed
ACT000081,Meeting,U014,A00266,C005010,O0006,,2026-05-18,Replied
ACT000082,Email,U018,A00266,C001180,O0006,,2026-02-17,Replied
ACT000083,Email,U018,A00266,C005010,O0006,,2026-03-21,Completed
ACT000084,Call,U014,A00266,C005010,O0006,,2026-05-15,Meeting held
ACT000085,Email,U018,A00266,C001180,O0006,,2026-06-20,Replied
ACT000086,Email,U018,A00266,C001810,O0006,,2026-05-20,Completed
ACT000087,Call,U014,A00266,C001180,O0006,,2026-02-09,Meeting held
ACT000088,Email,U018,A00266,C001180,O0006,,2026-05-21,Completed
ACT000089,Email,U018,A00266,C002472,O0006,,2026-05-31,Replied
ACT000090,Email,U018,A00266,C001180,O0006,,2026-05-25,Bounced
ACT000091,Email,U018,A00266,C002472,O0006,,2026-04-13,Replied
ACT000092,Meeting,U014,A00266,C002472,O0006,,2026-04-24,Replied
ACT000093,LinkedIn,U014,A00266,C001180,O0006,,2026-04-07,Replied
ACT000094,Call,U018,A00266,C001180,O0006,,2026-04-25,Replied
ACT000095,Email,U014,A00266,C002472,O0006,,2026-02-04,No answer
ACT000096,Call,U018,A00127,C004902,O0007,,2026-10-02,Replied
ACT000097,Email,U015,A00127,C004902,O0007,,2026-09-27,Meeting held
ACT000098,Meeting,U018,A00127,C004902,O0007,,2026-10-07,Bounced
ACT000099,Email,U018,A00127,C004902,O0007,,2026-09-28,Meeting held
ACT000100,Email,U015,A00127,C004902,O0007,,2026-09-29,Replied
ACT000101,LinkedIn,U015,A00127,C004902,O0007,,2026-09-28,Bounced
ACT000102,Call,U018,A00127,C004902,O0007,,2026-09-29,Meeting held
ACT000103,Email,U018,A00127,C004902,O0007,,2026-10-01,No answer
ACT000104,Email,U018,A00127,C004902,O0007,,2026-10-04,Replied
ACT000105,Email,U003,A00802,C003220,O0008,,2026-06-09,Bounced
ACT000106,Email,U006,A00802,C003220,O0008,,2026-06-09,Bounced
ACT000107,Meeting,U003,A00802,C003220,O0008,,2026-05-03,No answer
ACT000108,Call,U006,A00802,C003220,O0008,,2026-03-26,Meeting held
ACT000109,LinkedIn,U006,A00802,C003220,O0008,,2026-07-16,Completed
ACT000110,Meeting,U006,A00802,C003220,O0008,,2026-04-11,No answer
ACT000111,Email,U003,A00802,C003220,O0008,,2026-05-26,Meeting held
ACT000112,Email,U003,A00802,C003220,O0008,,2026-06-01,No answer
ACT000113,Email,U006,A00802,C003220,O0008,,2026-08-13,Completed
ACT000114,Call,U003,A00802,C003220,O0008,,2026-08-05,Bounced
ACT000115,Email,U003,A00802,C003220,O0008,,2026-07-16,Replied
ACT000116,Email,U003,A00802,C003220,O0008,,2026-03-12,Meeting held
ACT000117,Email,U003,A00802,C003220,O0008,,2026-08-07,Meeting held
ACT000118,Email,U006,A00802,C003220,O0008,,2026-07-22,Bounced
ACT000119,Meeting,U003,A00802,C003220,O0008,,2026-05-29,Completed
ACT000120,Email,U006,A00802,C003220,O0008,,2026-06-28,No answer
ACT000121,LinkedIn,U003,A00802,C003220,O0008,,2026-03-12,Meeting held
ACT000122,Email,U003,A00802,C003220,O0008,,2026-05-04,Replied
ACT000123,Call,U006,A00802,C003220,O0008,,2026-05-29,Meeting held
ACT000124,Email,U003,A00382,C002660,O0009,,2026-02-15,No answer
ACT000125,Email,U003,A00382,C002660,O0009,,2026-03-25,Replied
ACT000126,Email,U006,A00382,C003284,O0009,,2026-04-09,No answer
ACT000127,Call,U006,A00382,C002660,O0009,,2026-07-18,Replied
ACT000128,Meeting,U006,A00382,C002660,O0009,,2026-04-06,Completed
ACT000129,Email,U006,A00382,C002660,O0009,,2026-06-17,Replied
ACT000130,Email,U003,A00382,C003284,O0009,,2026-07-20,Replied
ACT000131,Email,U006,A00382,C002660,O0009,,2026-04-15,Meeting held
ACT000132,Call,U006,A00382,C002660,O0009,,2026-03-01,Completed
ACT000133,Call,U006,A00382,C002660,O0009,,2026-08-14,No answer
ACT000134,Email,U003,A00382,C003284,O0009,,2026-05-28,No answer
ACT000135,Email,U006,A00382,C003284,O0009,,2026-03-04,No answer
ACT000136,Email,U006,A00382,C002660,O0009,,2026-06-10,No answer
ACT000137,Email,U006,A00382,C003284,O0009,,2026-04-05,No answer
ACT000138,Call,U003,A00382,C003284,O0009,,2026-06-21,No answer
ACT000139,Email,U003,A00382,C003284,O0009,,2026-05-27,Meeting held
ACT000140,Email,U003,A00382,C002660,O0009,,2026-07-15,Bounced
ACT000141,Email,U003,A00382,C002660,O0009,,2026-07-30,Meeting held
ACT000142,Meeting,U006,A00382,C003284,O0009,,2026-07-04,Completed
ACT000143,Email,U003,A00382,C003284,O0009,,2026-07-28,No answer
ACT000144,Email,U003,A00382,C003284,O0009,,2026-08-01,Completed
ACT000145,Email,U003,A00382,C002660,O0009,,2026-03-20,No answer
ACT000146,Call,U014,A02042,C007008,O0010,,2025-08-24,Meeting held
ACT000147,Email,U018,A02042,C007008,O0010,,2025-10-20,Meeting held
ACT000148,LinkedIn,U014,A02042,C007008,O0010,,2025-10-12,Completed
ACT000149,Call,U018,A02042,C007008,O0010,,2025-06-26,No answer
ACT000150,Call,U014,A02042,C007008,O0010,,2025-09-05,Bounced
ACT000151,Call,U018,A02042,C007008,O0010,,2025-06-12,Bounced
ACT000152,Call,U018,A02042,C007008,O0010,,2025-07-03,Meeting held
ACT000153,Call,U018,A02042,C007008,O0010,,2025-10-06,Bounced
ACT000154,Call,U014,A02042,C007008,O0010,,2025-08-02,Meeting held
ACT000155,Call,U018,A02042,C007008,O0010,,2025-08-31,Meeting held
ACT000156,Email,U014,A02042,C007008,O0010,,2025-06-21,No answer
ACT000157,Meeting,U014,A02042,C007008,O0010,,2025-07-09,Completed
ACT000158,Email,U014,A02042,C007008,O0010,,2025-07-08,Replied
ACT000159,LinkedIn,U014,A02042,C007008,O0010,,2025-08-09,Bounced
ACT000160,Meeting,U014,A02042,C007008,O0010,,2025-08-09,Completed
ACT000161,Email,U018,A02042,C007008,O0010,,2025-07-28,Replied
ACT000162,Call,U014,A02042,C007008,O0010,,2025-08-29,No answer
ACT000163,Meeting,U014,A02042,C007008,O0010,,2025-10-10,Completed
ACT000164,Email,U018,A02042,C007008,O0010,,2025-07-03,Meeting held
ACT000165,Email,U018,A02042,C007008,O0010,,2025-07-04,Completed
ACT000166,Email,U014,A02042,C007008,O0010,,2025-06-26,Meeting held
ACT000167,Email,U014,A02042,C007008,O0010,,2025-08-15,Completed
ACT000168,Email,U018,A02042,C007008,O0010,,2025-09-18,No answer
ACT000169,Email,U014,A02042,C007008,O0010,,2025-09-27,Bounced
ACT000170,Email,U014,A02042,C007008,O0010,,2025-10-14,Bounced
ACT000171,Email,U002,A00830,C005818,O0011,,2026-02-05,Bounced
ACT000172,LinkedIn,U002,A00830,C001066,O0011,,2026-03-03,Completed
ACT000173,Email,U006,A00830,C001066,O0011,,2026-04-02,Completed
ACT000174,Call,U002,A00830,C006817,O0011,,2026-02-05,Meeting held
ACT000175,Meeting,U006,A00830,C000928,O0011,,2026-07-09,Completed
ACT000176,Email,U002,A00830,C004096,O0011,,2026-06-22,Bounced
ACT000177,LinkedIn,U012,A01311,C002508,O0012,,2026-01-12,Bounced
ACT000178,Meeting,U009,A01311,C002508,O0012,,2026-02-14,No answer
ACT000179,Email,U009,A01311,C004176,O0012,,2026-01-06,No answer
ACT000180,Meeting,U009,A01311,C004176,O0012,,2026-03-11,Completed
ACT000181,Email,U009,A01311,C005803,O0012,,2026-02-09,No answer
ACT000182,Meeting,U009,A01311,C002508,O0012,,2026-03-03,No answer
ACT000183,Email,U012,A01311,C002508,O0012,,2025-12-25,Replied
ACT000184,Meeting,U012,A01311,C005803,O0012,,2026-03-09,No answer
ACT000185,Meeting,U012,A01311,C005803,O0012,,2025-12-15,Replied
ACT000186,Meeting,U009,A01311,C005803,O0012,,2026-03-18,Bounced
ACT000187,Meeting,U009,A01311,C005803,O0012,,2026-02-05,Completed
ACT000188,Email,U009,A01311,C005803,O0012,,2026-01-19,Meeting held
ACT000189,Meeting,U009,A01311,C002508,O0012,,2025-11-24,Bounced
ACT000190,Call,U009,A01311,C005803,O0012,,2026-02-18,Replied
ACT000191,Meeting,U009,A01311,C002508,O0012,,2026-01-13,Replied
ACT000192,Meeting,U003,A01593,C000924,O0013,,2025-05-15,No answer
ACT000193,Call,U006,A01593,C005602,O0013,,2025-12-08,Replied
ACT000194,Email,U006,A01593,C000924,O0013,,2025-12-28,Meeting held
ACT000195,Call,U006,A01593,C005625,O0013,,2025-08-28,Replied
ACT000196,LinkedIn,U006,A01593,C000924,O0013,,2025-06-18,Meeting held
ACT000197,Meeting,U006,A01593,C000924,O0013,,2025-11-21,No answer
ACT000198,Email,U003,A01593,C006865,O0013,,2025-06-14,No answer
ACT000199,Call,U006,A01593,C005602,O0013,,2025-11-16,Replied
ACT000200,Email,U006,A01593,C000924,O0013,,2025-06-08,Replied
ACT000201,Call,U003,A01593,C006865,O0013,,2025-05-19,Completed
ACT000202,Meeting,U006,A01593,C005625,O0013,,2025-10-16,Completed
ACT000203,Email,U003,A01593,C006865,O0013,,2025-07-16,Completed
ACT000204,Email,U003,A01593,C005625,O0013,,2025-06-16,Bounced
ACT000205,Email,U006,A01593,C005602,O0013,,2025-07-02,Meeting held
ACT000206,Email,U006,A01593,C006865,O0013,,2025-08-14,Meeting held
ACT000207,Email,U003,A01593,C005602,O0013,,2025-10-10,Completed
ACT000208,Email,U006,A01593,C005625,O0013,,2025-09-29,Completed
ACT000209,LinkedIn,U006,A01593,C005625,O0013,,2025-11-25,Bounced
ACT000210,Email,U006,A01593,C005625,O0013,,2025-08-24,Replied
ACT000211,Email,U006,A01593,C005602,O0013,,2025-05-29,Replied
ACT000212,Email,U015,A01635,C002677,O0014,,2025-09-06,No answer
ACT000213,LinkedIn,U015,A01635,C000820,O0014,,2025-06-27,Bounced
ACT000214,Call,U018,A01635,C000324,O0014,,2025-08-22,No answer
ACT000215,LinkedIn,U018,A01635,C000324,O0014,,2025-09-21,Replied
ACT000216,Email,U015,A01635,C005937,O0014,,2025-08-09,Replied
ACT000217,Meeting,U015,A01635,C005937,O0014,,2025-09-22,Bounced
ACT000218,Call,U015,A01635,C000820,O0014,,2025-09-29,Bounced
ACT000219,Email,U018,A01635,C005937,O0014,,2025-08-23,Replied
ACT000220,Email,U015,A01635,C005937,O0014,,2025-06-11,Completed
ACT000221,Email,U018,A01635,C000324,O0014,,2025-08-04,Bounced
ACT000222,LinkedIn,U018,A01635,C000324,O0014,,2025-08-09,Bounced
ACT000223,Email,U018,A01635,C002677,O0014,,2025-09-24,Replied
ACT000224,LinkedIn,U018,A01635,C005937,O0014,,2025-07-18,Replied
ACT000225,Email,U015,A01635,C002677,O0014,,2025-09-24,Completed
ACT000226,Meeting,U018,A01635,C000820,O0014,,2025-09-24,Bounced
ACT000227,Call,U015,A01635,C000324,O0014,,2025-09-06,Bounced
ACT000228,Email,U018,A01635,C002677,O0014,,2025-08-23,Meeting held
ACT000229,LinkedIn,U015,A01635,C000324,O0014,,2025-09-25,Replied
ACT000230,Meeting,U006,A01074,C003052,O0015,,2026-03-14,Meeting held
ACT000231,LinkedIn,U002,A01074,C003052,O0015,,2026-01-07,Meeting held
ACT000232,Email,U002,A01074,C003052,O0015,,2026-04-10,Completed
ACT000233,Email,U006,A01074,C003052,O0015,,2025-10-15,Replied
ACT000234,Call,U006,A01074,C003052,O0015,,2026-03-07,Replied
ACT000235,Call,U006,A01074,C003052,O0015,,2026-02-01,Replied
ACT000236,Call,U002,A01074,C003052,O0015,,2025-10-16,Completed
ACT000237,Meeting,U006,A01074,C003052,O0015,,2025-12-24,Meeting held
ACT000238,Email,U002,A01074,C003052,O0015,,2025-12-12,Replied
ACT000239,Call,U006,A01074,C003052,O0015,,2026-03-29,Bounced
ACT000240,Call,U006,A01074,C003052,O0015,,2026-02-14,Completed
ACT000241,Meeting,U002,A01074,C003052,O0015,,2026-04-30,Completed
ACT000242,Meeting,U002,A01074,C003052,O0015,,2025-11-19,Bounced
ACT000243,Call,U002,A01074,C003052,O0015,,2026-01-28,Bounced
ACT000244,Meeting,U006,A01074,C003052,O0015,,2026-04-07,Completed
ACT000245,Call,U002,A01074,C003052,O0015,,2026-04-29,No answer
ACT000246,Call,U002,A01074,C003052,O0015,,2026-01-10,Completed
ACT000247,Call,U002,A01074,C003052,O0015,,2026-04-26,Replied
ACT000248,Meeting,U006,A01074,C003052,O0015,,2026-01-30,No answer
ACT000249,Email,U002,A01074,C003052,O0015,,2025-11-23,No answer
ACT000250,Email,U015,A00333,,O0016,,2025-12-15,Meeting held
ACT000251,LinkedIn,U018,A00333,,O0016,,2025-12-28,Meeting held
ACT000252,Call,U015,A00333,,O0016,,2026-01-03,Completed
ACT000253,LinkedIn,U015,A00333,,O0016,,2025-12-26,Replied
ACT000254,Email,U018,A00333,,O0016,,2026-04-12,No answer
ACT000255,Call,U015,A00333,,O0016,,2026-05-25,Meeting held
ACT000256,Email,U018,A00333,,O0016,,2026-06-07,Replied
ACT000257,Email,U018,A00333,,O0016,,2025-12-28,Meeting held
ACT000258,Email,U003,A00120,C006246,O0017,,2025-11-06,No answer
ACT000259,Meeting,U003,A00120,C001374,O0017,,2026-04-19,Bounced
ACT000260,Meeting,U006,A00120,C001374,O0017,,2026-03-03,Meeting held
ACT000261,Email,U006,A00120,C003718,O0017,,2026-03-01,No answer
ACT000262,Email,U003,A00120,C006246,O0017,,2026-04-09,No answer
ACT000263,Email,U006,A00120,C006246,O0017,,2025-11-11,Completed
ACT000264,Call,U003,A00120,C001374,O0017,,2026-03-05,Replied
ACT000265,Email,U003,A00120,C005449,O0017,,2025-11-30,Meeting held
ACT000266,Call,U006,A00120,C005449,O0017,,2026-01-08,No answer
ACT000267,Email,U003,A00120,C001374,O0017,,2026-02-01,Meeting held
ACT000268,Call,U006,A00120,C003718,O0017,,2025-11-22,Replied
ACT000269,LinkedIn,U003,A00120,C003718,O0017,,2025-11-25,Bounced
ACT000270,Email,U006,A00120,C005508,O0017,,2026-01-27,Bounced
ACT000271,Call,U003,A00120,C001374,O0017,,2026-03-28,Replied
ACT000272,Email,U003,A00120,C005508,O0017,,2026-03-02,Meeting held
ACT000273,Meeting,U003,A00120,C002320,O0017,,2026-03-11,Meeting held
ACT000274,Email,U003,A00120,C005508,O0017,,2026-03-21,Replied
ACT000275,Email,U003,A00120,C002320,O0017,,2026-04-11,No answer
ACT000276,Meeting,U003,A00120,C005449,O0017,,2025-12-07,Replied
ACT000277,Email,U006,A00120,C006246,O0017,,2026-01-24,Bounced
ACT000278,Meeting,U009,A01582,,O0018,,2026-04-10,Meeting held
ACT000279,Email,U012,A01582,,O0018,,2026-06-05,Meeting held
ACT000280,Email,U012,A01582,,O0018,,2026-05-09,Replied
ACT000281,Meeting,U009,A01582,,O0018,,2026-04-13,No answer
ACT000282,Meeting,U012,A01582,,O0018,,2026-04-03,Meeting held
ACT000283,Meeting,U012,A01582,,O0018,,2026-03-07,Completed
ACT000284,Email,U009,A01582,,O0018,,2025-11-19,Meeting held
ACT000285,Meeting,U009,A01582,,O0018,,2025-12-04,Completed
ACT000286,Meeting,U009,A01582,,O0018,,2026-01-05,No answer
ACT000287,Email,U009,A01582,,O0018,,2026-01-11,Replied
ACT000288,Meeting,U009,A01582,,O0018,,2025-12-29,Meeting held
ACT000289,Meeting,U012,A01582,,O0018,,2026-01-29,No answer
ACT000290,Meeting,U012,A01582,,O0018,,2026-02-19,Completed
ACT000291,Meeting,U012,A01582,,O0018,,2026-03-10,Replied
ACT000292,Meeting,U009,A01582,,O0018,,2025-11-29,Meeting held
ACT000293,Email,U009,A01582,,O0018,,2026-01-12,Replied
ACT000294,Call,U012,A01582,,O0018,,2025-12-26,No answer
ACT000295,LinkedIn,U009,A01582,,O0018,,2026-04-16,Meeting held
ACT000296,Email,U012,A01582,,O0018,,2026-01-03,Bounced
ACT000297,Email,U009,A01582,,O0018,,2026-04-10,Bounced
ACT000298,Email,U009,A01582,,O0018,,2026-05-31,Meeting held
ACT000299,Call,U009,A01582,,O0018,,2025-11-10,Replied
ACT000300,LinkedIn,U012,A01582,,O0018,,2026-04-19,Completed
ACT000301,Email,U002,A01066,C004035,O0019,,2026-03-03,Completed
ACT000302,Email,U006,A01066,C005173,O0019,,2025-12-09,Replied
ACT000303,Call,U006,A01066,C005173,O0019,,2025-11-04,Replied
ACT000304,Call,U002,A01066,C004035,O0019,,2025-11-27,Completed
ACT000305,Meeting,U002,A01066,C001063,O0019,,2025-12-16,Replied
ACT000306,Email,U002,A01066,C001063,O0019,,2025-12-28,Bounced
ACT000307,Email,U002,A01066,C001063,O0019,,2026-01-08,No answer
ACT000308,Meeting,U002,A01066,C004035,O0019,,2025-11-01,Meeting held
ACT000309,Email,U006,A01066,C001063,O0019,,2025-11-19,Replied
ACT000310,Email,U006,A01066,C004035,O0019,,2025-12-12,No answer
ACT000311,Email,U006,A01066,C004035,O0019,,2025-12-26,Bounced
ACT000312,Meeting,U006,A01066,C001063,O0019,,2025-12-09,Bounced
ACT000313,Call,U006,A01066,C004035,O0019,,2026-02-26,Completed
ACT000314,Email,U006,A01066,C001063,O0019,,2026-01-23,Bounced
ACT000315,Meeting,U002,A01066,C001063,O0019,,2025-11-01,Completed
ACT000316,Email,U006,A01066,C004035,O0019,,2026-01-30,Replied
ACT000317,LinkedIn,U002,A01066,C004035,O0019,,2025-12-31,Bounced
ACT000318,Email,U002,A01066,C005173,O0019,,2025-12-03,Bounced
ACT000319,Meeting,U015,A01359,C002087,O0020,,2025-12-23,Replied
ACT000320,Email,U015,A01359,C000657,O0020,,2026-01-21,Meeting held
ACT000321,Meeting,U015,A01359,C002897,O0020,,2026-02-03,Bounced
ACT000322,Email,U018,A01359,C006481,O0020,,2025-12-24,Bounced
ACT000323,Call,U015,A01359,C006481,O0020,,2025-12-18,No answer
ACT000324,Email,U015,A01359,C000657,O0020,,2026-02-13,Meeting held
ACT000325,Email,U003,A00079,C001510,O0021,,2026-06-20,Meeting held
ACT000326,Email,U006,A00079,C002817,O0021,,2026-05-21,Completed
ACT000327,Email,U003,A00079,C001510,O0021,,2026-05-11,Completed
ACT000328,Email,U003,A00079,C002609,O0021,,2026-07-10,No answer
ACT000329,Email,U003,A00079,C001510,O0021,,2026-06-06,Meeting held
ACT000330,Email,U006,A00079,C001510,O0021,,2026-04-20,No answer
ACT000331,LinkedIn,U006,A00079,C002609,O0021,,2026-06-06,Bounced
ACT000332,Email,U006,A00079,C001510,O0021,,2026-05-14,Completed
ACT000333,Email,U003,A00079,C001510,O0021,,2026-05-10,No answer
ACT000334,Email,U006,A00079,C001510,O0021,,2026-07-17,Meeting held
ACT000335,Meeting,U006,A00079,C002609,O0021,,2026-07-10,Bounced
ACT000336,Email,U006,A00079,C001510,O0021,,2026-07-04,Bounced
ACT000337,Call,U003,A00079,C001510,O0021,,2026-04-07,Completed
ACT000338,Meeting,U003,A00079,C001510,O0021,,2026-05-25,Bounced
ACT000339,Email,U006,A00079,C002817,O0021,,2026-05-07,Replied
ACT000340,Email,U003,A00079,C001510,O0021,,2026-04-21,Bounced
ACT000341,Call,U003,A00079,C002817,O0021,,2026-06-27,Replied
ACT000342,Call,U002,A01006,C000821,O0022,,2026-03-29,Completed
ACT000343,Meeting,U002,A01006,C000821,O0022,,2026-08-24,Replied
ACT000344,LinkedIn,U002,A01006,C000821,O0022,,2026-04-05,No answer
ACT000345,Email,U006,A01006,C000821,O0022,,2026-08-01,Completed
ACT000346,Meeting,U006,A01006,C000821,O0022,,2026-05-06,Bounced
ACT000347,Call,U018,A00490,C001924,O0023,,2025-08-07,Meeting held
ACT000348,Email,U015,A00490,C006943,O0023,,2025-11-01,No answer
ACT000349,Email,U015,A00490,C001924,O0023,,2025-10-01,Meeting held
ACT000350,Email,U015,A00490,C000593,O0023,,2025-08-14,Bounced
ACT000351,Email,U015,A00490,C000593,O0023,,2025-08-23,No answer
ACT000352,Email,U018,A00490,C002260,O0023,,2025-07-30,No answer
ACT000353,Call,U015,A00490,C004545,O0023,,2025-11-06,Completed
ACT000354,Call,U018,A00490,C002260,O0023,,2025-11-07,Replied
ACT000355,Call,U015,A00490,C002260,O0023,,2025-09-15,Replied
ACT000356,LinkedIn,U018,A00490,C000593,O0023,,2025-11-06,Replied
ACT000357,Email,U006,A01528,C004423,O0024,,2026-09-13,No answer
ACT000358,Meeting,U003,A01528,C003729,O0024,,2026-09-03,Bounced
ACT000359,LinkedIn,U003,A01528,C003729,O0024,,2026-09-19,Meeting held
ACT000360,Call,U006,A01528,C002313,O0024,,2026-09-10,No answer
ACT000361,Meeting,U003,A01528,C001889,O0024,,2026-09-25,Meeting held
ACT000362,Email,U003,A01528,C004423,O0024,,2026-10-02,Bounced
ACT000363,Meeting,U002,A00342,C000584,O0025,,2026-03-22,Meeting held
ACT000364,Email,U002,A00342,C000584,O0025,,2026-02-20,Bounced
ACT000365,Call,U006,A00342,C002943,O0025,,2026-05-05,Completed
ACT000366,Call,U006,A00342,C002906,O0025,,2026-05-09,No answer
ACT000367,LinkedIn,U002,A00342,C002943,O0025,,2026-01-05,Replied
ACT000368,Call,U002,A00342,C002906,O0025,,2026-01-12,Replied
ACT000369,Meeting,U006,A00342,C002906,O0025,,2026-04-19,Bounced
ACT000370,Meeting,U006,A00342,C003039,O0025,,2026-01-24,No answer
ACT000371,Meeting,U002,A00342,C003039,O0025,,2026-01-03,Replied
ACT000372,LinkedIn,U006,A00342,C002943,O0025,,2026-06-02,Completed
ACT000373,Call,U002,A00342,C000584,O0025,,2026-03-24,Bounced
ACT000374,Email,U006,A00342,C000584,O0025,,2026-02-27,Replied
ACT000375,Meeting,U006,A00342,C003039,O0025,,2026-05-06,Meeting held
ACT000376,Meeting,U006,A00342,C002906,O0025,,2026-04-03,Bounced
ACT000377,LinkedIn,U006,A00158,C001892,O0026,,2026-08-22,Completed
ACT000378,Email,U003,A00158,C001892,O0026,,2026-06-27,Completed
ACT000379,Call,U003,A00158,C001892,O0026,,2026-09-18,Completed
ACT000380,Email,U003,A00158,C001892,O0026,,2026-10-08,Completed
ACT000381,Meeting,U006,A00158,C001892,O0026,,2026-08-28,Replied
ACT000382,Email,U006,A00158,C001892,O0026,,2026-06-29,Replied
ACT000383,Email,U003,A00158,C001892,O0026,,2026-08-13,No answer
ACT000384,LinkedIn,U006,A00158,C001892,O0026,,2026-06-22,Replied
ACT000385,Email,U006,A00158,C001892,O0026,,2026-07-04,No answer
ACT000386,Call,U015,A01623,C005032,O0027,,2025-09-27,Replied
ACT000387,Meeting,U015,A01623,C001016,O0027,,2025-10-12,Completed
ACT000388,Email,U015,A01623,C003493,O0027,,2025-09-21,Completed
ACT000389,Call,U018,A01623,C003493,O0027,,2025-09-12,Replied
ACT000390,Meeting,U015,A01623,C005032,O0027,,2025-12-02,Bounced
ACT000391,Email,U018,A01623,C006193,O0027,,2025-10-18,Bounced
ACT000392,Call,U015,A01623,C005032,O0027,,2025-11-30,Bounced
ACT000393,Email,U018,A01623,C005032,O0027,,2025-12-06,No answer
ACT000394,LinkedIn,U018,A01623,C006193,O0027,,2025-09-20,Bounced
ACT000395,Call,U015,A01623,C003493,O0027,,2025-10-29,No answer
ACT000396,Email,U018,A01623,C006737,O0027,,2025-10-23,Replied
ACT000397,Email,U015,A01623,C006193,O0027,,2025-10-15,Meeting held
ACT000398,Email,U015,A01623,C005897,O0027,,2025-12-05,Replied
ACT000399,LinkedIn,U018,A01623,C001016,O0027,,2025-10-23,Bounced
ACT000400,Call,U015,A01623,C006737,O0027,,2025-09-14,Replied
ACT000401,Email,U015,A01623,C003493,O0027,,2025-10-27,Completed
ACT000402,Email,U015,A01623,C003493,O0027,,2025-11-01,Bounced
ACT000403,Email,U018,A01623,C001016,O0027,,2025-11-07,Meeting held
ACT000404,Meeting,U018,A01623,C006737,O0027,,2025-12-11,Completed
ACT000405,Call,U015,A01623,C005897,O0027,,2025-09-24,Bounced
ACT000406,Meeting,U018,A01623,C001016,O0027,,2025-10-09,Meeting held
ACT000407,Email,U018,A01623,C003493,O0027,,2025-12-23,Replied
ACT000408,Call,U018,A01623,C001016,O0027,,2025-11-26,Replied
ACT000409,Meeting,U015,A01623,C006193,O0027,,2025-12-04,Bounced
ACT000410,Meeting,U018,A02042,C007008,O0028,,2025-05-27,Completed
ACT000411,Email,U014,A02042,C007008,O0028,,2025-07-13,Replied
ACT000412,Email,U014,A02042,C007008,O0028,,2025-04-18,Bounced
ACT000413,Meeting,U018,A02042,C007008,O0028,,2025-04-22,Bounced
ACT000414,Call,U018,A02042,C007008,O0028,,2025-06-21,Bounced
ACT000415,Email,U018,A02042,C007008,O0028,,2025-05-14,Bounced
ACT000416,Meeting,U018,A02042,C007008,O0028,,2025-06-21,No answer
ACT000417,Call,U014,A02042,C007008,O0028,,2025-04-28,Completed
ACT000418,Meeting,U018,A02042,C007008,O0028,,2025-06-06,Meeting held
ACT000419,Email,U014,A02042,C007008,O0028,,2025-05-31,Completed
ACT000420,Meeting,U006,A00712,C004032,O0029,,2026-08-03,Meeting held
ACT000421,LinkedIn,U006,A00712,C002041,O0029,,2026-06-19,Completed
ACT000422,Email,U006,A00712,C000648,O0029,,2026-07-01,No answer
ACT000423,Call,U006,A00712,C000648,O0029,,2026-04-25,Completed
ACT000424,Email,U003,A00712,C004032,O0029,,2026-07-17,Replied
ACT000425,Meeting,U003,A00712,C000648,O0029,,2026-09-16,Bounced
ACT000426,Email,U006,A00712,C002041,O0029,,2026-08-28,Meeting held
ACT000427,Call,U003,A00712,C000648,O0029,,2026-10-05,Completed
ACT000428,Email,U006,A00712,C004032,O0029,,2026-07-30,Replied
ACT000429,Email,U006,A00712,C004032,O0029,,2026-07-07,Completed
ACT000430,Call,U002,A01447,C002082,O0030,,2025-05-11,Meeting held
ACT000431,Email,U006,A01447,C004965,O0030,,2025-08-13,Completed
ACT000432,Email,U006,A01447,C004965,O0030,,2025-08-18,Meeting held
ACT000433,Call,U002,A01447,C002082,O0030,,2025-06-08,Meeting held
ACT000434,Meeting,U002,A01447,C002082,O0030,,2025-08-30,Meeting held
ACT000435,Meeting,U006,A01447,C002082,O0030,,2025-08-13,Meeting held
ACT000436,Meeting,U006,A01447,C002082,O0030,,2025-07-30,Replied
ACT000437,Email,U006,A01447,C004965,O0030,,2025-07-07,No answer
ACT000438,Meeting,U002,A01447,C002082,O0030,,2025-09-15,Replied
ACT000439,Email,U002,A01447,C002082,O0030,,2025-08-15,Meeting held
ACT000440,Meeting,U002,A01447,C002082,O0030,,2025-07-27,Bounced
ACT000441,Call,U018,A01613,C005641,O0031,,2026-03-20,Bounced
ACT000442,Call,U014,A01613,C001717,O0031,,2026-05-01,Replied
ACT000443,Meeting,U018,A01613,C003006,O0031,,2025-11-09,Completed
ACT000444,Call,U018,A01613,C006400,O0031,,2026-01-17,No answer
ACT000445,Email,U014,A01613,C006400,O0031,,2026-02-01,Completed
ACT000446,Email,U018,A01613,C001717,O0031,,2026-04-26,Meeting held
ACT000447,Email,U018,A01613,C003006,O0031,,2026-04-15,Meeting held
ACT000448,Email,U018,A01613,C006400,O0031,,2026-05-19,Replied
ACT000449,Email,U014,A01613,C001717,O0031,,2026-04-22,Meeting held
ACT000450,Call,U018,A01613,C006400,O0031,,2025-11-28,Replied
ACT000451,Email,U018,A01613,C003006,O0031,,2026-05-18,No answer
ACT000452,Meeting,U014,A01613,C006400,O0031,,2026-03-23,Completed
ACT000453,Email,U014,A01613,C006400,O0031,,2026-04-10,Replied
ACT000454,Email,U014,A01613,C005641,O0031,,2025-12-06,Bounced
ACT000455,Meeting,U018,A01613,C003006,O0031,,2026-05-05,Replied
ACT000456,Meeting,U018,A01613,C006400,O0031,,2026-01-21,Completed
ACT000457,Meeting,U014,A01613,C003006,O0031,,2026-05-10,Meeting held
ACT000458,Email,U014,A00921,C005901,O0032,,2026-09-11,Meeting held
ACT000459,Email,U018,A00921,C002649,O0032,,2026-06-13,Bounced
ACT000460,Call,U018,A00921,C002649,O0032,,2026-06-28,Completed
ACT000461,Email,U018,A00921,C005901,O0032,,2026-09-19,Bounced
ACT000462,Meeting,U003,A01253,C002821,O0033,,2026-04-30,Bounced
ACT000463,Email,U003,A01253,C006749,O0033,,2026-07-07,Replied
ACT000464,Meeting,U003,A01253,C006749,O0033,,2026-04-28,Completed
ACT000465,Email,U006,A01253,C002821,O0033,,2026-08-01,Completed
ACT000466,Email,U003,A01253,C000325,O0033,,2026-06-18,Completed
ACT000467,Email,U003,A01253,C002653,O0033,,2026-06-28,Completed
ACT000468,Call,U006,A01253,C003550,O0033,,2026-07-02,Meeting held
ACT000469,Email,U003,A01253,C006749,O0033,,2026-06-01,Replied
ACT000470,Call,U015,A00090,C005801,O0034,,2026-01-14,Completed
ACT000471,Meeting,U015,A00090,C002343,O0034,,2025-11-15,Bounced
ACT000472,LinkedIn,U018,A00090,C006267,O0034,,2025-10-10,Replied
ACT000473,Email,U018,A00090,C006267,O0034,,2025-12-06,Meeting held
ACT000474,Email,U018,A00090,C002343,O0034,,2026-02-07,Bounced
ACT000475,Meeting,U018,A00090,C006883,O0034,,2025-12-08,Meeting held
ACT000476,Email,U015,A00090,C006883,O0034,,2026-01-09,Bounced
ACT000477,Meeting,U012,A01358,C003986,O0035,,2026-03-05,Bounced
ACT000478,Meeting,U012,A01358,C003986,O0035,,2025-10-11,Meeting held
ACT000479,Email,U009,A01358,C000996,O0035,,2025-09-14,Bounced
ACT000480,Call,U009,A01358,C003986,O0035,,2025-12-18,Replied
ACT000481,Email,U012,A01358,C000996,O0035,,2025-11-03,Completed
ACT000482,Call,U009,A01358,C000996,O0035,,2025-11-18,Replied
ACT000483,Email,U012,A01358,C001698,O0035,,2026-01-06,Bounced
ACT000484,Email,U009,A01358,C001698,O0035,,2026-01-03,No answer
ACT000485,Call,U009,A01358,C001698,O0035,,2026-01-21,Completed
ACT000486,Email,U009,A01358,C000996,O0035,,2025-09-01,No answer
ACT000487,Email,U009,A01358,C000996,O0035,,2025-08-21,Completed
ACT000488,Call,U018,A01134,C004238,O0036,,2025-07-26,Bounced
ACT000489,LinkedIn,U014,A01134,C004238,O0036,,2025-08-14,Completed
ACT000490,Meeting,U014,A01134,C002728,O0036,,2025-09-13,Completed
ACT000491,Call,U018,A01134,C000238,O0036,,2025-06-13,Bounced
ACT000492,LinkedIn,U018,A01134,C000238,O0036,,2025-07-12,Bounced
ACT000493,Call,U014,A01134,C000774,O0036,,2025-08-02,Replied
ACT000494,Email,U018,A01134,C000774,O0036,,2025-10-14,Bounced
ACT000495,Meeting,U014,A01134,C002728,O0036,,2025-07-10,Replied
ACT000496,Email,U018,A01134,C004556,O0036,,2025-10-25,Replied
ACT000497,Call,U014,A01134,C002728,O0036,,2025-09-25,Replied
ACT000498,Email,U018,A01134,C004556,O0036,,2025-09-30,Meeting held
ACT000499,Call,U014,A01134,C000774,O0036,,2025-05-30,Replied
ACT000500,Meeting,U014,A01134,C000238,O0036,,2025-06-23,Replied
ACT000501,Email,U014,A01134,C002728,O0036,,2025-07-17,No answer
ACT000502,Email,U014,A01134,C000774,O0036,,2025-06-06,Completed
ACT000503,Meeting,U014,A01134,C003149,O0036,,2025-10-15,Meeting held
ACT000504,Meeting,U014,A01134,C000774,O0036,,2025-07-01,Meeting held
ACT000505,Call,U014,A01134,C000238,O0036,,2025-07-30,Replied
ACT000506,Email,U014,A01134,C000238,O0036,,2025-10-27,Replied
ACT000507,Email,U014,A01134,C002802,O0036,,2025-08-08,Meeting held
ACT000508,Meeting,U018,A01134,C002802,O0036,,2025-07-02,Bounced
ACT000509,Email,U014,A01134,C004556,O0036,,2025-07-30,Replied
ACT000510,Email,U014,A01134,C002728,O0036,,2025-06-15,Bounced
ACT000511,Meeting,U018,A01678,C003218,O0037,,2026-08-13,Replied
ACT000512,Meeting,U018,A01678,C003218,O0037,,2026-09-21,Completed
ACT000513,Email,U015,A01678,C003218,O0037,,2026-08-18,Meeting held
ACT000514,Email,U018,A01678,C005941,O0037,,2026-09-07,Completed
ACT000515,Meeting,U018,A01678,C005941,O0037,,2026-09-15,Bounced
ACT000516,Email,U018,A01678,C003218,O0037,,2026-09-03,Completed
ACT000517,Email,U018,A01678,C005941,O0037,,2026-09-21,Meeting held
ACT000518,Email,U015,A01678,C003218,O0037,,2026-08-26,Replied
ACT000519,LinkedIn,U015,A01678,C003218,O0037,,2026-07-25,No answer
ACT000520,Email,U018,A01678,C005941,O0037,,2026-07-17,Replied
ACT000521,Meeting,U018,A01678,C005941,O0037,,2026-09-03,Completed
ACT000522,Meeting,U015,A01678,C003218,O0037,,2026-07-17,Completed
ACT000523,Email,U015,A01678,C003218,O0037,,2026-08-18,Completed
ACT000524,Email,U015,A01678,C005941,O0037,,2026-09-09,No answer
ACT000525,Meeting,U018,A01678,C003218,O0037,,2026-10-04,Bounced
ACT000526,Call,U015,A01678,C005941,O0037,,2026-09-23,Completed
ACT000527,Email,U015,A01678,C003218,O0037,,2026-09-01,Meeting held
ACT000528,Call,U018,A01678,C003218,O0037,,2026-09-30,Bounced
ACT000529,LinkedIn,U018,A01678,C005941,O0037,,2026-09-23,Bounced
ACT000530,Email,U015,A01678,C005941,O0037,,2026-09-10,Bounced
ACT000531,Call,U015,A01678,C005941,O0037,,2026-07-22,Meeting held
ACT000532,Email,U018,A01678,C003218,O0037,,2026-07-14,No answer
ACT000533,LinkedIn,U015,A01678,C003218,O0037,,2026-08-09,Meeting held
ACT000534,LinkedIn,U018,A01678,C003218,O0037,,2026-07-26,Meeting held
ACT000535,Email,U003,A00467,C001557,O0038,,2026-09-26,Meeting held
ACT000536,Email,U003,A00467,C001557,O0038,,2026-07-04,Bounced
ACT000537,Email,U006,A00467,C001557,O0038,,2026-06-27,No answer
ACT000538,Email,U003,A00467,C001557,O0038,,2026-09-27,Bounced
ACT000539,Email,U006,A00467,C000183,O0038,,2026-09-02,Meeting held
ACT000540,Email,U003,A00467,C004079,O0038,,2026-09-23,Replied
ACT000541,Email,U006,A00467,C001557,O0038,,2026-08-20,Meeting held
ACT000542,Email,U006,A00467,C004079,O0038,,2026-09-18,Meeting held
ACT000543,Email,U003,A00467,C001557,O0038,,2026-08-15,No answer
ACT000544,Call,U006,A00467,C004079,O0038,,2026-09-20,Meeting held
ACT000545,Meeting,U006,A00467,C000904,O0038,,2026-07-15,No answer
ACT000546,Call,U006,A00467,C001557,O0038,,2026-07-01,Meeting held
ACT000547,Call,U008,A00759,C001149,O0039,,2026-02-15,Bounced
ACT000548,Call,U008,A00759,C003715,O0039,,2026-07-31,Bounced
ACT000549,Meeting,U012,A00759,C001149,O0039,,2026-06-18,No answer
ACT000550,Email,U012,A00759,C001149,O0039,,2026-06-01,Replied
ACT000551,Call,U008,A00759,C001149,O0039,,2026-05-16,Completed
ACT000552,Call,U008,A00759,C001149,O0039,,2026-04-25,Meeting held
ACT000553,Email,U008,A00759,C003715,O0039,,2026-05-20,Completed
ACT000554,Email,U008,A00759,C001149,O0039,,2026-03-13,Replied
ACT000555,Email,U012,A00759,C001149,O0039,,2026-04-14,Meeting held
ACT000556,Email,U008,A00759,C003715,O0039,,2026-07-29,Completed
ACT000557,Meeting,U008,A00759,C003715,O0039,,2026-05-22,Meeting held
ACT000558,Email,U008,A00759,C002224,O0039,,2026-05-15,Bounced
ACT000559,Call,U006,A01143,,O0040,,2025-10-21,Replied
ACT000560,Email,U006,A01143,,O0040,,2026-01-12,Bounced
ACT000561,Meeting,U003,A01143,,O0040,,2025-11-29,Bounced
ACT000562,Meeting,U006,A01143,,O0040,,2026-02-22,Completed
ACT000563,Email,U003,A01143,,O0040,,2025-11-19,Replied
ACT000564,Call,U003,A01143,,O0040,,2026-04-16,Bounced
ACT000565,Email,U003,A00130,C000248,O0041,,2026-06-23,Completed
ACT000566,Email,U003,A00130,C003898,O0041,,2026-06-15,Replied
ACT000567,Meeting,U006,A00130,C003898,O0041,,2026-08-16,Completed
ACT000568,LinkedIn,U006,A00130,C003898,O0041,,2026-07-31,Bounced
ACT000569,Call,U006,A00130,C005573,O0041,,2026-07-06,Meeting held
ACT000570,Call,U003,A00130,C000248,O0041,,2026-07-24,No answer
ACT000571,Call,U006,A00130,C003898,O0041,,2026-08-13,No answer
ACT000572,Email,U003,A00130,C000248,O0041,,2026-08-07,No answer
ACT000573,Call,U003,A00130,C003898,O0041,,2026-07-02,Completed
ACT000574,Email,U006,A00130,C000248,O0041,,2026-08-09,No answer
ACT000575,Email,U006,A01619,C003656,O0042,,2025-11-25,No answer
ACT000576,Email,U002,A01619,C005024,O0042,,2025-08-26,Completed
ACT000577,LinkedIn,U002,A01619,C006531,O0042,,2025-11-11,Bounced
ACT000578,Meeting,U002,A01619,C001311,O0042,,2025-10-22,Bounced
ACT000579,Meeting,U002,A01619,C001250,O0042,,2025-10-29,Completed
ACT000580,Email,U006,A01619,C001311,O0042,,2025-12-05,Meeting held
ACT000581,Email,U006,A01619,C004924,O0042,,2025-12-10,Replied
ACT000582,LinkedIn,U002,A01619,C003656,O0042,,2025-09-06,Completed
ACT000583,Email,U006,A01619,C001311,O0042,,2025-11-06,Replied
ACT000584,Email,U006,A01619,C001311,O0042,,2025-09-21,No answer
ACT000585,Meeting,U002,A01619,C004924,O0042,,2025-09-06,Completed
ACT000586,LinkedIn,U002,A01619,C005024,O0042,,2025-11-27,Completed
ACT000587,Email,U002,A01619,C006531,O0042,,2025-11-30,Bounced
ACT000588,Call,U006,A01619,C001250,O0042,,2025-11-16,Completed
ACT000589,Call,U002,A01437,C001858,O0043,,2026-03-30,Meeting held
ACT000590,Email,U002,A01437,C001858,O0043,,2026-03-29,Bounced
ACT000591,Email,U002,A01437,C002999,O0043,,2026-06-23,Completed
ACT000592,Call,U006,A01437,C002999,O0043,,2026-01-02,Replied
ACT000593,Meeting,U002,A01437,C002999,O0043,,2026-02-28,No answer
ACT000594,Email,U006,A01437,C002999,O0043,,2026-07-06,Bounced
ACT000595,Email,U006,A01437,C001858,O0043,,2026-02-28,Completed
ACT000596,Meeting,U006,A01437,C002280,O0043,,2026-04-03,Completed
ACT000597,Email,U006,A01437,C001858,O0043,,2026-03-08,Meeting held
ACT000598,Email,U006,A01437,C002280,O0043,,2026-05-08,Completed
ACT000599,Email,U006,A01437,C000525,O0043,,2026-01-10,Replied
ACT000600,Email,U002,A01437,C000525,O0043,,2025-12-18,Meeting held
ACT000601,Email,U002,A01437,C001858,O0043,,2026-05-17,Meeting held
ACT000602,Meeting,U002,A01437,C002280,O0043,,2026-01-30,Bounced
ACT000603,LinkedIn,U002,A01437,C000525,O0043,,2026-03-23,No answer
ACT000604,Call,U002,A01437,C000525,O0043,,2026-06-30,Meeting held
ACT000605,Email,U002,A01437,C001858,O0043,,2026-03-20,Meeting held
ACT000606,Call,U006,A01437,C000525,O0043,,2026-03-31,Replied
ACT000607,LinkedIn,U002,A01437,C002999,O0043,,2026-04-15,Bounced
ACT000608,Meeting,U006,A01437,C002280,O0043,,2025-12-26,Meeting held
ACT000609,LinkedIn,U002,A01437,C000525,O0043,,2026-05-30,Replied
ACT000610,Email,U003,A01380,C004855,O0044,,2026-07-05,Completed
ACT000611,Meeting,U003,A01380,C003789,O0044,,2026-09-06,Replied
ACT000612,Call,U003,A01380,C004113,O0044,,2026-06-23,No answer
ACT000613,Email,U003,A01380,C003789,O0044,,2026-09-23,Completed
ACT000614,Meeting,U003,A01380,C004855,O0044,,2026-09-08,No answer
ACT000615,Meeting,U003,A01380,C004113,O0044,,2026-07-15,Completed
ACT000616,Call,U006,A01380,C004113,O0044,,2026-09-05,Bounced
ACT000617,LinkedIn,U003,A01380,C004855,O0044,,2026-06-27,Completed
ACT000618,Meeting,U003,A01380,C003789,O0044,,2026-09-14,Replied
ACT000619,Email,U003,A01380,C003789,O0044,,2026-08-19,Bounced
ACT000620,Meeting,U003,A01380,C004113,O0044,,2026-09-07,Bounced
ACT000621,Call,U006,A01380,C004113,O0044,,2026-10-06,Completed
ACT000622,Email,U006,A01380,C004855,O0044,,2026-08-25,No answer
ACT000623,Email,U003,A01380,C004113,O0044,,2026-09-08,Replied
ACT000624,Meeting,U003,A01380,C004113,O0044,,2026-08-19,Completed
ACT000625,Email,U006,A01380,C003789,O0044,,2026-06-26,Bounced
ACT000626,Email,U006,A01380,C004855,O0044,,2026-08-17,Bounced
ACT000627,Email,U003,A01380,C003789,O0044,,2026-08-10,Replied
ACT000628,Call,U003,A01360,C005960,O0045,,2026-09-11,Replied
ACT000629,Call,U006,A01360,C005960,O0045,,2026-08-03,No answer
ACT000630,Email,U006,A01360,C006616,O0045,,2026-10-04,Bounced
ACT000631,Call,U006,A01360,C003894,O0045,,2026-09-01,No answer
ACT000632,Call,U006,A01360,C005960,O0045,,2026-07-15,Completed
ACT000633,Email,U006,A01360,C005960,O0045,,2026-07-22,Meeting held
ACT000634,Email,U006,A01360,C002051,O0045,,2026-07-15,Completed
ACT000635,Email,U006,A01360,C005960,O0045,,2026-07-18,Meeting held
ACT000636,Email,U006,A01360,C000021,O0045,,2026-08-19,Completed
ACT000637,Call,U006,A01360,C005960,O0045,,2026-09-06,Bounced
ACT000638,LinkedIn,U006,A01360,C003894,O0045,,2026-08-09,Completed
ACT000639,Email,U006,A01360,C004716,O0045,,2026-08-30,Meeting held
ACT000640,Call,U008,A01252,C004552,O0046,,2026-09-04,Meeting held
ACT000641,Email,U008,A01252,C004303,O0046,,2026-09-14,Replied
ACT000642,Meeting,U008,A01252,C004552,O0046,,2026-07-20,Replied
ACT000643,Email,U012,A01252,C001954,O0046,,2026-07-06,Completed
ACT000644,Email,U012,A01252,C004552,O0046,,2026-07-28,Bounced
ACT000645,LinkedIn,U008,A01252,C001954,O0046,,2026-08-13,No answer
ACT000646,Email,U012,A01252,C001954,O0046,,2026-07-17,Completed
ACT000647,Email,U012,A01252,C004303,O0046,,2026-06-25,Replied
ACT000648,Call,U008,A01252,C001954,O0046,,2026-07-13,Completed
ACT000649,Call,U012,A01252,C004303,O0046,,2026-08-15,Replied
ACT000650,LinkedIn,U008,A01252,C001954,O0046,,2026-09-13,Bounced
ACT000651,Email,U012,A01252,C004552,O0046,,2026-09-09,Completed
ACT000652,Email,U012,A01252,C001954,O0046,,2026-09-14,Meeting held
ACT000653,Email,U012,A01252,C001954,O0046,,2026-09-24,Meeting held
ACT000654,Meeting,U008,A01252,C004303,O0046,,2026-07-23,Bounced
ACT000655,LinkedIn,U002,A00584,C005734,O0047,,2026-04-13,No answer
ACT000656,Call,U006,A00584,C001600,O0047,,2026-06-26,Completed
ACT000657,Email,U002,A00584,C005734,O0047,,2026-07-24,Replied
ACT000658,Call,U002,A00584,C005734,O0047,,2026-04-18,No answer
ACT000659,Email,U002,A00584,C001600,O0047,,2026-08-22,Replied
ACT000660,Call,U002,A00584,C005434,O0047,,2026-06-28,Bounced
ACT000661,Email,U002,A00584,C005734,O0047,,2026-05-25,Completed
ACT000662,Call,U006,A00584,C001600,O0047,,2026-07-08,No answer
ACT000663,Meeting,U006,A00584,C005434,O0047,,2026-08-13,Replied
ACT000664,Meeting,U006,A00584,C004674,O0047,,2026-04-20,No answer
ACT000665,Email,U006,A00584,C005123,O0047,,2026-06-06,Meeting held
ACT000666,Meeting,U002,A00584,C005734,O0047,,2026-04-30,Meeting held
ACT000667,LinkedIn,U002,A00584,C005123,O0047,,2026-07-29,No answer
ACT000668,Meeting,U002,A00584,C005434,O0047,,2026-05-22,Bounced
ACT000669,Email,U006,A00584,C005434,O0047,,2026-08-04,Bounced
ACT000670,Meeting,U006,A00584,C004674,O0047,,2026-08-28,Replied
ACT000671,Meeting,U002,A00584,C005734,O0047,,2026-08-19,Replied
ACT000672,Email,U002,A00584,C001600,O0047,,2026-08-20,Meeting held
ACT000673,Email,U002,A00584,C005123,O0047,,2026-07-29,No answer
ACT000674,Email,U002,A00584,C005434,O0047,,2026-07-13,Replied
ACT000675,Call,U002,A00584,C001600,O0047,,2026-07-28,Meeting held
ACT000676,Email,U002,A00584,C003424,O0047,,2026-06-25,Completed
ACT000677,Call,U006,A01007,C005845,O0048,,2025-08-27,Completed
ACT000678,Email,U006,A01007,C005845,O0048,,2025-08-28,Bounced
ACT000679,Email,U006,A01007,C002287,O0048,,2025-08-10,No answer
ACT000680,Call,U003,A01007,C005845,O0048,,2025-07-20,Replied
ACT000681,LinkedIn,U006,A01007,C005845,O0048,,2025-08-19,Completed
ACT000682,Call,U003,A01007,C001645,O0048,,2025-08-01,Bounced
ACT000683,Email,U003,A01007,C002287,O0048,,2025-09-03,Bounced
ACT000684,Email,U006,A01007,C005845,O0048,,2025-08-07,Replied
ACT000685,Email,U006,A01007,C002287,O0048,,2025-05-06,Replied
ACT000686,Email,U006,A01007,C002287,O0048,,2025-08-27,No answer
ACT000687,Email,U003,A01007,C002287,O0048,,2025-05-04,Bounced
ACT000688,LinkedIn,U006,A01007,C001645,O0048,,2025-06-17,No answer
ACT000689,Email,U003,A01007,C002287,O0048,,2025-05-17,Replied
ACT000690,LinkedIn,U003,A01007,C001645,O0048,,2025-05-01,Replied
ACT000691,Call,U006,A01007,C001645,O0048,,2025-07-23,Replied
ACT000692,Call,U003,A01007,C002287,O0048,,2025-08-26,Bounced
ACT000693,Email,U006,A01007,C002287,O0048,,2025-05-17,Bounced
ACT000694,Email,U006,A01007,C001645,O0048,,2025-06-03,Replied
ACT000695,LinkedIn,U006,A01007,C001645,O0048,,2025-08-17,Replied
ACT000696,Call,U006,A01007,C002287,O0048,,2025-08-19,Completed
ACT000697,Meeting,U006,A01007,C002287,O0048,,2025-07-22,No answer
ACT000698,Email,U003,A01007,C001645,O0048,,2025-08-14,Replied
ACT000699,Call,U003,A01007,C002287,O0048,,2025-06-22,Bounced
ACT000700,Email,U006,A01529,C005215,O0049,,2025-09-08,Bounced
ACT000701,Email,U002,A01529,C003759,O0049,,2025-07-16,Replied
ACT000702,Email,U002,A01529,C005807,O0049,,2025-11-19,Replied
ACT000703,Call,U002,A01529,C005215,O0049,,2025-10-21,Completed
ACT000704,Email,U006,A01529,C001678,O0049,,2025-12-03,Bounced
ACT000705,Email,U006,A01529,C005807,O0049,,2025-09-01,Replied
ACT000706,Call,U002,A01529,C005807,O0049,,2025-09-24,Meeting held
ACT000707,Email,U006,A01529,C003759,O0049,,2025-12-05,No answer
ACT000708,Email,U002,A01529,C005807,O0049,,2025-12-11,Replied
ACT000709,Call,U002,A01529,C005807,O0049,,2025-11-19,Replied
ACT000710,Email,U006,A01529,C001678,O0049,,2025-07-08,Meeting held
ACT000711,Call,U003,A00512,C000177,O0050,,2026-03-31,No answer
ACT000712,Meeting,U003,A00512,C003412,O0050,,2026-01-15,Completed
ACT000713,Email,U003,A00512,C000177,O0050,,2026-01-29,Completed
ACT000714,Email,U003,A00512,C003412,O0050,,2026-03-20,Meeting held
ACT000715,Call,U003,A00512,C002108,O0050,,2026-02-09,Bounced
ACT000716,Email,U006,A00512,C002108,O0050,,2026-01-14,Meeting held
ACT000717,Call,U006,A00512,C000177,O0050,,2026-04-02,Meeting held
ACT000718,Meeting,U003,A00512,C000177,O0050,,2025-12-11,Replied
ACT000719,Email,U003,A00512,C000177,O0050,,2026-02-17,Completed
ACT000720,Meeting,U003,A00512,C001632,O0050,,2025-12-19,Bounced
ACT000721,Call,U006,A00512,C003412,O0050,,2025-12-11,Meeting held
ACT000722,Email,U003,A00512,C000177,O0050,,2025-12-26,Bounced
ACT000723,Call,U006,A00512,C003412,O0050,,2026-03-27,Bounced
ACT000724,Call,U003,A00512,C003412,O0050,,2026-03-16,Bounced
ACT000725,Email,U003,A00512,C001632,O0050,,2026-03-23,Replied
ACT000726,Email,U003,A00512,C003412,O0050,,2026-02-01,Meeting held
ACT000727,Email,U006,A00512,C001632,O0050,,2026-01-24,Meeting held
ACT000728,Email,U003,A00512,C001632,O0050,,2026-03-02,Replied
ACT000729,Meeting,U006,A00512,C000177,O0050,,2026-02-24,Replied
ACT000730,Meeting,U006,A00512,C002108,O0050,,2026-03-29,Bounced
ACT000731,Email,U002,A01378,,O0051,,2025-07-04,No answer
ACT000732,Call,U006,A01378,,O0051,,2025-07-21,Completed
ACT000733,Call,U006,A01378,,O0051,,2025-08-24,No answer
ACT000734,Email,U002,A01378,,O0051,,2025-07-26,Replied
ACT000735,Email,U002,A01378,,O0051,,2025-11-29,Bounced
ACT000736,Meeting,U002,A01378,,O0051,,2025-12-11,Meeting held
ACT000737,Email,U006,A01378,,O0051,,2025-10-12,Meeting held
ACT000738,Email,U002,A01378,,O0051,,2025-11-28,Meeting held
ACT000739,Email,U018,A00999,C005366,O0052,,2025-11-12,Replied
ACT000740,Meeting,U018,A00999,C000014,O0052,,2025-11-09,Bounced
ACT000741,Meeting,U018,A00999,C004504,O0052,,2025-10-15,Completed
ACT000742,Email,U015,A00999,C006356,O0052,,2025-10-07,Completed
ACT000743,Call,U018,A00999,C000014,O0052,,2025-10-02,Bounced
ACT000744,LinkedIn,U018,A00999,C004504,O0052,,2025-10-22,Completed
ACT000745,Meeting,U018,A00999,C006356,O0052,,2025-11-08,Completed
ACT000746,LinkedIn,U018,A00999,C000811,O0052,,2025-11-07,Completed
ACT000747,LinkedIn,U018,A00999,C004487,O0052,,2025-09-26,Meeting held
ACT000748,Email,U018,A00999,C000811,O0052,,2025-11-09,Completed
ACT000749,Meeting,U018,A00999,C000014,O0052,,2025-09-08,No answer
ACT000750,Call,U015,A00999,C005366,O0052,,2025-08-28,No answer
ACT000751,Call,U018,A00999,C004487,O0052,,2025-11-12,Completed
ACT000752,Email,U015,A00999,C001325,O0052,,2025-11-01,Replied
ACT000753,Email,U015,A00999,C006356,O0052,,2025-08-26,Meeting held
ACT000754,Email,U018,A00999,C004487,O0052,,2025-08-26,Bounced
ACT000755,Call,U018,A00999,C006377,O0052,,2025-11-28,Bounced
ACT000756,LinkedIn,U006,A01094,C003445,O0053,,2026-09-09,No answer
ACT000757,Email,U002,A01094,C003445,O0053,,2026-10-02,Replied
ACT000758,Email,U002,A01094,C003445,O0053,,2026-08-30,Replied
ACT000759,Email,U006,A01094,C000232,O0053,,2026-07-28,Bounced
ACT000760,Meeting,U006,A01094,C003445,O0053,,2026-09-04,Replied
ACT000761,LinkedIn,U002,A01094,C000232,O0053,,2026-08-22,Completed
ACT000762,Meeting,U006,A01094,C000232,O0053,,2026-08-23,Bounced
ACT000763,Email,U002,A01094,C003445,O0053,,2026-09-25,Completed
ACT000764,Call,U006,A01094,C000232,O0053,,2026-09-30,Bounced
ACT000765,Meeting,U006,A01094,C003445,O0053,,2026-07-07,Completed
ACT000766,Call,U006,A01094,C000232,O0053,,2026-08-13,No answer
ACT000767,Call,U006,A01094,C003445,O0053,,2026-06-27,Bounced
ACT000768,LinkedIn,U002,A01094,C003445,O0053,,2026-07-07,Bounced
ACT000769,Call,U009,A00056,C003732,O0054,,2026-01-09,Bounced
ACT000770,LinkedIn,U009,A00056,C003257,O0054,,2025-12-08,Meeting held
ACT000771,Email,U012,A00056,C003732,O0054,,2026-01-05,Bounced
ACT000772,Email,U012,A00056,C003732,O0054,,2025-12-29,Bounced
ACT000773,Call,U012,A00056,C003732,O0054,,2025-10-27,Meeting held
ACT000774,Email,U012,A00056,C003732,O0054,,2026-01-06,Replied
ACT000775,Email,U009,A00056,C003257,O0054,,2025-12-02,No answer
ACT000776,Call,U012,A00056,C003257,O0054,,2025-10-31,Bounced
ACT000777,Email,U009,A00056,C003732,O0054,,2026-03-01,Bounced
ACT000778,Email,U012,A00056,C003257,O0054,,2026-01-10,No answer
ACT000779,LinkedIn,U009,A00056,C003732,O0054,,2026-02-10,Meeting held
ACT000780,Call,U009,A00056,C003732,O0054,,2026-02-13,Replied
ACT000781,Call,U012,A00056,C001427,O0054,,2026-01-28,Bounced
ACT000782,Meeting,U012,A00056,C003732,O0054,,2026-03-20,Bounced
ACT000783,Meeting,U009,A00056,C003257,O0054,,2026-01-23,Completed
ACT000784,Call,U009,A00056,C003732,O0054,,2026-01-10,Meeting held
ACT000785,Call,U009,A00056,C001427,O0054,,2026-03-21,Bounced
ACT000786,Email,U012,A00056,C003732,O0054,,2025-12-18,Replied
ACT000787,Email,U012,A00056,C003257,O0054,,2025-12-06,No answer
ACT000788,Email,U009,A00056,C001427,O0054,,2026-01-28,No answer
ACT000789,Call,U012,A00056,C001427,O0054,,2026-03-23,Bounced
ACT000790,Email,U012,A00056,C003732,O0054,,2026-01-27,Meeting held
ACT000791,Email,U012,A00056,C001427,O0054,,2025-12-20,Bounced
ACT000792,Meeting,U009,A00056,C003257,O0054,,2026-01-25,Completed
ACT000793,Email,U014,A00355,C004170,O0055,,2026-02-24,Replied
ACT000794,Email,U018,A00355,C001349,O0055,,2026-05-24,Completed
ACT000795,LinkedIn,U018,A00355,C001349,O0055,,2026-05-15,Completed
ACT000796,Meeting,U014,A00355,C005740,O0055,,2026-05-03,Completed
ACT000797,Email,U014,A00355,C004170,O0055,,2026-02-09,Completed
ACT000798,Email,U014,A00355,C005740,O0055,,2026-05-29,Meeting held
ACT000799,Email,U014,A00355,C004810,O0055,,2026-04-09,No answer
ACT000800,Call,U014,A00355,C005740,O0055,,2026-02-25,Replied
ACT000801,Call,U018,A00355,C004170,O0055,,2026-06-01,Bounced
ACT000802,LinkedIn,U014,A00355,C005340,O0055,,2026-04-04,Completed
ACT000803,Meeting,U014,A00355,C000605,O0055,,2026-06-03,No answer
ACT000804,Call,U018,A00355,C004170,O0055,,2026-05-12,Replied
ACT000805,Call,U014,A00355,C005740,O0055,,2026-05-23,Bounced
ACT000806,Email,U018,A00355,C004170,O0055,,2026-04-30,Completed
ACT000807,Call,U014,A00355,C004810,O0055,,2026-05-27,Meeting held
ACT000808,Email,U014,A00355,C000605,O0055,,2026-03-07,Bounced
ACT000809,Call,U014,A00355,C001349,O0055,,2026-02-23,Meeting held
ACT000810,Call,U014,A00355,C000605,O0055,,2026-04-01,Completed
ACT000811,Call,U012,A00846,C002161,O0056,,2026-01-09,Bounced
ACT000812,Meeting,U012,A00846,C006111,O0056,,2025-10-28,Bounced
ACT000813,Call,U012,A00846,C005265,O0056,,2026-01-28,No answer
ACT000814,Email,U009,A00846,C005265,O0056,,2025-10-14,No answer
ACT000815,Email,U012,A00846,C000603,O0056,,2025-10-08,Replied
ACT000816,LinkedIn,U009,A00846,C002161,O0056,,2025-12-21,No answer
ACT000817,Meeting,U012,A00846,C004168,O0056,,2025-10-19,Replied
ACT000818,Meeting,U012,A00846,C004463,O0056,,2025-12-01,Bounced
ACT000819,Email,U009,A00846,C004463,O0056,,2025-12-31,Meeting held
ACT000820,Meeting,U012,A00846,C005265,O0056,,2026-02-20,No answer
ACT000821,Meeting,U012,A00846,C000603,O0056,,2025-09-29,Completed
ACT000822,LinkedIn,U012,A00846,C000603,O0056,,2025-08-29,No answer
ACT000823,Email,U009,A00846,C002161,O0056,,2025-11-23,Completed
ACT000824,Call,U009,A00846,C006111,O0056,,2026-02-22,Replied
ACT000825,Email,U009,A00846,C004463,O0056,,2025-12-18,No answer
ACT000826,Email,U009,A00846,C004463,O0056,,2026-02-07,Meeting held
ACT000827,LinkedIn,U009,A00846,C005265,O0056,,2025-11-20,No answer
ACT000828,Email,U018,A00879,C001672,O0057,,2026-04-30,Replied
ACT000829,Meeting,U014,A00879,C001672,O0057,,2026-08-20,Bounced
ACT000830,Call,U014,A00879,C001672,O0057,,2026-08-16,Meeting held
ACT000831,Email,U014,A00879,C001672,O0057,,2026-04-26,No answer
ACT000832,Email,U014,A00879,C001672,O0057,,2026-06-03,Bounced
ACT000833,Call,U014,A00879,C001672,O0057,,2026-06-01,No answer
ACT000834,LinkedIn,U018,A00879,C001672,O0057,,2026-06-19,Replied
ACT000835,Email,U014,A00879,C001672,O0057,,2026-05-16,Meeting held
ACT000836,Email,U014,A00879,C001672,O0057,,2026-08-02,Bounced
ACT000837,Email,U014,A00879,C001672,O0057,,2026-08-01,Meeting held
ACT000838,Email,U014,A00879,C001672,O0057,,2026-04-09,Meeting held
ACT000839,Email,U018,A00879,C001672,O0057,,2026-05-05,No answer
ACT000840,LinkedIn,U018,A00879,C001672,O0057,,2026-09-02,Bounced
ACT000841,Email,U014,A00879,C001672,O0057,,2026-06-11,Completed
ACT000842,Email,U018,A00879,C001672,O0057,,2026-05-08,Completed
ACT000843,Call,U018,A00879,C001672,O0057,,2026-04-09,Replied
ACT000844,Email,U014,A00879,C001672,O0057,,2026-04-28,Completed
ACT000845,Email,U014,A01815,C002465,O0058,,2026-04-30,Meeting held
ACT000846,Email,U018,A01815,C002465,O0058,,2026-05-22,Meeting held
ACT000847,Meeting,U018,A01815,C002465,O0058,,2026-05-17,Replied
ACT000848,Email,U018,A01815,C002465,O0058,,2026-06-20,Replied
ACT000849,Call,U018,A01815,C002465,O0058,,2026-02-27,Replied
ACT000850,Email,U018,A01815,C002465,O0058,,2026-07-15,No answer
ACT000851,Call,U014,A01815,C002465,O0058,,2026-08-02,Replied
ACT000852,Meeting,U014,A01815,C002465,O0058,,2025-12-11,Replied
ACT000853,Email,U018,A01815,C002465,O0058,,2026-06-19,Replied
ACT000854,Meeting,U014,A01815,C002465,O0058,,2026-04-01,Meeting held
ACT000855,LinkedIn,U018,A01815,C002465,O0058,,2026-02-19,Replied
ACT000856,Meeting,U018,A01815,C002465,O0058,,2026-04-03,No answer
ACT000857,LinkedIn,U014,A01815,C002465,O0058,,2026-02-25,No answer
ACT000858,Email,U014,A01815,C002465,O0058,,2026-08-19,Meeting held
ACT000859,Call,U018,A01815,C002465,O0058,,2026-08-15,Completed
ACT000860,Meeting,U018,A01815,C002465,O0058,,2026-06-06,Bounced
ACT000861,Email,U014,A01815,C002465,O0058,,2026-02-15,Replied
ACT000862,Email,U014,A01815,C002465,O0058,,2026-07-25,Bounced
ACT000863,Call,U018,A01815,C002465,O0058,,2025-12-17,Completed
ACT000864,Email,U018,A01815,C002465,O0058,,2026-06-10,No answer
ACT000865,LinkedIn,U014,A01815,C002465,O0058,,2026-07-24,Meeting held
ACT000866,Email,U018,A01815,C002465,O0058,,2026-03-05,Replied
ACT000867,LinkedIn,U014,A01815,C002465,O0058,,2026-08-09,Bounced
ACT000868,Meeting,U018,A01815,C002465,O0058,,2026-06-26,Bounced
ACT000869,Email,U006,A00736,C004433,O0059,,2026-09-11,Meeting held
ACT000870,Call,U002,A00736,C004433,O0059,,2026-09-26,No answer
ACT000871,Call,U006,A00736,C000867,O0059,,2026-08-20,Completed
ACT000872,Call,U002,A00736,C004433,O0059,,2026-07-10,Bounced
ACT000873,Email,U006,A00736,C000867,O0059,,2026-08-27,Meeting held
ACT000874,Email,U002,A00736,C004433,O0059,,2026-09-09,Bounced
ACT000875,LinkedIn,U006,A00736,C004433,O0059,,2026-09-14,Completed
ACT000876,Email,U018,A01920,C004000,O0060,,2025-05-25,Meeting held
ACT000877,Call,U018,A01920,C004000,O0060,,2025-04-26,Completed
ACT000878,Email,U014,A01920,C006231,O0060,,2025-05-15,Replied
ACT000879,Email,U018,A01920,C003358,O0060,,2025-06-22,Completed
ACT000880,LinkedIn,U014,A01920,C003358,O0060,,2025-04-29,Bounced
ACT000881,Email,U018,A01920,C003358,O0060,,2025-07-19,Meeting held
ACT000882,Meeting,U014,A01920,C006231,O0060,,2025-09-24,No answer
ACT000883,Meeting,U014,A01920,C004000,O0060,,2025-05-30,Replied
ACT000884,Email,U018,A01920,C004000,O0060,,2025-08-26,Meeting held
ACT000885,Email,U018,A01920,C006231,O0060,,2025-07-02,Bounced
ACT000886,Email,U014,A01920,C003358,O0060,,2025-07-16,Bounced
ACT000887,Email,U014,A01920,C003358,O0060,,2025-07-08,Replied
ACT000888,Email,U018,A01920,C003358,O0060,,2025-10-07,Completed
ACT000889,Call,U014,A01920,C004000,O0060,,2025-04-25,Replied
ACT000890,Email,U014,A01920,C006231,O0060,,2025-05-10,No answer
ACT000891,Call,U018,A01920,C003358,O0060,,2025-07-14,Completed
ACT000892,LinkedIn,U014,A01920,C003358,O0060,,2025-05-11,Completed
ACT000893,Meeting,U014,A01920,C004000,O0060,,2025-08-24,No answer
ACT000894,Email,U018,A01920,C006231,O0060,,2025-10-10,Bounced
ACT000895,Call,U014,A01920,C004000,O0060,,2025-08-23,Meeting held
ACT000896,Email,U002,A00711,C006277,O0061,,2026-06-23,Meeting held
ACT000897,LinkedIn,U002,A00711,C004612,O0061,,2026-09-25,Completed
ACT000898,Meeting,U002,A00711,C000113,O0061,,2026-05-27,Bounced
ACT000899,Email,U006,A00711,C006277,O0061,,2026-06-06,Replied
ACT000900,Call,U006,A00711,C003646,O0061,,2026-04-10,Bounced
ACT000901,LinkedIn,U002,A00711,C003646,O0061,,2026-07-12,Bounced
ACT000902,Meeting,U002,A00711,C006277,O0061,,2026-07-10,No answer
ACT000903,Email,U006,A00711,C004612,O0061,,2026-09-30,Meeting held
ACT000904,Email,U002,A00711,C006277,O0061,,2026-07-11,Replied
ACT000905,Email,U006,A00711,C006277,O0061,,2026-07-25,Completed
ACT000906,Meeting,U002,A00711,C003646,O0061,,2026-04-18,Meeting held
ACT000907,Email,U002,A00711,C004866,O0061,,2026-06-15,Replied
ACT000908,Meeting,U006,A00711,C004448,O0061,,2026-09-01,Meeting held
ACT000909,Email,U002,A00711,C003646,O0061,,2026-06-06,No answer
ACT000910,Meeting,U002,A00711,C004612,O0061,,2026-04-23,Meeting held
ACT000911,Meeting,U006,A00711,C004866,O0061,,2026-04-25,Replied
ACT000912,Email,U006,A00711,C004612,O0061,,2026-07-26,Completed
ACT000913,Email,U002,A00711,C006277,O0061,,2026-06-24,Completed
ACT000914,Email,U006,A01473,C005848,O0062,,2026-08-03,Bounced
ACT000915,Email,U002,A01473,C005848,O0062,,2026-06-23,Bounced
ACT000916,Meeting,U006,A01473,C000019,O0062,,2025-12-14,Meeting held
ACT000917,Meeting,U006,A01473,C000019,O0062,,2025-11-28,Replied
ACT000918,Email,U006,A01473,C002993,O0062,,2025-10-26,No answer
ACT000919,Email,U002,A01473,C006417,O0062,,2025-12-20,No answer
ACT000920,Email,U002,A01473,C002993,O0062,,2026-02-25,No answer
ACT000921,Call,U002,A01473,C005848,O0062,,2026-04-04,Bounced
ACT000922,Call,U006,A01473,C000019,O0062,,2026-04-30,Replied
ACT000923,Email,U002,A01473,C005848,O0062,,2026-06-21,No answer
ACT000924,Call,U002,A01473,C005848,O0062,,2025-10-29,Replied
ACT000925,Email,U002,A01473,C000019,O0062,,2026-03-03,No answer
ACT000926,Email,U006,A01473,C000019,O0062,,2025-10-27,Replied
ACT000927,Call,U002,A01473,C005848,O0062,,2025-10-23,Meeting held
ACT000928,Email,U006,A01473,C005848,O0062,,2025-10-24,Bounced
ACT000929,Meeting,U006,A01473,C005848,O0062,,2025-12-21,Replied
ACT000930,Email,U002,A01473,C006417,O0062,,2026-07-31,No answer
ACT000931,LinkedIn,U002,A01473,C000098,O0062,,2025-11-13,Completed
ACT000932,Call,U002,A01473,C002993,O0062,,2026-06-15,No answer
ACT000933,Call,U003,A01986,C003194,O0063,,2026-06-26,Bounced
ACT000934,Meeting,U006,A01986,C003194,O0063,,2026-06-10,Completed
ACT000935,Meeting,U006,A01986,C001680,O0063,,2026-07-27,Meeting held
ACT000936,Email,U003,A01986,C001680,O0063,,2026-05-05,Meeting held
ACT000937,LinkedIn,U003,A01986,C003194,O0063,,2026-08-27,Replied
ACT000938,Call,U003,A01986,C004828,O0063,,2026-08-08,Completed
ACT000939,LinkedIn,U006,A01986,C001680,O0063,,2026-04-06,Meeting held
ACT000940,Email,U006,A01986,C004828,O0063,,2026-06-21,Meeting held
ACT000941,Call,U003,A01986,C003194,O0063,,2026-04-01,Meeting held
ACT000942,Email,U006,A01986,C001416,O0063,,2026-04-06,Bounced
ACT000943,Meeting,U003,A01986,C003194,O0063,,2026-03-16,Bounced
ACT000944,Call,U015,A00992,C000719,O0064,,2026-07-19,Bounced
ACT000945,Email,U018,A00992,C005920,O0064,,2026-07-26,Completed
ACT000946,Call,U015,A00992,C006295,O0064,,2026-04-07,Completed
ACT000947,Call,U015,A00992,C000719,O0064,,2026-09-13,Replied
ACT000948,Email,U018,A00992,C006295,O0064,,2026-04-25,Replied
ACT000949,Call,U018,A00992,C000719,O0064,,2026-08-23,Bounced
ACT000950,LinkedIn,U018,A00992,C004684,O0064,,2026-06-22,Bounced
ACT000951,Email,U018,A00992,C000719,O0064,,2026-06-25,Bounced
ACT000952,Meeting,U015,A00992,C006295,O0064,,2026-04-29,Bounced
ACT000953,Meeting,U015,A00992,C006295,O0064,,2026-09-10,Completed
ACT000954,Meeting,U015,A00992,C004684,O0064,,2026-04-27,Replied
ACT000955,Meeting,U015,A00992,C005920,O0064,,2026-09-15,No answer
ACT000956,LinkedIn,U015,A00992,C005920,O0064,,2026-08-19,No answer
ACT000957,Meeting,U015,A00992,C006295,O0064,,2026-07-10,No answer
ACT000958,Email,U018,A00992,C005920,O0064,,2026-09-02,Replied
ACT000959,Call,U015,A00992,C006295,O0064,,2026-04-21,Completed
ACT000960,Call,U015,A00992,C004684,O0064,,2026-04-20,Replied
ACT000961,Call,U015,A00992,C006295,O0064,,2026-07-18,Completed
ACT000962,Email,U015,A00992,C004684,O0064,,2026-07-23,No answer
ACT000963,Call,U018,A00992,C000719,O0064,,2026-08-05,Completed
ACT000964,Meeting,U012,A01810,C003638,O0065,,2026-09-18,Completed
ACT000965,Call,U012,A01810,C003638,O0065,,2026-08-09,Meeting held
ACT000966,Call,U009,A01810,C003638,O0065,,2026-08-10,Meeting held
ACT000967,Meeting,U012,A01810,C003638,O0065,,2026-10-06,Bounced
ACT000968,Email,U009,A01810,C003638,O0065,,2026-08-06,Meeting held
ACT000969,Meeting,U009,A01810,C003638,O0065,,2026-09-30,Bounced
ACT000970,Meeting,U012,A01810,C003638,O0065,,2026-09-07,No answer
ACT000971,Email,U002,A01122,C005550,O0066,,2026-06-23,Meeting held
ACT000972,LinkedIn,U002,A01122,C002990,O0066,,2026-06-11,Bounced
ACT000973,Meeting,U002,A01122,C005550,O0066,,2026-08-23,Replied
ACT000974,Call,U006,A01122,C005550,O0066,,2026-09-03,No answer
ACT000975,Meeting,U006,A01122,C005550,O0066,,2026-05-13,Bounced
ACT000976,Email,U002,A01122,C005550,O0066,,2026-07-11,Meeting held
ACT000977,Call,U002,A01122,C005550,O0066,,2026-05-07,Completed
ACT000978,Call,U006,A01122,C002990,O0066,,2026-05-09,Meeting held
ACT000979,Email,U002,A01122,C002990,O0066,,2026-07-12,Completed
ACT000980,Meeting,U002,A01122,C002990,O0066,,2026-06-26,Replied
ACT000981,Email,U002,A01122,C002990,O0066,,2026-05-09,Meeting held
ACT000982,Call,U002,A01122,C005550,O0066,,2026-05-06,Completed
ACT000983,Email,U006,A01122,C002990,O0066,,2026-06-28,Replied
ACT000984,Meeting,U002,A01122,C005550,O0066,,2026-08-29,No answer
ACT000985,LinkedIn,U002,A01122,C002990,O0066,,2026-05-14,Bounced
ACT000986,Call,U006,A01122,C002990,O0066,,2026-05-04,Bounced
ACT000987,Email,U002,A01122,C002990,O0066,,2026-08-02,Completed
ACT000988,Call,U006,A01122,C002990,O0066,,2026-09-08,Meeting held
ACT000989,Email,U002,A01122,C005550,O0066,,2026-08-14,Bounced
ACT000990,LinkedIn,U006,A01122,C002990,O0066,,2026-07-03,Meeting held
ACT000991,LinkedIn,U002,A01122,C002990,O0066,,2026-07-09,Completed
ACT000992,Meeting,U002,A01122,C005550,O0066,,2026-07-04,Replied
ACT000993,Call,U002,A01812,C004948,O0067,,2026-03-20,Completed
ACT000994,Meeting,U002,A01812,C000328,O0067,,2025-10-23,Meeting held
ACT000995,Meeting,U006,A01812,C004948,O0067,,2026-01-08,Completed
ACT000996,Email,U006,A01812,C004948,O0067,,2025-12-12,Meeting held
ACT000997,Email,U002,A01812,C004948,O0067,,2025-12-07,Replied
ACT000998,Email,U006,A01812,C000328,O0067,,2026-01-14,Meeting held
ACT000999,Email,U006,A01812,C004948,O0067,,2026-03-16,Meeting held
ACT001000,LinkedIn,U002,A01812,C000328,O0067,,2025-11-30,No answer
ACT001001,Email,U006,A01812,C000328,O0067,,2026-01-12,Bounced
ACT001002,Meeting,U002,A01812,C000328,O0067,,2025-11-01,Replied
ACT001003,Call,U006,A01812,C000328,O0067,,2026-01-17,Replied
ACT001004,Email,U006,A01812,C004948,O0067,,2025-10-14,No answer
ACT001005,Email,U006,A01812,C000328,O0067,,2026-02-11,Replied
ACT001006,Email,U002,A01812,C004948,O0067,,2026-03-14,Meeting held
ACT001007,LinkedIn,U002,A01812,C000328,O0067,,2025-11-19,Bounced
ACT001008,Call,U002,A01812,C004948,O0067,,2026-03-10,Replied
ACT001009,LinkedIn,U006,A01812,C000328,O0067,,2026-02-07,Meeting held
ACT001010,Email,U006,A01812,C004948,O0067,,2025-11-30,No answer
ACT001011,Call,U006,A01812,C000328,O0067,,2025-10-23,No answer
ACT001012,Email,U002,A01812,C000328,O0067,,2025-10-15,Meeting held
ACT001013,Email,U002,A01812,C004948,O0067,,2026-01-27,Meeting held
ACT001014,Call,U002,A01812,C000328,O0067,,2026-01-15,Completed
ACT001015,Call,U003,A01828,,O0068,,2026-06-19,Bounced
ACT001016,Call,U003,A01828,,O0068,,2026-09-12,Meeting held
ACT001017,Call,U003,A01828,,O0068,,2026-08-06,Completed
ACT001018,Email,U006,A01828,,O0068,,2026-09-04,Meeting held
ACT001019,Meeting,U003,A01828,,O0068,,2026-08-05,No answer
ACT001020,LinkedIn,U006,A01828,,O0068,,2026-07-02,Completed
ACT001021,LinkedIn,U006,A01828,,O0068,,2026-10-08,Replied
ACT001022,Email,U006,A01828,,O0068,,2026-06-29,Meeting held
ACT001023,LinkedIn,U003,A01828,,O0068,,2026-07-18,Meeting held
ACT001024,Meeting,U006,A01828,,O0068,,2026-08-16,Bounced
ACT001025,LinkedIn,U006,A01828,,O0068,,2026-06-27,Replied
ACT001026,Meeting,U006,A01828,,O0068,,2026-08-08,Bounced
ACT001027,Call,U003,A01828,,O0068,,2026-09-03,Completed
ACT001028,LinkedIn,U006,A01828,,O0068,,2026-06-01,Bounced
ACT001029,Call,U006,A01828,,O0068,,2026-06-02,Completed
ACT001030,Meeting,U006,A01828,,O0068,,2026-06-26,Bounced
ACT001031,Call,U003,A01828,,O0068,,2026-06-27,Meeting held
ACT001032,Email,U006,A01828,,O0068,,2026-08-01,No answer
ACT001033,Email,U003,A01828,,O0068,,2026-06-28,Completed
ACT001034,Email,U003,A01828,,O0068,,2026-06-17,No answer
ACT001035,Call,U003,A01828,,O0068,,2026-09-12,Completed
ACT001036,Call,U003,A01828,,O0068,,2026-07-07,Bounced
ACT001037,Meeting,U003,A01828,,O0068,,2026-09-24,Completed
ACT001038,Meeting,U006,A01812,C000328,O0069,,2025-07-02,Meeting held
ACT001039,Email,U002,A01812,C000328,O0069,,2025-08-21,No answer
ACT001040,LinkedIn,U002,A01812,C004948,O0069,,2025-09-03,Completed
ACT001041,LinkedIn,U002,A01812,C000328,O0069,,2025-06-29,No answer
ACT001042,Email,U006,A01812,C000328,O0069,,2025-06-30,Completed
ACT001043,Email,U002,A01812,C004948,O0069,,2025-06-15,Meeting held
ACT001044,Meeting,U002,A01812,C004948,O0069,,2025-07-14,Completed
ACT001045,Call,U006,A01812,C004948,O0069,,2025-09-13,Bounced
ACT001046,Email,U002,A01812,C004948,O0069,,2025-07-31,Replied
ACT001047,Meeting,U002,A01812,C004948,O0069,,2025-07-12,Meeting held
ACT001048,Call,U002,A01812,C000328,O0069,,2025-08-30,No answer
ACT001049,Call,U002,A01812,C000328,O0069,,2025-08-08,Meeting held
ACT001050,Call,U002,A01812,C000328,O0069,,2025-09-23,Replied
ACT001051,Meeting,U002,A01812,C004948,O0069,,2025-09-04,Bounced
ACT001052,Email,U002,A01812,C000328,O0069,,2025-09-17,Meeting held
ACT001053,Meeting,U002,A01812,C004948,O0069,,2025-08-07,Bounced
ACT001054,Email,U006,A01812,C004948,O0069,,2025-06-30,Replied
ACT001055,Email,U002,A01812,C000328,O0069,,2025-09-07,Meeting held
ACT001056,Email,U002,A01812,C004948,O0069,,2025-08-05,Replied
ACT001057,Email,U002,A01812,C004948,O0069,,2025-07-29,Bounced
ACT001058,Email,U002,A01812,C000328,O0069,,2025-09-27,Bounced
ACT001059,Email,U006,A01812,C004948,O0069,,2025-07-05,No answer
ACT001060,Call,U006,A01812,C004948,O0069,,2025-09-19,Replied
ACT001061,Email,U015,A00105,,O0070,,2026-08-21,Bounced
ACT001062,Email,U015,A00105,,O0070,,2026-09-14,Bounced
ACT001063,Email,U018,A00105,,O0070,,2026-08-26,Replied
ACT001064,Call,U018,A00105,,O0070,,2026-09-28,Replied
ACT001065,Email,U015,A00105,,O0070,,2026-08-05,No answer
ACT001066,Email,U015,A00105,,O0070,,2026-09-10,No answer
ACT001067,Meeting,U015,A00105,,O0070,,2026-08-16,Completed
ACT001068,LinkedIn,U015,A00105,,O0070,,2026-10-03,Meeting held
ACT001069,Email,U015,A00105,,O0070,,2026-10-08,Replied
ACT001070,Call,U018,A00105,,O0070,,2026-08-06,Completed
ACT001071,Email,U015,A00105,,O0070,,2026-08-23,No answer
ACT001072,Call,U015,A00105,,O0070,,2026-09-02,No answer
ACT001073,Email,U018,A00105,,O0070,,2026-08-13,Bounced
ACT001074,Call,U015,A00105,,O0070,,2026-09-14,Meeting held
ACT001075,Meeting,U015,A00105,,O0070,,2026-08-03,Bounced
ACT001076,Meeting,U018,A00105,,O0070,,2026-08-17,Bounced
ACT001077,Email,U015,A00105,,O0070,,2026-07-22,No answer
ACT001078,Meeting,U015,A00105,,O0070,,2026-08-08,Meeting held
ACT001079,Meeting,U018,A00105,,O0070,,2026-10-01,Replied
ACT001080,Email,U018,A00105,,O0070,,2026-07-19,Replied
ACT001081,Call,U015,A00105,,O0070,,2026-09-18,No answer
ACT001082,Call,U015,A00105,,O0070,,2026-09-23,No answer
ACT001083,LinkedIn,U015,A00105,,O0070,,2026-07-25,Completed
ACT001084,Email,U015,A01113,C004292,O0071,,2026-08-08,Completed
ACT001085,Email,U015,A01113,C004292,O0071,,2026-08-03,Bounced
ACT001086,LinkedIn,U015,A01113,C001603,O0071,,2026-08-11,Completed
ACT001087,Email,U018,A01113,C002960,O0071,,2026-10-01,Completed
ACT001088,Email,U018,A01113,C002960,O0071,,2026-08-10,Meeting held
ACT001089,Call,U015,A01113,C001603,O0071,,2026-09-20,Replied
ACT001090,Email,U015,A01113,C004292,O0071,,2026-08-07,Meeting held
ACT001091,Email,U018,A01113,C001603,O0071,,2026-08-14,Bounced
ACT001092,Email,U018,A01113,C004292,O0071,,2026-09-13,No answer
ACT001093,Call,U015,A01113,C002960,O0071,,2026-09-27,Bounced
ACT001094,Email,U018,A01113,C004292,O0071,,2026-08-17,No answer
ACT001095,LinkedIn,U015,A01113,C001603,O0071,,2026-09-12,Bounced
ACT001096,Call,U015,A01113,C004292,O0071,,2026-10-02,No answer
ACT001097,Call,U018,A01113,C002960,O0071,,2026-10-03,Meeting held
ACT001098,Email,U018,A01113,C004292,O0071,,2026-09-17,No answer
ACT001099,Email,U015,A01113,C004292,O0071,,2026-09-03,Meeting held
ACT001100,Email,U018,A01113,C004292,O0071,,2026-09-28,No answer
ACT001101,Call,U018,A01113,C004292,O0071,,2026-08-16,No answer
ACT001102,Meeting,U015,A01113,C001603,O0071,,2026-07-29,Completed
ACT001103,Meeting,U015,A01113,C002960,O0071,,2026-08-09,Completed
ACT001104,LinkedIn,U018,A01113,C004292,O0071,,2026-08-04,Bounced
ACT001105,Email,U015,A01113,C004292,O0071,,2026-09-21,Meeting held
ACT001106,Call,U018,A01113,C002960,O0071,,2026-08-28,Completed
ACT001107,Email,U015,A01113,C001603,O0071,,2026-08-24,Replied
ACT001108,Email,U015,A01113,C004292,O0071,,2026-09-13,Replied
ACT001109,Email,U012,A00866,C000707,O0072,,2026-06-02,Replied
ACT001110,Email,U008,A00866,C000707,O0072,,2026-06-15,Completed
ACT001111,Meeting,U012,A00866,C001073,O0072,,2026-09-27,No answer
ACT001112,Call,U008,A00866,C001364,O0072,,2026-04-28,Completed
ACT001113,Call,U012,A00866,C002084,O0072,,2026-08-01,No answer
ACT001114,Call,U008,A00866,C002084,O0072,,2026-04-19,No answer
ACT001115,Call,U008,A00866,C000707,O0072,,2026-07-28,Replied
ACT001116,Call,U012,A00866,C001364,O0072,,2026-08-24,Meeting held
ACT001117,Email,U012,A00866,C001073,O0072,,2026-05-05,Bounced
ACT001118,Email,U003,A00541,C004638,O0073,,2026-09-06,No answer
ACT001119,Meeting,U003,A00541,C004638,O0073,,2026-08-28,Completed
ACT001120,Meeting,U003,A00541,C000589,O0073,,2026-08-29,No answer
ACT001121,Email,U006,A00541,C004638,O0073,,2026-06-20,Bounced
ACT001122,Email,U003,A00541,C004638,O0073,,2026-08-10,Bounced
ACT001123,Email,U006,A00541,C000589,O0073,,2026-08-07,Replied
ACT001124,Meeting,U003,A00541,C002569,O0073,,2026-08-14,Replied
ACT001125,Email,U006,A00541,C002569,O0073,,2026-07-20,No answer
ACT001126,Email,U003,A00541,C001308,O0073,,2026-09-11,Completed
ACT001127,Email,U006,A00541,C002569,O0073,,2026-06-25,Meeting held
ACT001128,Call,U006,A00541,C000589,O0073,,2026-06-14,Completed
ACT001129,Call,U006,A00541,C002569,O0073,,2026-08-05,Meeting held
ACT001130,Email,U003,A00541,C000589,O0073,,2026-09-23,Meeting held
ACT001131,Call,U006,A00343,C001938,O0074,,2026-09-26,No answer
ACT001132,Call,U006,A00343,C001938,O0074,,2026-09-01,No answer
ACT001133,Email,U006,A00343,C001938,O0074,,2026-10-05,No answer
ACT001134,Email,U003,A00343,C001938,O0074,,2026-09-02,Bounced
ACT001135,Call,U003,A00343,C001938,O0074,,2026-09-05,No answer
ACT001136,Email,U006,A00343,C001938,O0074,,2026-09-18,Completed
ACT001137,Meeting,U003,A00343,C001938,O0074,,2026-10-03,Replied
ACT001138,Email,U006,A00343,C001938,O0074,,2026-10-04,No answer
ACT001139,Email,U003,A00343,C001938,O0074,,2026-08-18,No answer
ACT001140,Email,U003,A00343,C001938,O0074,,2026-08-18,Replied
ACT001141,Meeting,U006,A00343,C001938,O0074,,2026-09-25,Meeting held
ACT001142,LinkedIn,U003,A00343,C001938,O0074,,2026-09-11,Replied
ACT001143,Email,U003,A00343,C001938,O0074,,2026-09-21,No answer
ACT001144,LinkedIn,U006,A00343,C001938,O0074,,2026-08-22,Completed
ACT001145,LinkedIn,U006,A00343,C001938,O0074,,2026-10-02,No answer
ACT001146,Email,U006,A00343,C001938,O0074,,2026-09-11,No answer
ACT001147,Email,U006,A00343,C001938,O0074,,2026-09-02,No answer
ACT001148,Email,U006,A00343,C001938,O0074,,2026-09-30,Meeting held
ACT001149,Email,U003,A00343,C001938,O0074,,2026-09-19,Replied
ACT001150,LinkedIn,U003,A00343,C001938,O0074,,2026-08-21,Meeting held
ACT001151,Email,U003,A00343,C001938,O0074,,2026-10-05,Completed
ACT001152,Call,U006,A00343,C001938,O0074,,2026-08-24,Replied
ACT001153,Email,U006,A00343,C001938,O0074,,2026-08-21,Replied
ACT001154,Email,U009,A01269,C004420,O0075,,2026-06-18,Completed
ACT001155,Meeting,U009,A01269,C002978,O0075,,2026-07-14,Completed
ACT001156,Email,U009,A01269,C002978,O0075,,2026-08-22,Replied
ACT001157,Call,U009,A01269,C006390,O0075,,2026-08-15,Meeting held
ACT001158,Call,U009,A01269,C002978,O0075,,2026-07-28,Meeting held
ACT001159,Email,U003,A00469,C003513,O0076,,2025-09-21,Bounced
ACT001160,Email,U003,A00469,C003513,O0076,,2026-02-23,Meeting held
ACT001161,Email,U003,A00469,C003513,O0076,,2025-10-19,Meeting held
ACT001162,Meeting,U006,A00469,C003513,O0076,,2025-09-01,Meeting held
ACT001163,Email,U006,A00469,C003513,O0076,,2026-02-04,Bounced
ACT001164,Call,U006,A00469,C003513,O0076,,2026-01-26,Replied
ACT001165,Meeting,U006,A00469,C003513,O0076,,2025-12-17,Completed
ACT001166,Call,U006,A00600,C003486,O0077,,2026-04-08,Bounced
ACT001167,Call,U003,A00600,C003486,O0077,,2026-04-10,No answer
ACT001168,Meeting,U006,A00600,C003486,O0077,,2026-03-03,Meeting held
ACT001169,Call,U003,A00600,C001346,O0077,,2026-06-20,Completed
ACT001170,Email,U003,A00600,C001346,O0077,,2026-04-12,No answer
ACT001171,Meeting,U006,A00600,C001346,O0077,,2026-03-22,Replied
ACT001172,Meeting,U003,A00600,C003486,O0077,,2026-04-23,No answer
ACT001173,Email,U003,A00600,C001346,O0077,,2026-03-20,Completed
ACT001174,Email,U006,A00600,C001346,O0077,,2026-07-01,No answer
ACT001175,Meeting,U003,A00600,C001346,O0077,,2026-05-30,No answer
ACT001176,Email,U003,A00600,C004981,O0077,,2026-06-23,Meeting held
ACT001177,Call,U003,A00600,C004981,O0077,,2026-02-02,Completed
ACT001178,Email,U006,A00600,C001346,O0077,,2026-03-07,Bounced
ACT001179,Email,U006,A00600,C001346,O0077,,2026-06-03,Replied
ACT001180,LinkedIn,U006,A00600,C004981,O0077,,2026-03-27,Completed
ACT001181,Call,U003,A00600,C001346,O0077,,2026-02-13,Bounced
ACT001182,Call,U003,A01498,C001592,O0078,,2026-05-23,No answer
ACT001183,Meeting,U003,A01498,C001986,O0078,,2026-06-22,Bounced
ACT001184,LinkedIn,U006,A01498,C003727,O0078,,2026-03-19,Meeting held
ACT001185,Meeting,U003,A01498,C001986,O0078,,2026-03-25,Completed
ACT001186,Email,U003,A01498,C001592,O0078,,2026-08-03,Bounced
ACT001187,Email,U003,A01498,C003727,O0078,,2026-05-11,Replied
ACT001188,Email,U006,A01744,C000988,O0079,,2026-10-04,No answer
ACT001189,Call,U002,A01744,C000988,O0079,,2026-05-06,No answer
ACT001190,Email,U006,A01744,C000988,O0079,,2026-09-06,Meeting held
ACT001191,Meeting,U002,A01744,C006982,O0079,,2026-05-25,Replied
ACT001192,Call,U002,A01744,C006982,O0079,,2026-10-04,No answer
ACT001193,Email,U002,A01744,C006982,O0079,,2026-06-28,Meeting held
ACT001194,Call,U002,A01744,C000988,O0079,,2026-10-03,No answer
ACT001195,Call,U006,A01744,C000665,O0079,,2026-05-04,No answer
ACT001196,Meeting,U008,A01106,C002182,O0080,,2026-09-25,Bounced
ACT001197,LinkedIn,U012,A01106,C002182,O0080,,2026-09-18,Replied
ACT001198,Meeting,U008,A01106,C002182,O0080,,2026-08-23,No answer
ACT001199,Email,U012,A01106,C005239,O0080,,2026-09-04,Bounced
ACT001200,Call,U012,A01106,C005239,O0080,,2026-08-17,Completed
ACT001201,Email,U008,A01106,C005239,O0080,,2026-07-02,Completed
ACT001202,Email,U012,A01106,C002182,O0080,,2026-07-22,Meeting held
ACT001203,Call,U008,A01106,C005239,O0080,,2026-06-07,Completed
ACT001204,Meeting,U008,A01106,C002182,O0080,,2026-07-06,Bounced
ACT001205,Call,U012,A01106,C002182,O0080,,2026-08-26,Replied
ACT001206,Email,U012,A01106,C002182,O0080,,2026-07-24,Completed
ACT001207,Email,U015,A00399,,O0081,,2026-07-18,No answer
ACT001208,LinkedIn,U018,A00399,,O0081,,2026-07-19,Completed
ACT001209,Call,U018,A00399,,O0081,,2026-06-30,Replied
ACT001210,Email,U015,A00399,,O0081,,2026-09-20,Completed
ACT001211,Email,U015,A00399,,O0081,,2026-09-04,Replied
ACT001212,Email,U015,A00399,,O0081,,2026-07-26,Bounced
ACT001213,Meeting,U018,A00399,,O0081,,2026-07-04,Completed
ACT001214,Email,U018,A00399,,O0081,,2026-07-07,Replied
ACT001215,LinkedIn,U018,A00399,,O0081,,2026-09-09,Completed
ACT001216,LinkedIn,U018,A00399,,O0081,,2026-10-02,No answer
ACT001217,Meeting,U015,A00399,,O0081,,2026-09-08,Meeting held
ACT001218,Email,U018,A01107,C000137,O0082,,2025-06-13,No answer
ACT001219,Call,U014,A01107,C001491,O0082,,2025-09-20,Meeting held
ACT001220,LinkedIn,U014,A01107,C001491,O0082,,2025-08-20,Replied
ACT001221,Email,U014,A01107,C001419,O0082,,2025-09-30,Replied
ACT001222,Call,U014,A01107,C001419,O0082,,2025-06-18,Completed
ACT001223,Email,U018,A01107,C006530,O0082,,2025-08-09,Meeting held
ACT001224,Call,U014,A01107,C006530,O0082,,2025-06-05,Meeting held
ACT001225,Email,U014,A01107,C002536,O0082,,2025-06-03,Bounced
ACT001226,Meeting,U018,A01107,C002536,O0082,,2025-11-03,Meeting held
ACT001227,Call,U014,A01107,C001419,O0082,,2025-09-18,Bounced
ACT001228,Call,U014,A01107,C000137,O0082,,2025-06-08,No answer
ACT001229,Email,U018,A01107,C000137,O0082,,2025-06-13,Bounced
ACT001230,Email,U018,A01107,C006530,O0082,,2025-07-04,Bounced
ACT001231,Meeting,U018,A01107,C000137,O0082,,2025-06-27,Completed
ACT001232,Email,U014,A01107,C001491,O0082,,2025-07-12,Completed
ACT001233,Email,U018,A01107,C002536,O0082,,2025-09-23,Completed
ACT001234,Meeting,U018,A01107,C001419,O0082,,2025-08-20,No answer
ACT001235,Email,U018,A01107,C002536,O0082,,2025-09-28,Completed
ACT001236,Call,U014,A01107,C000137,O0082,,2025-06-09,No answer
ACT001237,LinkedIn,U014,A01107,C006530,O0082,,2025-08-08,Bounced
ACT001238,Email,U018,A01107,C001491,O0082,,2025-11-21,No answer
ACT001239,Email,U018,A00913,C005992,O0083,,2026-01-06,Bounced
ACT001240,Email,U015,A00913,C001725,O0083,,2026-03-23,Bounced
ACT001241,Call,U018,A00913,C000706,O0083,,2026-01-20,Meeting held
ACT001242,Meeting,U015,A00913,C001725,O0083,,2025-12-13,Bounced
ACT001243,Email,U018,A00913,C000706,O0083,,2026-03-23,Replied
ACT001244,Meeting,U015,A00913,C001725,O0083,,2026-03-03,No answer
ACT001245,Email,U018,A00913,C005992,O0083,,2026-04-01,Bounced
ACT001246,Email,U003,A00958,C004310,O0084,,2026-08-12,No answer
ACT001247,Email,U006,A00958,C001148,O0084,,2026-07-09,Completed
ACT001248,Call,U006,A00958,C004310,O0084,,2026-07-29,Completed
ACT001249,Email,U006,A00958,C005507,O0084,,2026-05-26,Meeting held
ACT001250,LinkedIn,U003,A00958,C005507,O0084,,2026-09-04,Replied
ACT001251,Email,U003,A00958,C000348,O0084,,2026-07-14,Bounced
ACT001252,LinkedIn,U003,A00958,C001148,O0084,,2026-08-05,Completed
ACT001253,Meeting,U003,A00958,C005507,O0084,,2026-07-04,No answer
ACT001254,LinkedIn,U006,A00958,C000348,O0084,,2026-09-22,No answer
ACT001255,Call,U006,A00958,C003073,O0084,,2026-05-30,Replied
ACT001256,Call,U003,A00958,C001148,O0084,,2026-08-22,Meeting held
ACT001257,LinkedIn,U006,A00958,C000348,O0084,,2026-07-12,Bounced
ACT001258,Email,U003,A00958,C000401,O0084,,2026-05-24,Bounced
ACT001259,Email,U003,A00958,C003073,O0084,,2026-09-13,No answer
ACT001260,Call,U003,A00958,C000348,O0084,,2026-09-23,Bounced
ACT001261,LinkedIn,U006,A00958,C000348,O0084,,2026-06-14,Replied
ACT001262,Call,U003,A00958,C005507,O0084,,2026-09-16,No answer
ACT001263,Email,U006,A00958,C005584,O0084,,2026-05-22,Meeting held
ACT001264,Call,U003,A00958,C005507,O0084,,2026-09-07,Meeting held
ACT001265,Email,U006,A00958,C000401,O0084,,2026-05-18,Meeting held
ACT001266,Call,U006,A00958,C001148,O0084,,2026-08-23,Bounced
ACT001267,Call,U003,A00958,C001148,O0084,,2026-07-28,Meeting held
ACT001268,LinkedIn,U003,A01167,C001904,O0085,,2025-10-12,Completed
ACT001269,Meeting,U003,A01167,C003946,O0085,,2026-02-18,Bounced
ACT001270,Email,U006,A01167,C001904,O0085,,2026-02-13,Meeting held
ACT001271,LinkedIn,U003,A01167,C003961,O0085,,2025-11-30,Bounced
ACT001272,Email,U003,A01167,C001904,O0085,,2026-01-30,Completed
ACT001273,Meeting,U006,A01167,C003961,O0085,,2026-01-05,Meeting held
ACT001274,Call,U003,A01167,C001904,O0085,,2025-12-03,Meeting held
ACT001275,Call,U006,A01167,C001904,O0085,,2026-02-19,No answer
ACT001276,Meeting,U003,A01167,C001904,O0085,,2026-01-06,Bounced
ACT001277,Email,U003,A01167,C003946,O0085,,2025-11-24,No answer
ACT001278,Meeting,U003,A01167,C001904,O0085,,2026-02-25,Replied
ACT001279,Meeting,U006,A01167,C003961,O0085,,2025-10-12,Completed
ACT001280,Email,U006,A01167,C003961,O0085,,2025-12-21,No answer
ACT001281,Email,U003,A01167,C001904,O0085,,2025-10-25,Replied
ACT001282,Meeting,U003,A01167,C003946,O0085,,2025-10-19,Meeting held
ACT001283,Meeting,U006,A01167,C001904,O0085,,2025-10-27,Bounced
ACT001284,Meeting,U006,A01167,C003946,O0085,,2025-10-04,No answer
ACT001285,Email,U006,A01167,C003946,O0085,,2025-10-09,No answer
ACT001286,Call,U003,A01167,C003961,O0085,,2026-01-16,Bounced
ACT001287,LinkedIn,U003,A00884,C001328,O0086,,2026-05-20,No answer
ACT001288,Email,U003,A00884,C001328,O0086,,2026-03-31,Completed
ACT001289,Email,U006,A00884,C001328,O0086,,2026-08-04,Bounced
ACT001290,Email,U003,A00884,C001328,O0086,,2026-08-18,Completed
ACT001291,Meeting,U006,A00884,C001328,O0086,,2026-04-21,Replied
ACT001292,Call,U003,A00884,C001328,O0086,,2026-08-24,Bounced
ACT001293,Meeting,U006,A00884,C001328,O0086,,2026-09-21,No answer
ACT001294,Email,U003,A00884,C001328,O0086,,2026-08-11,Completed
ACT001295,Meeting,U006,A00884,C001328,O0086,,2026-05-02,Meeting held
ACT001296,Email,U006,A00884,C001328,O0086,,2026-07-15,Completed
ACT001297,Email,U003,A00884,C001328,O0086,,2026-04-08,Replied
ACT001298,Email,U006,A00884,C001328,O0086,,2026-07-05,Bounced
ACT001299,Call,U003,A00884,C001328,O0086,,2026-07-25,No answer
ACT001300,Call,U006,A00884,C001328,O0086,,2026-08-20,Bounced
ACT001301,Email,U003,A00884,C001328,O0086,,2026-10-06,Completed
ACT001302,Meeting,U003,A00884,C001328,O0086,,2026-07-03,Meeting held
ACT001303,Email,U003,A00884,C001328,O0086,,2026-10-06,Meeting held
ACT001304,Email,U003,A00884,C001328,O0086,,2026-08-03,Meeting held
ACT001305,Email,U003,A00884,C001328,O0086,,2026-04-03,No answer
ACT001306,Call,U012,A01013,C002106,O0087,,2025-09-22,No answer
ACT001307,Email,U009,A01013,C005750,O0087,,2026-03-06,Replied
ACT001308,Email,U009,A01013,C002631,O0087,,2026-05-11,Meeting held
ACT001309,Email,U012,A01013,C004972,O0087,,2026-03-30,Meeting held
ACT001310,Call,U009,A01013,C004972,O0087,,2026-04-12,Bounced
ACT001311,Meeting,U009,A01013,C004972,O0087,,2026-03-12,No answer
ACT001312,Email,U012,A01013,C004109,O0087,,2026-03-21,No answer
ACT001313,LinkedIn,U012,A01013,C004972,O0087,,2026-04-25,Meeting held
ACT001314,Email,U012,A01013,C002106,O0087,,2026-02-10,Meeting held
ACT001315,Call,U002,A01473,C000019,O0088,,2026-07-21,Replied
ACT001316,LinkedIn,U002,A01473,C002993,O0088,,2026-08-30,Completed
ACT001317,Email,U002,A01473,C000098,O0088,,2026-07-05,Bounced
ACT001318,Email,U002,A01473,C000019,O0088,,2026-09-27,Bounced
ACT001319,Email,U002,A01473,C006417,O0088,,2026-09-19,Completed
ACT001320,Meeting,U006,A01473,C005848,O0088,,2026-08-16,Completed
ACT001321,Email,U006,A01473,C006417,O0088,,2026-08-29,Meeting held
ACT001322,Email,U006,A01473,C000098,O0088,,2026-08-01,Replied
ACT001323,Email,U006,A01473,C000019,O0088,,2026-10-03,Completed
ACT001324,Call,U006,A01473,C006417,O0088,,2026-09-01,Bounced
ACT001325,LinkedIn,U008,A00519,C000965,O0089,,2026-10-02,Meeting held
ACT001326,Call,U008,A00519,C003576,O0089,,2026-08-16,Bounced
ACT001327,Call,U008,A00519,C000965,O0089,,2026-09-13,Bounced
ACT001328,Meeting,U008,A00519,C003576,O0089,,2026-08-15,Bounced
ACT001329,LinkedIn,U006,A01748,C005330,O0090,,2025-10-13,Bounced
ACT001330,Call,U003,A01748,C005330,O0090,,2025-09-26,No answer
ACT001331,Email,U006,A01748,C005330,O0090,,2025-07-21,Bounced
ACT001332,Meeting,U003,A01748,C005330,O0090,,2025-09-04,Completed
ACT001333,Email,U003,A01748,C005330,O0090,,2025-10-12,Meeting held
ACT001334,Email,U003,A01748,C005330,O0090,,2025-06-11,No answer
ACT001335,Email,U006,A01748,C005330,O0090,,2025-09-28,Completed
ACT001336,Email,U003,A01748,C005330,O0090,,2025-07-28,Replied
ACT001337,Meeting,U018,A00400,C000116,O0091,,2026-04-02,Meeting held
ACT001338,Email,U015,A00400,C003744,O0091,,2026-05-01,Bounced
ACT001339,Call,U018,A00400,C000116,O0091,,2026-09-06,Completed
ACT001340,Email,U018,A00400,C002527,O0091,,2026-06-07,Replied
ACT001341,Call,U015,A00400,C004239,O0091,,2026-04-15,Completed
ACT001342,Meeting,U015,A00400,C000116,O0091,,2026-08-21,Bounced
ACT001343,Email,U018,A00400,C002527,O0091,,2026-09-08,Completed
ACT001344,Meeting,U015,A00400,C004239,O0091,,2026-09-16,Completed
ACT001345,Email,U015,A00400,C000116,O0091,,2026-06-01,Meeting held
ACT001346,Email,U015,A00400,C003744,O0091,,2026-08-05,Replied
ACT001347,LinkedIn,U015,A00400,C004239,O0091,,2026-10-03,Completed
ACT001348,Email,U018,A00400,C000116,O0091,,2026-03-24,No answer
ACT001349,Email,U018,A00400,C002527,O0091,,2026-08-20,Meeting held
ACT001350,Meeting,U015,A00400,C002527,O0091,,2026-04-01,Meeting held
ACT001351,Email,U018,A00400,C003744,O0091,,2026-05-08,Completed
ACT001352,Email,U006,A00985,C003003,O0092,,2026-09-27,Completed
ACT001353,Call,U006,A00985,C006298,O0092,,2026-09-30,No answer
ACT001354,Email,U006,A00985,C006954,O0092,,2026-09-28,Meeting held
ACT001355,Email,U003,A00985,C006954,O0092,,2026-10-02,Replied
ACT001356,Meeting,U003,A00985,C006954,O0092,,2026-10-05,Meeting held
ACT001357,Call,U006,A00985,C006954,O0092,,2026-09-20,Meeting held
ACT001358,Call,U006,A00985,C006298,O0092,,2026-10-02,Meeting held
ACT001359,Call,U006,A00985,C006954,O0092,,2026-10-08,Completed
ACT001360,Meeting,U003,A00985,C006298,O0092,,2026-09-30,Completed
ACT001361,Email,U006,A00985,C006954,O0092,,2026-10-02,Replied
ACT001362,Call,U003,A00985,C006954,O0092,,2026-09-14,No answer
ACT001363,Email,U003,A00985,C006954,O0092,,2026-09-13,No answer
ACT001364,Email,U006,A00985,C006298,O0092,,2026-09-14,Completed
ACT001365,Email,U006,A00985,C000670,O0092,,2026-09-23,Completed
ACT001366,Email,U006,A00985,C006298,O0092,,2026-10-04,Meeting held
ACT001367,Meeting,U003,A00985,C006298,O0092,,2026-09-13,Meeting held
ACT001368,Call,U006,A00985,C006954,O0092,,2026-09-19,Completed
ACT001369,LinkedIn,U003,A00985,C003003,O0092,,2026-09-26,Meeting held
ACT001370,Meeting,U003,A00985,C006954,O0092,,2026-09-20,Completed
ACT001371,Email,U003,A00985,C003003,O0092,,2026-10-05,Completed
ACT001372,Call,U006,A00985,C003003,O0092,,2026-10-01,Meeting held
ACT001373,Email,U003,A00985,C006954,O0092,,2026-09-20,Completed
ACT001374,Email,U003,A00985,C006954,O0092,,2026-09-28,No answer
ACT001375,Meeting,U015,A01674,C002448,O0093,,2025-09-23,No answer
ACT001376,LinkedIn,U015,A01674,C002448,O0093,,2025-08-16,Completed
ACT001377,Meeting,U015,A01674,C002448,O0093,,2025-08-23,Meeting held
ACT001378,Meeting,U018,A01674,C002448,O0093,,2025-10-27,Meeting held
ACT001379,LinkedIn,U015,A01779,C002205,O0094,,2025-10-16,Completed
ACT001380,Meeting,U018,A01779,C002205,O0094,,2025-11-11,Replied
ACT001381,Meeting,U018,A01779,C002610,O0094,,2025-07-26,No answer
ACT001382,LinkedIn,U015,A01779,C002205,O0094,,2026-02-14,Replied
ACT001383,Call,U015,A01779,C002610,O0094,,2025-09-10,No answer
ACT001384,Email,U015,A01779,C002205,O0094,,2025-08-03,Bounced
ACT001385,LinkedIn,U015,A01779,C002610,O0094,,2026-02-02,Bounced
ACT001386,Email,U018,A01779,C002205,O0094,,2026-02-27,No answer
ACT001387,Call,U015,A01779,C002610,O0094,,2025-10-04,No answer
ACT001388,Email,U015,A01779,C002205,O0094,,2025-10-10,Completed
ACT001389,Meeting,U018,A01779,C002610,O0094,,2026-01-18,Completed
ACT001390,Email,U018,A01779,C002610,O0094,,2026-02-24,Replied
ACT001391,Meeting,U015,A01779,C002610,O0094,,2025-09-22,Meeting held
ACT001392,Call,U018,A01779,C002610,O0094,,2026-02-23,Completed
ACT001393,Call,U015,A01779,C002610,O0094,,2025-10-06,No answer
ACT001394,Email,U018,A01779,C002610,O0094,,2026-01-14,No answer
ACT001395,Meeting,U015,A01779,C002610,O0094,,2025-07-09,Replied
ACT001396,Email,U015,A01779,C002610,O0094,,2025-10-25,No answer
ACT001397,Email,U015,A00317,C000977,O0095,,2025-10-30,Meeting held
ACT001398,Email,U018,A00317,C003798,O0095,,2025-11-13,Completed
ACT001399,Call,U018,A00317,C003798,O0095,,2026-02-02,Completed
ACT001400,Email,U018,A00317,C000977,O0095,,2026-01-26,Replied
ACT001401,Email,U015,A00317,C003798,O0095,,2026-01-02,Completed
ACT001402,Meeting,U015,A00317,C000977,O0095,,2025-10-01,No answer
ACT001403,Email,U015,A00317,C003798,O0095,,2025-10-20,Replied
ACT001404,Call,U018,A00317,C000977,O0095,,2026-01-18,No answer
ACT001405,Email,U018,A00317,C000977,O0095,,2025-12-03,Bounced
ACT001406,Meeting,U018,A00317,C003798,O0095,,2026-01-22,Bounced
ACT001407,LinkedIn,U015,A00317,C000977,O0095,,2025-12-28,Bounced
ACT001408,LinkedIn,U015,A00317,C003798,O0095,,2025-10-17,No answer
ACT001409,Email,U015,A00317,C003798,O0095,,2026-02-06,Completed
ACT001410,Email,U018,A00317,C003798,O0095,,2026-02-05,Completed
ACT001411,Email,U018,A00317,C003798,O0095,,2025-10-31,Completed
ACT001412,Email,U015,A00317,C000977,O0095,,2025-12-05,Meeting held
ACT001413,Email,U018,A00317,C003798,O0095,,2025-10-18,Completed
ACT001414,Email,U018,A00317,C000977,O0095,,2025-12-27,Completed
ACT001415,Email,U015,A00317,C000977,O0095,,2025-12-27,Completed
ACT001416,Email,U018,A00317,C003798,O0095,,2025-11-28,Meeting held
ACT001417,Meeting,U018,A00317,C003798,O0095,,2025-10-12,Replied
ACT001418,Email,U014,A00941,C004679,O0096,,2026-09-20,Completed
ACT001419,Email,U018,A00941,C004279,O0096,,2026-09-30,Completed
ACT001420,Meeting,U018,A00941,C002375,O0096,,2026-09-21,Meeting held
ACT001421,Meeting,U018,A00941,C004279,O0096,,2026-09-21,No answer
ACT001422,Email,U018,A00941,C004679,O0096,,2026-09-30,Bounced
ACT001423,Call,U018,A00941,C004679,O0096,,2026-09-21,Completed
ACT001424,Email,U018,A00941,C002201,O0096,,2026-09-07,Replied
ACT001425,Email,U014,A00941,C004279,O0096,,2026-10-01,Meeting held
ACT001426,Call,U014,A00941,C004679,O0096,,2026-09-18,Replied
ACT001427,Email,U014,A00941,C004279,O0096,,2026-09-09,Bounced
ACT001428,LinkedIn,U014,A00941,C004679,O0096,,2026-09-16,Meeting held
ACT001429,Email,U018,A00941,C002375,O0096,,2026-09-08,Replied
ACT001430,Meeting,U018,A00941,C002375,O0096,,2026-10-03,No answer
ACT001431,Email,U018,A00941,C002375,O0096,,2026-10-06,Bounced
ACT001432,Email,U014,A00941,C004679,O0096,,2026-09-25,No answer
ACT001433,Email,U018,A00941,C002375,O0096,,2026-09-19,Completed
ACT001434,Email,U014,A00941,C002375,O0096,,2026-08-30,Bounced
ACT001435,Meeting,U018,A00941,C004679,O0096,,2026-09-08,Bounced
ACT001436,LinkedIn,U018,A00941,C004679,O0096,,2026-10-02,No answer
ACT001437,Call,U018,A00941,C002201,O0096,,2026-09-03,Bounced
ACT001438,Call,U018,A00941,C002201,O0096,,2026-10-07,Completed
ACT001439,Email,U018,A00941,C004679,O0096,,2026-09-06,Completed
ACT001440,Call,U014,A01116,C003893,O0097,,2026-04-11,Completed
ACT001441,Email,U014,A01116,C004195,O0097,,2026-03-29,Completed
ACT001442,Email,U014,A01116,C004195,O0097,,2026-02-11,Completed
ACT001443,Meeting,U014,A01116,C001369,O0097,,2026-03-05,Meeting held
ACT001444,LinkedIn,U014,A01116,C006351,O0097,,2026-07-01,Bounced
ACT001445,Call,U018,A01116,C003893,O0097,,2026-06-29,Meeting held
ACT001446,Email,U018,A01116,C006351,O0097,,2026-06-01,No answer
ACT001447,LinkedIn,U018,A01116,C006351,O0097,,2026-06-09,Completed
ACT001448,Meeting,U014,A01116,C001369,O0097,,2026-06-24,Completed
ACT001449,Email,U014,A01116,C006351,O0097,,2026-07-01,Completed
ACT001450,Email,U018,A01116,C004195,O0097,,2026-02-06,Replied
ACT001451,Email,U014,A01116,C004195,O0097,,2026-04-07,No answer
ACT001452,Email,U018,A01116,C006351,O0097,,2026-04-04,Replied
ACT001453,Meeting,U018,A01116,C001369,O0097,,2026-07-05,Replied
ACT001454,Email,U014,A01116,C003893,O0097,,2026-02-17,Completed
ACT001455,Email,U014,A01116,C006351,O0097,,2026-07-05,Bounced
ACT001456,Call,U018,A01116,C004195,O0097,,2026-03-23,Completed
ACT001457,Email,U018,A01116,C001369,O0097,,2026-07-08,Completed
ACT001458,Meeting,U014,A01116,C001369,O0097,,2026-07-09,Bounced
ACT001459,Call,U014,A01116,C004195,O0097,,2026-04-04,Completed
ACT001460,Call,U018,A01116,C004195,O0097,,2026-04-09,Meeting held
ACT001461,Email,U018,A01116,C001369,O0097,,2026-03-28,Bounced
ACT001462,Call,U009,A01952,C000713,O0098,,2026-04-23,Bounced
ACT001463,Email,U009,A01952,C000618,O0098,,2026-06-04,Replied
ACT001464,Meeting,U012,A01952,C000713,O0098,,2026-08-11,Completed
ACT001465,Call,U012,A01952,C000713,O0098,,2026-08-27,Meeting held
ACT001466,LinkedIn,U009,A01952,C000618,O0098,,2026-06-09,Bounced
ACT001467,Email,U012,A01952,C000618,O0098,,2026-04-15,Meeting held
ACT001468,Email,U009,A01952,C005109,O0098,,2026-07-09,Replied
ACT001469,Email,U009,A01952,C000618,O0098,,2026-07-01,Bounced
ACT001470,Meeting,U009,A01952,C000618,O0098,,2026-04-13,Replied
ACT001471,Email,U009,A01952,C000618,O0098,,2026-09-08,Completed
ACT001472,LinkedIn,U009,A01952,C000618,O0098,,2026-09-15,Meeting held
ACT001473,LinkedIn,U012,A01952,C005109,O0098,,2026-09-16,Replied
ACT001474,Meeting,U009,A01952,C000713,O0098,,2026-10-02,Meeting held
ACT001475,Call,U009,A01952,C000618,O0098,,2026-05-08,No answer
ACT001476,LinkedIn,U009,A01952,C005109,O0098,,2026-08-16,No answer
ACT001477,Call,U009,A01952,C000713,O0098,,2026-10-02,No answer
ACT001478,Meeting,U009,A01952,C005109,O0098,,2026-04-21,Completed
ACT001479,Call,U012,A01952,C000713,O0098,,2026-05-29,Bounced
ACT001480,Email,U012,A01952,C005109,O0098,,2026-04-04,Bounced
ACT001481,Email,U012,A01952,C000618,O0098,,2026-04-16,Completed
ACT001482,Email,U009,A01952,C005109,O0098,,2026-07-07,Completed
ACT001483,Meeting,U009,A01952,C005109,O0098,,2026-09-15,Bounced
ACT001484,Email,U009,A00550,C002128,O0099,,2026-04-07,Meeting held
ACT001485,Call,U012,A00550,C002128,O0099,,2026-07-03,Bounced
ACT001486,Email,U009,A00550,C002128,O0099,,2026-05-10,Replied
ACT001487,Meeting,U009,A00550,C001527,O0099,,2026-04-26,Meeting held
ACT001488,Meeting,U012,A00550,C001527,O0099,,2026-07-25,No answer
ACT001489,LinkedIn,U009,A00550,C000441,O0099,,2026-07-03,Bounced
ACT001490,Call,U012,A00550,C001527,O0099,,2026-08-07,Completed
ACT001491,Email,U012,A00550,C000441,O0099,,2026-09-28,No answer
ACT001492,Call,U012,A00550,C001527,O0099,,2026-04-09,Meeting held
ACT001493,Meeting,U012,A00550,C002128,O0099,,2026-05-22,Completed
ACT001494,LinkedIn,U012,A00550,C000441,O0099,,2026-06-27,No answer
ACT001495,Call,U012,A00550,C002128,O0099,,2026-07-19,Meeting held
ACT001496,Meeting,U012,A00550,C002128,O0099,,2026-08-27,Completed
ACT001497,Email,U012,A00550,C000441,O0099,,2026-04-24,Completed
ACT001498,Call,U006,A00849,,O0100,,2026-09-22,Completed
ACT001499,Email,U006,A00849,,O0100,,2026-08-03,Replied
ACT001500,Email,U006,A00849,,O0100,,2026-07-26,Replied
ACT001501,Email,U006,A00849,,O0100,,2026-09-30,Bounced
ACT001502,Meeting,U006,A00849,,O0100,,2026-08-29,Bounced
ACT001503,Email,U002,A00849,,O0100,,2026-07-14,Meeting held
ACT001504,Call,U002,A00849,,O0100,,2026-08-28,Completed
ACT001505,Email,U002,A00849,,O0100,,2026-09-09,Bounced
ACT001506,Meeting,U006,A00849,,O0100,,2026-08-11,Completed
ACT001507,Email,U006,A00849,,O0100,,2026-07-13,No answer
ACT001508,Call,U006,A00849,,O0100,,2026-07-20,Completed
ACT001509,Email,U002,A00849,,O0100,,2026-07-17,Replied
ACT001510,Email,U006,A00849,,O0100,,2026-07-14,Completed
ACT001511,Call,U002,A00849,,O0100,,2026-10-03,Meeting held
ACT001512,Call,U002,A00849,,O0100,,2026-09-10,No answer
ACT001513,Meeting,U006,A00849,,O0100,,2026-08-25,Completed
ACT001514,Call,U006,A00849,,O0100,,2026-08-06,No answer
ACT001515,Email,U003,A00130,C003898,O0101,,2025-07-18,No answer
ACT001516,Meeting,U003,A00130,C005573,O0101,,2025-08-26,Bounced
ACT001517,Meeting,U003,A00130,C003898,O0101,,2025-12-20,Replied
ACT001518,Email,U003,A00130,C003898,O0101,,2025-10-10,Meeting held
ACT001519,Email,U008,A01718,C002297,O0102,,2025-12-06,Bounced
ACT001520,Email,U012,A01718,C006497,O0102,,2025-09-26,No answer
ACT001521,Call,U008,A01718,C003134,O0102,,2025-06-27,Completed
ACT001522,Call,U012,A01718,C001716,O0102,,2025-11-04,Meeting held
ACT001523,Email,U012,A01718,C001864,O0102,,2025-06-15,Replied
ACT001524,Call,U012,A01718,C001864,O0102,,2025-10-17,Meeting held
ACT001525,Call,U006,A00160,C001993,O0103,,2025-11-17,Meeting held
ACT001526,Meeting,U006,A00160,C000044,O0103,,2026-02-14,Replied
ACT001527,Call,U002,A00160,C002563,O0103,,2026-01-10,No answer
ACT001528,Email,U006,A00160,C004742,O0103,,2026-04-15,Bounced
ACT001529,Email,U006,A00160,C006233,O0103,,2026-01-16,Bounced
ACT001530,Email,U018,A01621,C000072,O0104,,2026-09-23,Bounced
ACT001531,Call,U014,A01621,C000974,O0104,,2026-07-26,Replied
ACT001532,Meeting,U014,A01621,C000974,O0104,,2026-08-10,Meeting held
ACT001533,Call,U018,A01621,C000072,O0104,,2026-08-22,Meeting held
ACT001534,Email,U014,A01621,C000974,O0104,,2026-07-30,Completed
ACT001535,Email,U014,A01621,C000072,O0104,,2026-08-03,Completed
ACT001536,Call,U014,A01621,C000072,O0104,,2026-09-24,Bounced
ACT001537,LinkedIn,U014,A01621,C000974,O0104,,2026-08-14,Bounced
ACT001538,Email,U018,A01621,C000974,O0104,,2026-10-02,No answer
ACT001539,Meeting,U018,A01621,C000974,O0104,,2026-08-06,Completed
ACT001540,Email,U014,A01621,C000072,O0104,,2026-07-30,Meeting held
ACT001541,Email,U018,A01621,C000072,O0104,,2026-08-04,No answer
ACT001542,Call,U014,A01621,C000072,O0104,,2026-08-13,Meeting held
ACT001543,Email,U014,A01621,C000974,O0104,,2026-09-09,Replied
ACT001544,Call,U014,A01621,C000974,O0104,,2026-08-27,Bounced
ACT001545,LinkedIn,U018,A01621,C000072,O0104,,2026-07-29,Replied
ACT001546,Email,U014,A01621,C000974,O0104,,2026-08-30,Bounced
ACT001547,Call,U018,A01621,C000974,O0104,,2026-08-10,Meeting held
ACT001548,Call,U003,A00848,C004089,O0105,,2025-06-29,Bounced
ACT001549,Call,U003,A00848,C006703,O0105,,2025-08-09,Bounced
ACT001550,Email,U006,A00848,C002164,O0105,,2025-05-20,Bounced
ACT001551,Email,U006,A00848,C003260,O0105,,2025-05-30,Bounced
ACT001552,Call,U003,A00848,C003260,O0105,,2025-10-10,Bounced
ACT001553,Email,U006,A00848,C003260,O0105,,2025-09-24,Completed
ACT001554,Meeting,U006,A00848,C004089,O0105,,2025-08-19,Meeting held
ACT001555,Email,U006,A00848,C006703,O0105,,2025-07-15,Replied
ACT001556,Meeting,U003,A00848,C004089,O0105,,2025-10-26,Meeting held
ACT001557,Email,U006,A00848,C006703,O0105,,2025-05-24,Completed
ACT001558,LinkedIn,U003,A00848,C003958,O0105,,2025-08-24,Replied
ACT001559,Email,U003,A00848,C004089,O0105,,2025-05-13,Completed
ACT001560,Email,U006,A00848,C002164,O0105,,2025-09-02,Meeting held
ACT001561,Call,U003,A00848,C003260,O0105,,2025-08-22,Replied
ACT001562,Call,U003,A00848,C006703,O0105,,2025-11-02,Replied
ACT001563,Call,U006,A00848,C002164,O0105,,2025-08-16,Bounced
ACT001564,Email,U003,A00848,C006703,O0105,,2025-11-10,No answer
ACT001565,Email,U006,A00848,C006703,O0105,,2025-07-03,Replied
ACT001566,Meeting,U003,A00848,C002164,O0105,,2025-07-16,No answer
ACT001567,Email,U006,A00848,C004089,O0105,,2025-06-25,Meeting held
ACT001568,Meeting,U006,A00848,C003260,O0105,,2025-07-09,Meeting held
ACT001569,Email,U003,A00848,C002164,O0105,,2025-08-02,Completed
ACT001570,Email,U003,A00848,C003958,O0105,,2025-05-22,Replied
ACT001571,Call,U003,A00848,C006703,O0105,,2025-09-26,Completed
ACT001572,Email,U003,A00848,C002164,O0105,,2025-06-02,Completed
ACT001573,Call,U018,A00309,C006875,O0106,,2026-10-05,Replied
ACT001574,Email,U018,A00309,C004375,O0106,,2026-10-04,Bounced
ACT001575,Email,U014,A00309,C004060,O0106,,2026-09-21,Replied
ACT001576,Call,U014,A00309,C004375,O0106,,2026-09-24,Meeting held
ACT001577,Meeting,U014,A00309,C006875,O0106,,2026-10-07,No answer
ACT001578,Meeting,U015,A00237,C004935,O0107,,2026-09-06,Completed
ACT001579,Call,U015,A00237,C004935,O0107,,2026-09-09,No answer
ACT001580,Meeting,U015,A00237,C004935,O0107,,2026-09-16,Bounced
ACT001581,Meeting,U015,A00237,C004935,O0107,,2026-09-30,No answer
ACT001582,Email,U015,A00237,C004935,O0107,,2026-09-05,Replied
ACT001583,Email,U018,A00237,C004935,O0107,,2026-09-27,Meeting held
ACT001584,Email,U018,A00237,C004935,O0107,,2026-08-30,No answer
ACT001585,Meeting,U015,A00237,C004935,O0107,,2026-09-22,No answer
ACT001586,LinkedIn,U018,A00237,C004935,O0107,,2026-09-17,Meeting held
ACT001587,Email,U018,A00237,C004935,O0107,,2026-09-07,Completed
ACT001588,Email,U015,A00237,C004935,O0107,,2026-09-12,Completed
ACT001589,Call,U018,A00237,C004935,O0107,,2026-09-22,Completed
ACT001590,Call,U018,A00237,C004935,O0107,,2026-09-12,Bounced
ACT001591,Meeting,U015,A00237,C004935,O0107,,2026-08-23,Completed
ACT001592,Email,U018,A00237,C004935,O0107,,2026-09-13,No answer
ACT001593,Email,U015,A00237,C004935,O0107,,2026-09-01,No answer
ACT001594,Call,U018,A00237,C004935,O0107,,2026-09-28,Replied
ACT001595,Email,U018,A00237,C004935,O0107,,2026-08-10,Replied
ACT001596,Email,U015,A00237,C004935,O0107,,2026-10-06,No answer
ACT001597,Meeting,U015,A00237,C004935,O0107,,2026-08-12,Bounced
ACT001598,Call,U003,A00107,C000911,O0108,,2026-05-05,Bounced
ACT001599,Email,U006,A00107,C004477,O0108,,2026-04-05,No answer
ACT001600,Call,U006,A00107,C004636,O0108,,2025-10-12,Meeting held
ACT001601,Meeting,U006,A00107,C004636,O0108,,2025-11-24,No answer
ACT001602,Call,U003,A00107,C000911,O0108,,2026-05-21,No answer
ACT001603,Email,U006,A00107,C004636,O0108,,2025-12-13,Bounced
ACT001604,Email,U003,A00107,C004477,O0108,,2025-11-04,No answer
ACT001605,Email,U006,A00107,C004636,O0108,,2026-02-21,Replied
ACT001606,Email,U003,A00107,C004477,O0108,,2026-03-07,Replied
ACT001607,Email,U006,A00107,C004477,O0108,,2025-12-26,Replied
ACT001608,LinkedIn,U003,A00107,C004636,O0108,,2026-04-28,Completed
ACT001609,Email,U003,A00107,C004477,O0108,,2025-12-29,Replied
ACT001610,LinkedIn,U006,A00107,C004636,O0108,,2026-03-23,Bounced
ACT001611,Call,U006,A00107,C004636,O0108,,2025-11-30,Completed
ACT001612,Meeting,U003,A00107,C000911,O0108,,2026-05-11,Completed
ACT001613,Email,U003,A00107,C000911,O0108,,2026-02-19,No answer
ACT001614,Call,U003,A00107,C000911,O0108,,2026-05-20,Bounced
ACT001615,Email,U006,A00107,C004636,O0108,,2025-12-05,Bounced
ACT001616,LinkedIn,U006,A00107,C000911,O0108,,2026-05-13,No answer
ACT001617,Call,U003,A00107,C004477,O0108,,2025-11-15,Completed
ACT001618,Call,U006,A00107,C000911,O0108,,2026-05-24,Completed
ACT001619,Meeting,U018,A01152,C000379,O0109,,2026-09-24,Meeting held
ACT001620,Email,U014,A01152,C000379,O0109,,2026-08-04,Meeting held
ACT001621,Email,U018,A01152,C003390,O0109,,2026-05-19,Meeting held
ACT001622,Call,U018,A01152,C004691,O0109,,2026-07-29,Replied
ACT001623,LinkedIn,U018,A01152,C003504,O0109,,2026-06-13,No answer
ACT001624,Email,U014,A01152,C003390,O0109,,2026-07-17,Meeting held
ACT001625,Meeting,U014,A01152,C003504,O0109,,2026-07-12,Completed
ACT001626,Meeting,U014,A01152,C003390,O0109,,2026-05-08,Bounced
ACT001627,Email,U014,A01152,C003390,O0109,,2026-07-17,Bounced
ACT001628,Meeting,U014,A01152,C001108,O0109,,2026-07-24,Bounced
ACT001629,Meeting,U018,A01152,C004691,O0109,,2026-04-30,Meeting held
ACT001630,Meeting,U014,A01152,C003504,O0109,,2026-06-24,Replied
ACT001631,Call,U018,A01152,C001108,O0109,,2026-09-27,No answer
ACT001632,Email,U018,A01152,C000379,O0109,,2026-06-18,Meeting held
ACT001633,Call,U003,A01763,C006405,O0110,,2026-07-03,Replied
ACT001634,Email,U003,A01763,C006405,O0110,,2026-06-01,Bounced
ACT001635,Email,U003,A01763,C003917,O0110,,2026-05-10,No answer
ACT001636,Email,U006,A01763,C002438,O0110,,2026-06-13,No answer
ACT001637,Email,U003,A01763,C003917,O0110,,2026-07-07,Replied
ACT001638,Call,U003,A01763,C002438,O0110,,2026-10-02,Completed
ACT001639,Email,U006,A01763,C002438,O0110,,2026-06-15,Replied
ACT001640,Email,U006,A01763,C002438,O0110,,2026-06-07,No answer
ACT001641,Call,U003,A01763,C001663,O0110,,2026-08-27,Completed
ACT001642,Call,U006,A01763,C001663,O0110,,2026-06-05,Replied
ACT001643,Meeting,U003,A01763,C002438,O0110,,2026-06-27,Meeting held
ACT001644,Email,U003,A01763,C003917,O0110,,2026-06-27,Bounced
ACT001645,Meeting,U006,A01763,C002438,O0110,,2026-07-03,No answer
ACT001646,LinkedIn,U006,A01763,C006405,O0110,,2026-07-28,No answer
ACT001647,Call,U003,A01763,C001663,O0110,,2026-07-16,Replied
ACT001648,Call,U006,A01763,C001096,O0110,,2026-09-10,Replied
ACT001649,Call,U006,A01763,C003917,O0110,,2026-07-19,Bounced
ACT001650,Email,U006,A01763,C006405,O0110,,2026-09-20,Bounced
ACT001651,Call,U006,A01763,C006405,O0110,,2026-05-18,No answer
ACT001652,LinkedIn,U003,A01763,C003917,O0110,,2026-08-28,Meeting held
ACT001653,Email,U006,A01763,C003917,O0110,,2026-05-28,No answer
ACT001654,Email,U003,A01763,C001096,O0110,,2026-07-30,Bounced
ACT001655,Meeting,U015,A00765,C005728,O0111,,2025-12-16,Replied
ACT001656,Meeting,U018,A00765,C006570,O0111,,2025-12-28,Bounced
ACT001657,Email,U018,A00765,C004270,O0111,,2026-02-15,Replied
ACT001658,Email,U018,A00765,C003002,O0111,,2025-08-08,No answer
ACT001659,Call,U018,A00765,C000096,O0111,,2026-03-09,No answer
ACT001660,Email,U018,A00765,C003002,O0111,,2025-09-12,No answer
ACT001661,Meeting,U018,A00765,C006570,O0111,,2025-09-29,No answer
ACT001662,Call,U015,A00765,C005728,O0111,,2025-12-30,Bounced
ACT001663,Meeting,U018,A00765,C004270,O0111,,2026-01-08,Bounced
ACT001664,Email,U018,A00765,C004270,O0111,,2026-01-02,No answer
ACT001665,Email,U012,A01011,C004906,O0112,,2026-09-29,Meeting held
ACT001666,LinkedIn,U012,A01011,C004906,O0112,,2026-10-07,Replied
ACT001667,Email,U012,A01011,C002406,O0112,,2026-09-24,Replied
ACT001668,Call,U012,A01011,C006998,O0112,,2026-09-30,Bounced
ACT001669,Email,U009,A01011,C006998,O0112,,2026-09-27,No answer
ACT001670,Email,U012,A01011,C002406,O0112,,2026-09-24,Bounced
ACT001671,Meeting,U012,A01011,C006998,O0112,,2026-10-04,Bounced
ACT001672,Email,U012,A01011,C004906,O0112,,2026-10-02,Replied
ACT001673,Email,U009,A01011,C001193,O0112,,2026-10-01,Bounced
ACT001674,Email,U012,A01011,C002406,O0112,,2026-10-05,Bounced
ACT001675,Call,U012,A01011,C001193,O0112,,2026-10-06,Replied
ACT001676,Call,U009,A01011,C001193,O0112,,2026-09-23,Replied
ACT001677,Meeting,U012,A01011,C006998,O0112,,2026-09-23,Bounced
ACT001678,Call,U009,A01011,C002406,O0112,,2026-10-04,Meeting held
ACT001679,Meeting,U009,A01011,C006998,O0112,,2026-09-27,Replied
ACT001680,Call,U009,A01011,C001193,O0112,,2026-10-01,No answer
ACT001681,Meeting,U012,A01011,C002406,O0112,,2026-09-30,Bounced
ACT001682,LinkedIn,U018,A00859,,O0113,,2026-06-21,Replied
ACT001683,Email,U015,A00859,,O0113,,2026-05-29,Replied
ACT001684,Email,U018,A00859,,O0113,,2026-04-12,Replied
ACT001685,Call,U015,A00859,,O0113,,2026-06-29,No answer
ACT001686,Call,U018,A00859,,O0113,,2026-03-30,Completed
ACT001687,Email,U015,A00859,,O0113,,2026-03-20,Meeting held
ACT001688,Email,U015,A00859,,O0113,,2026-06-10,No answer
ACT001689,Meeting,U018,A00859,,O0113,,2026-05-29,Bounced
ACT001690,Call,U018,A00859,,O0113,,2026-04-11,Bounced
ACT001691,LinkedIn,U018,A00859,,O0113,,2026-06-03,Bounced
ACT001692,LinkedIn,U018,A00859,,O0113,,2026-06-21,Meeting held
ACT001693,LinkedIn,U018,A00859,,O0113,,2026-02-28,Replied
ACT001694,Call,U018,A00859,,O0113,,2026-05-27,No answer
ACT001695,Meeting,U015,A00859,,O0113,,2026-03-17,Bounced
ACT001696,Call,U015,A00859,,O0113,,2026-04-30,Completed
ACT001697,Email,U018,A00859,,O0113,,2026-06-09,Replied
ACT001698,LinkedIn,U015,A00859,,O0113,,2026-04-14,Replied
ACT001699,Call,U018,A00859,,O0113,,2026-04-15,Completed
ACT001700,Call,U008,A01676,C003292,O0114,,2026-09-23,Replied
ACT001701,Meeting,U012,A01676,C005280,O0114,,2026-09-13,No answer
ACT001702,Meeting,U012,A01676,C004002,O0114,,2026-09-17,Completed
ACT001703,Email,U008,A01676,C003988,O0114,,2026-10-07,Bounced
ACT001704,Email,U012,A01676,C004002,O0114,,2026-09-17,Meeting held
ACT001705,Email,U012,A01676,C005280,O0114,,2026-09-30,Replied
ACT001706,Call,U008,A01676,C005280,O0114,,2026-09-27,Completed
ACT001707,Email,U012,A01676,C005280,O0114,,2026-09-17,No answer
ACT001708,Email,U012,A01676,C004002,O0114,,2026-10-06,Completed
ACT001709,Email,U008,A01676,C005280,O0114,,2026-09-24,Meeting held
ACT001710,Meeting,U008,A01676,C004002,O0114,,2026-09-14,Meeting held
ACT001711,Email,U008,A01676,C005280,O0114,,2026-09-17,Completed
ACT001712,Email,U008,A01676,C005280,O0114,,2026-09-14,Replied
ACT001713,Email,U012,A01676,C003292,O0114,,2026-09-29,Bounced
ACT001714,LinkedIn,U008,A01676,C004002,O0114,,2026-09-22,Bounced
ACT001715,Call,U008,A01676,C003292,O0114,,2026-09-17,No answer
ACT001716,Email,U008,A01676,C003292,O0114,,2026-10-04,Completed
ACT001717,Email,U012,A01676,C004002,O0114,,2026-09-23,No answer
ACT001718,Email,U003,A00030,C006831,O0115,,2025-12-17,No answer
ACT001719,Call,U003,A00030,C000942,O0115,,2026-02-06,Meeting held
ACT001720,LinkedIn,U003,A00030,C006831,O0115,,2025-11-10,Bounced
ACT001721,Email,U006,A00030,C006831,O0115,,2026-01-02,Meeting held
ACT001722,Meeting,U003,A00030,C000942,O0115,,2025-10-10,Completed
ACT001723,Email,U003,A00030,C006831,O0115,,2025-12-21,No answer
ACT001724,Meeting,U003,A00030,C003360,O0115,,2025-08-09,Completed
ACT001725,Call,U006,A00030,C003360,O0115,,2026-01-03,Replied
ACT001726,Email,U006,A00030,C000942,O0115,,2025-08-16,Completed
ACT001727,Meeting,U003,A00030,C006831,O0115,,2025-11-08,Completed
ACT001728,Meeting,U003,A00030,C000942,O0115,,2025-10-16,Replied
ACT001729,Call,U006,A00030,C000942,O0115,,2025-12-29,Replied
ACT001730,Email,U006,A00030,C003360,O0115,,2026-01-12,No answer
ACT001731,Email,U003,A00030,C006831,O0115,,2025-08-28,Meeting held
ACT001732,Call,U003,A00030,C006831,O0115,,2025-11-20,Replied
ACT001733,Email,U006,A00030,C006831,O0115,,2026-01-25,No answer
ACT001734,Email,U002,A01235,C000250,O0116,,2026-01-12,Completed
ACT001735,Call,U002,A01235,C000250,O0116,,2025-12-25,Meeting held
ACT001736,Call,U006,A01235,C001359,O0116,,2025-10-31,Bounced
ACT001737,Call,U002,A01235,C000250,O0116,,2025-10-08,Replied
ACT001738,Call,U006,A01235,C000250,O0116,,2025-12-02,Replied
ACT001739,Email,U006,A01235,C001359,O0116,,2025-09-10,Meeting held
ACT001740,Email,U006,A01235,C001359,O0116,,2026-02-11,Replied
ACT001741,Email,U006,A01235,C001359,O0116,,2025-10-18,No answer
ACT001742,Email,U006,A01235,C001359,O0116,,2025-10-02,Completed
ACT001743,LinkedIn,U003,A00986,C006219,O0117,,2026-05-10,Completed
ACT001744,Meeting,U003,A00986,C006271,O0117,,2026-04-18,Replied
ACT001745,Call,U003,A00986,C000338,O0117,,2026-07-30,Completed
ACT001746,Meeting,U003,A00986,C006219,O0117,,2026-07-13,Completed
ACT001747,LinkedIn,U006,A00986,C002962,O0117,,2026-06-04,Replied
ACT001748,Email,U006,A00986,C006271,O0117,,2026-06-03,Completed
ACT001749,LinkedIn,U003,A00986,C001965,O0117,,2026-05-23,No answer
ACT001750,Email,U003,A00986,C006219,O0117,,2026-09-25,Replied
ACT001751,Call,U003,A00986,C003679,O0117,,2026-03-27,Meeting held
ACT001752,Call,U003,A00986,C002962,O0117,,2026-09-01,Replied
ACT001753,Call,U006,A00986,C006271,O0117,,2026-09-09,Meeting held
ACT001754,Email,U003,A00986,C001484,O0117,,2026-06-25,Meeting held
ACT001755,Email,U003,A00986,C002962,O0117,,2026-06-06,Bounced
ACT001756,Email,U006,A00986,C006219,O0117,,2026-09-11,No answer
ACT001757,Call,U006,A00986,C002962,O0117,,2026-07-29,Completed
ACT001758,Email,U003,A00986,C001965,O0117,,2026-04-27,Completed
ACT001759,Email,U003,A00986,C001965,O0117,,2026-09-26,Meeting held
ACT001760,Email,U006,A00813,C001319,O0118,,2026-07-25,Bounced
ACT001761,Meeting,U006,A00813,C005976,O0118,,2026-09-30,No answer
ACT001762,Email,U003,A00813,C005976,O0118,,2026-08-21,Meeting held
ACT001763,Meeting,U003,A00813,C001319,O0118,,2026-04-24,No answer
ACT001764,Call,U003,A00813,C005976,O0118,,2026-07-12,Bounced
ACT001765,LinkedIn,U003,A00813,C005976,O0118,,2026-09-23,Completed
ACT001766,Meeting,U003,A00813,C005976,O0118,,2026-07-27,Replied
ACT001767,Meeting,U003,A00813,C005976,O0118,,2026-07-27,Meeting held
ACT001768,Call,U003,A00813,C005976,O0118,,2026-06-03,Completed
ACT001769,Email,U003,A00813,C001319,O0118,,2026-09-29,Bounced
ACT001770,Email,U006,A00813,C001319,O0118,,2026-08-31,No answer
ACT001771,Email,U003,A00813,C005976,O0118,,2026-04-27,Meeting held
ACT001772,Call,U003,A00813,C001319,O0118,,2026-07-20,Completed
ACT001773,Email,U003,A00813,C001319,O0118,,2026-09-18,Bounced
ACT001774,LinkedIn,U003,A00813,C001319,O0118,,2026-05-06,Meeting held
ACT001775,Call,U006,A00813,C005976,O0118,,2026-06-11,Bounced
ACT001776,Call,U003,A00813,C005976,O0118,,2026-06-23,Replied
ACT001777,Meeting,U006,A00813,C005976,O0118,,2026-05-15,Completed
ACT001778,Call,U006,A00813,C001319,O0118,,2026-05-28,Meeting held
ACT001779,Email,U003,A00813,C001319,O0118,,2026-06-20,Completed
ACT001780,Call,U006,A00813,C005976,O0118,,2026-05-09,No answer
ACT001781,Email,U003,A00813,C005976,O0118,,2026-05-21,Completed
ACT001782,Email,U006,A00813,C001319,O0118,,2026-10-04,Bounced
ACT001783,LinkedIn,U002,A00334,C005703,O0119,,2026-10-06,Bounced
ACT001784,Email,U006,A00334,C005703,O0119,,2026-09-28,Meeting held
ACT001785,Email,U006,A00334,C000759,O0119,,2026-09-14,Meeting held
ACT001786,Email,U002,A00334,C000759,O0119,,2026-09-14,Meeting held
ACT001787,Email,U002,A00334,C004291,O0119,,2026-09-20,Meeting held
ACT001788,Email,U002,A00334,C005703,O0119,,2026-09-10,Replied
ACT001789,Email,U006,A00334,C001284,O0119,,2026-09-24,Completed
ACT001790,Call,U006,A00334,C003663,O0119,,2026-09-08,No answer
ACT001791,Call,U002,A00334,C000759,O0119,,2026-09-28,Replied
ACT001792,Email,U002,A00334,C003663,O0119,,2026-09-12,Meeting held
ACT001793,Call,U002,A00334,C001245,O0119,,2026-10-08,Meeting held
ACT001794,LinkedIn,U002,A00334,C005883,O0119,,2026-09-13,Meeting held
ACT001795,Call,U006,A00334,C005703,O0119,,2026-09-16,Bounced
ACT001796,Meeting,U002,A00334,C000759,O0119,,2026-10-01,Replied
ACT001797,Email,U002,A00334,C005883,O0119,,2026-09-12,No answer
ACT001798,Email,U006,A01449,C006657,O0120,,2025-12-09,No answer
ACT001799,Email,U003,A01449,C002859,O0120,,2025-10-20,No answer
ACT001800,Call,U006,A01449,C005586,O0120,,2025-08-28,Bounced
ACT001801,LinkedIn,U003,A01449,C006657,O0120,,2025-09-24,Bounced
ACT001802,Email,U003,A01449,C002859,O0120,,2025-09-06,Completed
ACT001803,Email,U006,A01449,C002859,O0120,,2025-09-16,No answer
ACT001804,Email,U003,A01449,C006657,O0120,,2025-08-27,Replied
ACT001805,Call,U003,A01449,C002859,O0120,,2025-08-08,Replied
ACT001806,Call,U006,A01449,C006657,O0120,,2025-08-10,Meeting held
ACT001807,LinkedIn,U006,A01449,C002859,O0120,,2025-09-01,No answer
ACT001808,Email,U014,A01045,C005154,O0121,,2026-09-17,Bounced
ACT001809,Email,U018,A01045,C006851,O0121,,2026-07-14,Completed
ACT001810,LinkedIn,U014,A01045,C003376,O0121,,2026-09-13,Bounced
ACT001811,Meeting,U014,A01045,C006678,O0121,,2026-07-20,No answer
ACT001812,Email,U014,A01045,C006851,O0121,,2026-08-06,Meeting held
ACT001813,Email,U018,A01045,C005154,O0121,,2026-07-11,No answer
ACT001814,Email,U018,A01045,C003376,O0121,,2026-09-18,Meeting held
ACT001815,Meeting,U014,A01045,C006036,O0121,,2026-08-28,Bounced
ACT001816,Meeting,U018,A01045,C000428,O0121,,2026-07-24,Bounced
ACT001817,Email,U018,A01045,C005154,O0121,,2026-09-23,No answer
ACT001818,Call,U018,A01045,C006851,O0121,,2026-08-31,Bounced
ACT001819,Email,U014,A01045,C006851,O0121,,2026-09-27,Bounced
ACT001820,Email,U014,A01045,C001393,O0121,,2026-08-04,Completed
ACT001821,Call,U014,A01045,C001393,O0121,,2026-09-02,Bounced
ACT001822,Meeting,U014,A01045,C003376,O0121,,2026-08-11,Replied
ACT001823,Meeting,U014,A01045,C006678,O0121,,2026-07-08,Meeting held
ACT001824,LinkedIn,U014,A01045,C006678,O0121,,2026-09-23,Replied
ACT001825,Call,U014,A01045,C003110,O0121,,2026-08-19,Bounced
ACT001826,Call,U014,A01045,C003322,O0121,,2026-07-15,No answer
ACT001827,Call,U014,A01045,C000055,O0121,,2026-10-01,Completed
ACT001828,Meeting,U006,A01604,C003103,O0122,,2025-07-12,Completed
ACT001829,Email,U002,A01604,C005605,O0122,,2025-05-19,Replied
ACT001830,LinkedIn,U006,A01604,C005605,O0122,,2025-06-03,Completed
ACT001831,Email,U002,A01604,C003103,O0122,,2025-07-25,Meeting held
ACT001832,Call,U006,A01604,C005605,O0122,,2025-05-19,No answer
ACT001833,Call,U002,A01604,C005605,O0122,,2025-07-05,Replied
ACT001834,Email,U006,A01604,C003103,O0122,,2025-05-31,Replied
ACT001835,Meeting,U006,A01604,C005605,O0122,,2025-08-01,No answer
ACT001836,Meeting,U006,A01604,C003103,O0122,,2025-06-22,No answer
ACT001837,LinkedIn,U006,A01604,C005605,O0122,,2025-06-19,Replied
ACT001838,Call,U002,A01604,C003103,O0122,,2025-05-22,Bounced
ACT001839,Email,U006,A01604,C003103,O0122,,2025-05-29,Replied
ACT001840,Call,U006,A01604,C003103,O0122,,2025-07-11,Replied
ACT001841,Email,U006,A00260,C006638,O0123,,2025-11-01,Meeting held
ACT001842,Email,U006,A00260,C004896,O0123,,2025-06-07,Meeting held
ACT001843,LinkedIn,U002,A00260,C006638,O0123,,2025-09-16,Completed
ACT001844,Email,U006,A00260,C003585,O0123,,2025-05-03,No answer
ACT001845,LinkedIn,U002,A00260,C004708,O0123,,2025-06-18,No answer
ACT001846,Email,U002,A00260,C004896,O0123,,2025-04-19,Replied
ACT001847,Meeting,U002,A00260,C005428,O0123,,2025-07-26,Completed
ACT001848,Email,U002,A00260,C004708,O0123,,2025-05-25,No answer
ACT001849,Meeting,U002,A00260,C003585,O0123,,2025-08-05,Completed
ACT001850,Email,U006,A00260,C000139,O0123,,2025-07-30,Replied
ACT001851,Email,U002,A00260,C003243,O0123,,2025-04-26,Replied
ACT001852,Meeting,U002,A00260,C003243,O0123,,2025-06-26,Replied
ACT001853,Email,U002,A00260,C000139,O0123,,2025-11-04,Completed
ACT001854,Email,U002,A00260,C000139,O0123,,2025-05-10,Meeting held
ACT001855,Meeting,U006,A00260,C000139,O0123,,2025-07-27,Bounced
ACT001856,Call,U002,A00260,C004708,O0123,,2025-09-21,Bounced
ACT001857,Email,U006,A00260,C004896,O0123,,2025-04-05,Replied
ACT001858,LinkedIn,U002,A00260,C003243,O0123,,2025-10-04,Bounced
ACT001859,Email,U006,A00260,C006638,O0123,,2025-05-16,Completed
ACT001860,Email,U006,A00260,C006638,O0123,,2025-06-10,Completed
ACT001861,Email,U006,A00260,C006418,O0123,,2025-05-05,Bounced
ACT001862,Call,U006,A00260,C006418,O0123,,2025-08-02,Meeting held
ACT001863,Email,U006,A00260,C004896,O0123,,2025-06-05,No answer
ACT001864,Email,U006,A01112,C006335,O0124,,2026-09-09,No answer
ACT001865,Email,U003,A01112,C006335,O0124,,2026-09-23,Meeting held
ACT001866,Email,U006,A01112,C006335,O0124,,2026-08-14,Replied
ACT001867,Email,U006,A01112,C001483,O0124,,2026-09-25,No answer
ACT001868,Meeting,U006,A01112,C006335,O0124,,2026-09-12,No answer
ACT001869,Call,U006,A01112,C001483,O0124,,2026-08-21,Meeting held
ACT001870,Call,U006,A01112,C006335,O0124,,2026-09-19,Meeting held
ACT001871,Email,U006,A01112,C000854,O0124,,2026-09-08,Replied
ACT001872,Call,U003,A01112,C005017,O0124,,2026-08-17,Meeting held
ACT001873,Meeting,U006,A01112,C000927,O0124,,2026-09-29,No answer
ACT001874,Call,U006,A00739,C002216,O0125,,2025-10-09,Replied
ACT001875,Meeting,U006,A00739,C000257,O0125,,2025-11-11,Bounced
ACT001876,Call,U006,A00739,C002216,O0125,,2025-10-17,Replied
ACT001877,Email,U002,A00739,C000257,O0125,,2025-10-31,Meeting held
ACT001878,Email,U002,A00739,C000257,O0125,,2025-12-08,Replied
ACT001879,Email,U012,A01883,C000180,O0126,,2026-05-12,Replied
ACT001880,Email,U008,A01883,C000180,O0126,,2026-02-15,Bounced
ACT001881,Email,U008,A01883,C000180,O0126,,2026-04-14,Bounced
ACT001882,Meeting,U012,A01883,C000180,O0126,,2026-03-13,Replied
ACT001883,Call,U012,A01883,C000180,O0126,,2026-08-25,No answer
ACT001884,Call,U012,A01883,C000180,O0126,,2026-08-07,Bounced
ACT001885,Email,U008,A01883,C000180,O0126,,2026-08-14,Meeting held
ACT001886,Call,U012,A01883,C000180,O0126,,2026-05-13,Replied
ACT001887,Meeting,U008,A01883,C000180,O0126,,2026-08-17,Bounced
ACT001888,LinkedIn,U012,A01883,C000180,O0126,,2026-05-14,Replied
ACT001889,Email,U008,A01883,C000180,O0126,,2026-04-20,Meeting held
ACT001890,Call,U008,A01883,C000180,O0126,,2026-07-03,Replied
ACT001891,Meeting,U008,A01883,C000180,O0126,,2026-03-15,Replied
ACT001892,Email,U008,A01883,C000180,O0126,,2026-01-30,Bounced
ACT001893,Email,U012,A01883,C000180,O0126,,2026-02-16,No answer
ACT001894,Email,U012,A01883,C000180,O0126,,2026-08-20,No answer
ACT001895,Meeting,U008,A01883,C000180,O0126,,2026-02-22,Completed
ACT001896,Email,U008,A01883,C000180,O0126,,2026-07-15,Bounced
ACT001897,Email,U012,A01883,C000180,O0126,,2026-07-11,Bounced
ACT001898,Call,U012,A01883,C000180,O0126,,2026-03-11,No answer
ACT001899,Call,U018,A00192,C000135,O0127,,2025-07-10,Bounced
ACT001900,Call,U015,A00192,C006893,O0127,,2025-09-07,Meeting held
ACT001901,Email,U018,A00192,C000135,O0127,,2025-11-03,Bounced
ACT001902,Email,U018,A00192,C000135,O0127,,2025-08-27,No answer
ACT001903,Meeting,U015,A00192,C000135,O0127,,2025-07-22,Bounced
ACT001904,Email,U015,A00192,C002155,O0127,,2025-09-07,Replied
ACT001905,Email,U018,A00192,C000135,O0127,,2025-07-02,Completed
ACT001906,Call,U018,A00192,C002155,O0127,,2025-09-07,Bounced
ACT001907,Call,U018,A00192,C006893,O0127,,2025-07-10,Replied
ACT001908,Email,U018,A00192,C000135,O0127,,2025-07-29,No answer
ACT001909,Email,U015,A00192,C002155,O0127,,2025-10-18,Meeting held
ACT001910,Call,U018,A00192,C000135,O0127,,2025-08-24,Meeting held
ACT001911,Email,U015,A00192,C002155,O0127,,2025-10-02,Bounced
ACT001912,Meeting,U018,A00192,C006893,O0127,,2025-11-19,Meeting held
ACT001913,Email,U003,A01965,C000312,O0128,,2026-01-03,Replied
ACT001914,Meeting,U003,A01965,C000312,O0128,,2026-02-28,Bounced
ACT001915,Call,U006,A01965,C006081,O0128,,2026-03-27,Replied
ACT001916,LinkedIn,U006,A01965,C000312,O0128,,2026-02-27,No answer
ACT001917,Call,U006,A01965,C001497,O0128,,2026-05-19,No answer
ACT001918,Email,U006,A01965,C006081,O0128,,2025-12-18,Completed
ACT001919,Email,U006,A01965,C001497,O0128,,2026-04-02,Completed
ACT001920,Meeting,U006,A01965,C000312,O0128,,2026-01-27,No answer
ACT001921,Call,U006,A01965,C000312,O0128,,2026-01-12,No answer
ACT001922,Meeting,U006,A01965,C001497,O0128,,2026-01-14,No answer
ACT001923,Meeting,U003,A01965,C001497,O0128,,2026-03-11,No answer
ACT001924,Email,U006,A01965,C000312,O0128,,2025-12-23,Bounced
ACT001925,Call,U002,A01448,C002779,O0129,,2025-12-12,Meeting held
ACT001926,Meeting,U002,A01448,C001853,O0129,,2025-09-19,Meeting held
ACT001927,Call,U006,A01448,C002779,O0129,,2025-08-24,Bounced
ACT001928,Call,U002,A01448,C001853,O0129,,2025-07-21,Completed
ACT001929,Meeting,U006,A01448,C002779,O0129,,2025-12-14,Completed
ACT001930,Meeting,U002,A01448,C001853,O0129,,2025-08-29,Replied
ACT001931,Email,U012,A01298,C004068,O0130,,2026-05-22,Bounced
ACT001932,Email,U012,A01298,C004982,O0130,,2026-04-03,Replied
ACT001933,Call,U008,A01298,C001174,O0130,,2026-06-23,Meeting held
ACT001934,Meeting,U008,A01298,C002025,O0130,,2026-05-20,Meeting held
ACT001935,Call,U008,A01298,C004982,O0130,,2026-07-15,Completed
ACT001936,Meeting,U008,A01298,C006367,O0130,,2026-05-11,Bounced
ACT001937,Call,U012,A01298,C000217,O0130,,2026-06-29,No answer
ACT001938,Email,U012,A01298,C004068,O0130,,2026-08-20,Meeting held
ACT001939,Email,U008,A01298,C005498,O0130,,2026-07-15,Replied
ACT001940,Email,U012,A01298,C001174,O0130,,2026-10-01,Bounced
ACT001941,Call,U012,A01298,C005498,O0130,,2026-05-08,Replied
ACT001942,Email,U008,A01298,C002025,O0130,,2026-07-29,Completed
ACT001943,Meeting,U008,A01298,C004982,O0130,,2026-07-18,Bounced
ACT001944,Email,U012,A01298,C006367,O0130,,2026-08-26,Bounced
ACT001945,LinkedIn,U012,A01298,C002025,O0130,,2026-05-28,Replied
ACT001946,Call,U012,A01298,C004068,O0130,,2026-09-17,Replied
ACT001947,Meeting,U008,A01298,C000217,O0130,,2026-06-25,No answer
ACT001948,Meeting,U012,A01298,C005498,O0130,,2026-09-14,Replied
ACT001949,Call,U008,A01298,C002025,O0130,,2026-06-12,Bounced
ACT001950,Call,U008,A01298,C002025,O0130,,2026-04-19,Replied
ACT001951,Email,U008,A01298,C005498,O0130,,2026-04-23,Completed
ACT001952,Call,U012,A01676,C003988,O0131,,2026-03-01,Meeting held
ACT001953,Call,U008,A01676,C004002,O0131,,2026-06-03,Bounced
ACT001954,Meeting,U012,A01676,C003988,O0131,,2026-01-24,No answer
ACT001955,Call,U008,A01676,C005280,O0131,,2026-06-16,Meeting held
ACT001956,Email,U012,A01676,C003988,O0131,,2026-08-23,Completed
ACT001957,Call,U008,A01676,C003292,O0131,,2026-08-04,Completed
ACT001958,Email,U012,A01676,C003988,O0131,,2026-08-16,No answer
ACT001959,Meeting,U008,A01676,C004002,O0131,,2026-05-23,Replied
ACT001960,Call,U012,A01676,C004002,O0131,,2025-12-29,Meeting held
ACT001961,Email,U012,A01676,C004002,O0131,,2026-09-21,Meeting held
ACT001962,Email,U012,A01676,C003988,O0131,,2026-01-05,Completed
ACT001963,LinkedIn,U012,A01676,C003292,O0131,,2026-08-11,Replied
ACT001964,Meeting,U012,A01676,C003292,O0131,,2025-12-21,Meeting held
ACT001965,Email,U008,A01676,C003292,O0131,,2026-09-30,Bounced
ACT001966,Email,U012,A01676,C005280,O0131,,2026-08-06,Bounced
ACT001967,Call,U012,A01676,C004002,O0131,,2026-06-09,Meeting held
ACT001968,Call,U008,A01676,C003988,O0131,,2026-03-10,Bounced
ACT001969,Call,U008,A01676,C003292,O0131,,2026-05-07,Completed
ACT001970,Meeting,U008,A01676,C003988,O0131,,2026-09-16,Meeting held
ACT001971,Meeting,U008,A01676,C003292,O0131,,2026-07-20,Replied
ACT001972,Meeting,U008,A01676,C005280,O0131,,2026-06-17,Replied
ACT001973,Email,U006,A00478,C006987,O0132,,2026-08-28,Replied
ACT001974,LinkedIn,U003,A00478,C001091,O0132,,2026-10-06,Meeting held
ACT001975,Call,U006,A00478,C003287,O0132,,2026-09-07,Completed
ACT001976,Meeting,U006,A00478,C001281,O0132,,2026-09-18,Bounced
ACT001977,Call,U006,A00478,C006987,O0132,,2026-09-07,No answer
ACT001978,Meeting,U006,A00478,C001281,O0132,,2026-08-28,Completed
ACT001979,LinkedIn,U006,A00478,C001091,O0132,,2026-10-07,No answer
ACT001980,Email,U006,A00478,C001281,O0132,,2026-08-26,Meeting held
ACT001981,Email,U006,A00478,C003287,O0132,,2026-09-11,No answer
ACT001982,Email,U003,A00478,C001281,O0132,,2026-09-22,Completed
ACT001983,Email,U006,A00478,C001281,O0132,,2026-09-07,Replied
ACT001984,Email,U006,A00478,C003287,O0132,,2026-10-02,No answer
ACT001985,Email,U003,A00478,C006987,O0132,,2026-09-16,No answer
ACT001986,Call,U006,A00478,C001281,O0132,,2026-10-01,Meeting held
ACT001987,Email,U006,A00478,C001281,O0132,,2026-10-05,Completed
ACT001988,LinkedIn,U006,A00478,C001091,O0132,,2026-09-12,Bounced
ACT001989,Meeting,U003,A00478,C001091,O0132,,2026-09-30,Bounced
ACT001990,Email,U006,A00478,C001281,O0132,,2026-10-03,Completed
ACT001991,LinkedIn,U006,A00478,C001091,O0132,,2026-08-31,No answer
ACT001992,Meeting,U006,A00755,C002625,O0133,,2025-08-18,Replied
ACT001993,Email,U002,A00755,C006281,O0133,,2025-07-22,No answer
ACT001994,Email,U006,A00755,C000112,O0133,,2026-02-11,Completed
ACT001995,Call,U006,A00755,C003107,O0133,,2025-09-01,Completed
ACT001996,Call,U006,A00755,C006281,O0133,,2025-09-15,Meeting held
ACT001997,Meeting,U006,A00755,C003107,O0133,,2026-01-11,Replied
ACT001998,Call,U002,A00755,C000112,O0133,,2025-10-07,Replied
ACT001999,Call,U002,A00755,C003107,O0133,,2026-02-02,Bounced
ACT002000,Call,U002,A00755,C006281,O0133,,2025-09-09,Completed
ACT002001,Email,U006,A00755,C006281,O0133,,2025-11-14,Completed
ACT002002,Call,U002,A00755,C002625,O0133,,2025-07-18,Bounced
ACT002003,Email,U002,A00755,C000112,O0133,,2025-12-29,Bounced
ACT002004,Call,U006,A00755,C000112,O0133,,2025-08-23,Meeting held
ACT002005,Call,U006,A00755,C003107,O0133,,2025-10-01,Completed
ACT002006,Meeting,U006,A00755,C006281,O0133,,2025-09-01,Replied
ACT002007,Call,U014,A00733,C005744,O0134,,2026-08-19,Bounced
ACT002008,Email,U014,A00733,C000979,O0134,,2026-10-07,No answer
ACT002009,LinkedIn,U014,A00733,C005609,O0134,,2026-08-05,No answer
ACT002010,Email,U014,A00733,C005744,O0134,,2026-07-06,No answer
ACT002011,Meeting,U014,A00733,C000537,O0134,,2026-06-12,Completed
ACT002012,Meeting,U018,A00733,C006085,O0134,,2026-08-26,Replied
ACT002013,Call,U018,A01592,C000569,O0135,,2026-04-03,Bounced
ACT002014,Email,U015,A01592,C004017,O0135,,2026-03-09,Replied
ACT002015,Email,U015,A01592,C000569,O0135,,2026-06-01,Meeting held
ACT002016,Meeting,U015,A01592,C000569,O0135,,2026-06-14,Replied
ACT002017,LinkedIn,U003,A02005,C006912,O0136,,2025-08-08,No answer
ACT002018,Email,U006,A02005,C006912,O0136,,2025-10-11,No answer
ACT002019,Meeting,U006,A02005,C006912,O0136,,2025-11-02,Replied
ACT002020,Meeting,U006,A02005,C006912,O0136,,2025-07-15,Bounced
ACT002021,Email,U003,A02005,C006912,O0136,,2026-01-15,No answer
ACT002022,Call,U006,A02005,C006912,O0136,,2025-08-13,Meeting held
ACT002023,Call,U003,A02005,C006912,O0136,,2025-07-21,Completed
ACT002024,Email,U003,A01367,C001830,O0137,,2025-12-02,Replied
ACT002025,Meeting,U006,A01367,C005429,O0137,,2025-10-01,No answer
ACT002026,Email,U006,A01367,C003129,O0137,,2025-08-24,Completed
ACT002027,Email,U006,A01367,C005084,O0137,,2026-01-30,Bounced
ACT002028,Email,U003,A01367,C005084,O0137,,2025-07-26,Replied
ACT002029,LinkedIn,U003,A01367,C005429,O0137,,2026-01-24,Bounced
ACT002030,Meeting,U003,A01367,C005084,O0137,,2025-10-05,Completed
ACT002031,LinkedIn,U003,A01367,C003129,O0137,,2025-08-27,Completed
ACT002032,LinkedIn,U006,A01367,C005429,O0137,,2026-01-08,Replied
ACT002033,Email,U006,A01367,C003129,O0137,,2026-02-16,Bounced
ACT002034,Call,U006,A01367,C005084,O0137,,2026-02-24,No answer
ACT002035,Email,U006,A01367,C005084,O0137,,2025-12-02,Meeting held
ACT002036,LinkedIn,U003,A01367,C005084,O0137,,2025-09-21,Completed
ACT002037,Meeting,U006,A01367,C005429,O0137,,2025-08-12,Meeting held
ACT002038,Meeting,U006,A01367,C001830,O0137,,2025-10-01,No answer
ACT002039,Call,U003,A01367,C003129,O0137,,2025-11-27,Completed
ACT002040,Meeting,U003,A01367,C005429,O0137,,2026-01-02,No answer
ACT002041,LinkedIn,U006,A01367,C003129,O0137,,2025-09-15,Bounced
ACT002042,LinkedIn,U003,A01367,C001830,O0137,,2025-11-05,Bounced
ACT002043,Meeting,U003,A01367,C003129,O0137,,2025-11-17,Completed
ACT002044,Call,U008,A01659,C002399,O0138,,2026-02-03,Bounced
ACT002045,LinkedIn,U008,A01659,C002399,O0138,,2025-10-24,No answer
ACT002046,Call,U008,A01659,C002399,O0138,,2025-09-10,No answer
ACT002047,Email,U012,A01659,C002399,O0138,,2025-10-17,No answer
ACT002048,Email,U012,A01659,C002399,O0138,,2025-10-10,Meeting held
ACT002049,Meeting,U008,A01659,C002399,O0138,,2026-01-31,No answer
ACT002050,Email,U008,A01659,C002399,O0138,,2025-12-02,Meeting held
ACT002051,LinkedIn,U012,A01659,C002399,O0138,,2026-01-02,Bounced
ACT002052,Email,U012,A01659,C002399,O0138,,2025-09-19,Meeting held
ACT002053,Email,U012,A01659,C002399,O0138,,2026-01-14,No answer
ACT002054,Email,U008,A01659,C002399,O0138,,2025-12-19,Completed
ACT002055,Meeting,U008,A01659,C002399,O0138,,2025-11-22,Bounced
ACT002056,Meeting,U012,A01659,C002399,O0138,,2025-09-18,No answer
ACT002057,Call,U012,A01659,C002399,O0138,,2025-11-19,Replied
ACT002058,Call,U012,A01659,C002399,O0138,,2026-01-06,Meeting held
ACT002059,Call,U008,A01659,C002399,O0138,,2025-11-20,Completed
ACT002060,Meeting,U008,A01659,C002399,O0138,,2025-10-23,Bounced
ACT002061,Call,U008,A01659,C002399,O0138,,2025-10-26,No answer
ACT002062,Meeting,U003,A00784,C001628,O0139,,2026-10-08,Completed
ACT002063,Email,U003,A00784,C002515,O0139,,2026-10-06,Meeting held
ACT002064,Email,U006,A00784,C002515,O0139,,2026-08-17,Meeting held
ACT002065,Email,U006,A00784,C001628,O0139,,2026-08-24,Bounced
ACT002066,Call,U003,A00784,C002515,O0139,,2026-07-08,Completed
ACT002067,Call,U006,A00784,C001628,O0139,,2026-10-07,No answer
ACT002068,Email,U003,A00784,C002515,O0139,,2026-09-17,Completed
ACT002069,LinkedIn,U006,A00784,C001628,O0139,,2026-07-01,Replied
ACT002070,Call,U003,A00784,C002515,O0139,,2026-10-02,Meeting held
ACT002071,Call,U003,A00784,C002515,O0139,,2026-07-07,Replied
ACT002072,Email,U006,A00784,C002515,O0139,,2026-10-03,Bounced
ACT002073,Email,U014,A00208,C002797,O0140,,2026-09-02,Completed
ACT002074,Call,U014,A00208,C002797,O0140,,2026-07-10,Replied
ACT002075,Email,U018,A00208,C002797,O0140,,2026-07-28,Bounced
ACT002076,Meeting,U014,A00208,C006827,O0140,,2026-08-20,Completed
ACT002077,Email,U018,A00208,C006827,O0140,,2026-05-13,Bounced
ACT002078,Email,U014,A00208,C002797,O0140,,2026-05-05,Meeting held
ACT002079,Call,U018,A00208,C001305,O0140,,2026-06-07,Bounced
ACT002080,Email,U018,A00208,C002797,O0140,,2026-07-31,Completed
ACT002081,LinkedIn,U018,A00208,C002797,O0140,,2026-07-01,No answer
ACT002082,Meeting,U014,A00208,C002797,O0140,,2026-07-19,Bounced
ACT002083,Email,U014,A00208,C002797,O0140,,2026-06-07,Replied
ACT002084,Call,U018,A00208,C006827,O0140,,2026-09-11,Bounced
ACT002085,Email,U018,A00208,C001305,O0140,,2026-06-11,Replied
ACT002086,Email,U014,A00208,C006827,O0140,,2026-09-17,Bounced
ACT002087,Email,U018,A00208,C006827,O0140,,2026-05-25,Meeting held
ACT002088,Email,U018,A00208,C002797,O0140,,2026-08-05,Completed
ACT002089,LinkedIn,U018,A00208,C006827,O0140,,2026-07-25,No answer
ACT002090,Call,U018,A00208,C006827,O0140,,2026-07-30,No answer
ACT002091,Email,U008,A01765,C005676,O0141,,2025-09-02,Replied
ACT002092,Email,U012,A01765,C005767,O0141,,2025-08-04,Completed
ACT002093,Email,U008,A01765,C003984,O0141,,2025-05-05,Replied
ACT002094,Email,U012,A01765,C000417,O0141,,2025-09-13,Replied
ACT002095,Email,U008,A01765,C003984,O0141,,2025-06-30,Completed
ACT002096,Email,U012,A01765,C005676,O0141,,2025-06-01,Meeting held
ACT002097,Call,U008,A01765,C003235,O0141,,2025-08-29,Bounced
ACT002098,Meeting,U008,A01765,C000417,O0141,,2025-07-26,Replied
ACT002099,Email,U012,A01765,C003984,O0141,,2025-08-04,Replied
ACT002100,Meeting,U012,A01765,C003235,O0141,,2025-08-03,Completed
ACT002101,Email,U012,A01765,C006808,O0141,,2025-07-27,Completed
ACT002102,Call,U008,A01765,C003235,O0141,,2025-09-15,Bounced
ACT002103,Meeting,U018,A00599,C003773,O0142,,2025-08-31,Meeting held
ACT002104,LinkedIn,U018,A00599,C006164,O0142,,2026-01-30,Replied
ACT002105,Call,U014,A00599,C006164,O0142,,2025-12-16,Meeting held
ACT002106,LinkedIn,U018,A00599,C006164,O0142,,2026-01-10,Completed
ACT002107,Email,U014,A00599,C003773,O0142,,2025-10-02,No answer
ACT002108,Email,U018,A00599,C003773,O0142,,2025-11-19,No answer
ACT002109,Call,U014,A00599,C003773,O0142,,2025-09-04,Meeting held
ACT002110,Meeting,U018,A00599,C006164,O0142,,2025-08-22,Bounced
ACT002111,Email,U014,A00599,C000236,O0142,,2026-02-11,Meeting held
ACT002112,Email,U018,A00599,C003773,O0142,,2025-09-12,Meeting held
ACT002113,Email,U014,A00599,C000976,O0142,,2025-10-09,No answer
ACT002114,Call,U018,A00599,C006164,O0142,,2025-09-08,No answer
ACT002115,Meeting,U014,A00599,C003773,O0142,,2026-03-03,No answer
ACT002116,Call,U018,A00599,C000976,O0142,,2025-09-02,Replied
ACT002117,Email,U014,A00599,C000236,O0142,,2025-09-21,Meeting held
ACT002118,Call,U014,A00599,C003773,O0142,,2026-01-01,Meeting held
ACT002119,Email,U006,A01479,,O0143,,2025-07-25,Meeting held
ACT002120,Email,U002,A01479,,O0143,,2025-09-24,Replied
ACT002121,Email,U006,A01479,,O0143,,2025-06-05,Completed
ACT002122,Email,U002,A01479,,O0143,,2025-07-01,Replied
ACT002123,Meeting,U002,A01479,,O0143,,2025-09-04,Replied
ACT002124,LinkedIn,U006,A01479,,O0143,,2025-10-29,Meeting held
ACT002125,Meeting,U002,A01479,,O0143,,2025-07-28,Bounced
ACT002126,Call,U002,A01479,,O0143,,2025-07-13,Completed
ACT002127,Email,U006,A01479,,O0143,,2025-12-24,Bounced
ACT002128,Meeting,U006,A01479,,O0143,,2025-11-24,Replied
ACT002129,Email,U002,A01479,,O0143,,2025-12-17,Completed
ACT002130,Meeting,U002,A01479,,O0143,,2025-08-08,Meeting held
ACT002131,Email,U006,A01479,,O0143,,2025-11-13,Bounced
ACT002132,LinkedIn,U002,A01479,,O0143,,2025-12-13,Meeting held
ACT002133,Email,U006,A01479,,O0143,,2025-08-09,Meeting held
ACT002134,Email,U002,A01479,,O0143,,2025-11-28,Meeting held
ACT002135,Meeting,U006,A01479,,O0143,,2025-09-25,Completed
ACT002136,Call,U002,A01479,,O0143,,2025-08-04,Replied
ACT002137,Call,U006,A01479,,O0143,,2025-08-29,Replied
ACT002138,Call,U006,A01479,,O0143,,2025-08-25,No answer
ACT002139,LinkedIn,U006,A01479,,O0143,,2025-08-12,Replied
ACT002140,Email,U002,A01479,,O0143,,2025-12-27,Replied
ACT002141,LinkedIn,U002,A01479,,O0143,,2025-07-11,No answer
ACT002142,Call,U002,A01479,,O0143,,2025-08-13,Completed
ACT002143,LinkedIn,U014,A01370,C004416,O0144,,2025-11-12,Completed
ACT002144,Email,U014,A01370,C004416,O0144,,2025-10-11,No answer
ACT002145,Call,U018,A01370,C005290,O0144,,2025-09-23,No answer
ACT002146,Email,U014,A01370,C005290,O0144,,2025-11-03,Replied
ACT002147,Call,U018,A01370,C005290,O0144,,2025-09-26,Meeting held
ACT002148,Call,U018,A01370,C005290,O0144,,2025-10-07,Replied
ACT002149,Email,U018,A01370,C004416,O0144,,2026-02-02,Meeting held
ACT002150,Email,U018,A01370,C005290,O0144,,2025-09-24,Completed
ACT002151,Call,U014,A01370,C004416,O0144,,2025-11-03,No answer
ACT002152,Call,U014,A01370,C004416,O0144,,2025-10-09,Completed
ACT002153,Meeting,U014,A01370,C004416,O0144,,2026-02-26,Meeting held
ACT002154,Call,U018,A01370,C004416,O0144,,2025-09-30,Replied
ACT002155,Call,U014,A01370,C004416,O0144,,2026-01-18,No answer
ACT002156,Email,U018,A01370,C004416,O0144,,2026-02-16,Bounced
ACT002157,LinkedIn,U018,A01370,C005290,O0144,,2025-12-14,Bounced
ACT002158,Call,U014,A01370,C005290,O0144,,2025-09-29,Bounced
ACT002159,Email,U014,A01370,C005290,O0144,,2025-11-22,Replied
ACT002160,LinkedIn,U003,A00209,C003878,O0145,,2026-06-17,Completed
ACT002161,Email,U003,A00209,C003878,O0145,,2026-05-11,Meeting held
ACT002162,LinkedIn,U003,A00209,C003878,O0145,,2026-06-22,Replied
ACT002163,Call,U006,A00209,C003878,O0145,,2026-08-24,Replied
ACT002164,Email,U003,A00209,C003878,O0145,,2026-07-28,No answer
ACT002165,Call,U006,A00209,C003878,O0145,,2026-09-10,No answer
ACT002166,Meeting,U003,A00209,C003878,O0145,,2026-07-05,Completed
ACT002167,Meeting,U006,A00209,C003878,O0145,,2026-06-02,Completed
ACT002168,Call,U003,A00209,C003878,O0145,,2026-05-10,Completed
ACT002169,LinkedIn,U006,A00209,C003878,O0145,,2026-08-15,No answer
ACT002170,Email,U003,A00209,C003878,O0145,,2026-09-10,Completed
ACT002171,Call,U006,A00209,C003878,O0145,,2026-07-28,Meeting held
ACT002172,LinkedIn,U006,A00209,C003878,O0145,,2026-07-12,Bounced
ACT002173,Email,U003,A00209,C003878,O0145,,2026-06-06,Bounced
ACT002174,Call,U018,A00733,C006085,O0146,,2026-09-03,No answer
ACT002175,Meeting,U014,A00733,C005609,O0146,,2026-10-04,Bounced
ACT002176,Email,U014,A00733,C000979,O0146,,2026-09-03,Bounced
ACT002177,Meeting,U014,A00733,C005609,O0146,,2026-09-17,Bounced
ACT002178,Email,U014,A00733,C005744,O0146,,2026-09-16,No answer
ACT002179,Meeting,U014,A00733,C000979,O0146,,2026-08-04,No answer
ACT002180,Email,U014,A00733,C005744,O0146,,2026-09-11,Bounced
ACT002181,Email,U014,A00733,C003076,O0146,,2026-08-18,Replied
ACT002182,Call,U014,A00733,C006742,O0146,,2026-09-30,No answer
ACT002183,Email,U018,A00733,C006742,O0146,,2026-09-20,Completed
ACT002184,Email,U006,A02013,C006936,O0147,,2026-08-25,Replied
ACT002185,Meeting,U002,A02013,C006936,O0147,,2026-07-17,Completed
ACT002186,Call,U006,A02013,C006936,O0147,,2026-06-09,Completed
ACT002187,Call,U002,A02013,C006936,O0147,,2026-06-01,Completed
ACT002188,Email,U006,A02013,C006936,O0147,,2026-06-20,Completed
ACT002189,Meeting,U006,A02013,C006936,O0147,,2026-07-27,No answer
ACT002190,Email,U002,A02013,C006936,O0147,,2026-07-26,Bounced
ACT002191,Call,U002,A02013,C006936,O0147,,2026-08-17,Meeting held
ACT002192,Email,U006,A02013,C006936,O0147,,2026-08-09,Meeting held
ACT002193,Email,U002,A02013,C006936,O0147,,2026-09-12,No answer
ACT002194,Meeting,U006,A02013,C006936,O0147,,2026-08-17,Meeting held
ACT002195,Email,U006,A02013,C006936,O0147,,2026-06-22,Bounced
ACT002196,Email,U002,A02013,C006936,O0147,,2026-07-06,Bounced
ACT002197,Email,U002,A02013,C006936,O0147,,2026-08-06,Completed
ACT002198,Email,U006,A02013,C006936,O0147,,2026-06-27,Replied
ACT002199,Call,U006,A02013,C006936,O0147,,2026-08-21,Completed
ACT002200,Email,U006,A02013,C006936,O0147,,2026-07-12,No answer
ACT002201,Email,U006,A01320,C000941,O0148,,2026-08-29,Replied
ACT002202,Call,U006,A01320,C000941,O0148,,2026-09-02,No answer
ACT002203,LinkedIn,U006,A01320,C002935,O0148,,2026-09-04,Meeting held
ACT002204,LinkedIn,U006,A01320,C000941,O0148,,2026-09-11,No answer
ACT002205,Email,U006,A01320,C002513,O0148,,2026-09-04,No answer
ACT002206,Email,U006,A01320,C002935,O0148,,2026-08-16,Meeting held
ACT002207,Email,U006,A01320,C002935,O0148,,2026-09-19,Bounced
ACT002208,Email,U003,A01320,C002513,O0148,,2026-10-01,Completed
ACT002209,Email,U006,A01320,C004980,O0148,,2026-08-11,Meeting held
ACT002210,Meeting,U006,A01320,C002935,O0148,,2026-09-28,Bounced
ACT002211,Email,U003,A01320,C002513,O0148,,2026-09-06,Bounced
ACT002212,Meeting,U003,A01320,C000941,O0148,,2026-09-04,No answer
ACT002213,Email,U006,A01320,C002513,O0148,,2026-08-10,No answer
ACT002214,Email,U003,A01320,C004980,O0148,,2026-08-13,Meeting held
ACT002215,Email,U003,A01320,C004980,O0148,,2026-08-21,Meeting held
ACT002216,Email,U006,A01320,C004980,O0148,,2026-08-15,Bounced
ACT002217,Email,U006,A01320,C000941,O0148,,2026-08-23,No answer
ACT002218,Call,U003,A01320,C004980,O0148,,2026-10-04,Meeting held
ACT002219,Email,U003,A01320,C002935,O0148,,2026-10-06,No answer
ACT002220,Email,U006,A01320,C000941,O0148,,2026-08-20,Completed
ACT002221,LinkedIn,U006,A01320,C002935,O0148,,2026-08-16,No answer
ACT002222,Email,U018,A01031,C005398,O0149,,2025-11-26,Replied
ACT002223,Email,U018,A01031,C001403,O0149,,2025-10-14,No answer
ACT002224,Call,U018,A01031,C003742,O0149,,2025-11-30,Bounced
ACT002225,Call,U015,A01031,C001403,O0149,,2025-12-19,Replied
ACT002226,Email,U015,A01031,C001152,O0149,,2025-09-30,Replied
ACT002227,Call,U015,A01031,C003742,O0149,,2025-12-12,No answer
ACT002228,Meeting,U018,A01031,C003742,O0149,,2025-12-06,Bounced
ACT002229,Email,U015,A01031,C001152,O0149,,2026-04-10,No answer
ACT002230,Meeting,U003,A01772,C006291,O0150,,2026-09-22,Replied
ACT002231,Email,U003,A01772,C006291,O0150,,2026-10-06,No answer
ACT002232,Meeting,U003,A01772,C000754,O0150,,2026-09-27,No answer
ACT002233,Meeting,U003,A01772,C000754,O0150,,2026-10-06,Meeting held
ACT002234,Meeting,U006,A01772,C006291,O0150,,2026-09-25,Meeting held
ACT002235,Call,U006,A01772,C006291,O0150,,2026-10-02,Completed
ACT002236,Call,U003,A01772,C006291,O0150,,2026-10-04,Bounced
ACT002237,Email,U003,A01772,C000754,O0150,,2026-09-22,No answer
ACT002238,Call,U006,A01772,C000754,O0150,,2026-10-05,Completed
ACT002239,Email,U003,A01772,C006291,O0150,,2026-09-25,Meeting held
ACT002240,Meeting,U003,A00752,C002786,O0151,,2026-03-10,Completed
ACT002241,Meeting,U003,A00752,C002786,O0151,,2026-07-17,No answer
ACT002242,Meeting,U006,A00752,C002786,O0151,,2026-06-10,No answer
ACT002243,Email,U003,A00752,C002786,O0151,,2026-03-28,Replied
ACT002244,LinkedIn,U006,A00752,C002786,O0151,,2026-08-19,No answer
ACT002245,Call,U003,A00752,C002786,O0151,,2026-05-03,Bounced
ACT002246,Meeting,U006,A00752,C002786,O0151,,2026-07-01,Meeting held
ACT002247,Email,U006,A00752,C002786,O0151,,2026-03-08,No answer
ACT002248,Email,U006,A00752,C002786,O0151,,2026-09-23,Completed
ACT002249,Email,U006,A00752,C002786,O0151,,2026-08-02,Bounced
ACT002250,Call,U003,A00752,C002786,O0151,,2026-09-24,Meeting held
ACT002251,Email,U003,A00752,C002786,O0151,,2026-04-11,No answer
ACT002252,Meeting,U006,A00326,C004633,O0152,,2025-12-19,Bounced
ACT002253,Email,U006,A00326,C004633,O0152,,2026-01-14,Replied
ACT002254,Email,U002,A00326,C004633,O0152,,2026-02-07,No answer
ACT002255,Email,U006,A00326,C004633,O0152,,2026-01-28,No answer
ACT002256,LinkedIn,U002,A00326,C004633,O0152,,2026-03-25,Completed
ACT002257,LinkedIn,U006,A00326,C004633,O0152,,2026-01-22,Replied
ACT002258,Call,U002,A00326,C004633,O0152,,2026-01-12,Replied
ACT002259,Call,U014,A00616,C000054,O0153,,2026-06-24,Meeting held
ACT002260,Meeting,U018,A00616,C000054,O0153,,2026-06-12,Meeting held
ACT002261,Email,U014,A00616,C000054,O0153,,2026-09-13,Completed
ACT002262,Meeting,U014,A00616,C005090,O0153,,2026-08-07,Bounced
ACT002263,Call,U018,A00616,C005090,O0153,,2026-10-04,Meeting held
ACT002264,Call,U014,A00616,C005090,O0153,,2026-06-06,Bounced
ACT002265,Call,U015,A00786,C004774,O0154,,2026-04-20,No answer
ACT002266,Email,U018,A00786,C000828,O0154,,2026-08-08,Meeting held
ACT002267,LinkedIn,U018,A00786,C000828,O0154,,2026-10-04,Meeting held
ACT002268,Email,U018,A00786,C005240,O0154,,2026-08-02,Replied
ACT002269,Email,U015,A00786,C004774,O0154,,2026-07-20,Replied
ACT002270,Email,U006,A01734,C002345,O0155,,2026-09-21,Completed
ACT002271,Email,U003,A01734,C002566,O0155,,2026-10-02,Completed
ACT002272,Call,U003,A01734,C002566,O0155,,2026-08-13,No answer
ACT002273,Meeting,U006,A01734,C002345,O0155,,2026-09-09,Meeting held
ACT002274,Meeting,U003,A01734,C002566,O0155,,2026-09-22,Bounced
ACT002275,Email,U006,A01734,C002566,O0155,,2026-08-27,No answer
ACT002276,Call,U006,A01734,C002345,O0155,,2026-10-01,Bounced
ACT002277,Meeting,U003,A01734,C002345,O0155,,2026-08-17,Replied
ACT002278,Meeting,U003,A01734,C002345,O0155,,2026-09-07,Replied
ACT002279,Call,U006,A01734,C002566,O0155,,2026-09-14,Meeting held
ACT002280,Call,U006,A01734,C002566,O0155,,2026-09-26,No answer
ACT002281,Call,U006,A01734,C002566,O0155,,2026-09-12,Replied
ACT002282,Meeting,U003,A01734,C002345,O0155,,2026-08-27,Bounced
ACT002283,Meeting,U003,A01734,C002566,O0155,,2026-08-25,Replied
ACT002284,Meeting,U006,A01734,C002566,O0155,,2026-08-22,Bounced
ACT002285,Email,U003,A01734,C002345,O0155,,2026-08-18,Bounced
ACT002286,Meeting,U006,A01734,C002345,O0155,,2026-08-24,Completed
ACT002287,Email,U003,A01734,C002345,O0155,,2026-09-13,Replied
ACT002288,Call,U006,A01734,C002566,O0155,,2026-09-14,Bounced
ACT002289,Call,U003,A01734,C002345,O0155,,2026-08-15,Meeting held
ACT002290,Call,U006,A01734,C002566,O0155,,2026-09-24,No answer
ACT002291,Email,U006,A01734,C002566,O0155,,2026-08-22,Bounced
ACT002292,Email,U018,A00765,C004270,O0156,,2026-09-28,Bounced
ACT002293,LinkedIn,U015,A00765,C006570,O0156,,2026-09-21,Completed
ACT002294,Meeting,U015,A00765,C003002,O0156,,2026-10-05,Completed
ACT002295,Email,U015,A00765,C000096,O0156,,2026-10-07,No answer
ACT002296,Meeting,U018,A00765,C004270,O0156,,2026-10-01,No answer
ACT002297,Email,U015,A00765,C000096,O0156,,2026-10-07,Meeting held
ACT002298,Meeting,U006,A00382,C003284,O0157,,2026-08-21,Bounced
ACT002299,Call,U003,A00382,C003284,O0157,,2026-09-16,Meeting held
ACT002300,Meeting,U003,A00382,C003284,O0157,,2026-10-01,No answer
ACT002301,Email,U003,A00382,C002660,O0157,,2026-09-14,Completed
ACT002302,Email,U003,A00382,C002660,O0157,,2026-09-21,Bounced
ACT002303,Meeting,U003,A00382,C003284,O0157,,2026-07-29,Bounced
ACT002304,Email,U003,A00382,C002660,O0157,,2026-06-14,Replied
ACT002305,Email,U006,A00382,C002660,O0157,,2026-07-03,Bounced
ACT002306,Email,U003,A00382,C002660,O0157,,2026-09-19,No answer
ACT002307,LinkedIn,U003,A00382,C003284,O0157,,2026-08-23,Bounced
ACT002308,Email,U003,A00382,C003284,O0157,,2026-09-08,Completed
ACT002309,Email,U008,A01776,C003319,O0158,,2026-06-18,Completed
ACT002310,Email,U012,A01776,C003319,O0158,,2026-02-09,No answer
ACT002311,Call,U012,A01776,C000223,O0158,,2026-06-30,Completed
ACT002312,Call,U008,A01776,C006415,O0158,,2026-03-17,No answer
ACT002313,Email,U012,A01776,C002589,O0158,,2026-03-29,Completed
ACT002314,Meeting,U012,A01776,C003319,O0158,,2026-06-30,Bounced
ACT002315,Email,U006,A01427,C002623,O0159,,2026-04-02,Replied
ACT002316,Email,U003,A01427,C002623,O0159,,2025-11-11,No answer
ACT002317,Email,U006,A01427,C002623,O0159,,2025-11-28,Replied
ACT002318,Email,U006,A01427,C002623,O0159,,2026-01-18,Replied
ACT002319,Email,U006,A01427,C001897,O0159,,2026-02-16,Meeting held
ACT002320,Email,U006,A01427,C002623,O0159,,2026-02-27,No answer
ACT002321,Email,U003,A01427,C001897,O0159,,2025-11-07,No answer
ACT002322,Meeting,U006,A01427,C001897,O0159,,2025-10-02,Replied
ACT002323,Meeting,U003,A01427,C002623,O0159,,2025-10-03,Meeting held
ACT002324,Email,U003,A01427,C003733,O0159,,2025-10-27,Completed
ACT002325,LinkedIn,U006,A01427,C001897,O0159,,2026-03-21,Completed
ACT002326,Email,U003,A01427,C002623,O0159,,2026-01-17,Bounced
ACT002327,Email,U006,A01427,C002623,O0159,,2025-09-24,Bounced
ACT002328,Email,U006,A01397,C005289,O0160,,2025-07-12,Replied
ACT002329,LinkedIn,U006,A01397,C003123,O0160,,2025-08-26,Bounced
ACT002330,Email,U006,A01397,C001838,O0160,,2025-10-27,No answer
ACT002331,Call,U003,A01397,C001838,O0160,,2025-10-10,Completed
ACT002332,Call,U006,A01397,C003123,O0160,,2025-07-16,Completed
ACT002333,Call,U006,A01397,C004349,O0160,,2025-08-12,No answer
ACT002334,LinkedIn,U006,A01397,C002220,O0160,,2025-06-27,Meeting held
ACT002335,Meeting,U006,A01397,C004349,O0160,,2025-10-12,Bounced
ACT002336,LinkedIn,U003,A01397,C003451,O0160,,2025-09-10,Completed
ACT002337,Email,U003,A01397,C003451,O0160,,2025-09-27,Replied
ACT002338,Call,U006,A01397,C006713,O0160,,2025-10-30,Meeting held
ACT002339,Email,U006,A01397,C001838,O0160,,2025-10-09,Replied
ACT002340,Call,U006,A01397,C001838,O0160,,2025-09-04,No answer
ACT002341,Call,U018,A01720,C001674,O0161,,2026-10-02,Completed
ACT002342,Email,U018,A01720,C000875,O0161,,2026-10-08,Bounced
ACT002343,Call,U018,A01720,C001912,O0161,,2026-09-24,Completed
ACT002344,Email,U018,A01720,C002858,O0161,,2026-09-05,No answer
ACT002345,Meeting,U015,A01720,C006478,O0161,,2026-10-07,Bounced
ACT002346,Email,U018,A01720,C001912,O0161,,2026-09-11,Replied
ACT002347,Email,U006,A00184,C001173,O0162,,2026-07-22,Meeting held
ACT002348,Call,U003,A00184,C001173,O0162,,2026-05-19,Bounced
ACT002349,LinkedIn,U006,A00184,C001173,O0162,,2026-07-21,Completed
ACT002350,Call,U006,A00184,C001173,O0162,,2026-06-28,Replied
ACT002351,Email,U003,A00184,C001173,O0162,,2026-05-06,Meeting held
ACT002352,Meeting,U006,A00184,C001173,O0162,,2026-07-11,Bounced
ACT002353,Email,U003,A00184,C001173,O0162,,2026-05-01,Replied
ACT002354,Email,U006,A00184,C001173,O0162,,2026-07-24,Replied
ACT002355,Email,U003,A00184,C001173,O0162,,2026-07-07,Meeting held
ACT002356,Email,U003,A00184,C001173,O0162,,2026-04-08,Bounced
ACT002357,Email,U006,A00184,C001173,O0162,,2026-06-22,No answer
ACT002358,Meeting,U006,A00184,C001173,O0162,,2026-06-18,Bounced
ACT002359,Email,U006,A00184,C001173,O0162,,2026-08-09,Bounced
ACT002360,Email,U006,A00184,C001173,O0162,,2026-07-26,Bounced
ACT002361,Call,U003,A00184,C001173,O0162,,2026-08-17,Replied
ACT002362,Meeting,U003,A00184,C001173,O0162,,2026-07-26,Bounced
ACT002363,Call,U006,A00184,C001173,O0162,,2026-07-29,Meeting held
ACT002364,Meeting,U003,A00184,C001173,O0162,,2026-08-29,Bounced
ACT002365,Call,U006,A01223,C005594,O0163,,2026-07-14,No answer
ACT002366,Meeting,U006,A01223,C002083,O0163,,2026-07-07,Completed
ACT002367,Meeting,U006,A01223,C006440,O0163,,2026-02-07,Meeting held
ACT002368,Meeting,U006,A01223,C005594,O0163,,2026-07-27,Meeting held
ACT002369,Meeting,U002,A01223,C005594,O0163,,2026-05-29,No answer
ACT002370,Meeting,U006,A01223,C005594,O0163,,2026-07-25,Meeting held
ACT002371,Email,U002,A01223,C006440,O0163,,2026-04-29,Meeting held
ACT002372,Email,U002,A01223,C005594,O0163,,2026-02-13,No answer
ACT002373,Call,U002,A01223,C006440,O0163,,2026-06-09,No answer
ACT002374,Call,U002,A01223,C002083,O0163,,2026-01-14,Completed
ACT002375,LinkedIn,U006,A01223,C002083,O0163,,2026-03-23,Completed
ACT002376,Email,U006,A01223,C006440,O0163,,2026-02-05,Replied
ACT002377,LinkedIn,U006,A01223,C005594,O0163,,2026-01-02,Completed
ACT002378,Email,U006,A00798,C003957,O0164,,2026-07-12,No answer
ACT002379,Email,U003,A00798,C002466,O0164,,2026-08-03,No answer
ACT002380,Meeting,U003,A00798,C006362,O0164,,2026-07-02,Replied
ACT002381,Email,U006,A00798,C003957,O0164,,2026-09-21,Completed
ACT002382,Email,U003,A00798,C004330,O0164,,2026-09-05,No answer
ACT002383,Meeting,U003,A00798,C001616,O0164,,2026-06-29,Meeting held
ACT002384,Call,U003,A00798,C006362,O0164,,2026-09-21,Bounced
ACT002385,Email,U003,A00798,C002466,O0164,,2026-09-08,Replied
ACT002386,LinkedIn,U006,A00798,C006362,O0164,,2026-08-13,Replied
ACT002387,Meeting,U003,A00798,C006362,O0164,,2026-08-15,Completed
ACT002388,LinkedIn,U003,A00798,C001616,O0164,,2026-08-22,Replied
ACT002389,LinkedIn,U006,A00798,C002466,O0164,,2026-09-23,Completed
ACT002390,LinkedIn,U003,A00798,C002466,O0164,,2026-09-07,Completed
ACT002391,Call,U006,A00798,C002557,O0164,,2026-08-23,Bounced
ACT002392,Meeting,U006,A00798,C006362,O0164,,2026-09-08,Completed
ACT002393,Email,U006,A00798,C003185,O0164,,2026-08-31,Replied
ACT002394,Call,U003,A00798,C006362,O0164,,2026-08-12,Bounced
ACT002395,Meeting,U003,A00798,C003957,O0164,,2026-07-19,Completed
ACT002396,Meeting,U003,A00798,C003185,O0164,,2026-08-24,No answer
ACT002397,Email,U003,A00798,C004330,O0164,,2026-09-16,Completed
ACT002398,Email,U006,A00798,C006362,O0164,,2026-08-30,Bounced
ACT002399,Email,U006,A00798,C004049,O0164,,2026-08-09,Meeting held
ACT002400,LinkedIn,U003,A00798,C004049,O0164,,2026-07-25,No answer
ACT002401,Email,U002,A01812,C004948,O0165,,2026-10-07,Replied
ACT002402,Call,U006,A01812,C000328,O0165,,2026-10-06,Meeting held
ACT002403,Call,U002,A01812,C004948,O0165,,2026-09-28,No answer
ACT002404,LinkedIn,U006,A01812,C000328,O0165,,2026-09-27,Bounced
ACT002405,Meeting,U006,A01812,C004948,O0165,,2026-09-24,Bounced
ACT002406,Meeting,U006,A01812,C000328,O0165,,2026-09-23,Meeting held
ACT002407,Call,U006,A01812,C004948,O0165,,2026-10-08,No answer
ACT002408,LinkedIn,U006,A01812,C004948,O0165,,2026-09-27,Bounced
ACT002409,Email,U006,A01812,C004948,O0165,,2026-10-07,Replied
ACT002410,Call,U006,A01812,C004948,O0165,,2026-09-30,Bounced
ACT002411,Email,U006,A01812,C004948,O0165,,2026-10-05,Bounced
ACT002412,Meeting,U006,A01812,C004948,O0165,,2026-09-29,Completed
ACT002413,Email,U006,A01812,C000328,O0165,,2026-09-24,Bounced
ACT002414,Call,U006,A01812,C000328,O0165,,2026-09-23,Replied
ACT002415,Email,U006,A01812,C000328,O0165,,2026-10-03,Meeting held
ACT002416,Email,U002,A01812,C000328,O0165,,2026-09-26,Bounced
ACT002417,Email,U006,A01812,C004948,O0165,,2026-10-06,Replied
ACT002418,Email,U002,A01812,C000328,O0165,,2026-10-05,Replied
ACT002419,Email,U002,A01812,C004948,O0165,,2026-10-06,No answer
ACT002420,Meeting,U006,A01812,C004948,O0165,,2026-09-25,Completed
ACT002421,Call,U006,A01812,C004948,O0165,,2026-10-03,Bounced
ACT002422,Email,U018,A00925,C003321,O0166,,2025-09-13,Meeting held
ACT002423,LinkedIn,U014,A00925,C003321,O0166,,2025-07-28,Replied
ACT002424,Email,U018,A00925,C003321,O0166,,2025-10-06,Bounced
ACT002425,LinkedIn,U018,A00925,C003321,O0166,,2025-09-15,No answer
ACT002426,Call,U018,A00925,C003321,O0166,,2025-09-10,No answer
ACT002427,Call,U018,A00925,C003321,O0166,,2025-07-18,Meeting held
ACT002428,Email,U014,A00925,C003321,O0166,,2025-09-27,Replied
ACT002429,Email,U014,A00925,C003321,O0166,,2025-08-17,Completed
ACT002430,Call,U018,A00925,C003321,O0166,,2025-09-02,No answer
ACT002431,Email,U018,A00925,C003321,O0166,,2025-08-13,Meeting held
ACT002432,Meeting,U018,A00925,C003321,O0166,,2025-07-23,Replied
ACT002433,Call,U018,A00925,C003321,O0166,,2025-09-14,No answer
ACT002434,Meeting,U014,A00925,C003321,O0166,,2025-07-17,Replied
ACT002435,Email,U018,A00925,C003321,O0166,,2025-08-15,Replied
ACT002436,Email,U018,A00925,C003321,O0166,,2025-10-05,Bounced
ACT002437,Meeting,U018,A00925,C003321,O0166,,2025-08-28,Bounced
ACT002438,LinkedIn,U018,A00925,C003321,O0166,,2025-07-08,Completed
ACT002439,Email,U018,A00925,C003321,O0166,,2025-09-21,Bounced
ACT002440,LinkedIn,U018,A00925,C003321,O0166,,2025-08-29,Bounced
ACT002441,Meeting,U018,A00925,C003321,O0166,,2025-09-11,Completed
ACT002442,Meeting,U018,A00482,C004693,O0167,,2026-08-30,No answer
ACT002443,LinkedIn,U014,A00482,C004693,O0167,,2026-07-30,No answer
ACT002444,Email,U018,A00482,C004693,O0167,,2026-05-27,No answer
ACT002445,Email,U018,A00482,C004693,O0167,,2026-04-24,Bounced
ACT002446,Call,U014,A00482,C004693,O0167,,2026-06-01,Bounced
ACT002447,Call,U018,A00482,C004693,O0167,,2026-04-03,Completed
ACT002448,LinkedIn,U018,A00482,C004693,O0167,,2026-03-21,Meeting held
ACT002449,Call,U018,A00482,C004693,O0167,,2026-03-26,Completed
ACT002450,Meeting,U014,A00482,C004693,O0167,,2026-06-20,Meeting held
ACT002451,Call,U018,A00482,C004693,O0167,,2026-04-06,Bounced
ACT002452,Call,U014,A00482,C004693,O0167,,2026-03-21,Completed
ACT002453,Email,U014,A00482,C004693,O0167,,2026-07-02,No answer
ACT002454,Meeting,U014,A00482,C004693,O0167,,2026-03-25,Replied
ACT002455,Email,U018,A00482,C004693,O0167,,2026-05-23,Completed
ACT002456,Meeting,U014,A00482,C004693,O0167,,2026-08-26,No answer
ACT002457,Call,U018,A00482,C004693,O0167,,2026-03-15,Bounced
ACT002458,Call,U014,A00482,C004693,O0167,,2026-05-28,Bounced
ACT002459,Email,U014,A00482,C004693,O0167,,2026-03-16,Replied
ACT002460,Email,U014,A00482,C004693,O0167,,2026-04-07,Bounced
ACT002461,Call,U018,A00482,C004693,O0167,,2026-06-10,No answer
ACT002462,Meeting,U012,A00885,C000675,O0168,,2025-12-14,Completed
ACT002463,Email,U008,A00885,C000675,O0168,,2025-09-27,Bounced
ACT002464,LinkedIn,U012,A00885,C006100,O0168,,2025-09-03,Meeting held
ACT002465,Email,U012,A00885,C000675,O0168,,2025-07-21,No answer
ACT002466,Call,U008,A00885,C002582,O0168,,2025-07-29,Completed
ACT002467,Call,U012,A00885,C002582,O0168,,2025-12-03,Replied
ACT002468,Meeting,U012,A00885,C002582,O0168,,2025-06-27,Bounced
ACT002469,Call,U012,A00885,C002582,O0168,,2025-07-05,Completed
ACT002470,Call,U008,A00885,C002582,O0168,,2025-06-26,Replied
ACT002471,Call,U012,A00885,C002582,O0168,,2025-10-17,Completed
ACT002472,Email,U012,A00885,C000675,O0168,,2025-08-31,Completed
ACT002473,Email,U008,A00885,C002582,O0168,,2025-10-03,Completed
ACT002474,Meeting,U008,A00885,C006100,O0168,,2025-09-12,Completed
ACT002475,Email,U008,A00885,C002768,O0168,,2025-07-27,No answer
ACT002476,Call,U008,A00885,C002582,O0168,,2025-10-21,Completed
ACT002477,LinkedIn,U006,A01282,C005307,O0169,,2026-07-09,Completed
ACT002478,Email,U006,A01282,C005307,O0169,,2026-03-24,No answer
ACT002479,Call,U003,A01282,C005567,O0169,,2026-09-15,Replied
ACT002480,Meeting,U006,A01282,C005567,O0169,,2026-08-20,Replied
ACT002481,Email,U003,A01282,C005307,O0169,,2026-03-30,Completed
ACT002482,Meeting,U003,A01282,C005307,O0169,,2026-08-21,Completed
ACT002483,Email,U006,A01282,C005307,O0169,,2026-07-23,Completed
ACT002484,Call,U003,A01282,C005307,O0169,,2026-05-19,Bounced
ACT002485,Call,U003,A01282,C000757,O0169,,2026-06-20,Completed
ACT002486,Call,U006,A01282,C005567,O0169,,2026-03-30,Completed
ACT002487,Email,U006,A01282,C000757,O0169,,2026-04-02,Replied
ACT002488,Email,U006,A01282,C005567,O0169,,2026-04-01,Completed
ACT002489,Email,U003,A01282,C005567,O0169,,2026-06-26,Completed
ACT002490,Email,U003,A01282,C005567,O0169,,2026-04-27,Meeting held
ACT002491,Email,U003,A01282,C000757,O0169,,2026-05-25,Replied
ACT002492,Email,U006,A01282,C000757,O0169,,2026-06-08,Bounced
ACT002493,LinkedIn,U006,A01282,C000757,O0169,,2026-07-07,Bounced
ACT002494,Call,U006,A01282,C005307,O0169,,2026-07-29,No answer
ACT002495,Call,U003,A01282,C005567,O0169,,2026-05-26,Meeting held
ACT002496,Email,U003,A01282,C005307,O0169,,2026-06-02,Meeting held
ACT002497,Email,U006,A01282,C000757,O0169,,2026-08-28,Bounced
ACT002498,Call,U006,A01282,C005567,O0169,,2026-08-03,Meeting held
ACT002499,Email,U003,A01282,C000757,O0169,,2026-06-16,Replied
ACT002500,Email,U003,A00243,C003132,O0170,,2026-09-10,Meeting held
ACT002501,Email,U003,A00243,C000806,O0170,,2026-09-17,No answer
ACT002502,Email,U003,A00243,C003289,O0170,,2026-10-03,Completed
ACT002503,Call,U006,A00243,C003132,O0170,,2026-09-04,Meeting held
ACT002504,Meeting,U003,A00216,C003788,O0171,,2026-07-15,Bounced
ACT002505,Call,U003,A00216,C003788,O0171,,2026-09-04,No answer
ACT002506,Email,U003,A00216,C000551,O0171,,2026-10-07,No answer
ACT002507,Email,U006,A00216,C003788,O0171,,2026-09-08,Bounced
ACT002508,Call,U003,A00216,C003788,O0171,,2026-07-15,No answer
ACT002509,Email,U006,A00216,C003788,O0171,,2026-09-27,Replied
ACT002510,Meeting,U003,A00216,C003788,O0171,,2026-08-12,Completed
ACT002511,Email,U006,A00216,C003788,O0171,,2026-09-10,Meeting held
ACT002512,Call,U006,A00216,C003788,O0171,,2026-09-05,Replied
ACT002513,Call,U006,A00216,C003788,O0171,,2026-07-11,Bounced
ACT002514,Email,U003,A00216,C000551,O0171,,2026-08-05,No answer
ACT002515,Call,U006,A00216,C000551,O0171,,2026-07-09,Meeting held
ACT002516,Email,U006,A00216,C000551,O0171,,2026-07-19,Replied
ACT002517,Meeting,U006,A00216,C000551,O0171,,2026-07-29,Bounced
ACT002518,Email,U006,A00216,C003788,O0171,,2026-07-16,No answer
ACT002519,Meeting,U003,A00216,C000551,O0171,,2026-07-27,No answer
ACT002520,Email,U006,A00216,C000551,O0171,,2026-07-25,Replied
ACT002521,Call,U006,A00216,C000551,O0171,,2026-08-05,Bounced
ACT002522,Meeting,U006,A00216,C003788,O0171,,2026-08-30,Completed
ACT002523,LinkedIn,U012,A00772,C004712,O0172,,2025-06-15,Bounced
ACT002524,Email,U012,A00772,C004859,O0172,,2025-06-24,Completed
ACT002525,LinkedIn,U008,A00772,C000440,O0172,,2025-07-02,Completed
ACT002526,Email,U012,A00772,C004859,O0172,,2025-08-04,No answer
ACT002527,Call,U012,A00772,C006513,O0172,,2025-05-06,Bounced
ACT002528,Email,U008,A00772,C004859,O0172,,2025-05-17,Replied
ACT002529,Email,U012,A00772,C000440,O0172,,2025-07-30,No answer
ACT002530,Email,U012,A00772,C004712,O0172,,2025-07-03,Completed
ACT002531,Meeting,U012,A00772,C006513,O0172,,2025-09-02,Completed
ACT002532,Email,U008,A00772,C000440,O0172,,2025-08-11,No answer
ACT002533,Email,U012,A00772,C002078,O0172,,2025-09-28,No answer
ACT002534,LinkedIn,U012,A00772,C004859,O0172,,2025-10-24,Replied
ACT002535,Call,U012,A00772,C002078,O0172,,2025-09-24,Meeting held
ACT002536,Meeting,U008,A00772,C006513,O0172,,2025-07-11,Bounced
ACT002537,Call,U012,A00772,C000440,O0172,,2025-05-12,Replied
ACT002538,Email,U012,A00772,C004712,O0172,,2025-05-25,Meeting held
ACT002539,Email,U008,A00772,C000440,O0172,,2025-08-31,Completed
ACT002540,LinkedIn,U012,A00772,C002078,O0172,,2025-05-25,Completed
ACT002541,Call,U012,A00772,C004859,O0172,,2025-06-28,Completed
ACT002542,Email,U008,A00772,C004859,O0172,,2025-08-10,Meeting held
ACT002543,Call,U008,A00772,C004859,O0172,,2025-05-22,No answer
ACT002544,Email,U008,A00772,C004712,O0172,,2025-09-23,Bounced
ACT002545,Meeting,U012,A00772,C002078,O0172,,2025-07-02,Meeting held
ACT002546,Call,U008,A00772,C006513,O0172,,2025-07-19,Completed
ACT002547,Email,U002,A01479,,O0173,,2026-02-23,Meeting held
ACT002548,Meeting,U002,A01479,,O0173,,2026-05-09,No answer
ACT002549,Email,U002,A01479,,O0173,,2026-05-14,No answer
ACT002550,Email,U002,A01479,,O0173,,2026-04-02,Replied
ACT002551,LinkedIn,U002,A01479,,O0173,,2026-01-20,Bounced
ACT002552,Email,U002,A01479,,O0173,,2025-12-14,Bounced
ACT002553,Meeting,U006,A01479,,O0173,,2026-02-07,Replied
ACT002554,LinkedIn,U002,A01479,,O0173,,2026-05-03,Meeting held
ACT002555,LinkedIn,U006,A01479,,O0173,,2026-03-04,Bounced
ACT002556,Call,U006,A01479,,O0173,,2026-08-08,Completed
ACT002557,Meeting,U002,A01479,,O0173,,2026-02-19,Bounced
ACT002558,Email,U002,A01479,,O0173,,2025-12-29,No answer
ACT002559,Meeting,U002,A01479,,O0173,,2026-06-21,Completed
ACT002560,Call,U002,A01479,,O0173,,2026-06-06,Meeting held
ACT002561,Email,U006,A01479,,O0173,,2026-07-10,No answer
ACT002562,Call,U006,A01479,,O0173,,2026-03-09,Meeting held
ACT002563,Call,U018,A00137,C003960,O0174,,2025-08-16,Meeting held
ACT002564,Email,U018,A00137,C006397,O0174,,2025-06-25,Completed
ACT002565,Call,U018,A00137,C005454,O0174,,2025-08-11,No answer
ACT002566,Email,U018,A00137,C003960,O0174,,2025-06-02,Replied
ACT002567,Email,U018,A00137,C006170,O0174,,2025-09-05,Meeting held
ACT002568,Email,U015,A00137,C005388,O0174,,2025-08-30,Meeting held
ACT002569,Meeting,U018,A00137,C005454,O0174,,2025-08-10,Replied
ACT002570,Call,U015,A00137,C006170,O0174,,2025-07-23,Replied
ACT002571,Call,U018,A00137,C005388,O0174,,2025-08-16,Completed
ACT002572,Meeting,U018,A00137,C004110,O0174,,2025-06-16,Meeting held
ACT002573,Call,U018,A00137,C003960,O0174,,2025-06-04,Replied
ACT002574,Email,U018,A00137,C003960,O0174,,2025-06-30,Replied
ACT002575,Call,U018,A00137,C006397,O0174,,2025-06-03,No answer
ACT002576,Email,U015,A00137,C006170,O0174,,2025-08-05,Bounced
ACT002577,Email,U018,A00137,C004110,O0174,,2025-08-31,Bounced
ACT002578,Meeting,U015,A00137,C006170,O0174,,2025-06-03,Bounced
ACT002579,Meeting,U018,A00137,C004110,O0174,,2025-09-03,Replied
ACT002580,Email,U015,A00137,C005454,O0174,,2025-08-12,Replied
ACT002581,Email,U015,A00137,C005388,O0174,,2025-06-28,Completed
ACT002582,LinkedIn,U006,A01468,C004837,O0175,,2026-08-14,Replied
ACT002583,Email,U002,A01468,C004813,O0175,,2026-07-03,Completed
ACT002584,Meeting,U006,A01468,C004813,O0175,,2026-08-15,Bounced
ACT002585,Call,U002,A01468,C004837,O0175,,2026-07-09,Replied
ACT002586,LinkedIn,U002,A01468,C004813,O0175,,2026-09-05,Bounced
ACT002587,Call,U002,A01468,C000913,O0175,,2026-06-17,Replied
ACT002588,Meeting,U006,A01468,C004813,O0175,,2026-09-23,Replied
ACT002589,Email,U006,A01468,C004837,O0175,,2026-08-04,No answer
ACT002590,Email,U006,A01468,C000913,O0175,,2026-08-20,Bounced
ACT002591,Call,U006,A01468,C004813,O0175,,2026-08-06,No answer
ACT002592,Call,U002,A01468,C004837,O0175,,2026-06-20,Bounced
ACT002593,Call,U002,A01468,C004837,O0175,,2026-07-29,Bounced
ACT002594,Meeting,U006,A01468,C004837,O0175,,2026-09-26,Bounced
ACT002595,Meeting,U002,A01468,C004813,O0175,,2026-09-12,Meeting held
ACT002596,Email,U006,A01468,C000913,O0175,,2026-07-09,Replied
ACT002597,Call,U006,A01468,C004813,O0175,,2026-07-29,Completed
ACT002598,Email,U006,A01468,C004813,O0175,,2026-09-19,Meeting held
ACT002599,Email,U006,A01468,C000913,O0175,,2026-06-15,Completed
ACT002600,Email,U006,A01468,C000913,O0175,,2026-07-26,Meeting held
ACT002601,Meeting,U006,A01235,C001359,O0176,,2026-07-05,No answer
ACT002602,Call,U002,A01235,C000250,O0176,,2026-06-20,Bounced
ACT002603,Meeting,U006,A01235,C001359,O0176,,2026-06-13,Completed
ACT002604,LinkedIn,U002,A01235,C000250,O0176,,2026-09-19,Bounced
ACT002605,LinkedIn,U006,A01235,C000250,O0176,,2026-05-15,Completed
ACT002606,Email,U006,A01235,C000250,O0176,,2026-05-05,No answer
ACT002607,Email,U002,A01235,C001359,O0176,,2026-07-26,Meeting held
ACT002608,Call,U006,A01235,C001359,O0176,,2026-07-07,Replied
ACT002609,LinkedIn,U006,A01235,C001359,O0176,,2026-07-21,Meeting held
ACT002610,Email,U006,A01235,C000250,O0176,,2026-08-05,Replied
ACT002611,Meeting,U006,A01235,C001359,O0176,,2026-06-20,No answer
ACT002612,LinkedIn,U002,A01235,C001359,O0176,,2026-07-13,Replied
ACT002613,LinkedIn,U006,A01235,C001359,O0176,,2026-07-05,Replied
ACT002614,Meeting,U006,A01235,C001359,O0176,,2026-04-15,Completed
ACT002615,LinkedIn,U006,A01235,C001359,O0176,,2026-06-02,No answer
ACT002616,Email,U006,A00907,,O0177,,2026-04-23,Replied
ACT002617,Email,U003,A00907,,O0177,,2026-08-14,Completed
ACT002618,LinkedIn,U006,A00907,,O0177,,2026-07-31,Meeting held
ACT002619,Call,U006,A00907,,O0177,,2026-05-11,Meeting held
ACT002620,Call,U003,A00907,,O0177,,2026-04-23,Meeting held
ACT002621,Call,U003,A00907,,O0177,,2026-02-04,Meeting held
ACT002622,Meeting,U006,A00907,,O0177,,2026-06-26,No answer
ACT002623,Email,U006,A00907,,O0177,,2026-07-09,Meeting held
ACT002624,Call,U006,A00907,,O0177,,2026-05-08,Bounced
ACT002625,Email,U003,A00907,,O0177,,2026-08-11,Completed
ACT002626,Email,U003,A00907,,O0177,,2026-08-16,Completed
ACT002627,Email,U003,A00907,,O0177,,2026-08-14,Meeting held
ACT002628,Meeting,U003,A00907,,O0177,,2026-03-06,Replied
ACT002629,Email,U006,A00907,,O0177,,2026-05-31,Bounced
ACT002630,Call,U006,A00907,,O0177,,2026-03-05,No answer
ACT002631,Email,U003,A00907,,O0177,,2026-03-18,Completed
ACT002632,Email,U003,A00907,,O0177,,2026-05-13,Replied
ACT002633,Email,U006,A00907,,O0177,,2026-07-09,Meeting held
ACT002634,Call,U006,A00907,,O0177,,2026-04-06,Meeting held
ACT002635,LinkedIn,U006,A01999,C006590,O0178,,2025-08-22,Completed
ACT002636,Meeting,U002,A01999,C000030,O0178,,2025-09-04,Completed
ACT002637,Call,U002,A01999,C000030,O0178,,2025-11-12,No answer
ACT002638,Email,U002,A01999,C006590,O0178,,2025-08-08,Bounced
ACT002639,Meeting,U006,A01999,C000030,O0178,,2025-11-11,Meeting held
ACT002640,Email,U002,A01999,C000030,O0178,,2025-11-23,Meeting held
ACT002641,Email,U006,A01999,C006590,O0178,,2025-11-03,Bounced
ACT002642,Email,U002,A01999,C006590,O0178,,2025-08-13,Bounced
ACT002643,Email,U002,A01999,C000030,O0178,,2025-11-07,Bounced
ACT002644,Email,U006,A01999,C006590,O0178,,2025-11-23,Bounced
ACT002645,Meeting,U002,A01999,C000030,O0178,,2025-11-09,Bounced
ACT002646,Email,U002,A01999,C000030,O0178,,2025-08-31,Completed
ACT002647,Call,U006,A01999,C000030,O0178,,2025-10-08,Completed
ACT002648,Email,U006,A01999,C006590,O0178,,2025-08-07,Meeting held
ACT002649,Meeting,U006,A01999,C000030,O0178,,2025-08-04,Meeting held
ACT002650,Email,U006,A01999,C006590,O0178,,2025-07-21,Completed
ACT002651,Call,U002,A01999,C006590,O0178,,2025-08-05,Completed
ACT002652,Meeting,U002,A01999,C006590,O0178,,2025-10-09,Replied
ACT002653,Meeting,U006,A01999,C006590,O0178,,2025-11-20,Replied
ACT002654,Email,U002,A01999,C006590,O0178,,2025-08-17,Meeting held
ACT002655,Meeting,U002,A01999,C000030,O0178,,2025-07-12,Replied
ACT002656,Meeting,U002,A01999,C006590,O0178,,2025-11-17,Bounced
ACT002657,Email,U006,A01999,C006590,O0178,,2025-11-07,Bounced
ACT002658,Call,U006,A01999,C006590,O0178,,2025-08-08,Replied
ACT002659,LinkedIn,U006,A01999,C006590,O0178,,2025-11-10,Bounced
ACT002660,Call,U003,A01338,C003037,O0179,,2026-10-01,Meeting held
ACT002661,Call,U006,A01338,C003037,O0179,,2026-09-19,No answer
ACT002662,Email,U006,A01338,C003037,O0179,,2026-09-24,No answer
ACT002663,Meeting,U003,A01338,C002077,O0179,,2026-08-23,Replied
ACT002664,LinkedIn,U003,A01338,C002077,O0179,,2026-09-26,Bounced
ACT002665,Call,U006,A01338,C001922,O0179,,2026-09-28,Completed
ACT002666,Email,U003,A01338,C003037,O0179,,2026-08-05,No answer
ACT002667,Call,U006,A01338,C000515,O0179,,2026-08-31,Completed
ACT002668,LinkedIn,U006,A01338,C001922,O0179,,2026-09-24,Replied
ACT002669,Call,U006,A01338,C000515,O0179,,2026-08-23,Bounced
ACT002670,Call,U006,A01338,C003037,O0179,,2026-10-05,Meeting held
ACT002671,LinkedIn,U006,A01338,C000515,O0179,,2026-08-29,Bounced
ACT002672,Email,U006,A01338,C000515,O0179,,2026-10-06,Meeting held
ACT002673,Email,U006,A01338,C003037,O0179,,2026-10-05,Replied
ACT002674,Meeting,U003,A01338,C002077,O0179,,2026-08-26,Completed
ACT002675,Email,U006,A01338,C001922,O0179,,2026-08-25,Completed
ACT002676,Email,U003,A01338,C002077,O0179,,2026-10-05,Completed
ACT002677,Email,U003,A01338,C001922,O0179,,2026-09-02,No answer
ACT002678,Call,U002,A01673,C005028,O0180,,2026-05-15,Completed
ACT002679,Meeting,U002,A01673,C005028,O0180,,2026-06-06,Meeting held
ACT002680,Email,U006,A01673,C005028,O0180,,2026-03-12,Completed
ACT002681,Call,U006,A01673,C005028,O0180,,2026-06-11,Bounced
ACT002682,Call,U002,A01673,C005028,O0180,,2026-02-02,Completed
ACT002683,Call,U002,A01673,C005028,O0180,,2026-06-24,Meeting held
ACT002684,Call,U002,A01673,C005028,O0180,,2026-07-03,Completed
ACT002685,Meeting,U006,A01673,C005028,O0180,,2026-05-19,Bounced
ACT002686,Email,U006,A01673,C005028,O0180,,2026-04-29,No answer
ACT002687,Email,U002,A01673,C005028,O0180,,2026-07-19,Meeting held
ACT002688,Call,U006,A01673,C005028,O0180,,2025-12-31,Meeting held
ACT002689,LinkedIn,U002,A01673,C005028,O0180,,2026-01-16,No answer
ACT002690,Call,U002,A01673,C005028,O0180,,2026-02-07,Bounced
ACT002691,Call,U006,A01673,C005028,O0180,,2026-05-20,Meeting held
ACT002692,Call,U006,A01673,C005028,O0180,,2026-04-25,Bounced
ACT002693,Call,U002,A01673,C005028,O0180,,2026-07-04,Replied
ACT002694,Meeting,U003,A00382,C003284,O0181,,2026-02-14,No answer
ACT002695,Email,U006,A00382,C003284,O0181,,2026-02-21,No answer
ACT002696,Email,U006,A00382,C002660,O0181,,2026-03-13,No answer
ACT002697,LinkedIn,U003,A00382,C002660,O0181,,2025-12-01,Bounced
ACT002698,Call,U006,A00382,C002660,O0181,,2026-01-14,No answer
ACT002699,Meeting,U006,A00382,C003284,O0181,,2025-12-16,No answer
ACT002700,Call,U003,A00382,C002660,O0181,,2026-04-12,Replied
ACT002701,Email,U006,A00382,C003284,O0181,,2025-12-16,Bounced
ACT002702,Email,U003,A00382,C002660,O0181,,2026-02-24,No answer
ACT002703,Email,U006,A00382,C003284,O0181,,2026-03-22,No answer
ACT002704,Call,U002,A00689,C005430,O0182,,2025-09-03,No answer
ACT002705,Email,U006,A00689,C005440,O0182,,2025-08-05,Bounced
ACT002706,Email,U006,A00689,C005440,O0182,,2025-08-12,Completed
ACT002707,Email,U002,A00689,C005430,O0182,,2025-06-30,No answer
ACT002708,Email,U006,A00689,C006736,O0182,,2025-09-11,Bounced
ACT002709,Email,U006,A00689,C006736,O0182,,2025-07-26,Meeting held
ACT002710,Meeting,U002,A00689,C005430,O0182,,2025-07-02,Replied
ACT002711,LinkedIn,U002,A00033,C001516,O0183,,2026-08-10,Completed
ACT002712,LinkedIn,U002,A00033,C001516,O0183,,2026-08-26,No answer
ACT002713,Email,U002,A00033,C001516,O0183,,2026-09-25,Bounced
ACT002714,Call,U006,A00033,C001516,O0183,,2026-08-31,Replied
ACT002715,Email,U006,A00033,C004584,O0183,,2026-09-20,Meeting held
ACT002716,Call,U006,A00033,C004108,O0183,,2026-08-18,Bounced
ACT002717,Email,U006,A00033,C004584,O0183,,2026-09-23,Meeting held
ACT002718,Email,U002,A00033,C004108,O0183,,2026-08-10,No answer
ACT002719,Email,U006,A00033,C005333,O0183,,2026-09-21,Meeting held
ACT002720,Email,U002,A00033,C005333,O0183,,2026-09-30,Bounced
ACT002721,Email,U006,A00033,C004584,O0183,,2026-08-27,No answer
ACT002722,Call,U006,A00033,C004584,O0183,,2026-09-01,Replied
ACT002723,Call,U002,A00033,C005333,O0183,,2026-09-24,No answer
ACT002724,Call,U006,A00033,C004108,O0183,,2026-09-01,Bounced
ACT002725,Meeting,U002,A00033,C004584,O0183,,2026-09-21,Meeting held
ACT002726,Email,U006,A00033,C005753,O0183,,2026-08-11,Completed
ACT002727,Call,U002,A00033,C004584,O0183,,2026-09-23,Bounced
ACT002728,LinkedIn,U002,A00033,C004584,O0183,,2026-08-15,Replied
ACT002729,Call,U006,A00033,C005333,O0183,,2026-08-06,Bounced
ACT002730,Email,U006,A01869,C002614,O0184,,2026-09-09,Meeting held
ACT002731,Email,U006,A01869,C004779,O0184,,2026-08-14,Replied
ACT002732,Meeting,U006,A01869,C000560,O0184,,2026-09-30,No answer
ACT002733,Meeting,U002,A01869,C000560,O0184,,2026-09-01,Completed
ACT002734,Email,U002,A01869,C002614,O0184,,2026-09-29,Completed
ACT002735,Email,U006,A01869,C002614,O0184,,2026-08-02,Bounced
ACT002736,Call,U002,A01869,C005482,O0184,,2026-08-07,No answer
ACT002737,Email,U002,A01869,C000560,O0184,,2026-09-07,Meeting held
ACT002738,Meeting,U002,A01869,C004779,O0184,,2026-09-14,No answer
ACT002739,Call,U006,A01869,C000560,O0184,,2026-09-29,Bounced
ACT002740,Email,U006,A01869,C002116,O0184,,2026-10-08,Replied
ACT002741,Email,U006,A01869,C002614,O0184,,2026-09-25,Completed
ACT002742,LinkedIn,U012,A00671,C006452,O0185,,2025-11-25,Meeting held
ACT002743,Call,U012,A00671,C000758,O0185,,2025-12-01,Bounced
ACT002744,Meeting,U012,A00671,C001597,O0185,,2025-12-07,Replied
ACT002745,Call,U012,A00671,C000950,O0185,,2025-12-01,Meeting held
ACT002746,Email,U012,A00671,C001597,O0185,,2026-01-19,No answer
ACT002747,Call,U012,A00671,C005458,O0185,,2026-01-27,Completed
ACT002748,Call,U008,A01899,C005439,O0186,,2025-10-25,Completed
ACT002749,Call,U008,A01899,C005439,O0186,,2025-11-02,No answer
ACT002750,Meeting,U008,A01899,C005439,O0186,,2025-10-28,Meeting held
ACT002751,Call,U008,A01899,C005439,O0186,,2026-01-25,Meeting held
ACT002752,Call,U008,A01899,C003392,O0186,,2025-10-22,Replied
ACT002753,Email,U008,A01899,C005439,O0186,,2025-12-07,Bounced
ACT002754,Meeting,U008,A01899,C005439,O0186,,2025-12-05,Replied
ACT002755,Call,U012,A01245,C001131,O0187,,2025-08-30,Completed
ACT002756,LinkedIn,U008,A01245,C001131,O0187,,2025-11-14,Bounced
ACT002757,LinkedIn,U008,A01245,C005686,O0187,,2025-11-15,No answer
ACT002758,Email,U008,A01245,C001068,O0187,,2025-10-16,No answer
ACT002759,Email,U008,A01245,C001068,O0187,,2025-10-15,Replied
ACT002760,Email,U012,A01245,C001068,O0187,,2025-10-17,Meeting held
ACT002761,Call,U012,A01245,C005686,O0187,,2025-11-06,No answer
ACT002762,Meeting,U008,A01245,C001131,O0187,,2025-09-05,Replied
ACT002763,Call,U018,A00328,C002965,O0188,,2025-11-13,Completed
ACT002764,Email,U014,A00328,C006449,O0188,,2026-01-23,Meeting held
ACT002765,LinkedIn,U014,A00328,C006449,O0188,,2026-02-12,No answer
ACT002766,Meeting,U014,A00328,C006615,O0188,,2026-02-07,Completed
ACT002767,Call,U018,A00328,C006449,O0188,,2025-12-23,No answer
ACT002768,Meeting,U018,A00328,C006785,O0188,,2026-03-16,Completed
ACT002769,Meeting,U014,A00328,C006615,O0188,,2026-02-28,Replied
ACT002770,Email,U014,A00328,C006785,O0188,,2026-04-15,Bounced
ACT002771,Meeting,U014,A00328,C002635,O0188,,2026-02-24,Replied
ACT002772,LinkedIn,U014,A00328,C006615,O0188,,2026-02-10,No answer
ACT002773,Email,U014,A00328,C006615,O0188,,2025-12-07,No answer
ACT002774,Call,U018,A00328,C002965,O0188,,2025-11-13,Completed
ACT002775,Email,U018,A00328,C006615,O0188,,2026-03-12,Meeting held
ACT002776,Email,U018,A00328,C006785,O0188,,2026-04-15,Replied
ACT002777,Email,U018,A00328,C003131,O0188,,2026-02-26,Meeting held
ACT002778,Email,U014,A00328,C002965,O0188,,2025-12-18,Replied
ACT002779,Call,U014,A00328,C002635,O0188,,2025-12-25,Completed
ACT002780,Meeting,U014,A00328,C006449,O0188,,2025-12-18,Replied
ACT002781,Call,U014,A00328,C002965,O0188,,2026-03-20,Meeting held
ACT002782,Email,U014,A00328,C002965,O0188,,2026-04-12,No answer
ACT002783,Meeting,U014,A00328,C006785,O0188,,2026-03-02,Replied
ACT002784,Meeting,U014,A00328,C003131,O0188,,2026-02-19,Meeting held
ACT002785,Email,U002,A01164,C006429,O0189,,2025-08-07,No answer
ACT002786,Email,U006,A01164,C000445,O0189,,2025-12-09,No answer
ACT002787,Call,U002,A01164,C000445,O0189,,2025-09-14,Bounced
ACT002788,Email,U002,A01164,C006429,O0189,,2026-01-19,Bounced
ACT002789,Call,U006,A01164,C006429,O0189,,2026-01-16,Bounced
ACT002790,Call,U006,A01164,C006429,O0189,,2025-09-23,Replied
ACT002791,Email,U002,A01164,C006429,O0189,,2025-09-21,Completed
ACT002792,Email,U018,A01162,C002894,O0190,,2025-11-13,Bounced
ACT002793,LinkedIn,U014,A01162,C002894,O0190,,2025-11-20,Replied
ACT002794,Meeting,U014,A01162,C005045,O0190,,2025-10-31,Replied
ACT002795,Call,U014,A01162,C002735,O0190,,2025-12-20,Completed
ACT002796,Email,U018,A01162,C002894,O0190,,2025-11-11,Bounced
ACT002797,Email,U014,A01162,C002735,O0190,,2025-11-18,Replied
ACT002798,Email,U014,A01162,C006694,O0190,,2026-01-19,No answer
ACT002799,Email,U014,A01162,C005045,O0190,,2025-10-30,Bounced
ACT002800,Meeting,U018,A01162,C005045,O0190,,2025-10-25,Completed
ACT002801,Meeting,U014,A01162,C006694,O0190,,2025-12-23,No answer
ACT002802,Call,U014,A01162,C002735,O0190,,2026-01-01,Meeting held
ACT002803,Email,U014,A01162,C002894,O0190,,2026-01-20,Bounced
ACT002804,Email,U008,A00744,C006751,O0191,,2026-03-21,Completed
ACT002805,Call,U012,A00744,C004036,O0191,,2025-11-03,No answer
ACT002806,Call,U012,A00744,C004648,O0191,,2025-12-22,Meeting held
ACT002807,Call,U008,A00744,C005987,O0191,,2025-11-19,Completed
ACT002808,Email,U012,A00744,C005987,O0191,,2025-12-12,No answer
ACT002809,LinkedIn,U008,A00744,C004036,O0191,,2025-10-21,No answer
ACT002810,LinkedIn,U012,A00744,C000326,O0191,,2026-01-06,No answer
ACT002811,Email,U012,A00744,C004648,O0191,,2026-01-18,No answer
ACT002812,Call,U012,A00744,C005987,O0191,,2026-02-03,No answer
ACT002813,LinkedIn,U012,A00744,C006751,O0191,,2025-12-10,Meeting held
ACT002814,Email,U008,A00744,C005987,O0191,,2026-01-02,Meeting held
ACT002815,Email,U012,A00744,C004036,O0191,,2026-02-23,Meeting held
ACT002816,Call,U008,A00744,C004036,O0191,,2026-04-11,No answer
ACT002817,Call,U008,A00744,C000326,O0191,,2025-11-20,Completed
ACT002818,Call,U012,A00744,C004036,O0191,,2025-11-23,Meeting held
ACT002819,Meeting,U008,A00744,C004686,O0191,,2025-11-17,Replied
ACT002820,Meeting,U012,A00744,C004648,O0191,,2026-01-04,Bounced
ACT002821,Email,U012,A00744,C004686,O0191,,2026-03-11,Replied
ACT002822,Call,U012,A00744,C004648,O0191,,2026-02-14,Meeting held
ACT002823,Call,U008,A00744,C004648,O0191,,2025-12-31,Meeting held
ACT002824,Call,U012,A00744,C004036,O0191,,2025-12-30,Completed
ACT002825,Call,U012,A00744,C004036,O0191,,2026-03-10,Bounced
ACT002826,Meeting,U008,A00744,C004686,O0191,,2026-01-26,Replied
ACT002827,Email,U012,A00744,C000326,O0191,,2025-11-17,Bounced
ACT002828,Meeting,U002,A00976,C001075,O0192,,2025-07-17,Bounced
ACT002829,Call,U002,A00976,C003844,O0192,,2025-06-09,Completed
ACT002830,LinkedIn,U006,A00976,C003844,O0192,,2025-10-13,Completed
ACT002831,LinkedIn,U006,A00976,C003844,O0192,,2025-10-31,Replied
ACT002832,Email,U006,A00976,C003844,O0192,,2025-06-11,No answer
ACT002833,Email,U002,A00976,C001075,O0192,,2025-07-17,Bounced
ACT002834,Email,U006,A00976,C001075,O0192,,2025-08-19,Replied
ACT002835,Call,U002,A00976,C005527,O0192,,2025-09-29,Bounced
ACT002836,Email,U006,A00976,C005527,O0192,,2025-07-17,No answer
ACT002837,Call,U006,A00976,C003844,O0192,,2025-06-27,Replied
ACT002838,Call,U006,A00976,C003844,O0192,,2025-08-16,Meeting held
ACT002839,LinkedIn,U002,A00976,C005527,O0192,,2025-07-20,Meeting held
ACT002840,Email,U006,A00976,C001075,O0192,,2025-06-25,Bounced
ACT002841,LinkedIn,U006,A00976,C005527,O0192,,2025-07-15,Replied
ACT002842,Email,U006,A00976,C001075,O0192,,2025-06-30,Replied
ACT002843,Meeting,U002,A00976,C001075,O0192,,2025-09-15,Meeting held
ACT002844,Call,U012,A01140,C005893,O0193,,2026-06-21,Bounced
ACT002845,Call,U009,A01140,C005893,O0193,,2026-06-26,Meeting held
ACT002846,Email,U012,A01140,C005893,O0193,,2026-06-18,No answer
ACT002847,Meeting,U009,A01140,C006466,O0193,,2026-06-19,No answer
ACT002848,LinkedIn,U009,A01140,C005893,O0193,,2026-04-28,Bounced
ACT002849,Meeting,U012,A01140,C005893,O0193,,2026-06-20,Replied
ACT002850,Email,U012,A01140,C005893,O0193,,2026-04-28,Bounced
ACT002851,Email,U012,A01140,C005893,O0193,,2026-05-16,Replied
ACT002852,Call,U012,A01140,C005893,O0193,,2026-04-17,Meeting held
ACT002853,Meeting,U009,A01140,C005893,O0193,,2026-05-24,Meeting held
ACT002854,Call,U009,A01140,C006466,O0193,,2026-07-07,No answer
ACT002855,Email,U012,A01140,C005893,O0193,,2026-06-22,No answer
ACT002856,LinkedIn,U003,A01491,C004171,O0194,,2026-09-14,Bounced
ACT002857,Email,U003,A01491,C004171,O0194,,2026-10-01,Bounced
ACT002858,Meeting,U003,A01491,C001741,O0194,,2026-10-02,Bounced
ACT002859,Call,U003,A01491,C004171,O0194,,2026-10-03,Bounced
ACT002860,Meeting,U006,A01151,C000545,O0195,,2026-04-03,No answer
ACT002861,Call,U006,A01151,C002742,O0195,,2026-06-06,Completed
ACT002862,Email,U002,A01151,C006939,O0195,,2026-03-30,Meeting held
ACT002863,Email,U002,A01151,C001188,O0195,,2026-07-28,Bounced
ACT002864,Email,U006,A01151,C001188,O0195,,2026-08-01,Meeting held
ACT002865,Email,U006,A01151,C000545,O0195,,2026-08-05,Bounced
ACT002866,Email,U002,A01151,C000545,O0195,,2026-04-14,Bounced
ACT002867,Call,U006,A01151,C000610,O0195,,2026-05-28,Replied
ACT002868,Email,U002,A01151,C001219,O0195,,2026-02-19,Completed
ACT002869,Call,U006,A01151,C001671,O0195,,2026-06-30,Bounced
ACT002870,Email,U006,A01151,C001671,O0195,,2026-05-05,Replied
ACT002871,Email,U006,A01151,C006939,O0195,,2026-03-11,No answer
ACT002872,Email,U002,A01151,C000545,O0195,,2026-06-01,Bounced
ACT002873,Email,U002,A01151,C000610,O0195,,2026-03-03,Bounced
ACT002874,Call,U006,A01151,C002742,O0195,,2026-03-25,Replied
ACT002875,Call,U008,A01407,C004868,O0196,,2026-09-17,No answer
ACT002876,Call,U008,A01407,C006409,O0196,,2026-09-17,No answer
ACT002877,Call,U012,A01407,C000152,O0196,,2026-09-17,Replied
ACT002878,Email,U012,A01407,C000152,O0196,,2026-09-17,Meeting held
ACT002879,Email,U008,A01407,C001952,O0196,,2026-09-17,Replied
ACT002880,Call,U012,A01407,C001952,O0196,,2026-09-17,Meeting held
ACT002881,Email,U012,A01407,C001952,O0196,,2026-09-17,No answer
ACT002882,Email,U012,A01407,C001952,O0196,,2026-09-17,No answer
ACT002883,LinkedIn,U012,A01407,C001952,O0196,,2026-09-17,Replied
ACT002884,LinkedIn,U012,A01407,C000152,O0196,,2026-09-17,Completed
ACT002885,Call,U008,A01407,C001952,O0196,,2026-09-17,No answer
ACT002886,Email,U008,A01407,C000152,O0196,,2026-09-17,Bounced
ACT002887,Email,U008,A01407,C004868,O0196,,2026-09-17,Meeting held
ACT002888,Email,U012,A01407,C001952,O0196,,2026-09-17,Meeting held
ACT002889,Meeting,U008,A01407,C000152,O0196,,2026-09-17,Meeting held
ACT002890,Meeting,U008,A01407,C001952,O0196,,2026-09-17,Replied
ACT002891,Meeting,U008,A01407,C001952,O0196,,2026-09-17,Bounced
ACT002892,Email,U012,A01407,C006409,O0196,,2026-09-17,Replied
ACT002893,Call,U008,A01407,C004868,O0196,,2026-09-17,Replied
ACT002894,LinkedIn,U006,A00854,C003086,O0197,,2026-08-06,Bounced
ACT002895,Meeting,U006,A00854,C003086,O0197,,2026-07-16,Meeting held
ACT002896,Call,U006,A00854,C003086,O0197,,2026-06-20,Bounced
ACT002897,Call,U006,A00854,C003086,O0197,,2026-08-01,Bounced
ACT002898,Email,U006,A00854,C003086,O0197,,2026-08-16,Bounced
ACT002899,Email,U003,A00854,C003086,O0197,,2026-07-14,Bounced
ACT002900,LinkedIn,U003,A00854,C003086,O0197,,2026-06-20,Meeting held
ACT002901,Email,U003,A00854,C003086,O0197,,2026-07-13,Completed
ACT002902,Email,U003,A00854,C003086,O0197,,2026-07-12,Bounced
ACT002903,Meeting,U006,A00854,C003086,O0197,,2026-06-19,Meeting held
ACT002904,Meeting,U003,A00854,C003086,O0197,,2026-06-29,Completed
ACT002905,Call,U003,A00854,C003086,O0197,,2026-08-08,Replied
ACT002906,Call,U003,A00854,C003086,O0197,,2026-06-13,No answer
ACT002907,Call,U006,A00854,C003086,O0197,,2026-07-20,Completed
ACT002908,Email,U003,A00854,C003086,O0197,,2026-06-03,Bounced
ACT002909,Meeting,U006,A00854,C003086,O0197,,2026-08-19,Replied
ACT002910,Call,U003,A00854,C003086,O0197,,2026-08-01,Bounced
ACT002911,Meeting,U003,A00854,C003086,O0197,,2026-06-03,Meeting held
ACT002912,Email,U006,A00854,C003086,O0197,,2026-08-10,Replied
ACT002913,Email,U006,A00854,C003086,O0197,,2026-07-23,No answer
ACT002914,Email,U002,A01545,C004786,O0198,,2026-07-23,Meeting held
ACT002915,Email,U006,A01545,C004786,O0198,,2026-06-03,Completed
ACT002916,Email,U002,A01545,C004786,O0198,,2026-05-28,Bounced
ACT002917,Email,U002,A01545,C004786,O0198,,2026-07-18,No answer
ACT002918,Email,U002,A01545,C004786,O0198,,2026-07-24,Replied
ACT002919,Email,U006,A01545,C004786,O0198,,2026-06-24,Completed
ACT002920,LinkedIn,U006,A01545,C004786,O0198,,2026-05-14,Replied
ACT002921,Email,U002,A01545,C004786,O0198,,2026-08-09,No answer
ACT002922,LinkedIn,U002,A01545,C004786,O0198,,2026-06-12,Meeting held
ACT002923,Email,U002,A01545,C004786,O0198,,2026-05-20,Meeting held
ACT002924,Call,U006,A01545,C004786,O0198,,2026-08-10,Replied
ACT002925,Email,U006,A01545,C004786,O0198,,2026-07-13,Meeting held
ACT002926,Email,U006,A01545,C004786,O0198,,2026-07-01,Completed
ACT002927,LinkedIn,U006,A01545,C004786,O0198,,2026-08-18,Meeting held
ACT002928,Email,U006,A01545,C004786,O0198,,2026-07-24,No answer
ACT002929,Call,U002,A01545,C004786,O0198,,2026-05-14,Bounced
ACT002930,Call,U002,A01545,C004786,O0198,,2026-08-07,Bounced
ACT002931,Meeting,U002,A01545,C004786,O0198,,2026-07-22,Replied
ACT002932,Email,U002,A01545,C004786,O0198,,2026-08-13,Meeting held
ACT002933,Call,U002,A01545,C004786,O0198,,2026-06-04,Completed
ACT002934,Meeting,U006,A01545,C004786,O0198,,2026-05-11,Replied
ACT002935,Call,U006,A01545,C004786,O0198,,2026-05-28,Replied
ACT002936,Call,U006,A01445,C001766,O0199,,2026-02-11,Bounced
ACT002937,Email,U003,A01445,C001298,O0199,,2026-06-19,Completed
ACT002938,LinkedIn,U003,A01445,C001766,O0199,,2026-05-13,Replied
ACT002939,Meeting,U003,A01445,C004863,O0199,,2025-11-09,Meeting held
ACT002940,Email,U003,A01445,C002634,O0199,,2026-03-31,Replied
ACT002941,Email,U006,A01445,C001298,O0199,,2026-02-22,Replied
ACT002942,Call,U003,A01445,C001298,O0199,,2025-10-13,Meeting held
ACT002943,Meeting,U003,A01445,C004848,O0199,,2026-02-12,Replied
ACT002944,Call,U006,A01445,C001298,O0199,,2025-12-11,Completed
ACT002945,Call,U006,A01445,C004848,O0199,,2026-02-19,Replied
ACT002946,Meeting,U002,A00018,C006612,O0200,,2026-09-04,Bounced
ACT002947,Call,U002,A00018,C002120,O0200,,2026-05-29,Replied
ACT002948,Call,U002,A00018,C002120,O0200,,2026-06-10,Bounced
ACT002949,Call,U002,A00018,C002120,O0200,,2026-07-11,No answer
ACT002950,Call,U002,A00018,C002120,O0200,,2026-05-26,Completed
ACT002951,LinkedIn,U006,A00018,C006612,O0200,,2026-08-18,Completed
ACT002952,Email,U002,A00018,C006612,O0200,,2026-08-15,Replied
ACT002953,Call,U002,A00018,C006612,O0200,,2026-09-09,Meeting held
ACT002954,Call,U006,A00018,C006612,O0200,,2026-09-21,Bounced
ACT002955,Meeting,U002,A00018,C006612,O0200,,2026-09-17,Completed
ACT002956,Call,U006,A00018,C006612,O0200,,2026-08-07,Meeting held
ACT002957,Meeting,U002,A00018,C002120,O0200,,2026-08-21,Completed
ACT002958,Call,U006,A00018,C002120,O0200,,2026-05-07,Bounced
ACT002959,Meeting,U006,A00018,C002120,O0200,,2026-08-17,No answer
ACT002960,LinkedIn,U002,A00018,C002120,O0200,,2026-09-18,Completed
ACT002961,Email,U006,A00018,C006612,O0200,,2026-09-29,Completed
ACT002962,Email,U002,A00018,C002120,O0200,,2026-09-29,No answer
ACT002963,Call,U002,A00018,C006612,O0200,,2026-10-04,Bounced
ACT002964,Email,U006,A01336,C000487,O0201,,2026-03-08,Replied
ACT002965,Meeting,U002,A01336,C000487,O0201,,2026-05-15,Completed
ACT002966,Email,U002,A01336,C003924,O0201,,2026-05-17,No answer
ACT002967,Meeting,U006,A01336,C006823,O0201,,2026-03-29,Completed
ACT002968,Email,U002,A01336,C000487,O0201,,2026-04-05,Meeting held
ACT002969,Email,U006,A01336,C000487,O0201,,2026-05-09,Replied
ACT002970,Email,U018,A01615,C003368,O0202,,2026-07-26,No answer
ACT002971,Call,U014,A01615,C003368,O0202,,2026-08-18,Bounced
ACT002972,Email,U018,A01615,C000805,O0202,,2026-08-30,Meeting held
ACT002973,Email,U014,A01615,C003368,O0202,,2026-07-26,Replied
ACT002974,Call,U018,A01615,C003368,O0202,,2026-07-10,No answer
ACT002975,LinkedIn,U014,A01615,C003368,O0202,,2026-09-09,Meeting held
ACT002976,Call,U018,A01615,C003368,O0202,,2026-08-24,Completed
ACT002977,LinkedIn,U018,A01615,C003368,O0202,,2026-10-06,Bounced
ACT002978,Email,U014,A01615,C003368,O0202,,2026-07-26,Replied
ACT002979,Call,U018,A01615,C001968,O0202,,2026-09-07,Bounced
ACT002980,Call,U014,A01615,C003368,O0202,,2026-07-28,Completed
ACT002981,Email,U018,A01615,C003368,O0202,,2026-09-20,No answer
ACT002982,Meeting,U018,A01615,C000805,O0202,,2026-08-23,Completed
ACT002983,Email,U014,A01615,C001968,O0202,,2026-10-04,Meeting held
ACT002984,LinkedIn,U014,A01615,C000805,O0202,,2026-09-20,Meeting held
ACT002985,Meeting,U014,A01615,C000805,O0202,,2026-09-20,Completed
ACT002986,Meeting,U018,A01615,C000805,O0202,,2026-07-17,No answer
ACT002987,Call,U018,A01615,C001968,O0202,,2026-09-12,Completed
ACT002988,Call,U018,A01615,C000805,O0202,,2026-08-29,No answer
ACT002989,Email,U014,A00039,C002268,O0203,,2026-07-11,Meeting held
ACT002990,LinkedIn,U018,A00039,C005616,O0203,,2026-09-08,Replied
ACT002991,Email,U018,A00039,C002268,O0203,,2026-08-29,Completed
ACT002992,Email,U018,A00039,C002646,O0203,,2026-04-07,Replied
ACT002993,Call,U014,A00039,C001058,O0203,,2026-05-01,No answer
ACT002994,Meeting,U018,A00039,C005616,O0203,,2026-09-14,No answer
ACT002995,Meeting,U018,A00039,C003888,O0203,,2026-07-18,Meeting held
ACT002996,Email,U018,A00039,C002170,O0203,,2026-07-27,Bounced
ACT002997,Email,U014,A00039,C003888,O0203,,2026-10-06,Meeting held
ACT002998,Call,U018,A00039,C005616,O0203,,2026-06-29,Meeting held
ACT002999,Email,U014,A00039,C003888,O0203,,2026-04-14,Completed
ACT003000,Email,U014,A00039,C002646,O0203,,2026-04-01,Replied
ACT003001,Call,U014,A00039,C001058,O0203,,2026-07-29,Completed
ACT003002,LinkedIn,U018,A00039,C005957,O0203,,2026-04-11,No answer
ACT003003,Meeting,U015,A01472,C003771,O0204,,2026-08-02,Meeting held
ACT003004,Meeting,U018,A01472,C003771,O0204,,2026-09-12,Completed
ACT003005,Call,U015,A01472,C002481,O0204,,2026-07-23,Meeting held
ACT003006,Email,U018,A01472,C002481,O0204,,2026-07-16,Bounced
ACT003007,Email,U015,A01472,C003771,O0204,,2026-07-25,Bounced
ACT003008,Email,U012,A01552,C006848,O0205,,2025-09-19,Meeting held
ACT003009,Email,U012,A01552,C003868,O0205,,2025-08-04,Bounced
ACT003010,Email,U008,A01552,C002775,O0205,,2025-10-24,Meeting held
ACT003011,Call,U008,A01552,C006848,O0205,,2025-11-29,Completed
ACT003012,Email,U008,A01552,C003868,O0205,,2025-11-13,No answer
ACT003013,Meeting,U012,A01552,C003868,O0205,,2025-11-06,Replied
ACT003014,Meeting,U008,A01552,C002775,O0205,,2025-07-11,Meeting held
ACT003015,Email,U012,A01552,C006848,O0205,,2025-12-03,No answer
ACT003016,Meeting,U008,A01552,C006848,O0205,,2025-10-10,Replied
ACT003017,Email,U003,A01710,C003325,O0206,,2025-09-19,No answer
ACT003018,Email,U003,A01710,C002094,O0206,,2026-01-23,No answer
ACT003019,Email,U003,A01710,C002942,O0206,,2025-12-03,Replied
ACT003020,Call,U006,A01710,C001939,O0206,,2025-11-06,Completed
ACT003021,Call,U003,A01710,C002094,O0206,,2026-01-02,Bounced
ACT003022,Email,U003,A01710,C003325,O0206,,2025-12-13,Replied
ACT003023,Email,U003,A01710,C002942,O0206,,2026-02-10,No answer
ACT003024,LinkedIn,U003,A01710,C003325,O0206,,2025-10-31,Replied
ACT003025,Call,U006,A01710,C003325,O0206,,2026-04-21,Replied
ACT003026,Email,U003,A01710,C005491,O0206,,2026-05-09,Replied
ACT003027,Email,U003,A01710,C002942,O0206,,2026-04-21,Bounced
ACT003028,Email,U003,A01710,C005491,O0206,,2026-01-18,Bounced
ACT003029,Email,U006,A01710,C002094,O0206,,2025-10-24,No answer
ACT003030,Email,U003,A01710,C001939,O0206,,2026-03-09,Meeting held
ACT003031,Meeting,U006,A01710,C002094,O0206,,2026-02-12,Bounced
ACT003032,Email,U003,A01710,C003325,O0206,,2026-04-30,No answer
ACT003033,Email,U003,A01710,C002942,O0206,,2025-12-09,Bounced
ACT003034,Email,U006,A01710,C001939,O0206,,2025-11-21,Bounced
ACT003035,Email,U003,A01710,C005491,O0206,,2025-11-21,Bounced
ACT003036,Email,U006,A01710,C005491,O0206,,2025-12-25,Replied
ACT003037,Email,U003,A01710,C002094,O0206,,2026-03-02,No answer
ACT003038,Email,U003,A01710,C003325,O0206,,2026-02-06,Completed
ACT003039,Meeting,U003,A01710,C001939,O0206,,2025-11-30,Meeting held
ACT003040,Email,U008,A01955,C006318,O0207,,2025-12-16,Completed
ACT003041,Email,U012,A01955,C005650,O0207,,2025-09-07,Meeting held
ACT003042,Call,U008,A01955,C001625,O0207,,2025-08-10,Completed
ACT003043,Email,U012,A01955,C001599,O0207,,2025-09-08,No answer
ACT003044,LinkedIn,U008,A01955,C001625,O0207,,2025-10-26,Meeting held
ACT003045,Email,U012,A01955,C001599,O0207,,2025-10-24,Meeting held
ACT003046,Email,U012,A01955,C001625,O0207,,2025-08-31,Replied
ACT003047,Email,U008,A01955,C006318,O0207,,2025-10-11,Meeting held
ACT003048,Email,U008,A01955,C001625,O0207,,2025-10-27,Meeting held
ACT003049,Email,U018,A00482,C004693,O0208,,2025-12-22,Replied
ACT003050,Call,U018,A00482,C004693,O0208,,2025-07-18,Replied
ACT003051,Meeting,U014,A00482,C004693,O0208,,2026-03-18,Completed
ACT003052,Email,U014,A00482,C004693,O0208,,2026-03-18,Bounced
ACT003053,Email,U018,A00482,C004693,O0208,,2025-08-03,Replied
ACT003054,LinkedIn,U018,A00482,C004693,O0208,,2026-01-17,Meeting held
ACT003055,Email,U006,A01697,C002819,O0209,,2026-05-11,Replied
ACT003056,LinkedIn,U003,A01697,C000349,O0209,,2026-01-27,Completed
ACT003057,Call,U006,A01697,C002819,O0209,,2026-03-23,Bounced
ACT003058,LinkedIn,U003,A01697,C002819,O0209,,2026-04-18,No answer
ACT003059,Email,U003,A01697,C006321,O0209,,2026-04-22,Bounced
ACT003060,Meeting,U003,A01697,C004873,O0209,,2026-05-07,Completed
ACT003061,Meeting,U003,A01697,C000349,O0209,,2026-07-17,No answer
ACT003062,LinkedIn,U006,A01697,C002819,O0209,,2026-02-11,Meeting held
ACT003063,LinkedIn,U006,A01697,C006321,O0209,,2026-06-15,Replied
ACT003064,LinkedIn,U006,A01697,C006321,O0209,,2026-02-23,Bounced
ACT003065,Meeting,U003,A01697,C005764,O0209,,2026-04-15,No answer
ACT003066,Meeting,U006,A01697,C002819,O0209,,2026-01-23,Completed
ACT003067,LinkedIn,U003,A01697,C004873,O0209,,2026-04-26,No answer
ACT003068,Call,U003,A01697,C005764,O0209,,2026-05-13,Replied
ACT003069,Email,U006,A01697,C004873,O0209,,2026-06-02,Meeting held
ACT003070,Email,U006,A01697,C006321,O0209,,2026-04-10,Replied
ACT003071,Call,U006,A01697,C006321,O0209,,2026-03-15,No answer
ACT003072,LinkedIn,U003,A01697,C006321,O0209,,2026-04-13,Completed
ACT003073,Email,U006,A00893,C006177,O0210,,2025-09-13,Meeting held
ACT003074,Call,U002,A00893,C002314,O0210,,2025-10-09,No answer
ACT003075,Meeting,U002,A00893,C006177,O0210,,2025-12-29,Meeting held
ACT003076,Email,U002,A00893,C006177,O0210,,2025-06-24,Replied
ACT003077,Email,U006,A00893,C006177,O0210,,2025-07-27,Replied
ACT003078,Meeting,U006,A00893,C002314,O0210,,2025-09-28,Meeting held
ACT003079,Call,U002,A00893,C002314,O0210,,2025-09-09,Replied
ACT003080,Call,U006,A00893,C006177,O0210,,2025-08-01,Meeting held
ACT003081,Meeting,U002,A00893,C006177,O0210,,2025-06-21,Meeting held
ACT003082,Meeting,U002,A00893,C002314,O0210,,2025-11-23,Completed
ACT003083,Email,U006,A00893,C006177,O0210,,2025-07-21,No answer
ACT003084,Meeting,U003,A01258,C001021,O0211,,2026-10-06,No answer
ACT003085,Meeting,U006,A01258,C001021,O0211,,2026-06-23,Meeting held
ACT003086,Email,U003,A01258,C001021,O0211,,2026-08-02,Meeting held
ACT003087,Meeting,U003,A01258,C001021,O0211,,2026-09-09,Bounced
ACT003088,Call,U003,A01258,C001021,O0211,,2026-07-19,Meeting held
ACT003089,Email,U006,A01253,C003550,O0212,,2026-06-02,Meeting held
ACT003090,Call,U006,A01253,C000325,O0212,,2026-09-09,Completed
ACT003091,Meeting,U006,A01253,C003550,O0212,,2026-04-16,Completed
ACT003092,Email,U006,A01253,C003550,O0212,,2026-06-14,Replied
ACT003093,Email,U003,A01253,C006749,O0212,,2026-05-10,No answer
ACT003094,LinkedIn,U006,A01253,C002653,O0212,,2026-06-25,Completed
ACT003095,Email,U003,A01253,C003550,O0212,,2026-06-08,Completed
ACT003096,Email,U006,A01253,C002653,O0212,,2026-06-09,Completed
ACT003097,Email,U003,A01253,C006749,O0212,,2026-04-26,Bounced
ACT003098,Email,U003,A01253,C003550,O0212,,2026-04-11,No answer
ACT003099,LinkedIn,U003,A01253,C003550,O0212,,2026-07-05,Completed
ACT003100,LinkedIn,U006,A01253,C000325,O0212,,2026-06-09,Bounced
ACT003101,Email,U003,A01253,C003550,O0212,,2026-06-24,Replied
ACT003102,Email,U006,A01253,C000325,O0212,,2026-09-08,Replied
ACT003103,Meeting,U006,A01253,C002821,O0212,,2026-09-12,No answer
ACT003104,Call,U006,A01253,C003550,O0212,,2026-07-02,Replied
ACT003105,Meeting,U006,A01253,C003550,O0212,,2026-05-19,Completed
ACT003106,Meeting,U003,A01253,C002821,O0212,,2026-08-25,Replied
ACT003107,Meeting,U006,A01253,C006749,O0212,,2026-06-21,Replied
ACT003108,Email,U018,A01599,C001014,O0213,,2026-03-11,Meeting held
ACT003109,Email,U014,A01599,C000216,O0213,,2026-01-24,Bounced
ACT003110,Email,U014,A01599,C000216,O0213,,2026-02-20,Completed
ACT003111,LinkedIn,U014,A01599,C003890,O0213,,2026-01-07,Bounced
ACT003112,Call,U018,A01599,C000216,O0213,,2026-02-11,No answer
ACT003113,Meeting,U018,A01599,C004097,O0213,,2026-02-23,Completed
ACT003114,Call,U014,A01599,C000216,O0213,,2026-01-23,Replied
ACT003115,Meeting,U014,A01599,C003890,O0213,,2026-03-03,Replied
ACT003116,Email,U014,A01599,C004097,O0213,,2026-04-05,Bounced
ACT003117,Meeting,U014,A01599,C003890,O0213,,2026-02-04,No answer
ACT003118,LinkedIn,U014,A01599,C003890,O0213,,2026-04-12,Replied
ACT003119,Call,U018,A01599,C004097,O0213,,2026-03-11,Replied
ACT003120,Email,U018,A01599,C003890,O0213,,2026-03-07,No answer
ACT003121,Email,U018,A01599,C004097,O0213,,2026-03-17,No answer
ACT003122,LinkedIn,U014,A01599,C001014,O0213,,2026-02-05,Meeting held
ACT003123,Email,U018,A01599,C000216,O0213,,2026-01-17,Replied
ACT003124,Meeting,U018,A01599,C000216,O0213,,2026-02-26,No answer
ACT003125,Email,U014,A01599,C000216,O0213,,2026-03-12,Replied
ACT003126,Email,U018,A01599,C001014,O0213,,2026-01-09,Bounced
ACT003127,Meeting,U014,A01599,C000216,O0213,,2026-02-19,No answer
ACT003128,Email,U018,A01879,C005899,O0214,,2025-12-23,Meeting held
ACT003129,Meeting,U018,A01879,C005899,O0214,,2025-11-25,No answer
ACT003130,Email,U018,A01879,C005899,O0214,,2026-01-16,Meeting held
ACT003131,Email,U015,A01879,C005899,O0214,,2025-12-28,Meeting held
ACT003132,Call,U018,A01879,C005899,O0214,,2025-12-14,Bounced
ACT003133,Meeting,U015,A01879,C005899,O0214,,2025-10-20,Replied
ACT003134,LinkedIn,U018,A01879,C005899,O0214,,2025-10-02,Meeting held
ACT003135,Email,U015,A01879,C005899,O0214,,2025-08-14,Completed
ACT003136,Call,U018,A01879,C005899,O0214,,2026-01-13,Bounced
ACT003137,Email,U015,A01879,C005899,O0214,,2025-12-10,Completed
ACT003138,Call,U018,A01879,C005899,O0214,,2025-08-22,Bounced
ACT003139,Call,U018,A01879,C005899,O0214,,2025-12-18,Replied
ACT003140,Call,U015,A01879,C005899,O0214,,2025-09-11,Meeting held
ACT003141,Call,U015,A01879,C005899,O0214,,2025-11-05,Meeting held
ACT003142,Email,U018,A01879,C005899,O0214,,2025-11-04,Bounced
ACT003143,Email,U018,A01879,C005899,O0214,,2025-10-23,No answer
ACT003144,Email,U018,A01879,C005899,O0214,,2025-12-01,Completed
ACT003145,Call,U018,A01879,C005899,O0214,,2025-10-02,Bounced
ACT003146,Call,U015,A01879,C005899,O0214,,2026-01-23,Completed
ACT003147,Meeting,U015,A01879,C005899,O0214,,2026-02-27,Bounced
ACT003148,Email,U015,A01879,C005899,O0214,,2025-09-02,Bounced
ACT003149,Meeting,U015,A01879,C005899,O0214,,2025-10-03,Bounced
ACT003150,Call,U015,A01879,C005899,O0214,,2025-11-05,No answer
ACT003151,Email,U015,A01879,C005899,O0214,,2025-10-31,Meeting held
ACT003152,Call,U018,A00894,C003851,O0215,,2026-01-17,Replied
ACT003153,Email,U018,A00894,C005395,O0215,,2026-06-22,Bounced
ACT003154,Call,U015,A00894,C005395,O0215,,2025-12-07,Meeting held
ACT003155,Meeting,U018,A00894,C003851,O0215,,2025-12-30,Completed
ACT003156,Call,U018,A00894,C005395,O0215,,2026-03-18,No answer
ACT003157,Meeting,U015,A00894,C003851,O0215,,2026-03-16,Meeting held
ACT003158,Call,U015,A00894,C005395,O0215,,2026-04-10,Completed
ACT003159,Email,U015,A00894,C005395,O0215,,2025-12-27,Bounced
ACT003160,Meeting,U006,A00900,C003949,O0216,,2025-09-13,Completed
ACT003161,Call,U002,A00900,C002812,O0216,,2026-01-19,Bounced
ACT003162,Meeting,U002,A00900,C003949,O0216,,2026-01-05,Replied
ACT003163,Call,U006,A00900,C006068,O0216,,2025-11-24,No answer
ACT003164,Call,U006,A00900,C006068,O0216,,2025-11-10,Meeting held
ACT003165,Email,U006,A00900,C006068,O0216,,2025-07-18,Bounced
ACT003166,Meeting,U006,A00900,C003949,O0216,,2025-11-17,Meeting held
ACT003167,Meeting,U002,A00900,C006068,O0216,,2025-12-23,Meeting held
ACT003168,Call,U006,A00900,C004141,O0216,,2025-12-18,Meeting held
ACT003169,Meeting,U006,A00900,C003949,O0216,,2026-01-08,Completed
ACT003170,Email,U006,A00900,C004141,O0216,,2025-12-30,Meeting held
ACT003171,Email,U006,A00250,C003396,O0217,,2026-02-04,Bounced
ACT003172,Meeting,U006,A00250,C004986,O0217,,2025-12-23,Meeting held
ACT003173,Meeting,U006,A00250,C004986,O0217,,2025-12-20,Completed
ACT003174,Email,U006,A00250,C004986,O0217,,2026-03-20,No answer
ACT003175,LinkedIn,U003,A00250,C004986,O0217,,2026-04-30,Completed
ACT003176,Email,U006,A00250,C004986,O0217,,2026-04-03,No answer
ACT003177,Meeting,U006,A00250,C000649,O0217,,2026-03-01,No answer
ACT003178,Email,U003,A00250,C003396,O0217,,2026-04-29,Completed
ACT003179,Email,U003,A00250,C003396,O0217,,2026-04-03,Replied
ACT003180,Meeting,U006,A00250,C000649,O0217,,2026-02-12,Meeting held
ACT003181,Meeting,U006,A00250,C000649,O0217,,2026-03-07,Replied
ACT003182,LinkedIn,U006,A00250,C000649,O0217,,2026-01-06,Completed
ACT003183,Meeting,U006,A00250,C000649,O0217,,2026-03-06,Meeting held
ACT003184,Meeting,U006,A00250,C003396,O0217,,2025-12-15,Meeting held
ACT003185,Email,U003,A00250,C003396,O0217,,2025-12-29,Bounced
ACT003186,LinkedIn,U006,A00250,C004986,O0217,,2026-02-06,No answer
ACT003187,Email,U015,A00642,C006734,O0218,,2026-01-21,Completed
ACT003188,LinkedIn,U015,A00642,C001934,O0218,,2025-12-03,Meeting held
ACT003189,Email,U018,A00642,C001652,O0218,,2025-10-16,Meeting held
ACT003190,Call,U015,A00642,C001652,O0218,,2025-11-15,No answer
ACT003191,Call,U015,A00642,C005842,O0218,,2025-11-07,Completed
ACT003192,Email,U018,A00642,C005842,O0218,,2026-01-13,Bounced
ACT003193,Call,U015,A01440,C003033,O0219,,2026-03-03,Replied
ACT003194,LinkedIn,U015,A01440,C003527,O0219,,2026-03-16,Meeting held
ACT003195,Email,U018,A01440,C003527,O0219,,2026-05-03,Completed
ACT003196,Email,U018,A01440,C003569,O0219,,2026-05-05,Completed
ACT003197,Email,U015,A01440,C003527,O0219,,2026-05-30,No answer
ACT003198,Call,U018,A01440,C000925,O0219,,2026-05-06,Bounced
ACT003199,Email,U015,A01440,C000925,O0219,,2026-06-13,Bounced
ACT003200,LinkedIn,U015,A01440,C003569,O0219,,2026-01-13,Bounced
ACT003201,Call,U018,A01440,C000925,O0219,,2026-05-20,No answer
ACT003202,Meeting,U018,A01440,C003569,O0219,,2026-01-27,Meeting held
ACT003203,Meeting,U015,A01440,C003527,O0219,,2026-03-20,Replied
ACT003204,Email,U015,A01440,C003527,O0219,,2026-04-12,No answer
ACT003205,Meeting,U018,A01440,C000925,O0219,,2026-01-13,Replied
ACT003206,Call,U015,A01440,C003569,O0219,,2026-02-04,Bounced
ACT003207,Email,U015,A01440,C003569,O0219,,2026-04-26,Completed
ACT003208,Email,U018,A01440,C003527,O0219,,2026-04-01,No answer
ACT003209,Email,U018,A01440,C003033,O0219,,2026-04-11,Bounced
ACT003210,Meeting,U015,A01440,C003569,O0219,,2026-04-12,No answer
ACT003211,Meeting,U018,A01440,C003569,O0219,,2026-05-31,Meeting held
ACT003212,Call,U015,A01440,C003569,O0219,,2026-03-01,Completed
ACT003213,Email,U018,A01440,C003569,O0219,,2026-06-14,No answer
ACT003214,Call,U015,A01440,C000925,O0219,,2026-01-25,Meeting held
ACT003215,Email,U015,A01033,C004538,O0220,,2026-08-24,Replied
ACT003216,Meeting,U018,A01033,C001005,O0220,,2026-06-09,Meeting held
ACT003217,Email,U015,A01033,C001005,O0220,,2026-07-27,Completed
ACT003218,Call,U018,A01033,C000868,O0220,,2026-09-12,Completed
ACT003219,Call,U018,A01033,C001005,O0220,,2026-07-25,Replied
ACT003220,LinkedIn,U015,A01033,C001005,O0220,,2026-06-15,No answer
ACT003221,Call,U015,A01033,C004538,O0220,,2026-09-11,Meeting held
ACT003222,Email,U018,A01033,C000320,O0220,,2026-06-20,No answer
ACT003223,Call,U015,A01033,C001005,O0220,,2026-06-17,Bounced
ACT003224,Email,U018,A01033,C004538,O0220,,2026-07-28,Meeting held
ACT003225,Call,U015,A01033,C000868,O0220,,2026-07-16,Bounced
ACT003226,LinkedIn,U018,A01033,C000868,O0220,,2026-08-18,No answer
ACT003227,Email,U015,A01033,C004538,O0220,,2026-07-30,Completed
ACT003228,LinkedIn,U015,A01033,C000320,O0220,,2026-09-11,Meeting held
ACT003229,Meeting,U015,A01033,C000320,O0220,,2026-06-16,No answer
ACT003230,Email,U015,A01033,C000320,O0220,,2026-10-04,Meeting held
ACT003231,Meeting,U018,A01033,C001005,O0220,,2026-09-18,Bounced
ACT003232,LinkedIn,U015,A01033,C004538,O0220,,2026-09-03,Replied
ACT003233,Email,U015,A01033,C004538,O0220,,2026-09-11,Bounced
ACT003234,Email,U018,A01005,C006046,O0221,,2026-03-05,Meeting held
ACT003235,Email,U018,A01005,C006046,O0221,,2026-01-26,Bounced
ACT003236,Meeting,U015,A01005,C006046,O0221,,2026-03-28,Meeting held
ACT003237,Email,U018,A01005,C006046,O0221,,2026-04-24,Meeting held
ACT003238,Email,U015,A01005,C006046,O0221,,2026-01-12,Completed
ACT003239,Meeting,U018,A01005,C004157,O0221,,2026-01-23,Meeting held
ACT003240,Call,U018,A01005,C006046,O0221,,2025-11-18,Bounced
ACT003241,Email,U018,A01005,C004157,O0221,,2026-04-21,No answer
ACT003242,Call,U018,A01005,C006046,O0221,,2025-12-27,No answer
ACT003243,Email,U018,A01005,C006046,O0221,,2026-04-23,Completed
ACT003244,Call,U015,A01005,C006046,O0221,,2025-11-27,No answer
ACT003245,Email,U018,A01005,C004157,O0221,,2026-03-31,Replied
ACT003246,Email,U015,A01005,C006046,O0221,,2026-04-25,No answer
ACT003247,Email,U015,A01005,C006046,O0221,,2025-11-17,Meeting held
ACT003248,Call,U015,A01005,C006046,O0221,,2026-01-04,Bounced
ACT003249,Meeting,U018,A01005,C006046,O0221,,2026-03-29,Completed
ACT003250,Email,U018,A01005,C004157,O0221,,2026-03-19,Meeting held
ACT003251,Call,U018,A01005,C004157,O0221,,2026-04-08,Bounced
ACT003252,Email,U018,A01005,C004157,O0221,,2026-01-31,Bounced
ACT003253,Call,U018,A01005,C004157,O0221,,2026-03-27,Bounced
ACT003254,Call,U018,A01005,C004157,O0221,,2026-01-03,Bounced
ACT003255,Email,U015,A01005,C006046,O0221,,2026-04-08,Replied
ACT003256,Email,U018,A01005,C006046,O0221,,2026-02-28,Completed
ACT003257,Call,U015,A01005,C006046,O0221,,2026-01-22,Bounced
ACT003258,LinkedIn,U012,A01333,C003901,O0222,,2026-05-21,Bounced
ACT003259,LinkedIn,U009,A01333,C003635,O0222,,2026-04-29,Bounced
ACT003260,Call,U009,A01333,C006087,O0222,,2026-06-03,Meeting held
ACT003261,Email,U009,A01333,C003635,O0222,,2025-12-04,Meeting held
ACT003262,Email,U009,A01333,C003901,O0222,,2025-11-14,Completed
ACT003263,Meeting,U009,A01333,C003901,O0222,,2026-01-26,Bounced
ACT003264,Call,U009,A01333,C000899,O0222,,2026-02-01,No answer
ACT003265,Email,U018,A01113,C004292,O0223,,2025-12-16,Meeting held
ACT003266,Meeting,U015,A01113,C004292,O0223,,2025-10-11,Meeting held
ACT003267,Meeting,U018,A01113,C001603,O0223,,2025-11-21,Completed
ACT003268,LinkedIn,U015,A01113,C004292,O0223,,2025-09-18,Bounced
ACT003269,Email,U015,A01113,C001603,O0223,,2025-11-28,No answer
ACT003270,Meeting,U015,A01113,C002960,O0223,,2025-10-07,Meeting held
ACT003271,Meeting,U015,A01113,C001603,O0223,,2025-10-16,No answer
ACT003272,Call,U018,A01113,C004292,O0223,,2025-09-30,Bounced
ACT003273,Email,U015,A01113,C002960,O0223,,2025-12-20,No answer
ACT003274,LinkedIn,U015,A01113,C004292,O0223,,2025-11-02,Completed
ACT003275,Call,U015,A01113,C004292,O0223,,2025-10-28,Replied
ACT003276,Call,U015,A01113,C004292,O0223,,2025-10-06,Meeting held
ACT003277,Meeting,U018,A01113,C004292,O0223,,2025-09-10,No answer
ACT003278,Meeting,U018,A01113,C002960,O0223,,2025-09-18,Bounced
ACT003279,Meeting,U018,A01113,C004292,O0223,,2025-11-13,Meeting held
ACT003280,Email,U015,A01113,C001603,O0223,,2025-09-20,Meeting held
ACT003281,Meeting,U018,A01113,C001603,O0223,,2025-10-25,Meeting held
ACT003282,Call,U015,A01113,C002960,O0223,,2025-10-25,Bounced
ACT003283,LinkedIn,U018,A01113,C004292,O0223,,2025-11-29,Completed
ACT003284,Call,U018,A01113,C001603,O0223,,2025-10-31,Meeting held
ACT003285,Meeting,U015,A01113,C001603,O0223,,2025-09-23,Completed
ACT003286,Email,U018,A01113,C001603,O0223,,2025-11-27,Completed
ACT003287,Email,U018,A01113,C004292,O0223,,2025-09-18,Meeting held
ACT003288,Meeting,U018,A01113,C004292,O0223,,2025-09-26,No answer
ACT003289,Email,U018,A01153,C005503,O0224,,2026-06-09,No answer
ACT003290,Call,U018,A01153,C005503,O0224,,2026-04-27,Replied
ACT003291,Call,U018,A01153,C003164,O0224,,2026-05-15,Meeting held
ACT003292,Call,U015,A01153,C003164,O0224,,2026-05-08,Replied
ACT003293,Call,U006,A00007,C003511,O0225,,2025-08-30,Bounced
ACT003294,Meeting,U006,A00007,C005887,O0225,,2025-08-18,Meeting held
ACT003295,Call,U006,A00007,C005887,O0225,,2025-12-01,Completed
ACT003296,Email,U006,A00007,C003511,O0225,,2025-12-16,Replied
ACT003297,Email,U006,A00007,C005887,O0225,,2026-01-06,Bounced
ACT003298,Call,U002,A00007,C005887,O0225,,2025-11-01,Meeting held
ACT003299,Email,U006,A00007,C005887,O0225,,2025-08-28,Completed
ACT003300,Email,U006,A00007,C003511,O0225,,2025-08-13,Replied
ACT003301,Call,U002,A00007,C005887,O0225,,2025-10-17,No answer
ACT003302,Call,U006,A01648,C002180,O0226,,2026-03-05,Bounced
ACT003303,Email,U003,A01648,C001107,O0226,,2026-07-06,Bounced
ACT003304,Email,U006,A01648,C006989,O0226,,2026-03-20,Completed
ACT003305,Email,U003,A01648,C001122,O0226,,2026-01-29,Bounced
ACT003306,Meeting,U003,A01648,C001107,O0226,,2026-07-21,No answer
ACT003307,Email,U006,A01648,C003106,O0226,,2026-05-26,Completed
ACT003308,Call,U006,A01648,C002180,O0226,,2026-06-19,Completed
ACT003309,Email,U006,A01648,C001107,O0226,,2026-02-10,No answer
ACT003310,Meeting,U003,A01648,C001122,O0226,,2026-06-08,Bounced
ACT003311,Email,U002,A01020,C006602,O0227,,2026-09-27,Completed
ACT003312,Meeting,U006,A01020,C004513,O0227,,2026-08-25,No answer
ACT003313,Email,U006,A01020,C004513,O0227,,2026-08-12,Replied
ACT003314,Call,U002,A01020,C006575,O0227,,2026-08-25,Bounced
ACT003315,Email,U002,A01020,C006575,O0227,,2026-09-20,Bounced
ACT003316,Email,U006,A01020,C006575,O0227,,2026-09-15,Meeting held
ACT003317,Call,U002,A01020,C006575,O0227,,2026-08-27,Completed
ACT003318,Meeting,U006,A01020,C006602,O0227,,2026-08-21,No answer
ACT003319,Call,U006,A01020,C006044,O0227,,2026-10-05,Replied
ACT003320,Email,U006,A01020,C004513,O0227,,2026-08-17,Completed
ACT003321,Email,U002,A01020,C003867,O0227,,2026-08-14,Completed
ACT003322,Meeting,U002,A01020,C006044,O0227,,2026-08-27,Completed
ACT003323,Call,U002,A01020,C004910,O0227,,2026-08-26,No answer
ACT003324,Email,U006,A01020,C004910,O0227,,2026-08-25,No answer
ACT003325,LinkedIn,U006,A01020,C004513,O0227,,2026-09-15,No answer
ACT003326,Meeting,U006,A01020,C006575,O0227,,2026-09-11,Meeting held
ACT003327,Email,U002,A01020,C004910,O0227,,2026-08-30,Replied
ACT003328,Meeting,U006,A01020,C006575,O0227,,2026-09-13,Meeting held
ACT003329,Call,U006,A01020,C006575,O0227,,2026-08-25,No answer
ACT003330,Call,U012,A00850,C001296,O0228,,2025-09-13,Replied
ACT003331,Email,U012,A00850,C000253,O0228,,2025-11-12,Replied
ACT003332,Call,U009,A00850,C001296,O0228,,2025-08-06,Replied
ACT003333,Email,U012,A00850,C000253,O0228,,2025-08-24,No answer
ACT003334,LinkedIn,U012,A00850,C000253,O0228,,2025-09-27,Meeting held
ACT003335,Email,U012,A00850,C003786,O0228,,2025-07-01,Completed
ACT003336,Meeting,U009,A00850,C000253,O0228,,2025-09-28,No answer
ACT003337,Meeting,U009,A00850,C006338,O0228,,2025-06-11,Meeting held
ACT003338,Meeting,U009,A00850,C003786,O0228,,2025-07-04,Replied
ACT003339,Call,U012,A00850,C001296,O0228,,2025-09-08,Meeting held
ACT003340,Meeting,U009,A00850,C003786,O0228,,2025-09-24,Meeting held
ACT003341,Email,U006,A00448,C005470,O0229,,2026-09-09,Replied
ACT003342,Meeting,U002,A00448,C005470,O0229,,2026-08-29,Replied
ACT003343,Meeting,U002,A00448,C005470,O0229,,2026-09-06,Replied
ACT003344,Call,U002,A00448,C006613,O0229,,2026-08-31,Bounced
ACT003345,Email,U006,A00448,C005470,O0229,,2026-10-05,Meeting held
ACT003346,Email,U003,A01302,C005216,O0230,,2026-07-26,Completed
ACT003347,LinkedIn,U006,A01302,C004119,O0230,,2026-05-23,Meeting held
ACT003348,Call,U006,A01302,C004232,O0230,,2026-04-07,Meeting held
ACT003349,Call,U006,A01302,C005216,O0230,,2026-05-05,Bounced
ACT003350,Email,U003,A01302,C004119,O0230,,2026-05-16,Replied
ACT003351,Meeting,U003,A01302,C004232,O0230,,2026-04-12,Completed
ACT003352,Email,U003,A01302,C005216,O0230,,2026-04-19,Meeting held
ACT003353,Meeting,U006,A01302,C004119,O0230,,2026-04-04,Replied
ACT003354,Email,U003,A01302,C004119,O0230,,2026-05-15,No answer
ACT003355,Email,U006,A01302,C004232,O0230,,2026-07-23,Meeting held
ACT003356,Email,U006,A01302,C004232,O0230,,2026-06-06,Completed
ACT003357,LinkedIn,U006,A01302,C004119,O0230,,2026-07-10,No answer
ACT003358,Call,U006,A01302,C004232,O0230,,2026-07-16,No answer
ACT003359,Call,U003,A01302,C004232,O0230,,2026-05-25,No answer
ACT003360,Email,U006,A00976,C005527,O0231,,2026-02-17,Bounced
ACT003361,Call,U002,A00976,C001075,O0231,,2026-03-01,Meeting held
ACT003362,Email,U006,A00976,C001075,O0231,,2026-03-27,Replied
ACT003363,Call,U002,A00976,C003844,O0231,,2026-01-27,Completed
ACT003364,Email,U006,A00976,C001075,O0231,,2026-03-07,Replied
ACT003365,LinkedIn,U002,A00976,C003844,O0231,,2026-03-15,Meeting held
ACT003366,LinkedIn,U002,A00976,C001075,O0231,,2026-03-17,Bounced
ACT003367,Meeting,U012,A01396,C004459,O0232,,2025-10-22,Completed
ACT003368,LinkedIn,U012,A01396,C004459,O0232,,2025-12-12,Replied
ACT003369,Email,U009,A01396,C000219,O0232,,2025-12-13,Replied
ACT003370,Meeting,U009,A01396,C000219,O0232,,2026-01-01,No answer
ACT003371,Email,U012,A01396,C004459,O0232,,2026-03-21,Bounced
ACT003372,Email,U009,A01396,C004459,O0232,,2026-04-02,Meeting held
ACT003373,Meeting,U012,A01396,C005327,O0232,,2026-02-20,Meeting held
ACT003374,Call,U009,A01396,C005327,O0232,,2026-04-02,Bounced
ACT003375,Call,U012,A01396,C004459,O0232,,2026-04-05,No answer
ACT003376,Email,U012,A01396,C000219,O0232,,2025-10-17,Completed
ACT003377,Email,U009,A01396,C004459,O0232,,2025-12-20,No answer
ACT003378,Email,U009,A01396,C005327,O0232,,2026-02-25,Bounced
ACT003379,Email,U012,A01396,C004459,O0232,,2026-01-27,Completed
ACT003380,Email,U012,A01396,C005327,O0232,,2025-11-09,Completed
ACT003381,Call,U009,A01396,C005327,O0232,,2026-02-14,Bounced
ACT003382,Meeting,U012,A01396,C005327,O0232,,2025-11-22,No answer
ACT003383,Meeting,U012,A01396,C000219,O0232,,2025-12-29,Replied
ACT003384,Call,U012,A01396,C004459,O0232,,2025-11-15,Replied
ACT003385,Email,U009,A01396,C004459,O0232,,2025-11-13,Bounced
ACT003386,Email,U012,A01396,C000219,O0232,,2025-10-15,Bounced
ACT003387,Call,U006,A01235,C001359,O0233,,2026-02-15,Completed
ACT003388,Email,U002,A01235,C000250,O0233,,2026-07-25,Replied
ACT003389,Call,U002,A01235,C000250,O0233,,2026-07-23,Bounced
ACT003390,Call,U002,A01235,C000250,O0233,,2026-03-07,Bounced
ACT003391,Email,U002,A01235,C001359,O0233,,2026-03-11,Meeting held
ACT003392,Email,U006,A01235,C000250,O0233,,2026-06-23,Completed
ACT003393,Email,U006,A01235,C001359,O0233,,2026-08-09,No answer
ACT003394,LinkedIn,U006,A01235,C001359,O0233,,2026-03-08,Bounced
ACT003395,Meeting,U006,A01235,C000250,O0233,,2026-06-01,Bounced
ACT003396,Email,U002,A01235,C001359,O0233,,2026-01-17,Bounced
ACT003397,LinkedIn,U006,A01235,C000250,O0233,,2026-06-06,Bounced
ACT003398,Meeting,U002,A01235,C000250,O0233,,2026-01-27,Completed
ACT003399,LinkedIn,U006,A01235,C000250,O0233,,2026-05-13,Meeting held
ACT003400,Meeting,U002,A01235,C000250,O0233,,2026-06-06,Completed
ACT003401,Email,U018,A02008,C006920,O0234,,2026-06-25,Replied
ACT003402,Email,U018,A02008,C006920,O0234,,2026-03-15,No answer
ACT003403,Call,U014,A02008,C006920,O0234,,2026-04-30,No answer
ACT003404,Email,U014,A02008,C006920,O0234,,2026-06-25,Replied
ACT003405,Email,U014,A02008,C006920,O0234,,2026-06-06,Replied
ACT003406,Email,U014,A02008,C006920,O0234,,2026-06-19,No answer
ACT003407,Email,U014,A02008,C006920,O0234,,2026-02-26,Bounced
ACT003408,Email,U014,A02008,C006920,O0234,,2026-03-11,No answer
ACT003409,Call,U018,A02008,C006920,O0234,,2026-03-15,Completed
ACT003410,Call,U018,A02008,C006920,O0234,,2026-03-03,Meeting held
ACT003411,Email,U014,A02008,C006920,O0234,,2026-04-30,Meeting held
ACT003412,Meeting,U018,A02008,C006920,O0234,,2026-04-10,Completed
ACT003413,Email,U014,A02008,C006920,O0234,,2026-06-01,Replied
ACT003414,LinkedIn,U014,A02008,C006920,O0234,,2026-03-09,Replied
ACT003415,Call,U018,A02008,C006920,O0234,,2026-04-13,Completed
ACT003416,Call,U018,A02008,C006920,O0234,,2026-06-17,Replied
ACT003417,Email,U014,A02008,C006920,O0234,,2026-05-03,Replied
ACT003418,Meeting,U014,A02008,C006920,O0234,,2026-06-07,No answer
ACT003419,LinkedIn,U014,A02008,C006920,O0234,,2026-04-07,Meeting held
ACT003420,Email,U018,A02008,C006920,O0234,,2026-05-14,Replied
ACT003421,Email,U018,A02008,C006920,O0234,,2026-04-23,Completed
ACT003422,Email,U012,A00832,C003353,O0235,,2026-09-06,No answer
ACT003423,Call,U012,A00832,C003353,O0235,,2026-09-06,Replied
ACT003424,Email,U012,A00832,C001776,O0235,,2026-09-06,Meeting held
ACT003425,Email,U012,A00832,C001776,O0235,,2026-09-06,Replied
ACT003426,Meeting,U009,A00832,C002940,O0235,,2026-09-06,Meeting held
ACT003427,Email,U009,A00832,C002940,O0235,,2026-09-06,Meeting held
ACT003428,Email,U009,A00832,C001776,O0235,,2026-09-06,Replied
ACT003429,Meeting,U012,A00832,C005288,O0235,,2026-09-06,Replied
ACT003430,Email,U012,A00832,C003707,O0235,,2026-09-06,Meeting held
ACT003431,LinkedIn,U012,A00832,C003353,O0235,,2026-09-06,Replied
ACT003432,Meeting,U009,A00832,C005247,O0235,,2026-09-06,Meeting held
ACT003433,Email,U012,A00832,C003353,O0235,,2026-09-06,Meeting held
ACT003434,Email,U009,A00832,C002940,O0235,,2026-09-06,Bounced
ACT003435,Email,U009,A00832,C001776,O0235,,2026-09-06,Completed
ACT003436,Meeting,U009,A00832,C002940,O0235,,2026-09-06,Completed
ACT003437,LinkedIn,U009,A00832,C003353,O0235,,2026-09-06,No answer
ACT003438,LinkedIn,U012,A00832,C003353,O0235,,2026-09-06,No answer
ACT003439,Meeting,U009,A00832,C003353,O0235,,2026-09-06,Completed
ACT003440,LinkedIn,U012,A00832,C003353,O0235,,2026-09-06,Meeting held
ACT003441,LinkedIn,U009,A00832,C005247,O0235,,2026-09-06,Meeting held
ACT003442,Call,U012,A00832,C005288,O0235,,2026-09-06,Completed
ACT003443,Meeting,U012,A00832,C005247,O0235,,2026-09-06,Replied
ACT003444,Email,U009,A00832,C005288,O0235,,2026-09-06,Bounced
ACT003445,Email,U012,A00832,C005247,O0235,,2026-09-06,Replied
ACT003446,Email,U006,A01988,C004172,O0236,,2026-06-08,No answer
ACT003447,Meeting,U006,A01988,C004172,O0236,,2026-08-05,No answer
ACT003448,LinkedIn,U006,A01988,C004172,O0236,,2026-09-16,Bounced
ACT003449,Email,U002,A01988,C004911,O0236,,2026-08-17,No answer
ACT003450,Call,U002,A01147,,O0237,,2026-09-30,Bounced
ACT003451,LinkedIn,U006,A01147,,O0237,,2026-09-19,Meeting held
ACT003452,Call,U006,A01147,,O0237,,2026-10-04,Meeting held
ACT003453,Call,U002,A01147,,O0237,,2026-09-21,Replied
ACT003454,Meeting,U002,A01147,,O0237,,2026-10-04,Replied
ACT003455,Call,U002,A01147,,O0237,,2026-09-27,Bounced
ACT003456,Meeting,U006,A01147,,O0237,,2026-09-13,Completed
ACT003457,LinkedIn,U006,A01147,,O0237,,2026-09-16,Replied
ACT003458,Email,U006,A01147,,O0237,,2026-10-02,Bounced
ACT003459,Call,U006,A01147,,O0237,,2026-09-23,Completed
ACT003460,Call,U006,A01147,,O0237,,2026-09-19,Bounced
ACT003461,Call,U006,A01147,,O0237,,2026-10-02,Completed
ACT003462,LinkedIn,U002,A01147,,O0237,,2026-09-29,Completed
ACT003463,Email,U002,A01147,,O0237,,2026-09-22,Completed
ACT003464,Meeting,U002,A01147,,O0237,,2026-09-25,Replied
ACT003465,Email,U006,A01147,,O0237,,2026-09-30,Completed
ACT003466,Meeting,U006,A01147,,O0237,,2026-09-19,Completed
ACT003467,Meeting,U006,A01147,,O0237,,2026-10-05,Meeting held
ACT003468,LinkedIn,U008,A01034,C005354,O0238,,2026-05-04,Bounced
ACT003469,Meeting,U008,A01034,C005354,O0238,,2026-06-23,Completed
ACT003470,Email,U012,A01034,C004666,O0238,,2026-06-30,Completed
ACT003471,Email,U008,A01034,C006089,O0238,,2026-05-17,Meeting held
ACT003472,LinkedIn,U012,A01034,C004671,O0238,,2026-05-31,Completed
ACT003473,LinkedIn,U008,A01034,C005995,O0238,,2026-09-15,No answer
ACT003474,Email,U008,A01034,C004666,O0238,,2026-08-02,Replied
ACT003475,Email,U008,A01034,C004671,O0238,,2026-09-30,Replied
ACT003476,Email,U012,A01034,C004671,O0238,,2026-06-01,Bounced
ACT003477,Email,U012,A01034,C004671,O0238,,2026-04-24,Meeting held
ACT003478,Email,U008,A01034,C006849,O0238,,2026-06-20,Bounced
ACT003479,Email,U012,A01034,C006849,O0238,,2026-06-02,Replied
ACT003480,Email,U012,A01034,C004666,O0238,,2026-05-19,Bounced
ACT003481,Call,U012,A01034,C006849,O0238,,2026-08-14,Completed
ACT003482,Call,U008,A01034,C006849,O0238,,2026-09-01,Replied
ACT003483,Email,U008,A01034,C005354,O0238,,2026-06-12,Completed
ACT003484,LinkedIn,U012,A01034,C004671,O0238,,2026-05-23,No answer
ACT003485,Email,U012,A01034,C006089,O0238,,2026-06-29,Bounced
ACT003486,LinkedIn,U012,A01034,C004666,O0238,,2026-05-02,Bounced
ACT003487,Meeting,U012,A01306,C001049,O0239,,2026-09-23,Completed
ACT003488,Meeting,U008,A01306,C001049,O0239,,2026-10-06,Meeting held
ACT003489,Email,U012,A01306,C001049,O0239,,2026-09-21,Replied
ACT003490,Meeting,U012,A01306,C001049,O0239,,2026-10-06,No answer
ACT003491,Meeting,U008,A01306,C001049,O0239,,2026-10-02,No answer
ACT003492,Email,U008,A01306,C002154,O0239,,2026-09-18,Completed
ACT003493,Meeting,U008,A01306,C001049,O0239,,2026-10-01,No answer
ACT003494,Meeting,U012,A01306,C002154,O0239,,2026-10-06,Bounced
ACT003495,Email,U008,A01306,C000576,O0239,,2026-10-05,Completed
ACT003496,Email,U012,A01306,C000576,O0239,,2026-09-21,Replied
ACT003497,Email,U012,A01306,C000576,O0239,,2026-09-30,Bounced
ACT003498,Call,U008,A01306,C002154,O0239,,2026-09-24,Replied
ACT003499,Meeting,U012,A01306,C002154,O0239,,2026-09-24,Meeting held
ACT003500,Email,U012,A01306,C001049,O0239,,2026-10-02,Meeting held
ACT003501,Call,U012,A01306,C002154,O0239,,2026-09-30,Meeting held
ACT003502,Call,U008,A01306,C001049,O0239,,2026-09-27,No answer
ACT003503,Email,U012,A01306,C001049,O0239,,2026-09-30,Meeting held
ACT003504,Call,U012,A01306,C001049,O0239,,2026-09-22,No answer
ACT003505,Meeting,U002,A00448,C005470,O0240,,2026-07-03,Replied
ACT003506,LinkedIn,U006,A00448,C002238,O0240,,2026-03-27,Completed
ACT003507,LinkedIn,U006,A00448,C005470,O0240,,2026-05-05,No answer
ACT003508,Call,U002,A00448,C006613,O0240,,2026-08-02,Replied
ACT003509,LinkedIn,U006,A00448,C003161,O0240,,2026-01-09,No answer
ACT003510,Email,U002,A00448,C002238,O0240,,2026-06-18,Bounced
ACT003511,Meeting,U015,A01994,,O0241,,2025-10-31,No answer
ACT003512,Call,U015,A01994,,O0241,,2025-11-29,Meeting held
ACT003513,Call,U015,A01994,,O0241,,2025-06-17,Meeting held
ACT003514,Call,U015,A01994,,O0241,,2025-08-13,Meeting held
ACT003515,Email,U015,A01994,,O0241,,2025-10-30,Meeting held
ACT003516,Email,U015,A01994,,O0241,,2025-08-14,Completed
ACT003517,Call,U018,A01994,,O0241,,2025-06-15,Completed
ACT003518,Call,U015,A01994,,O0241,,2025-11-30,Replied
ACT003519,Email,U014,A01858,C001450,O0242,,2025-08-21,Bounced
ACT003520,Email,U014,A01858,C000797,O0242,,2026-01-02,Meeting held
ACT003521,Email,U014,A01858,C000797,O0242,,2025-11-13,Replied
ACT003522,Email,U018,A01858,C001450,O0242,,2025-12-17,Replied
ACT003523,Meeting,U018,A01858,C006963,O0242,,2025-10-07,No answer
ACT003524,Call,U018,A01858,C000797,O0242,,2025-09-12,Completed
ACT003525,Meeting,U014,A01858,C000797,O0242,,2025-12-12,Bounced
ACT003526,Meeting,U018,A01858,C006963,O0242,,2025-10-08,Bounced
ACT003527,LinkedIn,U018,A01858,C006963,O0242,,2025-10-21,No answer
ACT003528,Email,U018,A01858,C006963,O0242,,2025-12-24,Completed
ACT003529,Email,U018,A01858,C001450,O0242,,2025-08-30,Bounced
ACT003530,Email,U018,A01858,C001450,O0242,,2025-11-24,Completed
ACT003531,Call,U018,A01858,C006963,O0242,,2025-09-30,Completed
ACT003532,Call,U018,A01858,C001450,O0242,,2025-09-16,Meeting held
ACT003533,Email,U014,A01858,C000797,O0242,,2025-10-10,Completed
ACT003534,LinkedIn,U014,A01858,C000797,O0242,,2025-10-03,Replied
ACT003535,Call,U014,A01858,C006963,O0242,,2025-11-29,Replied
ACT003536,Call,U018,A01858,C006963,O0242,,2025-08-29,No answer
ACT003537,Call,U018,A01858,C001450,O0242,,2025-10-08,Completed
ACT003538,Email,U018,A01858,C001450,O0242,,2025-09-02,Bounced
ACT003539,Call,U018,A01858,C000797,O0242,,2025-08-07,Bounced
ACT003540,Meeting,U018,A01858,C006963,O0242,,2025-10-11,Bounced
ACT003541,Call,U018,A01858,C001450,O0242,,2025-09-23,Bounced
ACT003542,Call,U006,A01203,C002356,O0243,,2026-07-27,Completed
ACT003543,Call,U003,A01203,C002356,O0243,,2026-09-28,Replied
ACT003544,LinkedIn,U003,A01203,C002356,O0243,,2026-08-08,No answer
ACT003545,Call,U006,A01203,C005701,O0243,,2026-08-31,Completed
ACT003546,LinkedIn,U006,A01203,C005701,O0243,,2026-08-13,Replied
ACT003547,Call,U006,A01203,C002356,O0243,,2026-07-04,Meeting held
ACT003548,LinkedIn,U003,A01203,C005701,O0243,,2026-08-08,Meeting held
ACT003549,Meeting,U006,A01203,C002356,O0243,,2026-06-22,Bounced
ACT003550,Call,U003,A01203,C002356,O0243,,2026-08-16,Completed
ACT003551,Meeting,U003,A01203,C002356,O0243,,2026-06-22,Completed
ACT003552,Call,U003,A01203,C002356,O0243,,2026-09-14,No answer
ACT003553,Call,U003,A01203,C002356,O0243,,2026-08-11,Replied
ACT003554,Meeting,U003,A01203,C002356,O0243,,2026-06-20,Replied
ACT003555,Call,U006,A01203,C005701,O0243,,2026-05-11,No answer
ACT003556,Email,U003,A01203,C005701,O0243,,2026-07-14,Replied
ACT003557,Meeting,U006,A01203,C002356,O0243,,2026-06-03,Meeting held
ACT003558,Meeting,U006,A01203,C002356,O0243,,2026-08-13,Bounced
ACT003559,Call,U006,A01203,C002356,O0243,,2026-08-02,Bounced
ACT003560,Email,U003,A01203,C005701,O0243,,2026-05-15,Meeting held
ACT003561,Call,U002,A01957,C004443,O0244,,2026-07-24,Replied
ACT003562,Call,U006,A01957,C006348,O0244,,2026-07-24,No answer
ACT003563,Email,U006,A01957,C006348,O0244,,2026-06-26,No answer
ACT003564,Meeting,U006,A01957,C006348,O0244,,2026-07-05,No answer
ACT003565,Call,U002,A01957,C004443,O0244,,2026-06-14,Meeting held
ACT003566,Email,U002,A01957,C006348,O0244,,2026-07-19,Meeting held
ACT003567,Email,U002,A01957,C002303,O0244,,2026-08-04,Bounced
ACT003568,Call,U002,A01957,C002303,O0244,,2026-07-07,Meeting held
ACT003569,Meeting,U002,A01957,C004443,O0244,,2026-07-25,Replied
ACT003570,Email,U006,A01957,C002303,O0244,,2026-07-03,Meeting held
ACT003571,LinkedIn,U002,A01957,C004149,O0244,,2026-08-09,Bounced
ACT003572,LinkedIn,U006,A01957,C002303,O0244,,2026-07-15,Completed
ACT003573,Email,U014,A00723,C004474,O0245,,2025-09-22,No answer
ACT003574,Email,U018,A00723,C001517,O0245,,2025-10-02,No answer
ACT003575,Email,U014,A00723,C001517,O0245,,2025-08-08,No answer
ACT003576,Meeting,U014,A00723,C001139,O0245,,2025-12-21,No answer
ACT003577,Email,U018,A00723,C004474,O0245,,2025-10-02,Meeting held
ACT003578,LinkedIn,U018,A00723,C001139,O0245,,2025-10-22,No answer
ACT003579,Meeting,U014,A00723,C001707,O0245,,2026-01-04,Completed
ACT003580,Call,U018,A00723,C004474,O0245,,2025-12-15,No answer
ACT003581,Call,U018,A00723,C004474,O0245,,2025-11-07,Replied
ACT003582,Email,U018,A00723,C001707,O0245,,2025-11-16,Bounced
ACT003583,Meeting,U014,A00723,C001139,O0245,,2025-07-20,No answer
ACT003584,Call,U014,A00723,C001707,O0245,,2025-08-28,Bounced
ACT003585,Email,U014,A00723,C001517,O0245,,2025-12-06,No answer
ACT003586,Call,U014,A00723,C001707,O0245,,2025-08-04,No answer
ACT003587,Email,U008,A01090,C000594,O0246,,2026-06-28,Replied
ACT003588,Email,U008,A01090,C006719,O0246,,2026-07-07,Completed
ACT003589,LinkedIn,U012,A01090,C006719,O0246,,2026-09-28,No answer
ACT003590,Email,U008,A01090,C002439,O0246,,2026-06-23,Completed
ACT003591,Meeting,U012,A01090,C000594,O0246,,2026-07-26,Replied
ACT003592,Email,U012,A01090,C000594,O0246,,2026-09-24,No answer
ACT003593,Call,U008,A01090,C006719,O0246,,2026-06-07,No answer
ACT003594,Email,U008,A01090,C006719,O0246,,2026-08-28,Meeting held
ACT003595,Email,U008,A01090,C000594,O0246,,2026-07-10,No answer
ACT003596,Call,U008,A01090,C002439,O0246,,2026-08-01,Meeting held
ACT003597,Email,U012,A01090,C006719,O0246,,2026-07-29,Meeting held
ACT003598,Email,U008,A01090,C002439,O0246,,2026-05-29,Replied
ACT003599,Email,U012,A01090,C006719,O0246,,2026-04-25,Bounced
ACT003600,Email,U012,A01090,C006719,O0246,,2026-09-13,Meeting held
ACT003601,Meeting,U003,A01155,C002384,O0247,,2026-09-28,Replied
ACT003602,LinkedIn,U006,A01155,C002384,O0247,,2026-10-07,Meeting held
ACT003603,Meeting,U006,A01155,C002384,O0247,,2026-09-30,Replied
ACT003604,Email,U006,A01155,C002321,O0247,,2026-10-04,Completed
ACT003605,Call,U003,A01155,C003770,O0247,,2026-10-07,Meeting held
ACT003606,Call,U003,A01155,C002321,O0247,,2026-10-07,No answer
ACT003607,Call,U003,A01155,C000075,O0247,,2026-10-06,Meeting held
ACT003608,Meeting,U006,A01155,C002321,O0247,,2026-10-08,Meeting held
ACT003609,Call,U003,A01155,C002384,O0247,,2026-09-29,Replied
ACT003610,Email,U006,A01155,C002321,O0247,,2026-10-06,Bounced
ACT003611,Email,U003,A01155,C002321,O0247,,2026-09-30,No answer
ACT003612,LinkedIn,U003,A01155,C002384,O0247,,2026-10-02,Meeting held
ACT003613,Meeting,U006,A01155,C003770,O0247,,2026-10-08,Completed
ACT003614,Meeting,U003,A01155,C002384,O0247,,2026-10-04,No answer
ACT003615,Email,U006,A01155,C002321,O0247,,2026-10-05,Meeting held
ACT003616,Email,U006,A01155,C002321,O0247,,2026-09-28,Completed
ACT003617,LinkedIn,U003,A01155,C000075,O0247,,2026-10-03,Meeting held
ACT003618,LinkedIn,U006,A01155,C002384,O0247,,2026-09-29,Meeting held
ACT003619,Email,U006,A01155,C000075,O0247,,2026-09-28,Completed
ACT003620,Email,U003,A01155,C000075,O0247,,2026-10-04,Replied
ACT003621,Call,U003,A01155,C003770,O0247,,2026-10-02,Meeting held
ACT003622,Meeting,U018,A00607,C002818,O0248,,2026-08-28,Replied
ACT003623,LinkedIn,U018,A00607,C002818,O0248,,2026-09-05,Meeting held
ACT003624,Email,U015,A00607,C002818,O0248,,2026-08-22,Replied
ACT003625,Call,U015,A00607,C002818,O0248,,2026-09-29,Completed
ACT003626,Meeting,U018,A00607,C002818,O0248,,2026-09-27,Bounced
ACT003627,Meeting,U018,A00607,C002818,O0248,,2026-10-01,Completed
ACT003628,Call,U015,A00607,C002818,O0248,,2026-09-16,Bounced
ACT003629,Meeting,U015,A00607,C002818,O0248,,2026-08-13,Completed
ACT003630,Meeting,U018,A00607,C002818,O0248,,2026-09-01,No answer
ACT003631,Call,U018,A00607,C002818,O0248,,2026-08-14,Replied
ACT003632,Email,U015,A00607,C002818,O0248,,2026-07-23,Meeting held
ACT003633,Meeting,U018,A00607,C002818,O0248,,2026-07-23,Replied
ACT003634,Email,U018,A00607,C002818,O0248,,2026-09-02,Completed
ACT003635,Meeting,U018,A00607,C002818,O0248,,2026-08-27,Bounced
ACT003636,Email,U015,A00607,C002818,O0248,,2026-07-22,No answer
ACT003637,Email,U018,A00607,C002818,O0248,,2026-08-06,Bounced
ACT003638,Meeting,U015,A00607,C002818,O0248,,2026-07-25,Bounced
ACT003639,LinkedIn,U018,A00607,C002818,O0248,,2026-08-14,Completed
ACT003640,Email,U015,A00607,C002818,O0248,,2026-07-30,Meeting held
ACT003641,Call,U018,A00607,C002818,O0248,,2026-10-01,Replied
ACT003642,Meeting,U018,A00607,C002818,O0248,,2026-07-30,Completed
ACT003643,Meeting,U018,A00607,C002818,O0248,,2026-08-17,Meeting held
ACT003644,Email,U006,A00416,C001601,O0249,,2025-12-02,Replied
ACT003645,Email,U006,A00416,C001969,O0249,,2025-10-17,Completed
ACT003646,Email,U006,A00416,C006305,O0249,,2026-01-27,Replied
ACT003647,Email,U003,A00416,C001601,O0249,,2025-12-25,Completed
ACT003648,Email,U003,A00416,C001969,O0249,,2025-09-26,Bounced
ACT003649,Meeting,U006,A00416,C006305,O0249,,2025-12-29,Replied
ACT003650,Call,U006,A00416,C006305,O0249,,2025-10-13,Completed
ACT003651,Call,U003,A00416,C001969,O0249,,2026-01-15,Completed
ACT003652,Meeting,U006,A00416,C001969,O0249,,2025-11-02,Meeting held
ACT003653,Email,U003,A00416,C006305,O0249,,2026-01-26,Meeting held
ACT003654,Email,U006,A00416,C001969,O0249,,2026-01-21,Meeting held
ACT003655,Email,U006,A00416,C001969,O0249,,2025-11-11,Completed
ACT003656,Meeting,U006,A00416,C001969,O0249,,2025-11-30,Meeting held
ACT003657,Meeting,U003,A00416,C001601,O0249,,2025-12-21,Completed
ACT003658,LinkedIn,U006,A00416,C001601,O0249,,2025-09-26,Meeting held
ACT003659,Call,U006,A00416,C006305,O0249,,2025-10-16,Completed
ACT003660,Email,U006,A00416,C006305,O0249,,2026-01-11,Bounced
ACT003661,Meeting,U006,A00416,C006305,O0249,,2026-01-15,Completed
ACT003662,Email,U003,A00416,C001601,O0249,,2026-01-17,Bounced
ACT003663,Email,U006,A00416,C001601,O0249,,2025-11-23,No answer
ACT003664,Call,U006,A01647,C005115,O0250,,2026-10-02,Completed
ACT003665,Email,U003,A01647,C004663,O0250,,2026-09-06,Bounced
ACT003666,Meeting,U006,A01647,C006109,O0250,,2026-09-27,Completed
ACT003667,Call,U006,A01647,C001383,O0250,,2026-09-27,Meeting held
ACT003668,Email,U003,A01647,C004663,O0250,,2026-09-14,Meeting held
ACT003669,LinkedIn,U006,A01647,C001383,O0250,,2026-10-03,Bounced
ACT003670,Meeting,U006,A01647,C006479,O0250,,2026-09-15,No answer
ACT003671,Meeting,U006,A01647,C006109,O0250,,2026-09-19,No answer
ACT003672,Email,U003,A01647,C002686,O0250,,2026-09-17,No answer
ACT003673,Email,U003,A01647,C001383,O0250,,2026-09-17,Bounced
ACT003674,Email,U003,A01647,C004663,O0250,,2026-10-01,Bounced
ACT003675,Email,U003,A01647,C005115,O0250,,2026-09-20,No answer
ACT003676,Call,U006,A01647,C004391,O0250,,2026-09-23,No answer
ACT003677,Meeting,U006,A01647,C005115,O0250,,2026-10-03,Meeting held
ACT003678,Meeting,U006,A01647,C004391,O0250,,2026-08-29,Completed
ACT003679,Email,U014,A00039,C005957,O0251,,2025-10-01,Replied
ACT003680,LinkedIn,U014,A00039,C002268,O0251,,2025-08-10,Meeting held
ACT003681,Call,U014,A00039,C003888,O0251,,2025-07-31,Bounced
ACT003682,Email,U018,A00039,C002646,O0251,,2025-07-31,Bounced
ACT003683,Call,U014,A00039,C001058,O0251,,2025-10-20,No answer
ACT003684,Call,U012,A00140,C003398,O0252,,2026-07-18,Bounced
ACT003685,Meeting,U012,A00140,C003837,O0252,,2026-07-29,Bounced
ACT003686,Email,U012,A00140,C000666,O0252,,2026-08-15,Completed
ACT003687,Email,U012,A00140,C001424,O0252,,2026-09-07,Meeting held
ACT003688,Call,U012,A00140,C003837,O0252,,2026-09-23,Bounced
ACT003689,Meeting,U009,A00140,C003837,O0252,,2026-07-28,No answer
ACT003690,LinkedIn,U012,A00140,C001424,O0252,,2026-09-19,Completed
ACT003691,Call,U009,A00140,C003837,O0252,,2026-07-12,Completed
ACT003692,Email,U012,A00140,C000666,O0252,,2026-10-07,Bounced
ACT003693,Meeting,U012,A00140,C001424,O0252,,2026-09-24,No answer
ACT003694,Call,U012,A00140,C003398,O0252,,2026-07-20,Bounced
ACT003695,Call,U009,A00140,C003398,O0252,,2026-08-01,Completed
ACT003696,Meeting,U009,A00140,C003398,O0252,,2026-09-02,Replied
ACT003697,Call,U012,A00140,C000666,O0252,,2026-07-31,No answer
ACT003698,Email,U009,A00140,C000666,O0252,,2026-08-31,Replied
ACT003699,LinkedIn,U012,A00140,C003837,O0252,,2026-10-07,Meeting held
ACT003700,Meeting,U009,A00140,C000666,O0252,,2026-08-19,Meeting held
ACT003701,Call,U009,A00140,C000666,O0252,,2026-09-11,Completed
ACT003702,Email,U012,A00140,C000666,O0252,,2026-07-27,Meeting held
ACT003703,Meeting,U018,A01136,C002647,O0253,,2026-09-27,Bounced
ACT003704,LinkedIn,U014,A01136,C003795,O0253,,2026-06-09,Replied
ACT003705,Email,U018,A01136,C002647,O0253,,2026-08-08,Meeting held
ACT003706,LinkedIn,U014,A01136,C003795,O0253,,2026-06-26,Replied
ACT003707,Meeting,U014,A01136,C003795,O0253,,2026-08-25,Completed
ACT003708,Email,U018,A01136,C003795,O0253,,2026-05-28,Bounced
ACT003709,Email,U014,A01136,C002579,O0253,,2026-06-22,Bounced
ACT003710,Email,U014,A01136,C003795,O0253,,2026-05-21,No answer
ACT003711,Call,U018,A01029,C006487,O0254,,2025-07-24,No answer
ACT003712,LinkedIn,U018,A01029,C000921,O0254,,2025-10-09,Completed
ACT003713,Email,U018,A01029,C006487,O0254,,2025-11-13,Meeting held
ACT003714,Call,U018,A01029,C000921,O0254,,2025-11-25,No answer
ACT003715,Email,U018,A01029,C000921,O0254,,2025-10-01,Replied
ACT003716,LinkedIn,U018,A01029,C006487,O0254,,2025-06-21,Replied
ACT003717,Call,U018,A01029,C003291,O0254,,2025-08-17,Completed
ACT003718,Email,U018,A01029,C006487,O0254,,2025-08-19,Replied
ACT003719,Email,U018,A01029,C003291,O0254,,2025-08-24,Replied
ACT003720,Email,U015,A01029,C000921,O0254,,2025-08-15,Bounced
ACT003721,Email,U015,A01029,C003291,O0254,,2025-09-16,No answer
ACT003722,Meeting,U015,A01029,C003291,O0254,,2025-07-14,Bounced
ACT003723,Email,U015,A01029,C006487,O0254,,2025-10-21,Bounced
ACT003724,Meeting,U018,A01029,C006487,O0254,,2025-07-31,Replied
ACT003725,Call,U012,A00498,C005368,O0255,,2025-10-06,No answer
ACT003726,Call,U012,A00498,C005632,O0255,,2025-07-09,Completed
ACT003727,Email,U012,A00498,C000070,O0255,,2025-09-16,Bounced
ACT003728,Email,U012,A00498,C005368,O0255,,2025-09-26,Meeting held
ACT003729,Email,U008,A00498,C000070,O0255,,2025-08-03,Replied
ACT003730,Email,U008,A00498,C000070,O0255,,2025-06-19,Replied
ACT003731,Email,U008,A00498,C005632,O0255,,2025-08-12,Replied
ACT003732,Call,U008,A00498,C000070,O0255,,2025-07-19,Meeting held
ACT003733,Email,U008,A00498,C005632,O0255,,2025-09-25,Bounced
ACT003734,Call,U012,A00498,C000070,O0255,,2025-10-13,Replied
ACT003735,Email,U012,A00498,C000070,O0255,,2025-06-04,Replied
ACT003736,Email,U008,A00498,C005632,O0255,,2025-10-12,Meeting held
ACT003737,LinkedIn,U008,A00498,C005632,O0255,,2025-09-21,Replied
ACT003738,Call,U008,A00498,C000070,O0255,,2025-10-15,Bounced
ACT003739,Email,U012,A00498,C005368,O0255,,2025-08-16,Replied
ACT003740,Email,U008,A00498,C000070,O0255,,2025-10-15,No answer
ACT003741,Email,U008,A00498,C000070,O0255,,2025-11-02,Completed
ACT003742,Call,U008,A00498,C005368,O0255,,2025-09-19,No answer
ACT003743,Call,U012,A00498,C000070,O0255,,2025-11-09,Replied
ACT003744,Meeting,U012,A00498,C005368,O0255,,2025-09-29,Bounced
ACT003745,Email,U012,A00498,C005632,O0255,,2025-07-06,Replied
ACT003746,Call,U008,A00498,C000070,O0255,,2025-07-20,Meeting held
ACT003747,Email,U008,A00498,C005632,O0255,,2025-11-11,Completed
ACT003748,Meeting,U008,A00498,C005632,O0255,,2025-06-19,No answer
ACT003749,Email,U015,A01757,C000878,O0256,,2026-07-21,Meeting held
ACT003750,Call,U018,A01757,C000343,O0256,,2026-08-10,Bounced
ACT003751,Call,U015,A01757,C000343,O0256,,2026-09-26,No answer
ACT003752,Email,U015,A01757,C000878,O0256,,2026-08-19,Replied
ACT003753,Meeting,U018,A01757,C000343,O0256,,2026-07-24,No answer
ACT003754,Call,U015,A01757,C000878,O0256,,2026-09-28,Replied
ACT003755,LinkedIn,U018,A01757,C000878,O0256,,2026-08-19,Bounced
ACT003756,Email,U015,A01757,C000343,O0256,,2026-09-05,Replied
ACT003757,Email,U018,A01757,C000343,O0256,,2026-09-29,Bounced
ACT003758,LinkedIn,U015,A01757,C000343,O0256,,2026-08-25,No answer
ACT003759,Meeting,U015,A01757,C000343,O0256,,2026-09-22,No answer
ACT003760,Email,U018,A01757,C000878,O0256,,2026-07-20,Replied
ACT003761,Call,U018,A01757,C000343,O0256,,2026-09-28,Replied
ACT003762,Email,U015,A01757,C000343,O0256,,2026-07-14,Replied
ACT003763,Email,U015,A01757,C000343,O0256,,2026-10-05,Replied
ACT003764,Email,U018,A01757,C000878,O0256,,2026-09-19,Meeting held
ACT003765,Email,U015,A01757,C000343,O0256,,2026-07-12,Bounced
ACT003766,Meeting,U018,A01757,C000343,O0256,,2026-08-11,Completed
ACT003767,Email,U018,A01757,C000878,O0256,,2026-08-26,Bounced
ACT003768,Call,U015,A01757,C000878,O0256,,2026-09-22,Completed
ACT003769,Email,U015,A01757,C000878,O0256,,2026-09-20,Completed
ACT003770,Call,U018,A01757,C000878,O0256,,2026-07-26,Meeting held
ACT003771,Email,U003,A00852,C006959,O0257,,2026-05-10,Meeting held
ACT003772,Call,U003,A00852,C000745,O0257,,2026-06-21,Meeting held
ACT003773,Email,U003,A00852,C000745,O0257,,2026-08-29,Completed
ACT003774,Call,U003,A00852,C000597,O0257,,2026-06-17,Completed
ACT003775,Call,U006,A00852,C000745,O0257,,2026-05-11,Bounced
ACT003776,Email,U006,A00852,C000745,O0257,,2026-06-10,Completed
ACT003777,Email,U006,A00852,C006959,O0257,,2026-08-10,Bounced
ACT003778,Email,U003,A00852,C000745,O0257,,2026-06-13,No answer
ACT003779,Meeting,U006,A00852,C003520,O0257,,2026-09-26,Completed
ACT003780,Call,U003,A00852,C000745,O0257,,2026-08-27,Replied
ACT003781,Email,U006,A00852,C003520,O0257,,2026-08-16,Completed
ACT003782,Email,U003,A00852,C003520,O0257,,2026-07-20,No answer
ACT003783,Email,U003,A00852,C000597,O0257,,2026-04-25,Meeting held
ACT003784,Call,U006,A00852,C006959,O0257,,2026-07-18,Bounced
ACT003785,Email,U003,A00852,C000745,O0257,,2026-04-24,Meeting held
ACT003786,Email,U003,A00852,C006959,O0257,,2026-05-29,Bounced
ACT003787,Meeting,U003,A00852,C006959,O0257,,2026-08-01,Bounced
ACT003788,Email,U006,A00852,C000597,O0257,,2026-09-11,Meeting held
ACT003789,Email,U006,A00852,C000745,O0257,,2026-07-12,Completed
ACT003790,Call,U003,A00852,C003520,O0257,,2026-09-23,Completed
ACT003791,Email,U003,A00852,C003520,O0257,,2026-09-06,Meeting held
ACT003792,Email,U003,A00852,C000745,O0257,,2026-09-13,Completed
ACT003793,Email,U006,A00852,C006959,O0257,,2026-08-06,Replied
ACT003794,Email,U006,A01925,C003671,O0258,,2026-09-06,No answer
ACT003795,Email,U006,A01925,C003671,O0258,,2026-08-29,No answer
ACT003796,Call,U002,A01925,C003671,O0258,,2026-07-23,Bounced
ACT003797,Email,U002,A01925,C003671,O0258,,2026-09-27,Bounced
ACT003798,Email,U006,A01925,C003671,O0258,,2026-09-25,Replied
ACT003799,Email,U002,A01925,C003671,O0258,,2026-09-15,Bounced
ACT003800,Call,U002,A01925,C003671,O0258,,2026-09-17,Replied
ACT003801,Meeting,U006,A01925,C003671,O0258,,2026-09-22,Completed
ACT003802,Email,U002,A01925,C003671,O0258,,2026-08-04,No answer
ACT003803,Meeting,U006,A01925,C003671,O0258,,2026-08-30,Bounced
ACT003804,Meeting,U002,A01925,C003671,O0258,,2026-09-17,Replied
ACT003805,Meeting,U006,A01925,C003671,O0258,,2026-09-09,No answer
ACT003806,Call,U006,A01925,C003671,O0258,,2026-09-15,Bounced
ACT003807,Email,U006,A01925,C003671,O0258,,2026-08-28,Meeting held
ACT003808,Meeting,U002,A01925,C003671,O0258,,2026-08-28,Bounced
ACT003809,Call,U002,A01925,C003671,O0258,,2026-09-12,Meeting held
ACT003810,Email,U002,A01925,C003671,O0258,,2026-08-05,Bounced
ACT003811,Email,U002,A01925,C003671,O0258,,2026-09-20,No answer
ACT003812,Email,U006,A01925,C003671,O0258,,2026-09-28,Replied
ACT003813,Call,U002,A01925,C003671,O0258,,2026-09-06,Replied
ACT003814,Meeting,U006,A01925,C003671,O0258,,2026-10-01,Bounced
ACT003815,Email,U002,A01925,C003671,O0258,,2026-09-23,Bounced
ACT003816,Call,U002,A01925,C003671,O0258,,2026-10-05,Bounced
ACT003817,LinkedIn,U002,A01925,C003671,O0258,,2026-08-10,Replied
ACT003818,Call,U002,A01816,C001729,O0259,,2025-11-22,Bounced
ACT003819,Email,U002,A01816,C003083,O0259,,2025-11-13,Completed
ACT003820,Email,U006,A01816,C001729,O0259,,2025-12-27,Completed
ACT003821,Email,U006,A01816,C003083,O0259,,2025-09-15,No answer
ACT003822,Email,U002,A01816,C003083,O0259,,2025-11-13,Meeting held
ACT003823,Email,U002,A01816,C001729,O0259,,2025-09-18,Replied
ACT003824,Call,U006,A01816,C003083,O0259,,2025-09-04,No answer
ACT003825,Call,U002,A01211,C001578,O0260,,2026-01-10,Replied
ACT003826,Email,U002,A01211,C001578,O0260,,2026-01-06,Bounced
ACT003827,Call,U002,A01211,C000371,O0260,,2026-02-14,Meeting held
ACT003828,LinkedIn,U006,A01211,C003728,O0260,,2026-03-12,Completed
ACT003829,Meeting,U002,A01211,C001578,O0260,,2026-02-15,No answer
ACT003830,Meeting,U002,A01211,C001578,O0260,,2026-02-08,Meeting held
ACT003831,Email,U002,A01211,C003728,O0260,,2026-05-05,No answer
ACT003832,Call,U002,A01211,C000371,O0260,,2026-02-15,Bounced
ACT003833,Call,U006,A01211,C000371,O0260,,2026-03-20,Meeting held
ACT003834,Email,U006,A01211,C003728,O0260,,2026-05-10,Meeting held
ACT003835,Meeting,U002,A01211,C003728,O0260,,2026-01-28,Meeting held
ACT003836,Email,U006,A01211,C000371,O0260,,2026-03-22,Bounced
ACT003837,Email,U002,A01211,C001578,O0260,,2026-02-28,Bounced
ACT003838,Call,U002,A01211,C000371,O0260,,2026-04-09,Bounced
ACT003839,Meeting,U006,A01211,C000371,O0260,,2026-01-11,Meeting held
ACT003840,Email,U002,A01211,C000371,O0260,,2026-01-16,Meeting held
ACT003841,LinkedIn,U002,A01211,C001578,O0260,,2026-02-15,Completed
ACT003842,Call,U002,A01211,C000371,O0260,,2026-02-21,Completed
ACT003843,Meeting,U006,A01211,C000371,O0260,,2026-05-05,Bounced
ACT003844,Email,U006,A01211,C000371,O0260,,2026-05-01,Meeting held
ACT003845,Email,U003,A00844,C004670,O0261,,2026-01-10,Completed
ACT003846,Call,U006,A00844,C001644,O0261,,2025-12-19,Bounced
ACT003847,Email,U003,A00844,C001644,O0261,,2026-01-19,Bounced
ACT003848,LinkedIn,U006,A00844,C005492,O0261,,2026-02-13,Replied
ACT003849,Call,U006,A00844,C004670,O0261,,2026-01-05,Completed
ACT003850,Email,U015,A01771,C004539,O0262,,2026-09-18,Meeting held
ACT003851,Email,U018,A01771,C002436,O0262,,2026-07-26,Replied
ACT003852,Meeting,U018,A01771,C004539,O0262,,2026-08-18,No answer
ACT003853,Email,U015,A01771,C004539,O0262,,2026-07-14,No answer
ACT003854,LinkedIn,U015,A01771,C004539,O0262,,2026-08-13,Replied
ACT003855,Meeting,U015,A01771,C002436,O0262,,2026-07-20,No answer
ACT003856,Email,U015,A01771,C004539,O0262,,2026-08-07,Bounced
ACT003857,Meeting,U015,A01771,C002436,O0262,,2026-09-16,Completed
ACT003858,Email,U018,A01771,C004229,O0262,,2026-08-09,Replied
ACT003859,Email,U018,A01771,C002436,O0262,,2026-07-28,Completed
ACT003860,Email,U018,A01771,C004539,O0262,,2026-07-22,Meeting held
ACT003861,Call,U018,A01771,C002436,O0262,,2026-09-17,Meeting held
ACT003862,Meeting,U018,A01771,C002436,O0262,,2026-10-04,No answer
ACT003863,LinkedIn,U003,A01668,C006914,O0263,,2026-09-26,Completed
ACT003864,Meeting,U006,A01668,C006914,O0263,,2026-09-28,Meeting held
ACT003865,Call,U006,A01668,C000226,O0263,,2026-09-22,Completed
ACT003866,Email,U006,A01668,C000226,O0263,,2026-09-20,Meeting held
ACT003867,Email,U003,A01668,C000226,O0263,,2026-09-27,Bounced
ACT003868,Call,U003,A01668,C000226,O0263,,2026-09-20,Meeting held
ACT003869,Email,U006,A01668,C006914,O0263,,2026-09-27,No answer
ACT003870,Email,U006,A01668,C006914,O0263,,2026-09-20,Replied
ACT003871,Email,U003,A01668,C006914,O0263,,2026-09-30,Bounced
ACT003872,Email,U003,A01668,C006914,O0263,,2026-10-02,Bounced
ACT003873,Call,U003,A01668,C000226,O0263,,2026-09-21,Completed
ACT003874,Call,U003,A01668,C000226,O0263,,2026-10-03,Completed
ACT003875,LinkedIn,U006,A01668,C000226,O0263,,2026-09-22,Meeting held
ACT003876,Meeting,U003,A01668,C006914,O0263,,2026-09-27,Replied
ACT003877,Meeting,U006,A01668,C000226,O0263,,2026-10-03,No answer
ACT003878,Meeting,U003,A01668,C000226,O0263,,2026-10-08,Meeting held
ACT003879,Meeting,U003,A01668,C006914,O0263,,2026-09-23,Bounced
ACT003880,Email,U003,A01668,C006914,O0263,,2026-10-03,Completed
ACT003881,Call,U006,A01668,C006914,O0263,,2026-09-29,Replied
ACT003882,Meeting,U006,A01668,C006914,O0263,,2026-09-22,Bounced
ACT003883,LinkedIn,U006,A01668,C006914,O0263,,2026-10-07,Meeting held
ACT003884,LinkedIn,U018,A01591,C002619,O0264,,2026-09-30,Meeting held
ACT003885,Meeting,U018,A01591,C003357,O0264,,2026-09-30,Bounced
ACT003886,Email,U014,A01591,C003357,O0264,,2026-09-22,Replied
ACT003887,LinkedIn,U014,A01591,C004669,O0264,,2026-10-06,Replied
ACT003888,Email,U014,A01591,C004669,O0264,,2026-09-26,Replied
ACT003889,Call,U018,A01591,C003357,O0264,,2026-10-07,Replied
ACT003890,Meeting,U018,A01591,C002619,O0264,,2026-09-28,Bounced
ACT003891,Email,U014,A01591,C004669,O0264,,2026-09-25,No answer
ACT003892,Email,U014,A01591,C005489,O0264,,2026-09-21,Replied
ACT003893,Email,U018,A01591,C000114,O0264,,2026-10-07,Bounced
ACT003894,Meeting,U012,A01579,C005814,O0265,,2026-07-30,No answer
ACT003895,LinkedIn,U012,A01579,C004766,O0265,,2026-07-29,No answer
ACT003896,LinkedIn,U008,A01579,C004766,O0265,,2026-08-29,Meeting held
ACT003897,Call,U012,A01579,C004766,O0265,,2026-08-29,Replied
ACT003898,Call,U008,A01579,C005814,O0265,,2026-08-30,Meeting held
ACT003899,Call,U012,A01579,C006255,O0265,,2026-08-28,Completed
ACT003900,Email,U008,A01579,C005814,O0265,,2026-08-24,Bounced
ACT003901,Email,U008,A01579,C006255,O0265,,2026-08-02,Replied
ACT003902,Call,U012,A01579,C004766,O0265,,2026-08-03,Completed
ACT003903,LinkedIn,U008,A01579,C006255,O0265,,2026-08-31,Replied
ACT003904,LinkedIn,U008,A01579,C005814,O0265,,2026-08-20,No answer
ACT003905,Email,U008,A01579,C004766,O0265,,2026-08-17,Completed
ACT003906,Call,U012,A01579,C005814,O0265,,2026-08-30,Bounced
ACT003907,Email,U008,A01579,C004766,O0265,,2026-08-27,Replied
ACT003908,Call,U008,A01579,C005814,O0265,,2026-08-03,Replied
ACT003909,LinkedIn,U008,A01579,C004766,O0265,,2026-07-31,Bounced
ACT003910,Call,U012,A01579,C004766,O0265,,2026-08-03,Meeting held
ACT003911,Meeting,U012,A01579,C006255,O0265,,2026-08-23,Replied
ACT003912,LinkedIn,U008,A01579,C006255,O0265,,2026-07-31,Meeting held
ACT003913,Email,U008,A01579,C005814,O0265,,2026-08-07,No answer
ACT003914,Email,U012,A01579,C006255,O0265,,2026-08-25,No answer
ACT003915,Meeting,U008,A01579,C005814,O0265,,2026-08-29,Replied
ACT003916,Call,U012,A01579,C004766,O0265,,2026-08-03,No answer
ACT003917,Email,U006,A01710,C001939,O0266,,2025-08-28,Completed
ACT003918,Call,U006,A01710,C002942,O0266,,2025-10-12,Completed
ACT003919,Email,U006,A01710,C001939,O0266,,2025-11-21,Replied
ACT003920,Email,U006,A01710,C003325,O0266,,2025-06-27,Completed
ACT003921,Email,U003,A01710,C005491,O0266,,2025-06-12,Meeting held
ACT003922,Call,U006,A01710,C001939,O0266,,2025-09-17,Bounced
ACT003923,Email,U003,A01710,C003325,O0266,,2025-09-25,Replied
ACT003924,LinkedIn,U015,A01696,C005187,O0267,,2025-07-11,Completed
ACT003925,Email,U018,A01696,C005187,O0267,,2025-11-07,Bounced
ACT003926,Call,U018,A01696,C005274,O0267,,2025-09-19,Replied
ACT003927,Email,U015,A01696,C000800,O0267,,2025-12-14,Meeting held
ACT003928,Meeting,U015,A01696,C005187,O0267,,2025-08-28,Completed
ACT003929,Email,U018,A01696,C005504,O0267,,2025-08-29,No answer
ACT003930,Meeting,U015,A01696,C005187,O0267,,2025-07-30,Replied
ACT003931,Call,U018,A01696,C005187,O0267,,2025-08-24,Completed
ACT003932,Email,U015,A01696,C000800,O0267,,2025-09-03,Replied
ACT003933,LinkedIn,U018,A01696,C004568,O0267,,2025-09-14,No answer
ACT003934,LinkedIn,U018,A01696,C005504,O0267,,2025-09-10,Bounced
ACT003935,LinkedIn,U015,A01696,C005187,O0267,,2025-09-24,No answer
ACT003936,Email,U015,A01696,C005187,O0267,,2025-09-15,No answer
ACT003937,Call,U018,A01696,C004568,O0267,,2025-07-07,Completed
ACT003938,Email,U015,A01696,C000800,O0267,,2025-10-26,Replied
ACT003939,Email,U015,A01696,C004568,O0267,,2025-07-31,Bounced
ACT003940,Email,U018,A01696,C005274,O0267,,2025-10-19,No answer
ACT003941,Email,U018,A01696,C005187,O0267,,2025-08-16,Bounced
ACT003942,Meeting,U015,A01696,C004568,O0267,,2025-09-22,Completed
ACT003943,Call,U018,A01696,C005187,O0267,,2025-08-07,Replied
ACT003944,Meeting,U015,A01696,C000800,O0267,,2025-09-19,Replied
ACT003945,Email,U015,A01696,C005187,O0267,,2025-09-06,No answer
ACT003946,LinkedIn,U015,A01696,C000800,O0267,,2025-07-18,Replied
ACT003947,Meeting,U006,A00433,C005939,O0268,,2026-09-04,Bounced
ACT003948,Call,U006,A00433,C006460,O0268,,2026-09-02,Replied
ACT003949,Call,U002,A00433,C005939,O0268,,2026-09-03,Meeting held
ACT003950,Email,U006,A00433,C006460,O0268,,2026-08-30,Replied
ACT003951,Email,U002,A00433,C005939,O0268,,2026-09-05,Replied
ACT003952,Email,U006,A00433,C006460,O0268,,2026-08-30,Meeting held
ACT003953,Meeting,U002,A00433,C006460,O0268,,2026-09-01,No answer
ACT003954,Email,U006,A00433,C006460,O0268,,2026-09-05,Replied
ACT003955,LinkedIn,U006,A00433,C005939,O0268,,2026-09-03,Meeting held
ACT003956,Email,U002,A00433,C005939,O0268,,2026-08-30,Meeting held
ACT003957,Call,U002,A00433,C005939,O0268,,2026-09-01,Meeting held
ACT003958,Call,U006,A00433,C005939,O0268,,2026-09-03,No answer
ACT003959,Call,U002,A00433,C005939,O0268,,2026-08-31,Meeting held
ACT003960,Email,U002,A00433,C006460,O0268,,2026-09-01,Replied
ACT003961,Call,U002,A00433,C006460,O0268,,2026-08-30,Meeting held
ACT003962,Email,U002,A00433,C006460,O0268,,2026-08-31,Replied
ACT003963,Meeting,U002,A00433,C005939,O0268,,2026-09-04,Bounced
ACT003964,Email,U006,A00433,C005939,O0268,,2026-09-04,No answer
ACT003965,Call,U002,A00433,C006460,O0268,,2026-09-04,No answer
ACT003966,LinkedIn,U002,A00433,C005939,O0268,,2026-09-05,Meeting held
ACT003967,Meeting,U002,A00433,C005939,O0268,,2026-09-04,Completed
ACT003968,Email,U006,A00433,C006460,O0268,,2026-09-04,Meeting held
ACT003969,Email,U006,A00433,C006460,O0268,,2026-09-02,Meeting held
ACT003970,Meeting,U006,A00433,C005939,O0268,,2026-08-31,Meeting held
ACT003971,Email,U009,A00428,C004778,O0269,,2025-08-14,Completed
ACT003972,Email,U009,A00428,C004778,O0269,,2025-09-12,Replied
ACT003973,Email,U009,A00428,C002016,O0269,,2025-07-30,Bounced
ACT003974,Meeting,U012,A00428,C002016,O0269,,2025-06-16,No answer
ACT003975,LinkedIn,U012,A00428,C000167,O0269,,2025-07-19,No answer
ACT003976,Email,U012,A00428,C000167,O0269,,2025-08-09,Bounced
ACT003977,Call,U009,A00428,C002016,O0269,,2025-06-13,Bounced
ACT003978,Call,U006,A00756,C001530,O0270,,2025-05-27,Completed
ACT003979,Call,U003,A00756,C005679,O0270,,2025-10-29,Replied
ACT003980,Email,U006,A00756,C001530,O0270,,2025-08-21,Bounced
ACT003981,LinkedIn,U006,A00756,C002261,O0270,,2025-07-14,No answer
ACT003982,Call,U003,A00756,C001530,O0270,,2025-10-27,Bounced
ACT003983,Email,U006,A00756,C001530,O0270,,2025-06-07,Replied
ACT003984,Call,U003,A00756,C002261,O0270,,2025-09-19,Completed
ACT003985,Email,U006,A00756,C003701,O0270,,2025-08-21,Completed
ACT003986,Email,U003,A00756,C005008,O0270,,2025-12-29,Bounced
ACT003987,LinkedIn,U003,A00756,C005679,O0270,,2025-11-16,Meeting held
ACT003988,Email,U003,A00756,C002261,O0270,,2025-07-07,Replied
ACT003989,Call,U006,A00756,C005679,O0270,,2025-08-18,Meeting held
ACT003990,LinkedIn,U006,A00756,C005008,O0270,,2025-05-25,No answer
ACT003991,Call,U006,A00756,C002261,O0270,,2025-12-16,Replied
ACT003992,Call,U003,A00756,C001530,O0270,,2025-12-04,Completed
ACT003993,Email,U003,A00756,C002261,O0270,,2025-10-03,Completed
ACT003994,Email,U002,A00651,C000091,O0271,,2026-08-15,Replied
ACT003995,LinkedIn,U002,A00651,C000091,O0271,,2026-09-07,Completed
ACT003996,Call,U002,A00651,C002338,O0271,,2026-06-08,Meeting held
ACT003997,Call,U002,A00651,C000091,O0271,,2026-08-10,Meeting held
ACT003998,LinkedIn,U006,A00651,C000091,O0271,,2026-08-21,Bounced
ACT003999,LinkedIn,U006,A00651,C005538,O0271,,2026-07-15,Replied
ACT004000,Email,U006,A00651,C005538,O0271,,2026-08-06,No answer
ACT004001,Email,U002,A00651,C002338,O0271,,2026-06-14,Completed
ACT004002,Call,U002,A00651,C000091,O0271,,2026-07-30,No answer
ACT004003,Email,U006,A00651,C005538,O0271,,2026-10-01,Completed
ACT004004,Email,U002,A00651,C005538,O0271,,2026-06-26,No answer
ACT004005,Call,U006,A00651,C005538,O0271,,2026-08-31,No answer
ACT004006,Call,U002,A00651,C005538,O0271,,2026-08-06,Bounced
ACT004007,Meeting,U002,A00651,C005538,O0271,,2026-09-04,Meeting held
ACT004008,Email,U002,A00651,C005538,O0271,,2026-09-22,Completed
ACT004009,Meeting,U002,A00651,C005538,O0271,,2026-09-22,Completed
ACT004010,Meeting,U002,A00651,C005538,O0271,,2026-06-28,Replied
ACT004011,Meeting,U002,A00651,C000091,O0271,,2026-06-26,Completed
ACT004012,Email,U002,A00651,C002338,O0271,,2026-06-13,Bounced
ACT004013,Email,U002,A00651,C000091,O0271,,2026-07-04,Replied
ACT004014,Email,U002,A00651,C002338,O0271,,2026-07-29,Replied
ACT004015,Email,U002,A00651,C005538,O0271,,2026-09-19,Completed
ACT004016,Email,U014,A00355,C005340,O0272,,2026-08-07,Bounced
ACT004017,Email,U018,A00355,C005740,O0272,,2026-08-22,No answer
ACT004018,Call,U014,A00355,C004170,O0272,,2026-07-19,Meeting held
ACT004019,Call,U014,A00355,C005740,O0272,,2026-08-18,Meeting held
ACT004020,Email,U014,A00355,C004810,O0272,,2026-09-17,Bounced
ACT004021,Call,U018,A00355,C001349,O0272,,2026-10-01,Meeting held
ACT004022,Email,U014,A00355,C004810,O0272,,2026-10-04,Replied
ACT004023,Email,U018,A01105,C001257,O0273,,2026-04-12,Meeting held
ACT004024,LinkedIn,U015,A01105,C007009,O0273,,2025-12-10,Completed
ACT004025,Email,U018,A01105,C007009,O0273,,2026-04-11,Bounced
ACT004026,Call,U018,A01105,C001257,O0273,,2026-04-23,Meeting held
ACT004027,Call,U015,A01105,C000198,O0273,,2026-01-05,Meeting held
ACT004028,Email,U015,A01105,C000492,O0273,,2026-01-07,Replied
ACT004029,Meeting,U015,A01105,C004490,O0273,,2026-04-15,Bounced
ACT004030,Email,U018,A01105,C000492,O0273,,2026-03-01,No answer
ACT004031,Call,U018,A01105,C000198,O0273,,2026-03-18,No answer
ACT004032,Email,U015,A01105,C001257,O0273,,2026-04-23,Meeting held
ACT004033,Email,U018,A01105,C007009,O0273,,2026-04-01,No answer
ACT004034,Email,U015,A01105,C002725,O0273,,2026-01-02,No answer
ACT004035,Email,U015,A01105,C007009,O0273,,2026-02-07,Bounced
ACT004036,Email,U015,A01105,C004490,O0273,,2026-03-30,Bounced
ACT004037,Email,U018,A01105,C000198,O0273,,2026-02-16,Meeting held
ACT004038,LinkedIn,U015,A01105,C007009,O0273,,2026-01-15,No answer
ACT004039,Email,U018,A01105,C000198,O0273,,2026-02-21,Meeting held
ACT004040,LinkedIn,U015,A01105,C004490,O0273,,2026-03-19,No answer
ACT004041,Meeting,U015,A01105,C000492,O0273,,2026-03-13,Meeting held
ACT004042,Call,U018,A01105,C007009,O0273,,2026-03-15,Bounced
ACT004043,Email,U015,A01105,C007009,O0273,,2025-12-06,No answer
ACT004044,Meeting,U015,A01105,C002725,O0273,,2026-02-24,Bounced
ACT004045,Call,U018,A01105,C004490,O0273,,2026-05-05,Meeting held
ACT004046,Call,U018,A01105,C004490,O0273,,2026-04-21,Replied
ACT004047,Email,U018,A01275,C000293,O0274,,2026-08-15,Replied
ACT004048,Meeting,U018,A01275,C004134,O0274,,2026-08-18,Replied
ACT004049,Call,U018,A01275,C000293,O0274,,2026-08-31,No answer
ACT004050,Meeting,U014,A01275,C003337,O0274,,2026-09-09,Bounced
ACT004051,Call,U014,A01275,C003543,O0274,,2026-08-28,Completed
ACT004052,Email,U014,A01275,C003543,O0274,,2026-07-16,Replied
ACT004053,Email,U014,A01275,C003337,O0274,,2026-06-04,Replied
ACT004054,Call,U014,A01275,C003543,O0274,,2026-07-28,Replied
ACT004055,Call,U014,A01275,C003337,O0274,,2026-08-24,Replied
ACT004056,Meeting,U018,A01275,C004134,O0274,,2026-06-30,Completed
ACT004057,Email,U018,A01275,C003337,O0274,,2026-08-04,No answer
ACT004058,LinkedIn,U014,A01275,C000293,O0274,,2026-08-31,Completed
ACT004059,Email,U014,A01275,C000293,O0274,,2026-07-02,Bounced
ACT004060,Meeting,U014,A01275,C003337,O0274,,2026-07-02,No answer
ACT004061,Email,U014,A01275,C000293,O0274,,2026-07-25,Bounced
ACT004062,Call,U014,A01275,C003337,O0274,,2026-09-09,Meeting held
ACT004063,Email,U014,A01275,C004134,O0274,,2026-05-11,Replied
ACT004064,Call,U014,A01275,C003337,O0274,,2026-06-16,Meeting held
ACT004065,Email,U006,A01098,C000385,O0275,,2026-05-06,Replied
ACT004066,Call,U002,A01098,C004414,O0275,,2026-06-04,Completed
ACT004067,Email,U006,A01098,C000703,O0275,,2026-05-12,Replied
ACT004068,Call,U002,A01098,C004016,O0275,,2026-05-02,No answer
ACT004069,Email,U002,A01098,C000385,O0275,,2026-10-02,Completed
ACT004070,Email,U006,A01098,C000385,O0275,,2026-06-03,Meeting held
ACT004071,Email,U006,A01098,C006117,O0275,,2026-06-28,Bounced
ACT004072,Email,U006,A01098,C006117,O0275,,2026-09-26,Completed
ACT004073,Email,U002,A01098,C004016,O0275,,2026-07-31,No answer
ACT004074,Email,U006,A01098,C006117,O0275,,2026-07-29,Replied
ACT004075,Call,U002,A01098,C006117,O0275,,2026-09-23,Completed
ACT004076,Email,U002,A01098,C000703,O0275,,2026-08-26,Completed
ACT004077,Meeting,U006,A01098,C004016,O0275,,2026-09-09,No answer
ACT004078,Call,U002,A01098,C006117,O0275,,2026-08-26,Meeting held
ACT004079,Email,U006,A01098,C004016,O0275,,2026-05-04,Meeting held
ACT004080,Call,U002,A01098,C000703,O0275,,2026-07-02,Meeting held
ACT004081,Call,U006,A01098,C004414,O0275,,2026-05-01,Meeting held
ACT004082,Meeting,U002,A01098,C004414,O0275,,2026-06-09,Bounced
ACT004083,Email,U002,A01098,C000703,O0275,,2026-07-25,Bounced
ACT004084,Meeting,U006,A01098,C004016,O0275,,2026-05-23,No answer
ACT004085,Email,U002,A01098,C000385,O0275,,2026-09-04,Meeting held
ACT004086,Email,U002,A01098,C006117,O0275,,2026-09-05,Bounced
ACT004087,Email,U018,A01254,C004425,O0276,,2026-04-19,Replied
ACT004088,Email,U014,A01254,C004895,O0276,,2026-05-12,Bounced
ACT004089,Email,U014,A01254,C004425,O0276,,2026-02-24,Replied
ACT004090,Email,U018,A01254,C004895,O0276,,2026-04-29,No answer
ACT004091,Email,U003,A00432,C004977,O0277,,2026-04-22,Completed
ACT004092,Email,U006,A00432,C006245,O0277,,2026-03-16,Replied
ACT004093,Call,U006,A00432,C006245,O0277,,2026-01-29,Meeting held
ACT004094,Call,U003,A00432,C000506,O0277,,2025-11-22,Completed
ACT004095,Meeting,U006,A00432,C004977,O0277,,2025-11-15,No answer
ACT004096,Call,U006,A00432,C006245,O0277,,2025-11-03,No answer
ACT004097,Email,U006,A00432,C000506,O0277,,2025-12-28,Bounced
ACT004098,Email,U003,A00432,C004977,O0277,,2026-03-23,Meeting held
ACT004099,Email,U006,A00432,C000506,O0277,,2025-11-14,Bounced
ACT004100,Meeting,U006,A00432,C006245,O0277,,2025-09-20,Meeting held
ACT004101,Email,U006,A00432,C000506,O0277,,2026-04-01,Meeting held
ACT004102,Call,U006,A00432,C006245,O0277,,2026-02-25,Bounced
ACT004103,Call,U003,A00432,C004977,O0277,,2026-03-12,Bounced
ACT004104,Call,U003,A00432,C000506,O0277,,2026-01-02,Replied
ACT004105,Email,U003,A00432,C000506,O0277,,2026-01-15,Completed
ACT004106,Meeting,U006,A00432,C004977,O0277,,2025-12-15,No answer
ACT004107,Meeting,U006,A00432,C000506,O0277,,2025-12-21,Replied
ACT004108,Email,U003,A00432,C004977,O0277,,2025-11-27,Replied
ACT004109,Call,U006,A00432,C000506,O0277,,2026-01-01,Completed
ACT004110,Call,U006,A00432,C006245,O0277,,2026-04-06,Meeting held
ACT004111,Email,U003,A00432,C004977,O0277,,2025-11-11,Completed
ACT004112,Email,U006,A00432,C004977,O0277,,2026-01-20,No answer
ACT004113,Meeting,U009,A00727,C002749,O0278,,2025-09-30,No answer
ACT004114,Email,U012,A00727,C001887,O0278,,2025-09-13,Replied
ACT004115,Call,U009,A00727,C001238,O0278,,2025-09-22,Meeting held
ACT004116,LinkedIn,U012,A00727,C002749,O0278,,2025-10-27,Replied
ACT004117,Call,U009,A00727,C000879,O0278,,2025-10-27,No answer
ACT004118,Meeting,U009,A00727,C000658,O0278,,2025-08-16,Completed
ACT004119,Email,U012,A00727,C006369,O0278,,2025-12-22,Replied
ACT004120,Email,U012,A00727,C001887,O0278,,2025-11-04,Completed
ACT004121,Meeting,U012,A00727,C001238,O0278,,2025-10-13,Bounced
ACT004122,Call,U009,A00727,C001238,O0278,,2025-10-20,Bounced
ACT004123,Email,U009,A00727,C001887,O0278,,2026-01-30,Completed
ACT004124,Email,U012,A00727,C002749,O0278,,2025-10-06,Completed
ACT004125,Email,U012,A00727,C004314,O0278,,2025-12-03,Completed
ACT004126,Call,U012,A00727,C003859,O0278,,2025-10-01,Bounced
ACT004127,LinkedIn,U009,A00727,C005869,O0278,,2026-02-08,Completed
ACT004128,Meeting,U012,A00727,C004314,O0278,,2025-11-18,No answer
ACT004129,Email,U012,A00727,C006369,O0278,,2025-09-08,Completed
ACT004130,Meeting,U009,A00727,C001887,O0278,,2025-08-20,Completed
ACT004131,Call,U009,A00727,C005869,O0278,,2025-08-21,Meeting held
ACT004132,Call,U012,A00727,C005869,O0278,,2025-12-10,Meeting held
ACT004133,LinkedIn,U009,A00727,C001270,O0278,,2026-01-13,Meeting held
ACT004134,Email,U009,A00727,C001270,O0278,,2025-10-01,Replied
ACT004135,Email,U003,A01189,C003588,O0279,,2026-05-17,Bounced
ACT004136,Email,U003,A01189,C003588,O0279,,2026-05-09,No answer
ACT004137,Meeting,U006,A01189,C003588,O0279,,2026-07-04,No answer
ACT004138,LinkedIn,U006,A01189,C000396,O0279,,2026-10-04,Bounced
ACT004139,Meeting,U003,A01189,C003588,O0279,,2026-06-04,Bounced
ACT004140,Call,U006,A01189,C000396,O0279,,2026-05-24,Meeting held
ACT004141,Call,U006,A01189,C003588,O0279,,2026-04-20,Meeting held
ACT004142,LinkedIn,U003,A01189,C000396,O0279,,2026-08-03,Bounced
ACT004143,Email,U006,A01189,C000396,O0279,,2026-06-08,No answer
ACT004144,Call,U003,A01189,C003588,O0279,,2026-08-22,Completed
ACT004145,Meeting,U006,A01189,C000396,O0279,,2026-09-28,Replied
ACT004146,Email,U003,A01189,C000396,O0279,,2026-10-02,Bounced
ACT004147,Call,U006,A01189,C003588,O0279,,2026-07-06,Bounced
ACT004148,Call,U003,A01189,C000396,O0279,,2026-09-16,No answer
ACT004149,Meeting,U006,A01189,C000396,O0279,,2026-07-18,Meeting held
ACT004150,Call,U003,A01189,C000396,O0279,,2026-05-13,Bounced
ACT004151,Call,U006,A01189,C000396,O0279,,2026-06-04,No answer
ACT004152,Meeting,U018,A00704,C001095,O0280,,2026-06-14,Bounced
ACT004153,Email,U014,A00704,C006877,O0280,,2026-02-03,No answer
ACT004154,Meeting,U018,A00704,C002239,O0280,,2026-05-03,Bounced
ACT004155,Call,U018,A00704,C002239,O0280,,2026-07-18,Meeting held
ACT004156,Meeting,U018,A00704,C002239,O0280,,2026-02-13,Replied
ACT004157,Email,U018,A00704,C001095,O0280,,2026-07-03,No answer
ACT004158,LinkedIn,U018,A00704,C006877,O0280,,2026-05-20,Replied
ACT004159,LinkedIn,U014,A00704,C005485,O0280,,2026-04-16,Replied
ACT004160,Email,U014,A00704,C005485,O0280,,2026-06-10,No answer
ACT004161,Meeting,U018,A00704,C006877,O0280,,2026-01-22,No answer
ACT004162,Email,U014,A00704,C005485,O0280,,2026-06-12,Bounced
ACT004163,Call,U018,A00704,C006877,O0280,,2026-04-04,Replied
ACT004164,Meeting,U018,A00704,C002239,O0280,,2026-06-15,No answer
ACT004165,Call,U018,A00704,C005485,O0280,,2026-01-23,Bounced
ACT004166,Email,U018,A00704,C005485,O0280,,2026-06-04,Bounced
ACT004167,LinkedIn,U014,A00704,C002239,O0280,,2026-02-27,Completed
ACT004168,Email,U018,A00704,C005485,O0280,,2026-06-14,Bounced
ACT004169,Email,U014,A00704,C001095,O0280,,2026-06-25,No answer
ACT004170,Meeting,U018,A00704,C002239,O0280,,2026-05-14,Bounced
ACT004171,LinkedIn,U018,A00704,C001095,O0280,,2026-07-22,Replied
ACT004172,Meeting,U018,A00704,C005485,O0280,,2026-07-10,No answer
ACT004173,Email,U018,A00704,C005485,O0280,,2026-03-17,Completed
ACT004174,Meeting,U014,A00704,C006877,O0280,,2026-02-03,Completed
ACT004175,Email,U002,A01541,C004570,O0281,,2025-11-20,Meeting held
ACT004176,Email,U002,A01541,C003252,O0281,,2025-12-28,Meeting held
ACT004177,Call,U002,A01541,C000205,O0281,,2025-11-16,Bounced
ACT004178,Email,U002,A01541,C004996,O0281,,2025-12-02,No answer
ACT004179,Call,U006,A01541,C004996,O0281,,2025-12-20,Bounced
ACT004180,Call,U018,A00046,C003983,O0282,,2026-02-17,Meeting held
ACT004181,Email,U015,A00046,C006101,O0282,,2026-01-21,Meeting held
ACT004182,LinkedIn,U018,A00046,C001176,O0282,,2026-02-17,Completed
ACT004183,Call,U015,A00046,C006680,O0282,,2026-03-16,No answer
ACT004184,Call,U018,A00046,C003983,O0282,,2026-02-03,Replied
ACT004185,Email,U018,A00046,C003944,O0282,,2026-02-25,Replied
ACT004186,Meeting,U015,A00046,C001176,O0282,,2026-03-23,Completed
ACT004187,Call,U015,A00046,C006680,O0282,,2026-03-10,Replied
ACT004188,Email,U015,A00046,C003944,O0282,,2026-01-19,Bounced
ACT004189,LinkedIn,U018,A00046,C001176,O0282,,2025-12-09,Completed
ACT004190,Email,U018,A00046,C000375,O0282,,2026-01-12,Completed
ACT004191,LinkedIn,U018,A00046,C001176,O0282,,2026-02-04,Completed
ACT004192,Email,U015,A00046,C001176,O0282,,2026-02-04,No answer
ACT004193,Email,U015,A00046,C003983,O0282,,2026-01-29,Replied
ACT004194,Email,U018,A00046,C000375,O0282,,2026-01-26,No answer
ACT004195,Email,U015,A00046,C000375,O0282,,2026-01-23,Meeting held
ACT004196,LinkedIn,U018,A00046,C001176,O0282,,2026-02-06,Bounced
ACT004197,Email,U015,A00046,C003983,O0282,,2025-12-08,Completed
ACT004198,LinkedIn,U015,A00046,C006101,O0282,,2026-04-17,Replied
ACT004199,Meeting,U015,A00046,C001176,O0282,,2026-04-12,No answer
ACT004200,Meeting,U018,A00046,C003983,O0282,,2026-02-11,Meeting held
ACT004201,Meeting,U018,A00046,C006101,O0282,,2026-03-10,No answer
ACT004202,Meeting,U015,A00046,C001176,O0282,,2026-04-22,No answer
ACT004203,Call,U006,A00133,C005055,O0283,,2026-09-08,No answer
ACT004204,Email,U003,A00133,C003726,O0283,,2026-08-16,Bounced
ACT004205,Email,U003,A00133,C001781,O0283,,2026-09-10,Bounced
ACT004206,Meeting,U003,A00133,C003726,O0283,,2026-08-14,Meeting held
ACT004207,LinkedIn,U003,A00133,C004224,O0283,,2026-08-08,Completed
ACT004208,LinkedIn,U006,A00133,C001781,O0283,,2026-08-20,Bounced
ACT004209,Meeting,U006,A00133,C005055,O0283,,2026-08-07,Meeting held
ACT004210,Email,U006,A00133,C003726,O0283,,2026-09-03,Replied
ACT004211,LinkedIn,U003,A00133,C005055,O0283,,2026-08-17,Meeting held
ACT004212,Call,U003,A00133,C003726,O0283,,2026-08-20,Replied
ACT004213,Email,U003,A00133,C005055,O0283,,2026-09-20,Meeting held
ACT004214,Call,U006,A00133,C004481,O0283,,2026-08-26,Completed
ACT004215,Email,U006,A00133,C004481,O0283,,2026-09-28,Replied
ACT004216,LinkedIn,U003,A00133,C004481,O0283,,2026-09-18,Bounced
ACT004217,Meeting,U003,A00133,C004224,O0283,,2026-09-18,No answer
ACT004218,LinkedIn,U003,A00133,C003726,O0283,,2026-09-11,No answer
ACT004219,Meeting,U002,A00900,C006068,O0284,,2025-07-21,No answer
ACT004220,Call,U006,A00900,C003949,O0284,,2025-09-21,Replied
ACT004221,Email,U002,A00900,C004141,O0284,,2025-06-25,Meeting held
ACT004222,Meeting,U002,A00900,C004141,O0284,,2025-09-07,Meeting held
ACT004223,Email,U006,A00900,C003949,O0284,,2025-07-11,Completed
ACT004224,Meeting,U002,A01154,C001318,O0285,,2026-09-11,Meeting held
ACT004225,Call,U006,A01154,C001318,O0285,,2026-09-20,Bounced
ACT004226,Email,U006,A01154,C001318,O0285,,2026-08-31,Meeting held
ACT004227,Call,U006,A01154,C001318,O0285,,2026-09-23,Bounced
ACT004228,Meeting,U002,A01154,C003470,O0285,,2026-09-22,Meeting held
ACT004229,LinkedIn,U006,A01154,C003470,O0285,,2026-10-08,No answer
ACT004230,Meeting,U006,A01154,C001318,O0285,,2026-09-26,Replied
ACT004231,LinkedIn,U002,A01154,C001318,O0285,,2026-09-25,Bounced
ACT004232,Email,U006,A01154,C001318,O0285,,2026-09-01,Completed
ACT004233,Meeting,U006,A01154,C001318,O0285,,2026-09-18,Replied
ACT004234,Call,U002,A01154,C003470,O0285,,2026-09-28,Completed
ACT004235,Email,U006,A01154,C003470,O0285,,2026-09-04,Replied
ACT004236,Email,U008,A01716,,O0286,,2026-01-07,Replied
ACT004237,Meeting,U008,A01716,,O0286,,2025-10-17,Meeting held
ACT004238,LinkedIn,U012,A01716,,O0286,,2026-02-01,Bounced
ACT004239,Meeting,U008,A01716,,O0286,,2025-12-10,No answer
ACT004240,Email,U012,A01716,,O0286,,2026-01-25,Bounced
ACT004241,LinkedIn,U012,A01716,,O0286,,2025-10-01,Meeting held
ACT004242,Email,U008,A01716,,O0286,,2025-11-23,Completed
ACT004243,Email,U012,A01716,,O0286,,2025-08-27,No answer
ACT004244,Email,U008,A01716,,O0286,,2025-09-30,No answer
ACT004245,Email,U012,A01716,,O0286,,2025-08-20,Completed
ACT004246,Meeting,U008,A01716,,O0286,,2025-07-27,No answer
ACT004247,Meeting,U008,A01716,,O0286,,2025-12-16,Meeting held
ACT004248,Meeting,U012,A01716,,O0286,,2025-11-08,Completed
ACT004249,Meeting,U008,A01716,,O0286,,2025-12-13,No answer
ACT004250,Email,U012,A01716,,O0286,,2025-09-13,Bounced
ACT004251,Call,U012,A01297,C002909,O0287,,2026-10-01,Completed
ACT004252,Meeting,U012,A01297,C003904,O0287,,2026-07-24,Replied
ACT004253,Call,U009,A01297,C001817,O0287,,2026-08-16,Completed
ACT004254,Call,U009,A01297,C001817,O0287,,2026-08-26,Meeting held
ACT004255,Email,U009,A01297,C002909,O0287,,2026-10-07,Bounced
ACT004256,Email,U012,A01297,C003421,O0287,,2026-08-10,Replied
ACT004257,Email,U009,A01297,C002909,O0287,,2026-07-30,No answer
ACT004258,LinkedIn,U012,A01297,C006322,O0287,,2026-08-18,Completed
ACT004259,LinkedIn,U009,A01297,C004577,O0287,,2026-07-29,Completed
ACT004260,Email,U009,A01297,C006322,O0287,,2026-10-01,Meeting held
ACT004261,Meeting,U009,A01297,C004577,O0287,,2026-08-28,Meeting held
ACT004262,Meeting,U009,A01297,C001817,O0287,,2026-07-21,Meeting held
ACT004263,LinkedIn,U012,A01297,C001817,O0287,,2026-08-22,No answer
ACT004264,Meeting,U009,A01297,C003421,O0287,,2026-09-09,No answer
ACT004265,Email,U006,A00678,C001664,O0288,,2025-09-26,Bounced
ACT004266,Email,U003,A00678,C004496,O0288,,2025-10-05,Replied
ACT004267,Meeting,U006,A00678,C003541,O0288,,2025-08-27,Replied
ACT004268,Email,U006,A00678,C001664,O0288,,2025-08-25,Completed
ACT004269,Meeting,U003,A00678,C003541,O0288,,2025-10-19,Completed
ACT004270,Call,U006,A00678,C004496,O0288,,2025-09-17,Meeting held
ACT004271,Email,U006,A00678,C003541,O0288,,2025-11-14,Replied
ACT004272,Meeting,U015,A01319,C005515,O0289,,2025-06-21,Completed
ACT004273,Email,U015,A01319,C005515,O0289,,2025-09-02,No answer
ACT004274,Email,U018,A01319,C003043,O0289,,2025-06-05,Completed
ACT004275,Call,U018,A01319,C005515,O0289,,2025-07-04,No answer
ACT004276,Call,U015,A01319,C006581,O0289,,2025-07-04,Completed
ACT004277,Email,U015,A01319,C004557,O0289,,2025-07-19,Completed
ACT004278,Call,U018,A01319,C004557,O0289,,2025-07-04,No answer
ACT004279,Email,U018,A01319,C005515,O0289,,2025-05-28,Replied
ACT004280,LinkedIn,U015,A01319,C003043,O0289,,2025-09-18,Meeting held
ACT004281,Email,U018,A01319,C006581,O0289,,2025-09-16,No answer
ACT004282,Meeting,U018,A01319,C005062,O0289,,2025-09-06,Replied
ACT004283,Email,U018,A01319,C004557,O0289,,2025-09-21,Replied
ACT004284,Call,U008,A00305,C004765,O0290,,2026-07-05,Replied
ACT004285,Meeting,U008,A00305,C006774,O0290,,2026-05-11,Bounced
ACT004286,Email,U012,A00305,C001900,O0290,,2026-02-04,Meeting held
ACT004287,Meeting,U012,A00305,C006746,O0290,,2025-12-06,Meeting held
ACT004288,Email,U008,A00305,C006774,O0290,,2026-06-20,Meeting held
ACT004289,Call,U012,A00305,C001900,O0290,,2026-02-22,Meeting held
ACT004290,Meeting,U012,A00305,C006774,O0290,,2026-07-15,Completed
ACT004291,Meeting,U012,A00305,C003049,O0290,,2026-01-25,Bounced
ACT004292,Email,U012,A00305,C003049,O0290,,2025-12-11,Bounced
ACT004293,Meeting,U008,A00305,C001900,O0290,,2026-06-21,Replied
ACT004294,Call,U012,A00305,C006774,O0290,,2025-12-04,Completed
ACT004295,Call,U008,A00305,C003049,O0290,,2026-07-12,Replied
ACT004296,Meeting,U012,A00305,C002604,O0290,,2026-04-21,Meeting held
ACT004297,Email,U012,A00305,C002604,O0290,,2026-04-21,Bounced
ACT004298,Email,U012,A00305,C002604,O0290,,2025-12-25,Bounced
ACT004299,Call,U008,A00305,C003049,O0290,,2026-06-11,No answer
ACT004300,Email,U008,A00305,C004269,O0290,,2026-06-03,Completed
ACT004301,Meeting,U012,A00305,C001900,O0290,,2026-03-07,Replied
ACT004302,Call,U008,A00305,C001900,O0290,,2026-06-17,Completed
ACT004303,LinkedIn,U008,A00305,C001900,O0290,,2026-04-17,Bounced
ACT004304,Call,U012,A00305,C006774,O0290,,2026-03-09,No answer
ACT004305,Call,U012,A00305,C006746,O0290,,2026-01-30,Meeting held
ACT004306,Meeting,U012,A00305,C004765,O0290,,2026-04-17,Bounced
ACT004307,Call,U014,A02023,C006951,O0291,,2026-07-15,Bounced
ACT004308,LinkedIn,U014,A02023,C006951,O0291,,2026-07-25,No answer
ACT004309,Email,U014,A02023,C006951,O0291,,2026-07-16,Completed
ACT004310,LinkedIn,U014,A02023,C006951,O0291,,2026-08-14,No answer
ACT004311,LinkedIn,U014,A02023,C006951,O0291,,2026-08-07,Replied
ACT004312,Email,U018,A02023,C006951,O0291,,2026-07-03,Meeting held
ACT004313,Meeting,U014,A02023,C006951,O0291,,2026-07-12,Completed
ACT004314,LinkedIn,U018,A02023,C006951,O0291,,2026-09-16,Meeting held
ACT004315,Meeting,U018,A02023,C006951,O0291,,2026-08-29,Bounced
ACT004316,Meeting,U018,A02023,C006951,O0291,,2026-08-24,Completed
ACT004317,Email,U014,A02023,C006951,O0291,,2026-10-02,Replied
ACT004318,Email,U014,A02023,C006951,O0291,,2026-09-15,No answer
ACT004319,Meeting,U014,A02023,C006951,O0291,,2026-07-30,Bounced
ACT004320,Email,U018,A02023,C006951,O0291,,2026-10-07,Replied
ACT004321,Call,U018,A02023,C006951,O0291,,2026-09-28,Meeting held
ACT004322,Meeting,U018,A02023,C006951,O0291,,2026-07-16,No answer
ACT004323,Email,U018,A02023,C006951,O0291,,2026-08-18,Completed
ACT004324,LinkedIn,U018,A02023,C006951,O0291,,2026-09-29,Bounced
ACT004325,Email,U014,A02023,C006951,O0291,,2026-07-03,Completed
ACT004326,Meeting,U018,A02023,C006951,O0291,,2026-09-18,Completed
ACT004327,Email,U018,A02023,C006951,O0291,,2026-07-13,Bounced
ACT004328,LinkedIn,U014,A02023,C006951,O0291,,2026-08-24,Meeting held
ACT004329,Meeting,U014,A02023,C006951,O0291,,2026-08-24,Meeting held
ACT004330,Meeting,U014,A02023,C006951,O0291,,2026-07-03,No answer
ACT004331,Meeting,U014,A02023,C006951,O0291,,2026-07-14,Meeting held
ACT004332,Email,U002,A00760,C004140,O0292,,2026-05-29,Meeting held
ACT004333,Call,U002,A00760,C004140,O0292,,2026-05-03,Completed
ACT004334,Email,U002,A00760,C004140,O0292,,2026-06-16,Completed
ACT004335,Email,U002,A00760,C004140,O0292,,2026-07-30,Bounced
ACT004336,Email,U006,A00760,C004140,O0292,,2026-05-24,Meeting held
ACT004337,Email,U002,A00760,C004140,O0292,,2026-05-18,Replied
ACT004338,Email,U006,A00760,C004140,O0292,,2026-05-10,Bounced
ACT004339,Email,U002,A00760,C004140,O0292,,2026-05-24,No answer
ACT004340,Email,U002,A00760,C004140,O0292,,2026-06-18,Meeting held
ACT004341,LinkedIn,U006,A00760,C004140,O0292,,2026-05-01,Bounced
ACT004342,Meeting,U002,A00760,C004140,O0292,,2026-05-11,Meeting held
ACT004343,Call,U002,A00760,C004140,O0292,,2026-08-08,Replied
ACT004344,Call,U006,A01387,C004879,O0293,,2026-02-14,Completed
ACT004345,Email,U006,A01387,C004879,O0293,,2026-03-13,Bounced
ACT004346,Meeting,U006,A01387,C001660,O0293,,2026-01-31,Completed
ACT004347,Email,U003,A01387,C004879,O0293,,2026-01-14,Completed
ACT004348,Email,U003,A01387,C001660,O0293,,2026-01-04,Replied
ACT004349,Meeting,U003,A01387,C006633,O0293,,2026-01-09,Bounced
ACT004350,Email,U006,A01387,C001082,O0293,,2025-12-28,Meeting held
ACT004351,Email,U006,A01387,C004879,O0293,,2026-03-02,Bounced
ACT004352,Meeting,U006,A01387,C001660,O0293,,2026-02-17,Meeting held
ACT004353,Meeting,U006,A01387,C006633,O0293,,2026-01-02,No answer
ACT004354,Email,U006,A01387,C006633,O0293,,2026-02-03,Bounced
ACT004355,LinkedIn,U003,A01387,C004879,O0293,,2026-01-27,Replied
ACT004356,Email,U006,A01387,C001660,O0293,,2025-12-13,Bounced
ACT004357,Email,U003,A01387,C006633,O0293,,2025-12-02,Replied
ACT004358,Email,U006,A01387,C006633,O0293,,2026-02-03,No answer
ACT004359,Meeting,U006,A01387,C004879,O0293,,2026-02-19,Meeting held
ACT004360,Email,U003,A01387,C004879,O0293,,2026-01-12,Replied
ACT004361,Email,U015,A00239,C004258,O0294,,2025-10-28,Replied
ACT004362,Call,U015,A00239,C001466,O0294,,2026-02-09,Meeting held
ACT004363,Call,U015,A00239,C001466,O0294,,2026-03-02,Replied
ACT004364,Email,U015,A00239,C004258,O0294,,2026-03-16,Replied
ACT004365,Meeting,U018,A00239,C000978,O0294,,2026-04-15,Bounced
ACT004366,Meeting,U018,A00239,C000978,O0294,,2026-01-31,Meeting held
ACT004367,Email,U012,A00116,C006984,O0295,,2025-10-22,Meeting held
ACT004368,Call,U012,A00116,C002420,O0295,,2025-11-11,Replied
ACT004369,Email,U008,A00116,C006984,O0295,,2025-10-23,Meeting held
ACT004370,Call,U008,A00116,C002420,O0295,,2025-09-14,Meeting held
ACT004371,Email,U012,A00116,C002420,O0295,,2025-11-10,Bounced
ACT004372,Email,U008,A00116,C001001,O0295,,2025-11-09,No answer
ACT004373,Meeting,U012,A00116,C006984,O0295,,2025-08-25,Replied
ACT004374,Call,U012,A00116,C001001,O0295,,2025-11-18,Completed
ACT004375,Meeting,U012,A00116,C002420,O0295,,2025-10-20,No answer
ACT004376,Email,U008,A00116,C001001,O0295,,2025-10-14,Completed
ACT004377,Email,U008,A00116,C001001,O0295,,2025-09-28,No answer
ACT004378,Email,U008,A00116,C006984,O0295,,2025-09-05,Bounced
ACT004379,Call,U008,A00116,C001001,O0295,,2025-11-15,Replied
ACT004380,Meeting,U008,A00116,C001001,O0295,,2025-10-11,No answer
ACT004381,Call,U012,A00116,C006984,O0295,,2025-10-08,No answer
ACT004382,Email,U002,A01281,C000097,O0296,,2025-10-10,Replied
ACT004383,Email,U002,A01281,C002426,O0296,,2025-05-14,Meeting held
ACT004384,Call,U006,A01281,C004156,O0296,,2025-05-16,Completed
ACT004385,Call,U006,A01281,C004156,O0296,,2025-09-27,Completed
ACT004386,Call,U002,A01281,C002918,O0296,,2025-07-30,No answer
ACT004387,Email,U002,A01281,C004156,O0296,,2025-07-27,Completed
ACT004388,Meeting,U002,A01281,C000097,O0296,,2025-06-19,Completed
ACT004389,Meeting,U006,A01281,C002426,O0296,,2025-04-20,No answer
ACT004390,Email,U002,A01281,C000097,O0296,,2025-08-05,Bounced
ACT004391,Email,U006,A01281,C000097,O0296,,2025-10-06,Replied
ACT004392,Call,U006,A01281,C002426,O0296,,2025-09-03,Bounced
ACT004393,Call,U006,A01281,C004156,O0296,,2025-09-15,No answer
ACT004394,Call,U002,A01281,C004156,O0296,,2025-04-18,Bounced
ACT004395,Email,U002,A01281,C004156,O0296,,2025-08-16,Bounced
ACT004396,Email,U006,A01281,C002426,O0296,,2025-07-11,No answer
ACT004397,Email,U002,A01281,C002918,O0296,,2025-06-07,Replied
ACT004398,Call,U006,A01281,C004156,O0296,,2025-05-22,Meeting held
ACT004399,Call,U006,A01281,C000097,O0296,,2025-04-11,No answer
ACT004400,Meeting,U006,A01281,C004156,O0296,,2025-09-15,Completed
ACT004401,Meeting,U006,A01281,C004156,O0296,,2025-08-27,Meeting held
ACT004402,Call,U002,A01281,C002426,O0296,,2025-04-19,Completed
ACT004403,Email,U002,A01281,C004156,O0296,,2025-05-14,Bounced
ACT004404,Email,U018,A01650,C003481,O0297,,2025-07-26,Completed
ACT004405,Call,U015,A01650,C003481,O0297,,2026-03-03,Meeting held
ACT004406,Call,U015,A01650,C003481,O0297,,2026-01-09,No answer
ACT004407,Email,U015,A01650,C003481,O0297,,2025-11-07,Meeting held
ACT004408,Call,U018,A01650,C003481,O0297,,2025-06-08,Replied
ACT004409,Email,U003,A00256,C003177,O0298,,2025-04-29,Replied
ACT004410,Meeting,U003,A00256,C002089,O0298,,2025-05-19,Bounced
ACT004411,Call,U003,A00256,C003518,O0298,,2025-07-07,Replied
ACT004412,Call,U003,A00256,C003177,O0298,,2025-06-17,Completed
ACT004413,Call,U006,A00256,C002089,O0298,,2025-05-01,No answer
ACT004414,Email,U003,A00256,C003518,O0298,,2025-06-22,Replied
ACT004415,Email,U006,A00256,C002412,O0298,,2025-07-05,No answer
ACT004416,Call,U006,A00256,C003177,O0298,,2025-05-30,Replied
ACT004417,Meeting,U018,A01316,C004471,O0299,,2026-02-21,No answer
ACT004418,Meeting,U018,A01316,C004471,O0299,,2026-01-31,Replied
ACT004419,Meeting,U018,A01316,C003093,O0299,,2026-04-12,Replied
ACT004420,Call,U018,A01316,C004471,O0299,,2026-03-29,No answer
ACT004421,Email,U015,A01316,C002242,O0299,,2026-05-21,Bounced
ACT004422,Call,U015,A01316,C003093,O0299,,2026-05-02,Meeting held
ACT004423,Email,U015,A01316,C006301,O0299,,2026-05-01,Completed
ACT004424,Email,U015,A01316,C006301,O0299,,2026-04-08,No answer
ACT004425,Email,U018,A01316,C002242,O0299,,2026-01-21,No answer
ACT004426,LinkedIn,U015,A01316,C002242,O0299,,2026-01-09,Meeting held
ACT004427,Meeting,U015,A01316,C006301,O0299,,2026-01-02,Bounced
ACT004428,Email,U018,A01316,C006301,O0299,,2026-04-08,Completed
ACT004429,Call,U018,A01316,C004471,O0299,,2026-02-01,No answer
ACT004430,Email,U018,A01316,C006301,O0299,,2026-05-24,Completed
ACT004431,Call,U015,A01316,C004471,O0299,,2026-04-05,Meeting held
ACT004432,Call,U018,A01316,C006301,O0299,,2026-01-23,Replied
ACT004433,Meeting,U018,A01316,C006301,O0299,,2026-03-15,Meeting held
ACT004434,Call,U018,A01316,C006301,O0299,,2026-03-16,Replied
ACT004435,Call,U015,A01316,C002242,O0299,,2026-05-10,Replied
ACT004436,Email,U018,A01316,C002242,O0299,,2026-01-31,Completed
ACT004437,LinkedIn,U018,A01316,C002242,O0299,,2026-05-29,Completed
ACT004438,Email,U015,A01316,C006301,O0299,,2026-05-11,Bounced
ACT004439,Meeting,U006,A01697,C002819,O0300,,2025-07-15,No answer
ACT004440,Call,U006,A01697,C002819,O0300,,2025-06-11,Meeting held
ACT004441,LinkedIn,U003,A01697,C004873,O0300,,2025-08-21,Meeting held
ACT004442,Email,U003,A01697,C006321,O0300,,2025-05-18,No answer
ACT004443,Email,U006,A01697,C002819,O0300,,2025-07-24,Completed
ACT004444,Meeting,U006,A01697,C002819,O0300,,2025-07-19,Completed
ACT004445,Meeting,U006,A01697,C002819,O0300,,2025-05-01,Bounced
ACT004446,Email,U003,A01697,C006321,O0300,,2025-08-28,Replied
ACT004447,Email,U003,A01697,C000349,O0300,,2025-04-20,Meeting held
ACT004448,Call,U006,A01697,C004873,O0300,,2025-06-26,Replied
ACT004449,Call,U003,A01697,C002819,O0300,,2025-07-17,Meeting held
ACT004450,Email,U003,A01697,C002819,O0300,,2025-05-01,Completed
ACT004451,Call,U003,A01697,C004873,O0300,,2025-05-26,Bounced
ACT004452,Email,U003,A02034,C006980,O0301,,2026-09-28,Bounced
ACT004453,Email,U003,A02034,C006980,O0301,,2026-09-24,Completed
ACT004454,Email,U003,A02034,C006980,O0301,,2026-09-16,Meeting held
ACT004455,Email,U003,A02034,C006980,O0301,,2026-09-12,Replied
ACT004456,Meeting,U003,A02034,C006980,O0301,,2026-09-08,Meeting held
ACT004457,LinkedIn,U003,A02034,C006980,O0301,,2026-09-09,Bounced
ACT004458,Call,U006,A02034,C006980,O0301,,2026-09-28,Replied
ACT004459,Meeting,U003,A02034,C006980,O0301,,2026-09-15,Replied
ACT004460,Meeting,U003,A02034,C006980,O0301,,2026-10-02,Meeting held
ACT004461,LinkedIn,U006,A02034,C006980,O0301,,2026-10-02,No answer
ACT004462,Call,U006,A02034,C006980,O0301,,2026-09-28,Meeting held
ACT004463,Email,U006,A02034,C006980,O0301,,2026-09-28,No answer
ACT004464,Meeting,U006,A02034,C006980,O0301,,2026-09-18,Replied
ACT004465,LinkedIn,U006,A02034,C006980,O0301,,2026-09-16,Meeting held
ACT004466,Email,U009,A01137,C004530,O0302,,2025-11-05,Bounced
ACT004467,Email,U009,A01137,C003869,O0302,,2025-11-16,Completed
ACT004468,Email,U009,A01137,C003869,O0302,,2026-04-19,Bounced
ACT004469,Call,U009,A01137,C000494,O0302,,2026-02-28,Meeting held
ACT004470,Email,U009,A01137,C004530,O0302,,2025-12-30,Replied
ACT004471,Email,U018,A01745,C005295,O0303,,2026-04-20,Bounced
ACT004472,Call,U014,A01745,C005295,O0303,,2025-12-21,Replied
ACT004473,Email,U014,A01745,C002783,O0303,,2026-04-24,Bounced
ACT004474,Email,U018,A01745,C002783,O0303,,2025-10-21,Completed
ACT004475,LinkedIn,U018,A01745,C005295,O0303,,2026-01-04,Bounced
ACT004476,Email,U014,A01745,C005295,O0303,,2026-01-09,Replied
ACT004477,Email,U014,A01745,C002783,O0303,,2026-01-09,No answer
ACT004478,Meeting,U018,A01745,C005295,O0303,,2026-03-03,Completed
ACT004479,Email,U018,A01745,C005295,O0303,,2025-11-18,No answer
ACT004480,Meeting,U018,A01745,C005295,O0303,,2026-04-08,Replied
ACT004481,Email,U003,A00388,C002901,O0304,,2025-11-28,Meeting held
ACT004482,Email,U006,A00388,C005824,O0304,,2026-03-05,Bounced
ACT004483,Meeting,U006,A00388,C005824,O0304,,2025-12-30,Meeting held
ACT004484,Email,U006,A00388,C002901,O0304,,2025-08-28,Completed
ACT004485,Email,U012,A00265,C002911,O0305,,2025-06-23,Completed
ACT004486,Email,U012,A00265,C002911,O0305,,2025-09-15,No answer
ACT004487,Meeting,U009,A00265,C004476,O0305,,2025-10-16,Completed
ACT004488,Call,U009,A00265,C002504,O0305,,2025-07-27,Meeting held
ACT004489,LinkedIn,U012,A00265,C004476,O0305,,2025-06-28,Replied
ACT004490,Meeting,U012,A00265,C003437,O0305,,2025-08-25,Bounced
ACT004491,Email,U012,A00265,C003401,O0305,,2025-07-09,Completed
ACT004492,Call,U012,A00265,C002911,O0305,,2025-09-30,Meeting held
ACT004493,Email,U009,A00265,C002911,O0305,,2025-10-27,Completed
ACT004494,Call,U009,A00265,C002911,O0305,,2025-06-16,No answer
ACT004495,Email,U009,A00265,C006516,O0305,,2025-09-23,Bounced
ACT004496,Email,U012,A00265,C006516,O0305,,2025-05-01,Completed
ACT004497,Email,U009,A00265,C006516,O0305,,2025-10-16,No answer
ACT004498,Call,U009,A00265,C003401,O0305,,2025-06-15,Bounced
ACT004499,Email,U009,A00265,C004476,O0305,,2025-09-07,Meeting held
ACT004500,Email,U009,A00265,C006516,O0305,,2025-11-02,Completed
ACT004501,Email,U012,A00265,C002504,O0305,,2025-05-18,Bounced
ACT004502,Meeting,U015,A01016,C004226,O0306,,2026-08-24,Bounced
ACT004503,LinkedIn,U015,A01016,C000957,O0306,,2026-10-05,Completed
ACT004504,Meeting,U015,A01016,C004226,O0306,,2026-09-09,Bounced
ACT004505,Email,U015,A01016,C000957,O0306,,2026-09-26,No answer
ACT004506,Email,U018,A01016,C000957,O0306,,2026-10-03,Completed
ACT004507,LinkedIn,U015,A01016,C004226,O0306,,2026-08-17,Completed
ACT004508,Call,U015,A01016,C000957,O0306,,2026-08-22,Replied
ACT004509,Call,U015,A01016,C004851,O0306,,2026-09-09,No answer
ACT004510,Email,U018,A01016,C000957,O0306,,2026-09-04,No answer
ACT004511,Meeting,U018,A01016,C004226,O0306,,2026-08-25,Completed
ACT004512,Email,U018,A01016,C000957,O0306,,2026-09-17,Bounced
ACT004513,Meeting,U015,A01016,C004226,O0306,,2026-09-22,Bounced
ACT004514,Email,U015,A01016,C000957,O0306,,2026-08-28,Completed
ACT004515,Meeting,U018,A01016,C000957,O0306,,2026-08-23,Meeting held
ACT004516,Email,U018,A01016,C004851,O0306,,2026-08-30,Completed
ACT004517,Call,U018,A01016,C004851,O0306,,2026-09-02,Completed
ACT004518,Meeting,U015,A01016,C000957,O0306,,2026-09-15,Completed
ACT004519,Call,U018,A01016,C004226,O0306,,2026-09-05,Replied
ACT004520,LinkedIn,U015,A01016,C004851,O0306,,2026-09-04,Replied
ACT004521,Call,U018,A01016,C004851,O0306,,2026-09-18,Meeting held
ACT004522,Meeting,U018,A01016,C004226,O0306,,2026-09-03,No answer
ACT004523,Email,U018,A01016,C004226,O0306,,2026-09-06,Completed
ACT004524,Email,U002,A00211,C001287,O0307,,2026-05-17,No answer
ACT004525,Meeting,U002,A00211,C006495,O0307,,2026-09-27,Completed
ACT004526,Call,U002,A00211,C002710,O0307,,2026-09-14,Bounced
ACT004527,Email,U002,A00211,C006495,O0307,,2026-07-28,Meeting held
ACT004528,Meeting,U002,A00211,C001287,O0307,,2026-05-10,Replied
ACT004529,Call,U002,A00211,C006495,O0307,,2026-09-05,Completed
ACT004530,Email,U002,A00211,C001287,O0307,,2026-08-04,No answer
ACT004531,Email,U002,A00211,C002822,O0307,,2026-06-16,No answer
ACT004532,Call,U006,A00211,C006495,O0307,,2026-05-15,Bounced
ACT004533,Meeting,U002,A00211,C006495,O0307,,2026-04-26,No answer
ACT004534,Email,U002,A00211,C002822,O0307,,2026-08-01,Replied
ACT004535,Email,U006,A00211,C001287,O0307,,2026-09-06,Completed
ACT004536,Email,U002,A00211,C001287,O0307,,2026-08-23,Replied
ACT004537,Email,U002,A00211,C006495,O0307,,2026-08-21,Completed
ACT004538,Meeting,U002,A00211,C001287,O0307,,2026-06-24,Completed
ACT004539,LinkedIn,U006,A00211,C001287,O0307,,2026-08-05,Meeting held
ACT004540,Email,U002,A00211,C001287,O0307,,2026-09-21,Bounced
ACT004541,Call,U002,A00211,C002822,O0307,,2026-07-21,Bounced
ACT004542,Call,U006,A00211,C006495,O0307,,2026-06-12,Replied
ACT004543,Email,U018,A01525,C006353,O0308,,2026-03-21,Replied
ACT004544,Email,U018,A01525,C002530,O0308,,2026-01-27,No answer
ACT004545,Call,U015,A01525,C006353,O0308,,2026-01-27,Replied
ACT004546,Call,U015,A01525,C002530,O0308,,2026-03-25,Completed
ACT004547,Call,U015,A01525,C003531,O0308,,2026-02-01,Bounced
ACT004548,Meeting,U018,A01525,C002530,O0308,,2026-02-27,Meeting held
ACT004549,Email,U015,A01525,C006353,O0308,,2026-03-04,Bounced
ACT004550,Call,U018,A01525,C003531,O0308,,2026-03-11,No answer
ACT004551,Email,U015,A01525,C006353,O0308,,2026-02-01,Replied
ACT004552,Email,U015,A01525,C002530,O0308,,2026-02-10,Replied
ACT004553,Meeting,U015,A01525,C002530,O0308,,2026-04-07,Replied
ACT004554,Email,U015,A01525,C002530,O0308,,2026-01-26,No answer
ACT004555,Email,U018,A01525,C002530,O0308,,2026-04-27,Completed
ACT004556,Email,U018,A01525,C003531,O0308,,2026-03-24,Bounced
ACT004557,Meeting,U018,A01525,C002530,O0308,,2026-04-01,Completed
ACT004558,Call,U018,A01525,C003531,O0308,,2026-04-23,Completed
ACT004559,Email,U015,A01525,C002530,O0308,,2026-04-02,No answer
ACT004560,Call,U015,A01525,C006353,O0308,,2026-02-06,Completed
ACT004561,Email,U015,A01525,C002530,O0308,,2026-02-28,Meeting held
ACT004562,Email,U015,A01525,C002530,O0308,,2026-03-17,Replied
ACT004563,Email,U015,A01525,C006353,O0308,,2026-04-21,Bounced
ACT004564,Email,U015,A01525,C003531,O0308,,2026-04-15,Meeting held
ACT004565,Meeting,U015,A01525,C006353,O0308,,2026-03-26,Meeting held
ACT004566,Call,U015,A01525,C003531,O0308,,2026-04-07,Meeting held
ACT004567,Email,U018,A00286,C002098,O0309,,2026-01-11,Completed
ACT004568,Email,U014,A00286,C005417,O0309,,2026-01-08,Replied
ACT004569,Call,U014,A00286,C007000,O0309,,2026-01-14,Replied
ACT004570,Email,U018,A00286,C007000,O0309,,2025-12-24,Meeting held
ACT004571,Email,U014,A00286,C007000,O0309,,2025-12-23,Bounced
ACT004572,Email,U018,A00286,C002098,O0309,,2026-01-22,Completed
ACT004573,Email,U014,A00286,C001211,O0309,,2025-11-01,Meeting held
ACT004574,Meeting,U014,A00286,C007000,O0309,,2025-11-25,Completed
ACT004575,Email,U018,A00286,C002098,O0309,,2025-11-21,No answer
ACT004576,Meeting,U014,A00286,C007000,O0309,,2026-01-05,No answer
ACT004577,Meeting,U003,A00593,C000313,O0310,,2025-10-05,Completed
ACT004578,Call,U006,A00593,C006372,O0310,,2025-08-31,Bounced
ACT004579,Call,U003,A00593,C004841,O0310,,2025-09-28,Bounced
ACT004580,LinkedIn,U006,A00593,C004841,O0310,,2025-09-01,Bounced
ACT004581,Email,U003,A00593,C006372,O0310,,2025-07-30,Replied
ACT004582,Meeting,U006,A00593,C006372,O0310,,2025-09-28,Bounced
ACT004583,Meeting,U003,A00593,C000313,O0310,,2025-10-09,Replied
ACT004584,LinkedIn,U006,A00593,C005018,O0310,,2025-07-01,Replied
ACT004585,Email,U006,A00593,C003610,O0310,,2025-06-29,Completed
ACT004586,Email,U006,A00593,C004841,O0310,,2025-07-15,No answer
ACT004587,Email,U003,A00593,C006372,O0310,,2025-11-17,Replied
ACT004588,LinkedIn,U015,A00619,,O0311,,2026-01-09,No answer
ACT004589,Email,U018,A00619,,O0311,,2025-12-20,Completed
ACT004590,Email,U018,A00619,,O0311,,2026-01-12,Completed
ACT004591,Email,U018,A00619,,O0311,,2025-12-18,Replied
ACT004592,Email,U015,A00619,,O0311,,2025-12-18,Meeting held
ACT004593,Email,U015,A00619,,O0311,,2026-02-08,Completed
ACT004594,LinkedIn,U018,A00619,,O0311,,2026-02-07,Replied
ACT004595,Meeting,U015,A00619,,O0311,,2026-01-31,Meeting held
ACT004596,Email,U015,A00619,,O0311,,2025-12-29,No answer
ACT004597,Email,U018,A00619,,O0311,,2025-11-24,Completed
ACT004598,Email,U015,A00619,,O0311,,2026-01-16,Bounced
ACT004599,Email,U015,A00619,,O0311,,2025-12-10,Meeting held
ACT004600,Call,U018,A00619,,O0311,,2025-12-29,No answer
ACT004601,Call,U015,A00619,,O0311,,2026-01-08,Meeting held
ACT004602,LinkedIn,U015,A00619,,O0311,,2025-12-24,Meeting held
ACT004603,Email,U018,A00619,,O0311,,2025-12-26,No answer
ACT004604,Email,U018,A00619,,O0311,,2026-02-21,Bounced
ACT004605,LinkedIn,U018,A00619,,O0311,,2026-02-11,Bounced
ACT004606,LinkedIn,U006,A01999,C006590,O0312,,2026-05-21,Completed
ACT004607,Meeting,U006,A01999,C000030,O0312,,2026-03-29,Meeting held
ACT004608,Email,U006,A01999,C006590,O0312,,2026-06-27,Completed
ACT004609,Email,U002,A01999,C006590,O0312,,2026-01-20,Bounced
ACT004610,Email,U002,A01999,C000030,O0312,,2026-02-21,No answer
ACT004611,Email,U002,A01999,C000030,O0312,,2025-12-16,Completed
ACT004612,Call,U002,A01999,C000030,O0312,,2026-06-11,Replied
ACT004613,Call,U002,A01999,C000030,O0312,,2026-01-30,Replied
ACT004614,Email,U006,A01999,C000030,O0312,,2026-07-17,Bounced
ACT004615,Meeting,U006,A01999,C006590,O0312,,2025-12-10,No answer
ACT004616,Call,U006,A01999,C006590,O0312,,2026-01-23,No answer
ACT004617,Email,U006,A01999,C000030,O0312,,2026-03-25,Meeting held
ACT004618,Call,U006,A01999,C006590,O0312,,2025-12-23,Replied
ACT004619,Meeting,U006,A01999,C000030,O0312,,2026-04-17,Replied
ACT004620,Email,U006,A01999,C006590,O0312,,2026-03-03,No answer
ACT004621,Call,U002,A01999,C006590,O0312,,2026-02-26,Completed
ACT004622,Meeting,U002,A01999,C000030,O0312,,2026-07-15,No answer
ACT004623,LinkedIn,U006,A01999,C000030,O0312,,2026-04-05,Bounced
ACT004624,Email,U002,A01999,C000030,O0312,,2026-01-18,Meeting held
ACT004625,Email,U018,A00039,C005957,O0313,,2026-06-12,Meeting held
ACT004626,Email,U018,A00039,C005616,O0313,,2026-03-22,Replied
ACT004627,Email,U014,A00039,C003888,O0313,,2026-06-15,Replied
ACT004628,Email,U018,A00039,C005616,O0313,,2026-04-15,Bounced
ACT004629,Meeting,U018,A00039,C002646,O0313,,2026-02-21,Replied
ACT004630,Email,U018,A00039,C002646,O0313,,2026-03-30,Bounced
ACT004631,Email,U014,A00039,C001058,O0313,,2026-07-07,No answer
ACT004632,Call,U014,A00039,C005957,O0313,,2026-05-01,Completed
ACT004633,Email,U018,A00039,C002646,O0313,,2026-02-23,Meeting held
ACT004634,Call,U018,A00039,C002646,O0313,,2026-06-10,Completed
ACT004635,Email,U003,A01823,C001036,O0314,,2026-10-08,Bounced
ACT004636,Email,U006,A01823,C001388,O0314,,2026-08-21,Bounced
ACT004637,Email,U003,A01823,C001388,O0314,,2026-09-21,Bounced
ACT004638,Call,U006,A01823,C001388,O0314,,2026-08-12,No answer
ACT004639,Call,U003,A01823,C004903,O0314,,2026-08-23,Completed
ACT004640,Email,U006,A01823,C001036,O0314,,2026-07-29,Meeting held
ACT004641,LinkedIn,U003,A01823,C004903,O0314,,2026-08-16,Meeting held
ACT004642,Email,U003,A01823,C001036,O0314,,2026-10-04,No answer
ACT004643,Email,U006,A01823,C005481,O0314,,2026-09-19,Replied
ACT004644,Meeting,U006,A01823,C001388,O0314,,2026-08-24,Replied
ACT004645,Meeting,U003,A01823,C005481,O0314,,2026-09-01,Meeting held
ACT004646,Meeting,U003,A01823,C004903,O0314,,2026-08-15,Meeting held
ACT004647,Meeting,U003,A01823,C005481,O0314,,2026-07-21,Replied
ACT004648,LinkedIn,U003,A01823,C004903,O0314,,2026-08-22,Replied
ACT004649,Email,U018,A01660,C001303,O0315,,2026-04-05,Bounced
ACT004650,Email,U018,A01660,C001972,O0315,,2026-07-22,Meeting held
ACT004651,Call,U015,A01660,C006750,O0315,,2026-08-14,Replied
ACT004652,LinkedIn,U015,A01660,C001972,O0315,,2026-08-30,Bounced
ACT004653,LinkedIn,U018,A01660,C001110,O0315,,2026-05-03,No answer
ACT004654,Email,U018,A01660,C004371,O0315,,2026-07-20,Completed
ACT004655,Call,U015,A01660,C001110,O0315,,2026-04-22,Completed
ACT004656,Call,U018,A01660,C006750,O0315,,2026-07-04,No answer
ACT004657,LinkedIn,U018,A01660,C004371,O0315,,2026-04-22,Replied
ACT004658,Call,U018,A01660,C003204,O0315,,2026-07-02,Bounced
ACT004659,Email,U006,A01353,C005044,O0316,,2026-09-16,Completed
ACT004660,Call,U003,A01353,C000281,O0316,,2026-10-06,Meeting held
ACT004661,Email,U006,A01353,C000281,O0316,,2026-09-30,No answer
ACT004662,Email,U006,A01353,C005144,O0316,,2026-08-20,Bounced
ACT004663,LinkedIn,U006,A01353,C005044,O0316,,2026-09-21,Completed
ACT004664,Email,U006,A01353,C005144,O0316,,2026-09-12,Replied
ACT004665,Email,U003,A01353,C005044,O0316,,2026-08-04,Replied
ACT004666,Email,U006,A01353,C005044,O0316,,2026-09-17,Meeting held
ACT004667,Meeting,U006,A01353,C005144,O0316,,2026-09-27,No answer
ACT004668,Call,U003,A01353,C005044,O0316,,2026-08-23,Meeting held
ACT004669,Email,U003,A01353,C005044,O0316,,2026-08-28,Completed
ACT004670,Meeting,U003,A01353,C000281,O0316,,2026-08-17,Replied
ACT004671,Email,U003,A01353,C000281,O0316,,2026-08-04,Replied
ACT004672,LinkedIn,U006,A01353,C005044,O0316,,2026-09-23,Replied
ACT004673,Email,U003,A01353,C005044,O0316,,2026-09-08,No answer
ACT004674,Email,U006,A01353,C005044,O0316,,2026-09-19,Replied
ACT004675,Meeting,U006,A01353,C000281,O0316,,2026-09-08,Bounced
ACT004676,Call,U003,A01353,C005144,O0316,,2026-09-24,Replied
ACT004677,Call,U006,A01353,C000281,O0316,,2026-09-21,No answer
ACT004678,Email,U003,A01353,C000281,O0316,,2026-08-17,Replied
ACT004679,Meeting,U006,A01353,C005044,O0316,,2026-09-26,Completed
ACT004680,Email,U018,A00604,C000147,O0317,,2026-09-25,No answer
ACT004681,Email,U018,A00604,C003926,O0317,,2026-10-06,Replied
ACT004682,Email,U015,A00604,C002683,O0317,,2026-10-03,Bounced
ACT004683,Email,U015,A00604,C003926,O0317,,2026-09-12,Replied
ACT004684,Call,U018,A00604,C003926,O0317,,2026-09-18,Replied
ACT004685,LinkedIn,U015,A00604,C000147,O0317,,2026-09-30,Replied
ACT004686,Email,U018,A00604,C004405,O0317,,2026-09-28,Completed
ACT004687,LinkedIn,U015,A00604,C003926,O0317,,2026-09-14,Replied
ACT004688,Email,U018,A00604,C004366,O0317,,2026-10-07,No answer
ACT004689,Email,U018,A00604,C003926,O0317,,2026-10-03,Completed
ACT004690,Email,U018,A00604,C000147,O0317,,2026-09-20,Meeting held
ACT004691,Email,U018,A02021,C006949,O0318,,2025-10-17,Completed
ACT004692,Meeting,U014,A02021,C006949,O0318,,2025-07-04,No answer
ACT004693,Email,U018,A02021,C006949,O0318,,2025-07-31,Completed
ACT004694,Call,U014,A02021,C006949,O0318,,2025-07-25,Bounced
ACT004695,Meeting,U018,A01095,C001286,O0319,,2025-08-28,Completed
ACT004696,Email,U014,A01095,C001286,O0319,,2025-11-08,No answer
ACT004697,Email,U018,A01095,C001286,O0319,,2025-10-29,Replied
ACT004698,Email,U018,A01095,C001286,O0319,,2025-10-21,Meeting held
ACT004699,Call,U014,A01095,C001286,O0319,,2025-09-03,Bounced
ACT004700,Call,U014,A01095,C001286,O0319,,2025-11-27,Bounced
ACT004701,Call,U018,A01095,C001286,O0319,,2025-09-21,Meeting held
ACT004702,LinkedIn,U014,A01095,C001286,O0319,,2025-10-19,Replied
ACT004703,Meeting,U018,A01095,C001286,O0319,,2025-10-26,No answer
ACT004704,Email,U014,A01095,C001286,O0319,,2025-10-17,No answer
ACT004705,Email,U018,A01095,C001286,O0319,,2025-09-27,Meeting held
ACT004706,Meeting,U018,A01095,C001286,O0319,,2025-10-04,Meeting held
ACT004707,Email,U014,A01095,C001286,O0319,,2025-09-26,Bounced
ACT004708,Meeting,U014,A01095,C001286,O0319,,2025-10-08,Completed
ACT004709,Meeting,U018,A01095,C001286,O0319,,2025-10-27,Meeting held
ACT004710,LinkedIn,U018,A01095,C001286,O0319,,2025-08-20,Bounced
ACT004711,Meeting,U014,A01095,C001286,O0319,,2025-10-08,Meeting held
ACT004712,Meeting,U014,A01095,C001286,O0319,,2025-09-26,No answer
ACT004713,Email,U014,A01095,C001286,O0319,,2025-09-21,Completed
ACT004714,LinkedIn,U014,A01095,C001286,O0319,,2025-11-14,Meeting held
ACT004715,Call,U014,A01095,C001286,O0319,,2025-10-04,Meeting held
ACT004716,LinkedIn,U018,A01095,C001286,O0319,,2025-09-18,Bounced
ACT004717,Email,U015,A01635,C005937,O0320,,2026-02-26,Replied
ACT004718,Call,U015,A01635,C005937,O0320,,2026-04-30,Completed
ACT004719,Email,U018,A01635,C002677,O0320,,2026-05-20,No answer
ACT004720,Email,U015,A01635,C000324,O0320,,2026-01-11,No answer
ACT004721,LinkedIn,U018,A01635,C000324,O0320,,2026-03-19,Completed
ACT004722,Email,U015,A01635,C002677,O0320,,2026-03-12,Bounced
ACT004723,Email,U018,A01635,C002677,O0320,,2026-05-24,Bounced
ACT004724,LinkedIn,U015,A01635,C002677,O0320,,2026-03-26,Bounced
ACT004725,Call,U018,A01635,C005937,O0320,,2026-01-22,Meeting held
ACT004726,Call,U015,A01635,C005937,O0320,,2026-03-11,Completed
ACT004727,Email,U018,A01635,C000324,O0320,,2026-01-12,No answer
ACT004728,Email,U015,A01635,C000820,O0320,,2026-03-06,Bounced
ACT004729,LinkedIn,U015,A01635,C000820,O0320,,2026-02-23,Replied
ACT004730,Meeting,U018,A01635,C000820,O0320,,2026-02-15,Replied
ACT004731,LinkedIn,U018,A01635,C005937,O0320,,2026-02-07,Completed
ACT004732,Email,U018,A01635,C002677,O0320,,2026-04-29,Replied
ACT004733,Email,U018,A01635,C002677,O0320,,2026-01-26,Replied
ACT004734,Call,U003,A00758,C006651,O0321,,2026-08-29,Meeting held
ACT004735,Email,U006,A00758,C006651,O0321,,2026-05-05,Meeting held
ACT004736,Call,U006,A00758,C004893,O0321,,2026-06-30,Meeting held
ACT004737,Email,U003,A00758,C000406,O0321,,2026-10-03,Replied
ACT004738,Meeting,U006,A00758,C000406,O0321,,2026-08-27,No answer
ACT004739,Meeting,U003,A00758,C000406,O0321,,2026-08-14,No answer
ACT004740,Call,U006,A00758,C006651,O0321,,2026-04-23,Bounced
ACT004741,Meeting,U003,A00758,C006651,O0321,,2026-09-07,Bounced
ACT004742,Call,U006,A00758,C003895,O0321,,2026-09-10,Bounced
ACT004743,Email,U003,A00758,C006651,O0321,,2026-04-04,Bounced
ACT004744,Call,U006,A00758,C003895,O0321,,2026-06-05,No answer
ACT004745,LinkedIn,U006,A00758,C004893,O0321,,2026-07-12,Meeting held
ACT004746,Email,U006,A00758,C004893,O0321,,2026-08-12,Completed
ACT004747,Call,U003,A01363,C000688,O0322,,2025-11-09,Bounced
ACT004748,Call,U003,A01363,C000880,O0322,,2025-10-21,No answer
ACT004749,Email,U006,A01363,C005462,O0322,,2025-10-16,Completed
ACT004750,Email,U006,A01363,C000688,O0322,,2026-04-27,Completed
ACT004751,Meeting,U006,A01363,C000880,O0322,,2025-12-17,Meeting held
ACT004752,Call,U003,A01363,C000688,O0322,,2026-02-14,Meeting held
ACT004753,Meeting,U003,A01363,C003973,O0322,,2026-04-21,No answer
ACT004754,Call,U006,A01363,C001563,O0322,,2026-04-03,Completed
ACT004755,Call,U006,A01363,C000688,O0322,,2025-10-05,Replied
ACT004756,Email,U003,A01363,C000880,O0322,,2026-03-13,Bounced
ACT004757,Email,U003,A01363,C001563,O0322,,2025-09-18,Replied
ACT004758,Email,U003,A01363,C000880,O0322,,2026-03-30,No answer
ACT004759,Email,U006,A01363,C000688,O0322,,2025-09-09,Meeting held
ACT004760,Email,U006,A01363,C000688,O0322,,2026-03-16,Completed
ACT004761,Email,U006,A01363,C000688,O0322,,2025-11-03,Replied
ACT004762,Email,U003,A01363,C000880,O0322,,2025-11-10,Bounced
ACT004763,Email,U006,A01363,C003973,O0322,,2025-11-10,Bounced
ACT004764,Email,U006,A01363,C003973,O0322,,2026-02-18,Completed
ACT004765,Email,U006,A01363,C000688,O0322,,2025-09-19,Meeting held
ACT004766,Call,U003,A01363,C000688,O0322,,2025-11-16,No answer
ACT004767,Meeting,U003,A01363,C003973,O0322,,2025-11-20,Replied
ACT004768,Email,U006,A01363,C005462,O0322,,2026-04-12,No answer
ACT004769,Email,U003,A01363,C005462,O0322,,2025-09-09,Bounced
ACT004770,Meeting,U003,A01363,C000688,O0322,,2025-10-12,Replied
ACT004771,Email,U012,A01014,C002739,O0323,,2025-12-23,Replied
ACT004772,Call,U008,A01014,C004268,O0323,,2025-11-26,No answer
ACT004773,Meeting,U012,A01014,C004268,O0323,,2025-11-08,Meeting held
ACT004774,Call,U008,A01014,C002739,O0323,,2025-11-01,Replied
ACT004775,Email,U008,A01014,C002739,O0323,,2025-10-25,Meeting held
ACT004776,LinkedIn,U012,A01014,C002739,O0323,,2026-01-02,No answer
ACT004777,Meeting,U012,A01014,C004268,O0323,,2025-10-07,Completed
ACT004778,Call,U008,A01014,C004268,O0323,,2025-11-01,Bounced
ACT004779,Meeting,U008,A01014,C004268,O0323,,2025-11-08,Replied
ACT004780,Call,U012,A01014,C004268,O0323,,2025-10-03,Meeting held
ACT004781,Call,U008,A01014,C002739,O0323,,2025-11-08,Bounced
ACT004782,Call,U012,A01014,C002739,O0323,,2025-12-14,Replied
ACT004783,Email,U008,A01014,C002739,O0323,,2025-10-17,Meeting held
ACT004784,Meeting,U012,A01014,C004268,O0323,,2025-12-13,Meeting held
ACT004785,Email,U012,A01014,C002739,O0323,,2025-12-24,Bounced
ACT004786,Call,U012,A01014,C002739,O0323,,2025-12-26,Completed
ACT004787,Call,U012,A01014,C002739,O0323,,2025-12-14,Meeting held
ACT004788,Email,U012,A01014,C002739,O0323,,2025-12-20,Completed
ACT004789,Meeting,U002,A00260,C006418,O0324,,2025-12-29,No answer
ACT004790,Email,U002,A00260,C003585,O0324,,2025-11-18,No answer
ACT004791,Email,U006,A00260,C004708,O0324,,2025-09-30,Bounced
ACT004792,Meeting,U002,A00260,C004896,O0324,,2025-11-12,Bounced
ACT004793,Call,U002,A00260,C005428,O0324,,2025-09-01,Bounced
ACT004794,Call,U018,A01590,C005888,O0325,,2026-09-25,No answer
ACT004795,Call,U015,A01590,C003391,O0325,,2026-10-06,Bounced
ACT004796,Email,U015,A01590,C005914,O0325,,2026-09-28,No answer
ACT004797,Meeting,U018,A01590,C000839,O0325,,2026-10-03,Completed
ACT004798,Meeting,U006,A00985,C000670,O0326,,2026-07-31,Bounced
ACT004799,Email,U006,A00985,C003003,O0326,,2026-07-12,Replied
ACT004800,Meeting,U006,A00985,C000670,O0326,,2026-08-12,Meeting held
ACT004801,Email,U006,A00985,C000670,O0326,,2026-08-06,Replied
ACT004802,LinkedIn,U006,A00985,C006298,O0326,,2026-08-03,No answer
ACT004803,Email,U003,A00985,C006298,O0326,,2026-07-25,Bounced
ACT004804,Email,U006,A00985,C006954,O0326,,2026-06-30,No answer
ACT004805,Call,U006,A00985,C006954,O0326,,2026-07-12,Replied
ACT004806,Meeting,U006,A00985,C006298,O0326,,2026-07-23,No answer
ACT004807,Email,U006,A00985,C003003,O0326,,2026-07-18,Meeting held
ACT004808,Email,U006,A00985,C003003,O0326,,2026-07-13,Bounced
ACT004809,Email,U006,A00985,C003003,O0326,,2026-08-06,No answer
ACT004810,Meeting,U006,A00985,C003003,O0326,,2026-07-29,Replied
ACT004811,Email,U006,A00985,C000670,O0326,,2026-07-27,Bounced
ACT004812,Email,U006,A00985,C006954,O0326,,2026-07-23,Completed
ACT004813,Meeting,U006,A00985,C006954,O0326,,2026-07-22,No answer
ACT004814,Call,U003,A00985,C000670,O0326,,2026-07-01,No answer
ACT004815,Meeting,U006,A00985,C006298,O0326,,2026-07-24,Completed
ACT004816,Email,U003,A00985,C006954,O0326,,2026-07-07,Replied
ACT004817,LinkedIn,U003,A00985,C006298,O0326,,2026-07-15,Bounced
ACT004818,Meeting,U006,A00985,C006298,O0326,,2026-07-06,Completed
ACT004819,Email,U006,A00985,C006954,O0326,,2026-08-05,Meeting held
ACT004820,Meeting,U003,A00985,C003003,O0326,,2026-08-12,Bounced
ACT004821,Call,U003,A01453,C004428,O0327,,2026-09-01,Meeting held
ACT004822,Call,U006,A01453,C001451,O0327,,2026-07-26,No answer
ACT004823,Meeting,U006,A01453,C004428,O0327,,2026-07-13,No answer
ACT004824,Call,U006,A01453,C002107,O0327,,2026-08-30,Meeting held
ACT004825,Meeting,U006,A01453,C001451,O0327,,2026-08-05,Replied
ACT004826,Call,U003,A01453,C002107,O0327,,2026-09-22,Meeting held
ACT004827,Meeting,U006,A01453,C002107,O0327,,2026-07-17,Completed
ACT004828,Email,U006,A01453,C004428,O0327,,2026-06-12,Replied
ACT004829,Call,U006,A01453,C002107,O0327,,2026-09-28,Meeting held
ACT004830,Email,U003,A01453,C004428,O0327,,2026-08-28,Completed
ACT004831,Call,U006,A01453,C004428,O0327,,2026-08-24,Bounced
ACT004832,Email,U003,A01453,C001451,O0327,,2026-09-20,Meeting held
ACT004833,LinkedIn,U006,A01453,C001451,O0327,,2026-07-15,Bounced
ACT004834,Call,U003,A01453,C004428,O0327,,2026-09-18,Bounced
ACT004835,Call,U006,A01453,C004428,O0327,,2026-08-05,No answer
ACT004836,Call,U006,A01453,C004428,O0327,,2026-10-02,Bounced
ACT004837,LinkedIn,U003,A01453,C001451,O0327,,2026-08-24,Meeting held
ACT004838,Call,U006,A01453,C001451,O0327,,2026-06-17,Completed
ACT004839,Meeting,U003,A01453,C002107,O0327,,2026-08-06,Replied
ACT004840,Email,U009,A01565,C003171,O0328,,2026-10-07,No answer
ACT004841,Call,U009,A01565,C000214,O0328,,2026-08-22,Completed
ACT004842,Email,U012,A01565,C001964,O0328,,2026-08-15,Completed
ACT004843,LinkedIn,U012,A01565,C003171,O0328,,2026-09-02,No answer
ACT004844,Email,U009,A01565,C003171,O0328,,2026-09-30,Replied
ACT004845,Call,U012,A01565,C003171,O0328,,2026-09-16,No answer
ACT004846,Email,U006,A01843,C002750,O0329,,2025-10-16,No answer
ACT004847,LinkedIn,U002,A01843,C002750,O0329,,2025-08-23,Meeting held
ACT004848,Call,U006,A01843,C002750,O0329,,2025-10-21,Meeting held
ACT004849,Call,U002,A01843,C002750,O0329,,2025-12-01,Meeting held
ACT004850,Email,U006,A01843,C002750,O0329,,2025-11-18,Completed
ACT004851,Email,U006,A01843,C002750,O0329,,2025-09-14,Completed
ACT004852,Call,U002,A01843,C002750,O0329,,2026-02-16,No answer
ACT004853,Meeting,U006,A00453,C000003,O0330,,2025-12-30,No answer
ACT004854,LinkedIn,U006,A00453,C000724,O0330,,2025-12-29,Meeting held
ACT004855,Meeting,U006,A00453,C000724,O0330,,2026-02-25,Bounced
ACT004856,Call,U006,A00453,C000003,O0330,,2026-03-05,Replied
ACT004857,Email,U002,A00453,C000724,O0330,,2026-02-13,Meeting held
ACT004858,Call,U002,A00453,C000724,O0330,,2026-01-12,Completed
ACT004859,Call,U002,A00453,C000724,O0330,,2026-03-25,Completed
ACT004860,Email,U006,A00453,C000724,O0330,,2026-03-10,Completed
ACT004861,Email,U006,A00453,C000003,O0330,,2026-03-17,Bounced
ACT004862,Email,U006,A00453,C000003,O0330,,2025-12-29,Completed
ACT004863,Meeting,U006,A00453,C000003,O0330,,2026-02-10,Meeting held
ACT004864,Meeting,U006,A00453,C000003,O0330,,2026-03-27,Meeting held
ACT004865,Email,U002,A00453,C000003,O0330,,2026-03-05,No answer
ACT004866,Email,U002,A00453,C000003,O0330,,2025-12-27,Meeting held
ACT004867,Meeting,U002,A00453,C000003,O0330,,2026-01-01,Meeting held
ACT004868,Email,U002,A00453,C000724,O0330,,2026-01-25,Replied
ACT004869,Call,U002,A00453,C000003,O0330,,2026-01-02,Bounced
ACT004870,Meeting,U006,A00453,C000003,O0330,,2025-12-22,Meeting held
ACT004871,Call,U006,A00453,C000003,O0330,,2026-03-21,Completed
ACT004872,Email,U006,A00453,C000724,O0330,,2026-02-16,No answer
ACT004873,Call,U002,A00453,C000003,O0330,,2026-01-01,Completed
ACT004874,Meeting,U002,A00453,C000003,O0330,,2026-03-10,Replied
ACT004875,Email,U002,A00453,C000003,O0330,,2026-02-19,No answer
ACT004876,Call,U006,A00453,C000724,O0330,,2026-01-28,No answer
ACT004877,LinkedIn,U012,A00555,C003549,O0331,,2026-07-09,Replied
ACT004878,LinkedIn,U012,A00555,C003549,O0331,,2026-04-24,Replied
ACT004879,LinkedIn,U009,A00555,C006140,O0331,,2026-08-26,No answer
ACT004880,Call,U012,A00555,C001863,O0331,,2026-09-28,Replied
ACT004881,Email,U009,A00555,C003549,O0331,,2026-07-20,Meeting held
ACT004882,Email,U012,A00555,C003549,O0331,,2026-08-14,Bounced
ACT004883,Meeting,U012,A00555,C003549,O0331,,2026-07-10,No answer
ACT004884,LinkedIn,U009,A00555,C001863,O0331,,2026-06-17,Completed
ACT004885,Meeting,U002,A01462,C003318,O0332,,2026-07-06,Completed
ACT004886,Meeting,U002,A01462,C003318,O0332,,2026-07-21,Bounced
ACT004887,Email,U006,A01462,C003318,O0332,,2026-09-10,Replied
ACT004888,Email,U006,A01462,C003318,O0332,,2026-07-04,Replied
ACT004889,Call,U006,A01462,C003318,O0332,,2026-08-04,No answer
ACT004890,Email,U002,A01462,C003318,O0332,,2026-06-30,Replied
ACT004891,Call,U006,A01462,C003318,O0332,,2026-09-04,Bounced
ACT004892,LinkedIn,U002,A01462,C003318,O0332,,2026-07-30,Bounced
ACT004893,Email,U006,A01462,C003318,O0332,,2026-09-11,Replied
ACT004894,Email,U002,A01462,C003318,O0332,,2026-07-28,Completed
ACT004895,Email,U006,A01462,C003318,O0332,,2026-08-18,Completed
ACT004896,Email,U002,A01462,C003318,O0332,,2026-10-02,No answer
ACT004897,Email,U002,A01462,C003318,O0332,,2026-07-25,Bounced
ACT004898,Email,U002,A01462,C003318,O0332,,2026-07-02,Replied
ACT004899,Email,U006,A01462,C003318,O0332,,2026-10-07,Bounced
ACT004900,Email,U006,A01462,C003318,O0332,,2026-08-21,Bounced
ACT004901,LinkedIn,U002,A01462,C003318,O0332,,2026-10-07,Replied
ACT004902,Email,U006,A01462,C003318,O0332,,2026-06-30,Bounced
ACT004903,Call,U006,A01462,C003318,O0332,,2026-08-21,Bounced
ACT004904,Email,U006,A01462,C003318,O0332,,2026-08-02,Bounced
ACT004905,Meeting,U006,A01462,C003318,O0332,,2026-10-06,Replied
ACT004906,Call,U006,A01462,C003318,O0332,,2026-08-07,Bounced
ACT004907,Email,U008,A01746,C005411,O0333,,2026-04-09,Replied
ACT004908,Call,U008,A01746,C002380,O0333,,2026-01-07,Completed
ACT004909,Call,U008,A01746,C006247,O0333,,2026-05-16,Meeting held
ACT004910,Meeting,U008,A01746,C002380,O0333,,2025-12-22,Bounced
ACT004911,Email,U008,A01746,C005411,O0333,,2026-06-07,Replied
ACT004912,Email,U012,A01746,C006247,O0333,,2026-05-14,No answer
ACT004913,Call,U008,A01746,C006247,O0333,,2026-03-01,Completed
ACT004914,Email,U008,A01746,C002380,O0333,,2026-01-06,Meeting held
ACT004915,Call,U008,A01746,C006247,O0333,,2026-04-23,Meeting held
ACT004916,Meeting,U012,A01746,C006247,O0333,,2026-05-11,Completed
ACT004917,Email,U018,A01054,C003051,O0334,,2025-08-15,No answer
ACT004918,Meeting,U014,A01054,C001343,O0334,,2025-08-13,Bounced
ACT004919,Email,U014,A01054,C001013,O0334,,2025-05-09,Replied
ACT004920,LinkedIn,U014,A01054,C003051,O0334,,2025-07-30,No answer
ACT004921,LinkedIn,U018,A01054,C001013,O0334,,2025-06-18,No answer
ACT004922,Email,U018,A01054,C000549,O0334,,2025-08-21,Meeting held
ACT004923,Meeting,U018,A01054,C001343,O0334,,2025-06-07,No answer
ACT004924,Email,U014,A01054,C001343,O0334,,2025-05-17,Meeting held
ACT004925,Email,U018,A01054,C001013,O0334,,2025-08-08,Replied
ACT004926,Meeting,U014,A01054,C000549,O0334,,2025-07-27,Meeting held
ACT004927,Call,U014,A01054,C003051,O0334,,2025-08-26,Completed
ACT004928,Call,U008,A00407,C004234,O0335,,2026-07-03,Completed
ACT004929,Email,U012,A00407,C001065,O0335,,2026-08-14,No answer
ACT004930,Meeting,U012,A00407,C001065,O0335,,2026-08-16,Bounced
ACT004931,Email,U012,A00407,C005604,O0335,,2026-09-15,No answer
ACT004932,Call,U012,A00407,C006712,O0335,,2026-08-20,Bounced
ACT004933,Email,U012,A00407,C006712,O0335,,2026-09-21,No answer
ACT004934,Email,U012,A00407,C004234,O0335,,2026-09-25,No answer
ACT004935,Email,U008,A00407,C001512,O0335,,2026-10-05,Meeting held
ACT004936,Call,U008,A00407,C006712,O0335,,2026-09-30,Replied
ACT004937,Meeting,U008,A00407,C001065,O0335,,2026-09-07,No answer
ACT004938,Email,U008,A00407,C005604,O0335,,2026-07-03,Bounced
ACT004939,LinkedIn,U012,A00407,C001065,O0335,,2026-10-05,Replied
ACT004940,LinkedIn,U012,A00407,C001065,O0335,,2026-09-23,No answer
ACT004941,Email,U012,A00407,C004440,O0335,,2026-08-28,Replied
ACT004942,Call,U012,A00407,C004440,O0335,,2026-08-01,Bounced
ACT004943,Email,U008,A00407,C001512,O0335,,2026-09-16,Meeting held
ACT004944,Meeting,U012,A00407,C001065,O0335,,2026-10-01,Meeting held
ACT004945,Call,U012,A00407,C001065,O0335,,2026-09-21,Bounced
ACT004946,Call,U012,A00407,C005626,O0335,,2026-09-11,Meeting held
ACT004947,Call,U009,A00679,C003938,O0336,,2026-08-23,Bounced
ACT004948,Call,U009,A00679,C003938,O0336,,2026-06-21,Replied
ACT004949,Meeting,U012,A00679,C003938,O0336,,2026-07-06,No answer
ACT004950,Call,U009,A00679,C003938,O0336,,2026-07-16,Meeting held
ACT004951,Call,U002,A00354,C005224,O0337,,2026-03-19,Completed
ACT004952,Call,U006,A00354,C003657,O0337,,2026-05-07,Bounced
ACT004953,Email,U006,A00354,C002047,O0337,,2026-03-05,Completed
ACT004954,Email,U006,A00354,C002047,O0337,,2026-06-14,Completed
ACT004955,Email,U006,A00354,C002047,O0337,,2026-03-08,Completed
ACT004956,Email,U006,A01354,C000419,O0338,,2026-09-14,Completed
ACT004957,Email,U006,A01354,C000419,O0338,,2026-07-29,Replied
ACT004958,Call,U002,A01354,C002394,O0338,,2026-09-06,Completed
ACT004959,Meeting,U002,A01354,C002394,O0338,,2026-09-29,Meeting held
ACT004960,Email,U002,A01354,C000419,O0338,,2026-07-28,Bounced
ACT004961,Email,U002,A01354,C000919,O0338,,2026-08-16,No answer
ACT004962,Call,U002,A01354,C003190,O0338,,2026-08-13,Bounced
ACT004963,Call,U002,A01354,C002394,O0338,,2026-07-27,Meeting held
ACT004964,Email,U006,A01354,C000419,O0338,,2026-09-02,No answer
ACT004965,Email,U002,A01354,C003190,O0338,,2026-09-21,No answer
ACT004966,Meeting,U006,A01354,C000919,O0338,,2026-08-08,No answer
ACT004967,Email,U002,A01354,C000919,O0338,,2026-08-17,Meeting held
ACT004968,Email,U006,A01354,C000919,O0338,,2026-08-25,No answer
ACT004969,Meeting,U015,A01991,C000845,O0339,,2026-02-27,No answer
ACT004970,Call,U018,A01991,C000845,O0339,,2025-12-31,Replied
ACT004971,Email,U018,A01991,C000845,O0339,,2025-08-31,Replied
ACT004972,Meeting,U015,A01991,C000845,O0339,,2025-12-13,No answer
ACT004973,Email,U015,A01991,C000845,O0339,,2026-02-21,No answer
ACT004974,Email,U018,A01991,C000845,O0339,,2026-02-12,No answer
ACT004975,Call,U018,A01991,C000845,O0339,,2026-02-11,Replied
ACT004976,Call,U015,A01991,C000845,O0339,,2025-10-17,Replied
ACT004977,Call,U015,A01991,C000845,O0339,,2026-02-02,Replied
ACT004978,Call,U015,A01991,C000845,O0339,,2026-03-06,Replied
ACT004979,Email,U015,A01991,C000845,O0339,,2025-12-01,Meeting held
ACT004980,Email,U015,A01991,C000845,O0339,,2025-08-23,No answer
ACT004981,Email,U018,A01991,C000845,O0339,,2026-03-18,Completed
ACT004982,Email,U015,A01991,C000845,O0339,,2026-02-22,Replied
ACT004983,Meeting,U015,A01991,C000845,O0339,,2025-12-06,No answer
ACT004984,Email,U018,A01991,C000845,O0339,,2026-03-27,Completed
ACT004985,Email,U006,A01448,C002779,O0340,,2026-08-19,Meeting held
ACT004986,Call,U002,A01448,C001853,O0340,,2026-08-27,Replied
ACT004987,Meeting,U006,A01448,C002779,O0340,,2026-08-16,Bounced
ACT004988,Meeting,U002,A01448,C002779,O0340,,2026-08-25,No answer
ACT004989,Email,U006,A01448,C002779,O0340,,2026-08-06,Bounced
ACT004990,Call,U014,A00602,C002574,O0341,,2025-09-07,Meeting held
ACT004991,Email,U014,A00602,C002150,O0341,,2025-06-06,Replied
ACT004992,Email,U018,A00602,C002150,O0341,,2025-11-04,No answer
ACT004993,Email,U014,A00602,C002150,O0341,,2025-07-05,Completed
ACT004994,Email,U014,A00602,C002574,O0341,,2025-07-13,Completed
ACT004995,Call,U014,A00602,C002150,O0341,,2025-10-31,Replied
ACT004996,Meeting,U014,A00602,C002574,O0341,,2025-05-24,Replied
ACT004997,Email,U018,A00602,C002574,O0341,,2025-05-27,Completed
ACT004998,Meeting,U014,A00602,C001264,O0341,,2025-07-21,Replied
ACT004999,Email,U014,A00602,C002574,O0341,,2025-07-09,Bounced
ACT005000,Meeting,U018,A00602,C001264,O0341,,2025-07-04,No answer
ACT005001,Email,U018,A00602,C002150,O0341,,2025-06-19,No answer
ACT005002,Call,U014,A00602,C001264,O0341,,2025-10-21,Completed
ACT005003,Meeting,U018,A00602,C002150,O0341,,2025-09-09,No answer
ACT005004,Call,U014,A00602,C001264,O0341,,2025-05-08,Meeting held
ACT005005,Email,U018,A00602,C002574,O0341,,2025-09-22,Replied
ACT005006,Email,U014,A00602,C002574,O0341,,2025-05-03,Completed
ACT005007,LinkedIn,U018,A00602,C002150,O0341,,2025-05-23,Completed
ACT005008,Meeting,U018,A00602,C002574,O0341,,2025-05-11,Meeting held
ACT005009,Email,U018,A00602,C001264,O0341,,2025-08-06,Meeting held
ACT005010,Email,U012,A00330,C001623,O0342,,2025-11-25,Completed
ACT005011,Email,U012,A00330,C006435,O0342,,2026-05-21,Replied
ACT005012,Call,U012,A00330,C001999,O0342,,2025-11-15,No answer
ACT005013,Email,U012,A00330,C001623,O0342,,2025-11-16,Meeting held
ACT005014,Email,U012,A00330,C001824,O0342,,2026-01-15,Meeting held
ACT005015,Meeting,U009,A00330,C001441,O0342,,2025-11-19,Bounced
ACT005016,Email,U009,A00330,C002915,O0342,,2026-03-16,Replied
ACT005017,Meeting,U003,A01668,C000226,O0343,,2026-05-17,No answer
ACT005018,LinkedIn,U003,A01668,C006914,O0343,,2026-10-04,Meeting held
ACT005019,Call,U003,A01668,C000226,O0343,,2026-07-07,Completed
ACT005020,Email,U006,A01668,C006914,O0343,,2026-08-30,No answer
ACT005021,Call,U003,A01668,C006914,O0343,,2026-09-07,Replied
ACT005022,LinkedIn,U006,A01668,C006914,O0343,,2026-08-07,Replied
ACT005023,Meeting,U003,A01668,C000226,O0343,,2026-08-12,Bounced
ACT005024,Email,U006,A01668,C006914,O0343,,2026-09-09,No answer
ACT005025,Call,U003,A01668,C006914,O0343,,2026-08-07,Bounced
ACT005026,Email,U006,A01668,C000226,O0343,,2026-09-18,Completed
ACT005027,Call,U006,A01668,C006914,O0343,,2026-05-04,Bounced
ACT005028,Email,U003,A01668,C000226,O0343,,2026-05-03,Bounced
ACT005029,Email,U003,A01668,C000226,O0343,,2026-04-25,No answer
ACT005030,Meeting,U003,A01668,C006914,O0343,,2026-05-26,Replied
ACT005031,Email,U006,A01668,C000226,O0343,,2026-07-19,No answer
ACT005032,Call,U003,A01668,C006914,O0343,,2026-08-20,Completed
ACT005033,Meeting,U012,A01883,C000180,O0344,,2025-10-20,No answer
ACT005034,Call,U008,A01883,C000180,O0344,,2025-09-19,No answer
ACT005035,Meeting,U012,A01883,C000180,O0344,,2025-08-13,No answer
ACT005036,Email,U008,A01883,C000180,O0344,,2025-12-11,Completed
ACT005037,Meeting,U009,A00411,C002057,O0345,,2026-09-18,No answer
ACT005038,Email,U012,A00411,C000412,O0345,,2026-09-28,Bounced
ACT005039,Call,U012,A00411,C005563,O0345,,2026-09-04,Bounced
ACT005040,Call,U012,A00411,C005563,O0345,,2026-09-24,No answer
ACT005041,Meeting,U009,A00411,C004028,O0345,,2026-09-02,Replied
ACT005042,Call,U012,A00411,C000412,O0345,,2026-10-04,Bounced
ACT005043,LinkedIn,U012,A00411,C002057,O0345,,2026-09-21,Replied
ACT005044,Email,U012,A00411,C005563,O0345,,2026-09-15,Completed
ACT005045,Email,U009,A00411,C000412,O0345,,2026-09-27,No answer
ACT005046,Meeting,U009,A00411,C004028,O0345,,2026-10-03,Completed
ACT005047,Call,U015,A01377,C004897,O0346,,2025-08-11,Bounced
ACT005048,Email,U018,A01377,C001024,O0346,,2025-09-16,No answer
ACT005049,Email,U018,A01377,C001024,O0346,,2025-10-13,Bounced
ACT005050,Call,U018,A01377,C004951,O0346,,2025-09-09,Completed
ACT005051,Email,U015,A01377,C001024,O0346,,2025-10-19,No answer
ACT005052,Call,U018,A01377,C004346,O0346,,2025-11-07,No answer
ACT005053,Call,U015,A01377,C001024,O0346,,2025-08-21,Meeting held
ACT005054,Email,U018,A01377,C004951,O0346,,2025-10-17,Bounced
ACT005055,Email,U015,A01377,C004287,O0346,,2025-07-27,Bounced
ACT005056,Call,U018,A01377,C002697,O0346,,2025-09-07,Replied
ACT005057,Meeting,U018,A01377,C001024,O0346,,2025-09-27,Completed
ACT005058,Email,U015,A01377,C004897,O0346,,2025-11-01,Bounced
ACT005059,Call,U015,A01377,C004951,O0346,,2025-09-12,Bounced
ACT005060,LinkedIn,U018,A01377,C002697,O0346,,2025-07-30,Replied
ACT005061,Email,U015,A01377,C002697,O0346,,2025-10-03,Meeting held
ACT005062,Email,U018,A01377,C004951,O0346,,2025-10-12,Bounced
ACT005063,Email,U015,A01377,C004346,O0346,,2025-10-26,Meeting held
ACT005064,Meeting,U015,A01377,C004897,O0346,,2025-08-03,Replied
ACT005065,Meeting,U018,A01377,C001024,O0346,,2025-08-04,Replied
ACT005066,Email,U018,A01377,C004897,O0346,,2025-11-09,Bounced
ACT005067,Email,U018,A01377,C001024,O0346,,2025-07-25,No answer
ACT005068,Email,U015,A01377,C004287,O0346,,2025-07-27,Completed
ACT005069,LinkedIn,U018,A01377,C004346,O0346,,2025-09-28,No answer
ACT005070,Email,U015,A01377,C004951,O0346,,2025-11-07,Replied
ACT005071,Email,U012,A01004,C006286,O0347,,2026-05-16,Bounced
ACT005072,Email,U012,A01004,C004154,O0347,,2026-09-28,Replied
ACT005073,Call,U009,A01004,C003468,O0347,,2026-08-29,Completed
ACT005074,Meeting,U009,A01004,C000596,O0347,,2026-08-03,Bounced
ACT005075,Email,U012,A01004,C004154,O0347,,2026-08-14,Replied
ACT005076,Call,U009,A01004,C004154,O0347,,2026-05-24,Bounced
ACT005077,Email,U009,A01004,C000596,O0347,,2026-09-05,Bounced
ACT005078,Email,U012,A01004,C006286,O0347,,2026-10-06,Meeting held
ACT005079,Call,U009,A01004,C004154,O0347,,2026-06-18,Replied
ACT005080,Email,U009,A01004,C004154,O0347,,2026-05-17,Meeting held
ACT005081,Meeting,U012,A01004,C000596,O0347,,2026-04-30,Meeting held
ACT005082,Meeting,U012,A01004,C000596,O0347,,2026-05-07,No answer
ACT005083,Email,U009,A01004,C006286,O0347,,2026-08-03,Bounced
ACT005084,Call,U009,A01004,C006286,O0347,,2026-06-14,Replied
ACT005085,Meeting,U012,A01004,C003468,O0347,,2026-09-10,Completed
ACT005086,Email,U009,A01004,C001244,O0347,,2026-08-04,Meeting held
ACT005087,Email,U012,A01004,C000596,O0347,,2026-08-07,Bounced
ACT005088,Email,U012,A01004,C001244,O0347,,2026-09-28,Replied
ACT005089,Email,U014,A00298,,O0348,,2026-01-23,Bounced
ACT005090,Email,U014,A00298,,O0348,,2026-01-04,Meeting held
ACT005091,Call,U018,A00298,,O0348,,2025-11-16,No answer
ACT005092,Meeting,U014,A00298,,O0348,,2026-02-13,No answer
ACT005093,Email,U014,A00298,,O0348,,2025-11-15,Replied
ACT005094,Email,U018,A00298,,O0348,,2026-01-08,No answer
ACT005095,Call,U014,A00298,,O0348,,2025-11-08,No answer
ACT005096,Email,U018,A00298,,O0348,,2025-12-29,Bounced
ACT005097,Email,U014,A00298,,O0348,,2026-01-06,Completed
ACT005098,Meeting,U014,A00298,,O0348,,2026-02-12,No answer
ACT005099,Meeting,U018,A00298,,O0348,,2025-12-27,Completed
ACT005100,Email,U018,A00298,,O0348,,2026-04-02,Completed
ACT005101,LinkedIn,U018,A00298,,O0348,,2025-11-22,No answer
ACT005102,Email,U014,A00298,,O0348,,2025-12-01,Completed
ACT005103,Email,U018,A00298,,O0348,,2025-11-27,Bounced
ACT005104,Call,U018,A00298,,O0348,,2026-03-22,No answer
ACT005105,Email,U018,A00298,,O0348,,2026-01-01,Meeting held
ACT005106,Email,U014,A00298,,O0348,,2025-12-10,Meeting held
ACT005107,Meeting,U006,A00391,C006182,O0349,,2025-08-18,Meeting held
ACT005108,Call,U003,A00391,C001690,O0349,,2025-10-23,No answer
ACT005109,Meeting,U003,A00391,C006182,O0349,,2025-10-19,Bounced
ACT005110,Call,U003,A00391,C001690,O0349,,2025-10-31,Replied
ACT005111,Call,U003,A00391,C001690,O0349,,2026-02-05,Completed
ACT005112,Email,U003,A00391,C003104,O0349,,2025-09-03,Bounced
ACT005113,Email,U006,A00391,C001690,O0349,,2026-01-17,Replied
ACT005114,LinkedIn,U003,A00391,C006182,O0349,,2026-02-03,Completed
ACT005115,Call,U006,A00391,C001690,O0349,,2026-01-19,Replied
ACT005116,Email,U006,A00391,C003104,O0349,,2026-02-26,Meeting held
ACT005117,Call,U006,A00391,C003104,O0349,,2026-02-06,Meeting held
ACT005118,Email,U006,A00391,C003104,O0349,,2025-09-01,No answer
ACT005119,Call,U003,A00391,C006182,O0349,,2025-09-07,No answer
ACT005120,Email,U003,A00391,C006182,O0349,,2025-09-06,Completed
ACT005121,Call,U003,A00391,C006182,O0349,,2026-02-19,No answer
ACT005122,LinkedIn,U006,A00391,C003104,O0349,,2025-12-09,No answer
ACT005123,Meeting,U003,A00391,C006182,O0349,,2026-03-05,No answer
ACT005124,Call,U006,A00391,C001690,O0349,,2025-11-24,No answer
ACT005125,Meeting,U006,A00391,C001690,O0349,,2025-12-27,Replied
ACT005126,Call,U012,A00659,C001421,O0350,,2026-10-08,No answer
ACT005127,Email,U008,A00659,C004767,O0350,,2026-10-03,Replied
ACT005128,Email,U012,A00659,C001421,O0350,,2026-09-26,Bounced
ACT005129,Call,U012,A00659,C006441,O0350,,2026-09-12,Replied
ACT005130,Email,U012,A00659,C003014,O0350,,2026-10-01,Meeting held
ACT005131,Call,U012,A00659,C003014,O0350,,2026-10-07,Meeting held
ACT005132,Email,U009,A00274,C001448,O0351,,2026-07-05,Meeting held
ACT005133,LinkedIn,U012,A00274,C001448,O0351,,2026-09-18,Replied
ACT005134,Meeting,U009,A00274,C003887,O0351,,2026-06-23,Completed
ACT005135,Call,U009,A00274,C005258,O0351,,2026-09-19,Replied
ACT005136,Meeting,U009,A00274,C001927,O0351,,2026-07-22,Completed
ACT005137,Meeting,U012,A00274,C001927,O0351,,2026-08-12,Completed
ACT005138,Email,U006,A01529,C003759,O0352,,2025-09-24,Replied
ACT005139,LinkedIn,U006,A01529,C005215,O0352,,2025-10-10,Meeting held
ACT005140,Call,U006,A01529,C005924,O0352,,2025-10-25,Replied
ACT005141,Email,U002,A01529,C003759,O0352,,2025-10-17,Replied
ACT005142,Email,U002,A01529,C001678,O0352,,2025-06-24,Bounced
ACT005143,Call,U006,A01529,C003759,O0352,,2025-08-06,Replied
ACT005144,Meeting,U002,A01529,C005215,O0352,,2025-09-24,Completed
ACT005145,Meeting,U002,A00674,C006910,O0353,,2026-05-19,Replied
ACT005146,Email,U002,A00674,C006910,O0353,,2026-02-14,No answer
ACT005147,Email,U002,A00674,C000200,O0353,,2026-05-08,Meeting held
ACT005148,Email,U002,A00674,C000200,O0353,,2026-05-07,Completed
ACT005149,Email,U006,A00674,C000200,O0353,,2026-05-31,No answer
ACT005150,Email,U006,A00674,C006910,O0353,,2026-06-15,Meeting held
ACT005151,Meeting,U006,A00674,C000200,O0353,,2026-03-06,No answer
ACT005152,Email,U006,A00674,C006910,O0353,,2026-04-02,Completed
ACT005153,Email,U002,A00674,C006910,O0353,,2026-02-04,Completed
ACT005154,Email,U006,A00674,C006910,O0353,,2026-05-24,Meeting held
ACT005155,Email,U002,A00674,C006910,O0353,,2026-05-09,Completed
ACT005156,Email,U002,A00674,C006910,O0353,,2026-05-14,Replied
ACT005157,Email,U002,A00674,C006910,O0353,,2026-04-07,Meeting held
ACT005158,Email,U006,A00674,C006910,O0353,,2026-05-07,Completed
ACT005159,Email,U006,A00674,C006910,O0353,,2026-02-21,No answer
ACT005160,Meeting,U006,A00674,C000200,O0353,,2026-05-03,Bounced
ACT005161,Email,U006,A00674,C006910,O0353,,2026-03-23,No answer
ACT005162,Email,U002,A00674,C006910,O0353,,2026-03-04,Replied
ACT005163,Meeting,U006,A00674,C000200,O0353,,2026-05-13,Completed
ACT005164,Email,U002,A00674,C000200,O0353,,2026-03-31,Meeting held
ACT005165,Meeting,U002,A00674,C000200,O0353,,2026-04-07,Bounced
ACT005166,Email,U006,A00674,C000200,O0353,,2026-06-18,Meeting held
ACT005167,Email,U006,A00674,C006910,O0353,,2026-02-21,Replied
ACT005168,Email,U018,A00947,C001242,O0354,,2026-07-22,Bounced
ACT005169,Call,U014,A00947,C001242,O0354,,2026-05-15,Completed
ACT005170,Meeting,U014,A00947,C001242,O0354,,2026-05-20,Bounced
ACT005171,Meeting,U014,A00947,C001242,O0354,,2026-07-10,Completed
ACT005172,Meeting,U018,A00947,C001242,O0354,,2026-07-15,Meeting held
ACT005173,Email,U014,A00947,C001242,O0354,,2026-07-22,Bounced
ACT005174,Email,U014,A00947,C001242,O0354,,2026-06-17,Meeting held
ACT005175,Email,U018,A00947,C001242,O0354,,2026-06-29,Completed
ACT005176,LinkedIn,U014,A00947,C001242,O0354,,2026-07-21,Completed
ACT005177,Email,U018,A00947,C001242,O0354,,2026-06-01,Replied
ACT005178,Call,U018,A00947,C001242,O0354,,2026-07-11,Meeting held
ACT005179,Email,U014,A00947,C001242,O0354,,2026-08-24,Meeting held
ACT005180,Email,U014,A00947,C001242,O0354,,2026-08-30,Meeting held
ACT005181,Email,U018,A00947,C001242,O0354,,2026-05-08,No answer
ACT005182,Meeting,U018,A00947,C001242,O0354,,2026-05-20,Replied
ACT005183,Call,U018,A00947,C001242,O0354,,2026-05-23,Completed
ACT005184,Email,U014,A00947,C001242,O0354,,2026-07-12,Meeting held
ACT005185,Call,U014,A00947,C001242,O0354,,2026-07-09,Meeting held
ACT005186,Email,U018,A00947,C001242,O0354,,2026-08-10,Completed
ACT005187,Meeting,U014,A00947,C001242,O0354,,2026-07-08,Completed
ACT005188,LinkedIn,U014,A00947,C001242,O0354,,2026-06-09,Completed
ACT005189,Email,U018,A00947,C001242,O0354,,2026-08-04,Replied
ACT005190,Meeting,U014,A00947,C001242,O0354,,2026-08-30,No answer
ACT005191,Email,U014,A00947,C001242,O0354,,2026-05-23,No answer
ACT005192,Email,U003,A00790,C000178,O0355,,2026-01-08,Meeting held
ACT005193,Email,U003,A00790,C005693,O0355,,2026-04-29,Replied
ACT005194,Email,U006,A00790,C003578,O0355,,2025-10-01,No answer
ACT005195,Meeting,U006,A00790,C005400,O0355,,2025-10-05,Replied
ACT005196,Email,U003,A00790,C005693,O0355,,2025-09-13,Bounced
ACT005197,Email,U003,A00790,C000296,O0355,,2025-10-03,Meeting held
ACT005198,Call,U006,A00790,C003578,O0355,,2026-01-08,Bounced
ACT005199,Call,U006,A00790,C003578,O0355,,2025-10-20,Replied
ACT005200,Email,U006,A00790,C006917,O0355,,2026-03-31,Completed
ACT005201,Meeting,U003,A00790,C003578,O0355,,2026-03-19,Meeting held
ACT005202,Call,U003,A00790,C005693,O0355,,2025-09-16,Completed
ACT005203,Meeting,U003,A00790,C000178,O0355,,2025-12-13,Completed
ACT005204,Email,U003,A00790,C000296,O0355,,2025-12-01,Replied
ACT005205,Call,U003,A00790,C006917,O0355,,2025-10-01,Bounced
ACT005206,Call,U003,A00790,C006759,O0355,,2025-12-18,Bounced
ACT005207,LinkedIn,U003,A00790,C003578,O0355,,2025-11-03,Replied
ACT005208,Email,U003,A00790,C003578,O0355,,2026-02-10,Meeting held
ACT005209,Email,U006,A00790,C000803,O0355,,2026-03-11,Completed
ACT005210,Call,U006,A00790,C006917,O0355,,2025-12-15,Bounced
ACT005211,LinkedIn,U006,A00790,C006166,O0355,,2026-01-29,Meeting held
ACT005212,Email,U003,A00790,C000803,O0355,,2026-01-15,Completed
ACT005213,Email,U006,A00790,C006166,O0355,,2025-12-24,Completed
ACT005214,Call,U014,A01639,C006388,O0356,,2026-09-25,Meeting held
ACT005215,Meeting,U014,A01639,C003945,O0356,,2026-09-30,No answer
ACT005216,Call,U018,A01639,C006843,O0356,,2026-09-08,No answer
ACT005217,Meeting,U014,A01639,C003945,O0356,,2026-09-20,No answer
ACT005218,Meeting,U018,A01639,C003945,O0356,,2026-09-12,Meeting held
ACT005219,Email,U014,A01639,C006388,O0356,,2026-09-11,Replied
ACT005220,Email,U014,A01639,C002618,O0356,,2026-09-05,Meeting held
ACT005221,Call,U014,A01639,C006843,O0356,,2026-09-11,Completed
ACT005222,Email,U018,A01639,C006843,O0356,,2026-09-14,Meeting held
ACT005223,Call,U018,A01639,C003945,O0356,,2026-10-03,Meeting held
ACT005224,LinkedIn,U014,A01639,C002618,O0356,,2026-10-03,Completed
ACT005225,Email,U014,A01639,C002618,O0356,,2026-09-20,Completed
ACT005226,Email,U018,A01639,C006843,O0356,,2026-09-12,Bounced
ACT005227,Email,U018,A01639,C006388,O0356,,2026-10-05,Bounced
ACT005228,Email,U014,A01639,C003945,O0356,,2026-10-04,Meeting held
ACT005229,Email,U014,A01639,C002618,O0356,,2026-09-20,Meeting held
ACT005230,Meeting,U014,A01639,C003945,O0356,,2026-09-23,Replied
ACT005231,Call,U018,A01639,C006843,O0356,,2026-10-01,Replied
ACT005232,Email,U018,A01639,C006388,O0356,,2026-09-16,Bounced
ACT005233,Call,U018,A01639,C002618,O0356,,2026-09-26,Bounced
ACT005234,Email,U014,A01639,C006843,O0356,,2026-09-08,Meeting held
ACT005235,Email,U014,A01639,C006388,O0356,,2026-09-22,Bounced
ACT005236,Email,U003,A00450,C006235,O0357,,2026-08-23,Replied
ACT005237,Email,U003,A00450,C006235,O0357,,2026-06-05,Meeting held
ACT005238,Email,U003,A00450,C003484,O0357,,2026-04-28,No answer
ACT005239,Call,U003,A00450,C000080,O0357,,2026-08-18,Bounced
ACT005240,Meeting,U003,A00450,C006235,O0357,,2026-07-27,Meeting held
ACT005241,Email,U003,A00450,C003484,O0357,,2026-07-13,Bounced
ACT005242,Email,U003,A00450,C003484,O0357,,2026-07-21,Replied
ACT005243,Meeting,U006,A00450,C006235,O0357,,2026-04-10,Completed
ACT005244,Call,U003,A00450,C005064,O0357,,2026-07-10,Meeting held
ACT005245,Call,U006,A00450,C003335,O0357,,2026-07-17,Bounced
ACT005246,Email,U006,A00450,C005064,O0357,,2026-09-07,Meeting held
ACT005247,Email,U006,A00450,C000080,O0357,,2026-09-06,Replied
ACT005248,Email,U006,A00450,C006235,O0357,,2026-04-18,Bounced
ACT005249,Call,U003,A00450,C006235,O0357,,2026-04-30,Bounced
ACT005250,Email,U003,A00450,C002668,O0357,,2026-05-30,Replied
ACT005251,Email,U006,A00450,C000080,O0357,,2026-08-11,Bounced
ACT005252,Meeting,U006,A00450,C000080,O0357,,2026-09-10,Completed
ACT005253,Call,U006,A00450,C006235,O0357,,2026-05-27,Completed
ACT005254,Email,U003,A00450,C003484,O0357,,2026-08-12,Replied
ACT005255,Email,U006,A00450,C006235,O0357,,2026-05-08,Completed
ACT005256,LinkedIn,U003,A00450,C002668,O0357,,2026-06-15,No answer
ACT005257,Call,U003,A00450,C000080,O0357,,2026-06-28,Bounced
ACT005258,Call,U003,A00450,C003484,O0357,,2026-05-07,Replied
ACT005259,Call,U009,A00121,C003340,O0358,,2025-10-05,Completed
ACT005260,Call,U012,A00121,C003340,O0358,,2025-09-23,Replied
ACT005261,LinkedIn,U012,A00121,C002451,O0358,,2025-09-17,Bounced
ACT005262,Email,U012,A00121,C005218,O0358,,2025-07-26,Bounced
ACT005263,Call,U012,A00121,C003340,O0358,,2025-07-31,Meeting held
ACT005264,Email,U009,A00121,C002451,O0358,,2025-09-14,Meeting held
ACT005265,Meeting,U009,A00121,C003340,O0358,,2025-09-24,Meeting held
ACT005266,Meeting,U009,A00121,C002451,O0358,,2025-09-18,Replied
ACT005267,Email,U009,A00121,C003340,O0358,,2025-07-26,Bounced
ACT005268,Email,U012,A00121,C003340,O0358,,2025-07-24,No answer
ACT005269,Email,U009,A00121,C002451,O0358,,2025-09-18,Bounced
ACT005270,Email,U012,A00121,C003340,O0358,,2025-09-14,No answer
ACT005271,Call,U012,A00121,C002451,O0358,,2025-08-09,Replied
ACT005272,LinkedIn,U012,A00121,C005218,O0358,,2025-09-25,Meeting held
ACT005273,Call,U009,A00121,C002451,O0358,,2025-10-11,Meeting held
ACT005274,Call,U009,A00121,C002451,O0358,,2025-08-06,Replied
ACT005275,Email,U009,A00121,C002451,O0358,,2025-09-21,Replied
ACT005276,Meeting,U009,A00121,C002451,O0358,,2025-07-28,Meeting held
ACT005277,Email,U012,A00121,C003340,O0358,,2025-08-27,Replied
ACT005278,Email,U012,A00121,C002451,O0358,,2025-10-14,Bounced
ACT005279,Meeting,U012,A00121,C002451,O0358,,2025-09-18,Replied
ACT005280,Meeting,U018,A01330,C003525,O0359,,2026-09-19,Replied
ACT005281,Email,U014,A01330,C003525,O0359,,2026-09-06,Bounced
ACT005282,Call,U018,A01330,C000831,O0359,,2026-09-07,Replied
ACT005283,Call,U014,A01330,C000831,O0359,,2026-09-15,No answer
ACT005284,Call,U018,A01330,C003525,O0359,,2026-09-22,Meeting held
ACT005285,Email,U018,A01330,C000831,O0359,,2026-09-25,No answer
ACT005286,Call,U018,A01330,C003525,O0359,,2026-09-06,Completed
ACT005287,Email,U018,A01330,C000831,O0359,,2026-09-30,Replied
ACT005288,Email,U014,A01330,C003525,O0359,,2026-10-03,No answer
ACT005289,Call,U018,A01330,C003525,O0359,,2026-09-21,No answer
ACT005290,Email,U018,A01330,C003525,O0359,,2026-09-26,Completed
ACT005291,Email,U014,A01330,C001691,O0359,,2026-10-06,Completed
ACT005292,LinkedIn,U018,A01330,C000831,O0359,,2026-09-24,Replied
ACT005293,Call,U018,A01330,C001691,O0359,,2026-09-15,Completed
ACT005294,Call,U018,A01330,C001691,O0359,,2026-09-09,Meeting held
ACT005295,Email,U018,A01330,C001691,O0359,,2026-10-05,No answer
ACT005296,Email,U018,A01330,C000831,O0359,,2026-09-10,Bounced
ACT005297,Call,U018,A01330,C001691,O0359,,2026-09-09,Meeting held
ACT005298,Email,U006,A01433,C004523,O0360,,2026-04-14,No answer
ACT005299,Meeting,U003,A01433,C005530,O0360,,2025-11-30,Meeting held
ACT005300,Email,U006,A01433,C005530,O0360,,2026-03-25,Bounced
ACT005301,Meeting,U003,A01433,C004523,O0360,,2026-01-21,No answer
ACT005302,Call,U006,A01433,C004523,O0360,,2026-04-27,Bounced
ACT005303,Meeting,U003,A01433,C004523,O0360,,2026-03-29,No answer
ACT005304,Email,U003,A01433,C005530,O0360,,2026-03-14,Replied
ACT005305,Email,U006,A01433,C001428,O0360,,2025-12-04,Replied
ACT005306,Email,U006,A01433,C004523,O0360,,2026-02-22,Bounced
ACT005307,Meeting,U003,A01433,C005530,O0360,,2026-03-03,No answer
ACT005308,Email,U006,A01433,C005530,O0360,,2026-01-21,No answer
ACT005309,Email,U003,A01433,C004523,O0360,,2026-03-08,Bounced
ACT005310,Meeting,U006,A01433,C004523,O0360,,2026-02-11,Meeting held
ACT005311,Call,U003,A01510,C000444,O0361,,2026-07-11,No answer
ACT005312,Call,U006,A01510,C003499,O0361,,2026-07-28,No answer
ACT005313,Email,U003,A01510,C004360,O0361,,2026-05-26,Meeting held
ACT005314,Email,U003,A01510,C003499,O0361,,2026-07-22,Replied
ACT005315,Email,U006,A01510,C000444,O0361,,2026-07-09,Replied
ACT005316,LinkedIn,U006,A01510,C000444,O0361,,2026-05-31,Bounced
ACT005317,Call,U003,A01510,C003499,O0361,,2026-09-16,Completed
ACT005318,Meeting,U006,A01510,C000444,O0361,,2026-04-23,Meeting held
ACT005319,LinkedIn,U006,A01510,C000444,O0361,,2026-04-26,Bounced
ACT005320,Call,U006,A01510,C000444,O0361,,2026-06-08,Bounced
ACT005321,Email,U003,A01510,C000444,O0361,,2026-05-30,Completed
ACT005322,LinkedIn,U003,A01510,C004360,O0361,,2026-04-22,Replied
ACT005323,Call,U006,A00045,C002670,O0362,,2025-12-27,Completed
ACT005324,Meeting,U003,A00045,C006685,O0362,,2026-02-16,Replied
ACT005325,Meeting,U006,A00045,C001251,O0362,,2026-03-09,No answer
ACT005326,Email,U006,A00045,C002670,O0362,,2025-10-30,Replied
ACT005327,LinkedIn,U006,A00045,C000276,O0362,,2026-03-18,Meeting held
ACT005328,Email,U006,A00326,C004633,O0363,,2025-12-14,Meeting held
ACT005329,Email,U006,A00326,C004633,O0363,,2026-02-24,No answer
ACT005330,Email,U002,A00326,C004633,O0363,,2025-09-22,Completed
ACT005331,Meeting,U006,A00326,C004633,O0363,,2026-01-07,No answer
ACT005332,Call,U006,A00326,C004633,O0363,,2025-08-13,Replied
ACT005333,LinkedIn,U006,A00326,C004633,O0363,,2025-11-22,Bounced
ACT005334,Email,U002,A00326,C004633,O0363,,2025-09-24,Replied
ACT005335,Email,U002,A00326,C004633,O0363,,2026-02-25,No answer
ACT005336,Email,U002,A00326,C004633,O0363,,2025-09-14,Meeting held
ACT005337,Meeting,U002,A00326,C004633,O0363,,2025-12-13,Completed
ACT005338,Email,U006,A00326,C004633,O0363,,2026-02-01,Completed
ACT005339,Email,U006,A00326,C004633,O0363,,2025-10-22,Bounced
ACT005340,Call,U002,A00326,C004633,O0363,,2026-02-05,Meeting held
ACT005341,LinkedIn,U002,A00326,C004633,O0363,,2026-02-14,Bounced
ACT005342,LinkedIn,U002,A00326,C004633,O0363,,2025-10-17,Replied
ACT005343,Email,U006,A00326,C004633,O0363,,2025-09-29,Replied
ACT005344,Call,U006,A00326,C004633,O0363,,2026-01-31,Meeting held
ACT005345,Email,U015,A02014,C006938,O0364,,2026-08-25,Completed
ACT005346,Email,U018,A02014,C006938,O0364,,2026-09-15,Meeting held
ACT005347,Email,U018,A02014,C006938,O0364,,2026-08-29,Replied
ACT005348,Email,U015,A02014,C006938,O0364,,2026-09-01,Completed
ACT005349,Email,U015,A02014,C006938,O0364,,2026-07-15,No answer
ACT005350,Call,U015,A02014,C006938,O0364,,2026-07-15,Meeting held
ACT005351,Call,U015,A02014,C006938,O0364,,2026-09-28,No answer
ACT005352,Email,U018,A02014,C006938,O0364,,2026-09-20,Replied
ACT005353,Email,U015,A02014,C006938,O0364,,2026-08-10,No answer
ACT005354,Call,U018,A02014,C006938,O0364,,2026-10-04,Meeting held
ACT005355,Email,U018,A02014,C006938,O0364,,2026-08-02,Bounced
ACT005356,Meeting,U015,A02014,C006938,O0364,,2026-09-06,Meeting held
ACT005357,Meeting,U018,A02014,C006938,O0364,,2026-08-23,Meeting held
ACT005358,Meeting,U018,A02014,C006938,O0364,,2026-09-02,Bounced
ACT005359,Call,U015,A02014,C006938,O0364,,2026-08-30,Replied
ACT005360,LinkedIn,U018,A02014,C006938,O0364,,2026-08-11,Meeting held
ACT005361,Call,U015,A02014,C006938,O0364,,2026-08-26,No answer
ACT005362,Email,U018,A02014,C006938,O0364,,2026-09-27,Replied
ACT005363,Email,U015,A02014,C006938,O0364,,2026-08-29,Replied
ACT005364,Call,U015,A02014,C006938,O0364,,2026-10-03,Meeting held
ACT005365,Email,U018,A02014,C006938,O0364,,2026-08-25,Replied
ACT005366,Email,U015,A02014,C006938,O0364,,2026-10-01,Meeting held
ACT005367,Email,U015,A02014,C006938,O0364,,2026-09-04,Replied
ACT005368,Email,U018,A02014,C006938,O0364,,2026-09-05,No answer
ACT005369,Email,U015,A02014,C006938,O0364,,2026-08-31,Meeting held
ACT005370,LinkedIn,U002,A00329,C003256,O0365,,2025-06-23,Meeting held
ACT005371,Email,U002,A00329,C007021,O0365,,2025-08-17,Meeting held
ACT005372,Call,U006,A00329,C007021,O0365,,2025-07-05,Meeting held
ACT005373,Call,U006,A00329,C001481,O0365,,2025-06-06,Bounced
ACT005374,Meeting,U002,A00329,C007021,O0365,,2025-05-31,No answer
ACT005375,Meeting,U002,A00329,C001481,O0365,,2025-06-28,Meeting held
ACT005376,Email,U002,A00329,C007021,O0365,,2025-07-13,Completed
ACT005377,Email,U002,A00329,C000420,O0365,,2025-08-27,Bounced
ACT005378,Call,U002,A00329,C007021,O0365,,2025-08-17,Meeting held
ACT005379,Email,U006,A00329,C003256,O0365,,2025-06-21,Completed
ACT005380,Call,U002,A00329,C003256,O0365,,2025-06-09,Completed
ACT005381,Meeting,U009,A00398,C005135,O0366,,2026-02-01,Bounced
ACT005382,LinkedIn,U012,A00398,C001788,O0366,,2026-02-23,Replied
ACT005383,Email,U012,A00398,C001788,O0366,,2026-04-11,No answer
ACT005384,Meeting,U009,A00398,C005135,O0366,,2026-05-04,Bounced
ACT005385,LinkedIn,U012,A00398,C001788,O0366,,2025-12-16,Replied
ACT005386,Meeting,U012,A00398,C001788,O0366,,2026-01-19,Bounced
ACT005387,Email,U003,A00848,C006703,O0367,,2026-02-05,Replied
ACT005388,Meeting,U006,A00848,C004089,O0367,,2026-01-21,Bounced
ACT005389,Call,U003,A00848,C004089,O0367,,2026-05-22,Replied
ACT005390,Email,U006,A00848,C002164,O0367,,2026-06-26,No answer
ACT005391,Call,U003,A00848,C006703,O0367,,2026-07-25,No answer
ACT005392,Email,U006,A00848,C002164,O0367,,2026-05-30,Bounced
ACT005393,Meeting,U003,A00848,C006703,O0367,,2026-03-01,Completed
ACT005394,Call,U003,A00848,C003958,O0367,,2026-02-21,Meeting held
ACT005395,Email,U006,A00848,C003958,O0367,,2026-01-14,Meeting held
ACT005396,Call,U003,A00848,C006703,O0367,,2025-12-07,Meeting held
ACT005397,Meeting,U006,A00848,C006703,O0367,,2026-04-28,No answer
ACT005398,Call,U006,A00848,C003958,O0367,,2025-12-23,Replied
ACT005399,Email,U003,A00848,C004089,O0367,,2025-12-12,No answer
ACT005400,Call,U003,A00848,C004089,O0367,,2026-04-30,Bounced
ACT005401,Call,U003,A00848,C003958,O0367,,2026-05-27,Meeting held
ACT005402,Email,U003,A00848,C004089,O0367,,2026-01-22,Meeting held
ACT005403,Email,U003,A00848,C003260,O0367,,2025-11-22,Bounced
ACT005404,Email,U006,A00848,C003260,O0367,,2026-04-06,Meeting held
ACT005405,Call,U006,A00848,C006703,O0367,,2026-01-10,Completed
ACT005406,LinkedIn,U015,A01005,C004157,O0368,,2026-09-22,Bounced
ACT005407,Email,U015,A01005,C006046,O0368,,2026-09-24,Bounced
ACT005408,Meeting,U018,A01005,C004157,O0368,,2026-09-14,Completed
ACT005409,Meeting,U018,A01005,C004157,O0368,,2026-09-06,Bounced
ACT005410,Call,U018,A01005,C004157,O0368,,2026-10-07,No answer
ACT005411,Call,U015,A01005,C006046,O0368,,2026-09-16,Replied
ACT005412,Email,U015,A01005,C004157,O0368,,2026-09-10,No answer
ACT005413,Call,U018,A01005,C004157,O0368,,2026-09-15,Bounced
ACT005414,Meeting,U015,A01005,C006046,O0368,,2026-09-14,Bounced
ACT005415,Call,U018,A01005,C006046,O0368,,2026-10-06,Bounced
ACT005416,Meeting,U018,A01005,C006046,O0368,,2026-09-17,Completed
ACT005417,LinkedIn,U018,A01005,C006046,O0368,,2026-09-05,No answer
ACT005418,Email,U018,A01005,C004157,O0368,,2026-09-21,No answer
ACT005419,Email,U018,A01005,C006046,O0368,,2026-09-06,No answer
ACT005420,Meeting,U018,A01005,C006046,O0368,,2026-10-08,Bounced
ACT005421,LinkedIn,U015,A01005,C006046,O0368,,2026-09-05,Replied
ACT005422,Meeting,U018,A01005,C006046,O0368,,2026-09-23,Completed
ACT005423,Call,U018,A01610,C005035,O0369,,2026-09-13,No answer
ACT005424,Email,U015,A01610,C005035,O0369,,2026-09-13,Meeting held
ACT005425,Email,U015,A01610,C006688,O0369,,2026-09-03,Completed
ACT005426,Email,U018,A01610,C002777,O0369,,2026-09-12,Meeting held
ACT005427,Meeting,U015,A01610,C005735,O0369,,2026-08-27,Meeting held
ACT005428,Email,U015,A01610,C005735,O0369,,2026-09-28,Meeting held
ACT005429,Call,U018,A01610,C001009,O0369,,2026-09-23,Completed
ACT005430,Email,U015,A01610,C006688,O0369,,2026-09-06,No answer
ACT005431,Meeting,U015,A01610,C005735,O0369,,2026-09-15,Bounced
ACT005432,Meeting,U015,A01610,C005735,O0369,,2026-10-08,No answer
ACT005433,Email,U018,A01610,C005035,O0369,,2026-09-12,Replied
ACT005434,Meeting,U018,A01610,C005035,O0369,,2026-09-16,No answer
ACT005435,Email,U015,A01610,C005735,O0369,,2026-09-15,Bounced
ACT005436,Email,U015,A01610,C005035,O0369,,2026-08-25,Bounced
ACT005437,Call,U015,A01610,C004864,O0369,,2026-09-01,No answer
ACT005438,Email,U015,A01610,C004864,O0369,,2026-08-19,Completed
ACT005439,Meeting,U015,A01610,C006688,O0369,,2026-09-20,Bounced
ACT005440,Email,U018,A01610,C002777,O0369,,2026-08-29,Bounced
ACT005441,Call,U018,A01610,C005735,O0369,,2026-09-28,Meeting held
ACT005442,Email,U015,A01610,C004864,O0369,,2026-08-31,Completed
ACT005443,Call,U015,A01610,C006688,O0369,,2026-08-30,Meeting held
ACT005444,Email,U018,A01610,C004864,O0369,,2026-09-11,Replied
ACT005445,Email,U015,A01610,C002777,O0369,,2026-09-18,No answer
ACT005446,Call,U018,A01902,C000884,O0370,,2025-10-09,No answer
ACT005447,Email,U018,A01902,C000884,O0370,,2025-09-03,Bounced
ACT005448,Meeting,U014,A01902,C000884,O0370,,2025-09-24,Completed
ACT005449,Call,U018,A01902,C000884,O0370,,2025-05-25,Completed
ACT005450,LinkedIn,U018,A01902,C000884,O0370,,2025-08-14,Bounced
ACT005451,Meeting,U014,A01902,C000884,O0370,,2025-09-07,Meeting held
ACT005452,Call,U014,A01902,C000884,O0370,,2025-04-29,No answer
ACT005453,Meeting,U018,A01902,C000884,O0370,,2025-06-25,Meeting held
ACT005454,Meeting,U018,A01902,C000884,O0370,,2025-09-24,Replied
ACT005455,Meeting,U014,A01902,C000884,O0370,,2025-05-21,Replied
ACT005456,Meeting,U018,A01902,C000884,O0370,,2025-07-25,Completed
ACT005457,Call,U014,A01902,C000884,O0370,,2025-07-04,Bounced
ACT005458,Meeting,U014,A01902,C000884,O0370,,2025-05-29,Bounced
ACT005459,Email,U014,A01902,C000884,O0370,,2025-09-03,Completed
ACT005460,Email,U003,A01166,C001923,O0371,,2025-11-01,Replied
ACT005461,Call,U003,A01166,C002564,O0371,,2025-08-29,Bounced
ACT005462,Email,U003,A01166,C001923,O0371,,2025-10-22,Completed
ACT005463,Meeting,U006,A01166,C001923,O0371,,2025-11-16,Meeting held
ACT005464,Email,U006,A01166,C004861,O0371,,2025-09-21,No answer
ACT005465,Call,U006,A01166,C002564,O0371,,2025-09-02,Replied
ACT005466,Meeting,U006,A01166,C002564,O0371,,2025-08-30,Bounced
ACT005467,Call,U003,A01166,C006010,O0371,,2025-11-18,No answer
ACT005468,Email,U003,A01166,C001923,O0371,,2025-09-15,No answer
ACT005469,LinkedIn,U006,A01166,C004861,O0371,,2025-09-26,Completed
ACT005470,Call,U003,A01166,C006010,O0371,,2025-09-21,Meeting held
ACT005471,Meeting,U006,A01166,C002564,O0371,,2025-11-19,Meeting held
ACT005472,Email,U002,A01924,C002204,O0372,,2026-09-26,Replied
ACT005473,Email,U002,A01924,C002581,O0372,,2026-09-09,Meeting held
ACT005474,Email,U002,A01924,C002581,O0372,,2026-08-15,Meeting held
ACT005475,Call,U002,A01924,C002204,O0372,,2026-10-04,No answer
ACT005476,Email,U006,A01924,C002581,O0372,,2026-08-28,Replied
ACT005477,Meeting,U002,A01924,C002581,O0372,,2026-09-25,Completed
ACT005478,Call,U006,A01924,C005532,O0372,,2026-09-11,Meeting held
ACT005479,Email,U002,A01924,C002204,O0372,,2026-09-02,Completed
ACT005480,Email,U002,A01924,C002204,O0372,,2026-09-21,No answer
ACT005481,Email,U006,A01924,C002204,O0372,,2026-09-26,Replied
ACT005482,Email,U006,A01924,C002204,O0372,,2026-09-14,Meeting held
ACT005483,LinkedIn,U006,A01924,C005532,O0372,,2026-09-20,No answer
ACT005484,Meeting,U002,A01924,C005532,O0372,,2026-09-15,No answer
ACT005485,Call,U006,A01924,C002204,O0372,,2026-08-20,Bounced
ACT005486,Call,U006,A01924,C002204,O0372,,2026-09-09,Bounced
ACT005487,Email,U006,A01924,C002581,O0372,,2026-09-14,Completed
ACT005488,Email,U006,A01924,C005532,O0372,,2026-09-24,Bounced
ACT005489,Call,U018,A00492,C000154,O0373,,2026-09-20,Completed
ACT005490,Email,U014,A00492,C000154,O0373,,2026-07-21,Meeting held
ACT005491,Email,U014,A00492,C000154,O0373,,2026-07-11,Replied
ACT005492,Email,U014,A00492,C002922,O0373,,2026-08-22,Meeting held
ACT005493,Email,U014,A00492,C002922,O0373,,2026-07-20,No answer
ACT005494,Email,U018,A00492,C000154,O0373,,2026-07-29,Bounced
ACT005495,Call,U014,A00492,C000154,O0373,,2026-08-29,Replied
ACT005496,Meeting,U018,A00492,C002922,O0373,,2026-10-02,Bounced
ACT005497,Email,U014,A00492,C000154,O0373,,2026-08-11,Completed
ACT005498,Email,U018,A00492,C000154,O0373,,2026-07-13,Meeting held
ACT005499,Call,U014,A00492,C000154,O0373,,2026-07-14,Bounced
ACT005500,Email,U018,A00492,C000154,O0373,,2026-09-06,Completed
ACT005501,Email,U018,A00492,C000154,O0373,,2026-09-21,Completed
ACT005502,LinkedIn,U014,A00492,C000154,O0373,,2026-08-21,Bounced
ACT005503,Call,U014,A00492,C002922,O0373,,2026-07-18,Replied
ACT005504,LinkedIn,U018,A00492,C002922,O0373,,2026-08-17,Replied
ACT005505,Email,U018,A00492,C002922,O0373,,2026-08-13,Completed
ACT005506,LinkedIn,U006,A01293,C005555,O0374,,2025-10-29,Meeting held
ACT005507,LinkedIn,U003,A01293,C004467,O0374,,2025-10-29,Meeting held
ACT005508,Meeting,U003,A01293,C005386,O0374,,2025-11-12,Meeting held
ACT005509,Email,U003,A01293,C005555,O0374,,2025-12-07,No answer
ACT005510,Meeting,U006,A01293,C005386,O0374,,2025-10-03,Completed
ACT005511,Call,U003,A01293,C005432,O0374,,2025-10-13,Replied
ACT005512,Email,U003,A01293,C005555,O0374,,2025-09-30,No answer
ACT005513,Email,U003,A01293,C000068,O0374,,2025-12-01,Completed
ACT005514,Call,U003,A01293,C005432,O0374,,2025-11-19,Replied
ACT005515,Email,U006,A01293,C005386,O0374,,2025-08-20,No answer
ACT005516,Call,U003,A00250,C003396,O0375,,2026-01-19,Bounced
ACT005517,Email,U003,A00250,C003396,O0375,,2026-01-07,Meeting held
ACT005518,Email,U003,A00250,C003396,O0375,,2025-11-09,Completed
ACT005519,Email,U003,A00250,C000649,O0375,,2026-01-12,Replied
ACT005520,Email,U006,A00250,C000649,O0375,,2025-11-24,Replied
ACT005521,Email,U003,A00250,C000649,O0375,,2026-01-23,Replied
ACT005522,Call,U003,A00250,C003396,O0375,,2026-01-19,Replied
ACT005523,Email,U006,A00250,C000649,O0375,,2025-12-08,Replied
ACT005524,Email,U006,A00250,C000649,O0375,,2025-10-11,Replied
ACT005525,LinkedIn,U003,A00250,C000649,O0375,,2026-02-16,Completed
ACT005526,LinkedIn,U006,A00250,C000649,O0375,,2025-10-28,Meeting held
ACT005527,Call,U003,A00250,C000649,O0375,,2026-02-08,Meeting held
ACT005528,Email,U003,A00250,C004986,O0375,,2025-11-30,Meeting held
ACT005529,Email,U003,A00250,C003396,O0375,,2026-01-05,Completed
ACT005530,Meeting,U003,A00250,C004986,O0375,,2025-12-05,Replied
ACT005531,Meeting,U006,A00250,C004986,O0375,,2025-12-22,No answer
ACT005532,Email,U003,A00250,C004986,O0375,,2026-01-17,No answer
ACT005533,Call,U015,A00420,C005376,O0376,,2025-12-16,Bounced
ACT005534,Meeting,U018,A00420,C007032,O0376,,2026-01-14,Bounced
ACT005535,LinkedIn,U015,A00420,C001584,O0376,,2025-12-26,Completed
ACT005536,LinkedIn,U018,A00420,C007032,O0376,,2025-11-28,Completed
ACT005537,Meeting,U015,A00420,C001390,O0376,,2025-10-22,Meeting held
ACT005538,Email,U015,A00420,C001390,O0376,,2025-12-04,Completed
ACT005539,Call,U015,A00420,C001390,O0376,,2025-09-16,Meeting held
ACT005540,Email,U015,A00420,C001584,O0376,,2025-12-29,Replied
ACT005541,Call,U008,A01982,C003356,O0377,,2026-07-22,Bounced
ACT005542,Call,U008,A01982,C004417,O0377,,2026-09-29,Replied
ACT005543,Call,U012,A01982,C003356,O0377,,2026-05-29,Meeting held
ACT005544,Email,U012,A01982,C004417,O0377,,2026-04-21,Replied
ACT005545,Email,U012,A01982,C005091,O0377,,2026-07-17,Meeting held
ACT005546,Email,U012,A01982,C003356,O0377,,2026-05-11,Completed
ACT005547,Call,U008,A01982,C004417,O0377,,2026-08-27,Bounced
ACT005548,Email,U012,A01982,C005091,O0377,,2026-09-08,Completed
ACT005549,Call,U012,A01982,C004417,O0377,,2026-09-17,Replied
ACT005550,Email,U012,A01982,C004417,O0377,,2026-10-01,Meeting held
ACT005551,Meeting,U008,A01982,C004417,O0377,,2026-06-04,Replied
ACT005552,Email,U008,A01982,C005091,O0377,,2026-08-01,Completed
ACT005553,Email,U008,A01982,C005091,O0377,,2026-07-22,Bounced
ACT005554,Call,U012,A01237,C003730,O0378,,2026-01-13,No answer
ACT005555,Email,U012,A01237,C003730,O0378,,2025-12-31,Bounced
ACT005556,Email,U012,A01237,C006143,O0378,,2025-10-09,No answer
ACT005557,Email,U009,A01237,C002234,O0378,,2026-01-01,No answer
ACT005558,Email,U009,A01237,C003730,O0378,,2026-01-26,No answer
ACT005559,Call,U009,A01237,C003730,O0378,,2025-11-18,Replied
ACT005560,Email,U009,A01237,C002234,O0378,,2025-09-30,Completed
ACT005561,Call,U012,A00871,C000002,O0379,,2025-12-18,Bounced
ACT005562,Call,U012,A00871,C000052,O0379,,2025-09-17,No answer
ACT005563,Meeting,U009,A00871,C000052,O0379,,2025-09-02,Meeting held
ACT005564,Meeting,U009,A00871,C000052,O0379,,2025-04-26,Bounced
ACT005565,Email,U012,A00871,C000052,O0379,,2025-05-28,No answer
ACT005566,Meeting,U012,A00871,C000052,O0379,,2025-06-03,Completed
ACT005567,Email,U012,A00871,C000002,O0379,,2025-09-24,Meeting held
ACT005568,LinkedIn,U009,A00871,C000052,O0379,,2025-07-17,No answer
ACT005569,Email,U012,A00871,C000052,O0379,,2025-07-20,Replied
ACT005570,Email,U012,A00871,C000002,O0379,,2025-08-21,Replied
ACT005571,Call,U012,A00871,C000002,O0379,,2025-05-06,Meeting held
ACT005572,Email,U009,A00871,C000052,O0379,,2025-10-31,Replied
ACT005573,Call,U002,A01972,C000464,O0380,,2026-09-23,Completed
ACT005574,Call,U002,A01972,C003466,O0380,,2026-10-06,No answer
ACT005575,Email,U002,A01972,C004432,O0380,,2026-09-29,Replied
ACT005576,Call,U002,A01972,C001576,O0380,,2026-10-05,No answer
ACT005577,Meeting,U006,A01972,C006854,O0380,,2026-09-29,Completed
ACT005578,Call,U002,A01972,C003466,O0380,,2026-10-02,Replied
ACT005579,Call,U006,A01972,C006156,O0380,,2026-09-28,Meeting held
ACT005580,Email,U006,A01972,C006854,O0380,,2026-10-01,Replied
ACT005581,Call,U002,A01972,C004432,O0380,,2026-10-06,Bounced
ACT005582,Meeting,U002,A01999,C000030,O0381,,2025-07-08,Completed
ACT005583,Email,U002,A01999,C000030,O0381,,2025-06-11,Meeting held
ACT005584,Email,U006,A01999,C006590,O0381,,2025-08-05,Completed
ACT005585,Meeting,U006,A01999,C006590,O0381,,2025-08-09,No answer
ACT005586,Email,U006,A01999,C000030,O0381,,2025-09-03,Meeting held
ACT005587,Email,U006,A01999,C006590,O0381,,2025-06-09,No answer
ACT005588,Call,U002,A01999,C000030,O0381,,2025-10-09,Meeting held
ACT005589,Email,U008,A01212,C005393,O0382,,2025-06-28,Replied
ACT005590,Meeting,U012,A01212,C005393,O0382,,2025-08-12,Bounced
ACT005591,LinkedIn,U012,A01212,C005393,O0382,,2025-07-01,Replied
ACT005592,Email,U012,A01212,C005393,O0382,,2025-12-14,Completed
ACT005593,Meeting,U012,A01212,C005393,O0382,,2025-08-27,Replied
ACT005594,Call,U008,A01212,C005393,O0382,,2025-07-08,Bounced
ACT005595,Email,U012,A01212,C005393,O0382,,2025-08-25,Bounced
ACT005596,Call,U008,A01212,C005393,O0382,,2025-08-24,Completed
ACT005597,Call,U008,A01212,C005393,O0382,,2025-10-28,Meeting held
ACT005598,Email,U008,A01212,C005393,O0382,,2025-10-13,Completed
ACT005599,Meeting,U012,A01212,C005393,O0382,,2025-06-04,Meeting held
ACT005600,LinkedIn,U008,A01212,C005393,O0382,,2026-01-02,Meeting held
ACT005601,Email,U008,A01212,C005393,O0382,,2025-07-22,Meeting held
ACT005602,Call,U012,A01212,C005393,O0382,,2025-11-28,Meeting held
ACT005603,Call,U008,A01212,C005393,O0382,,2025-06-12,Meeting held
ACT005604,Call,U012,A01212,C005393,O0382,,2025-07-24,Completed
ACT005605,Call,U008,A01212,C005393,O0382,,2025-12-11,No answer
ACT005606,Email,U012,A01212,C005393,O0382,,2025-12-11,Completed
ACT005607,Call,U008,A01212,C005393,O0382,,2025-05-01,Meeting held
ACT005608,Call,U008,A01212,C005393,O0382,,2025-08-19,No answer
ACT005609,Email,U008,A01212,C005393,O0382,,2025-10-16,Completed
ACT005610,Meeting,U008,A01212,C005393,O0382,,2025-06-25,Completed
ACT005611,Call,U012,A01212,C005393,O0382,,2025-05-28,No answer
ACT005612,Email,U012,A01212,C005393,O0382,,2025-09-20,No answer
ACT005613,Email,U012,A01629,C005559,O0383,,2025-06-11,No answer
ACT005614,Email,U012,A01629,C005559,O0383,,2025-05-17,Meeting held
ACT005615,Call,U012,A01629,C005559,O0383,,2025-07-20,No answer
ACT005616,Email,U009,A01629,C005559,O0383,,2025-07-16,Replied
ACT005617,Email,U012,A01629,C005559,O0383,,2025-06-01,Meeting held
ACT005618,LinkedIn,U006,A01597,C005410,O0384,,2025-11-05,Completed
ACT005619,Email,U006,A01597,C001455,O0384,,2025-11-30,Replied
ACT005620,Email,U002,A01597,C002359,O0384,,2025-12-10,Meeting held
ACT005621,Email,U006,A01597,C001455,O0384,,2025-11-08,Replied
ACT005622,Call,U002,A01597,C001455,O0384,,2025-11-05,Meeting held
ACT005623,Email,U006,A01597,C002359,O0384,,2025-10-27,Bounced
ACT005624,Email,U006,A01597,C002359,O0384,,2025-12-26,Meeting held
ACT005625,Email,U006,A01597,C001455,O0384,,2025-10-21,Meeting held
ACT005626,Email,U015,A00012,C001370,O0385,,2025-08-22,No answer
ACT005627,LinkedIn,U015,A00012,C001370,O0385,,2025-06-19,Meeting held
ACT005628,Email,U018,A00012,C005119,O0385,,2025-09-20,Meeting held
ACT005629,Email,U015,A00012,C006114,O0385,,2025-08-08,Completed
ACT005630,Meeting,U015,A00012,C005119,O0385,,2025-07-09,Bounced
ACT005631,Email,U018,A00012,C005119,O0385,,2025-10-15,No answer
ACT005632,Email,U018,A00012,C005119,O0385,,2025-07-18,No answer
ACT005633,Email,U015,A00012,C005119,O0385,,2025-06-27,Meeting held
ACT005634,Call,U015,A00012,C001101,O0385,,2025-11-16,Completed
ACT005635,Meeting,U018,A00012,C001370,O0385,,2025-08-26,No answer
ACT005636,Email,U018,A00302,C002932,O0386,,2026-06-28,Bounced
ACT005637,Email,U018,A00302,C000270,O0386,,2026-04-27,Bounced
ACT005638,Email,U014,A00302,C001495,O0386,,2026-04-23,Replied
ACT005639,Email,U014,A00302,C000270,O0386,,2026-05-21,Completed
ACT005640,Email,U018,A00302,C004550,O0386,,2026-04-23,Replied
ACT005641,Call,U018,A00302,C000409,O0386,,2026-06-26,Bounced
ACT005642,Email,U014,A00302,C004550,O0386,,2026-07-14,Completed
ACT005643,Email,U018,A00302,C004550,O0386,,2026-05-04,Replied
ACT005644,Call,U018,A00302,C000270,O0386,,2026-05-31,Completed
ACT005645,Call,U018,A00302,C001495,O0386,,2026-06-22,Replied
ACT005646,Call,U018,A00302,C000409,O0386,,2026-06-19,Replied
ACT005647,Email,U014,A00302,C000270,O0386,,2026-04-22,Bounced
ACT005648,Call,U018,A00302,C002932,O0386,,2026-04-21,Meeting held
ACT005649,Call,U014,A00302,C002932,O0386,,2026-05-18,Meeting held
ACT005650,Email,U018,A00302,C001495,O0386,,2026-06-03,Completed
ACT005651,Email,U014,A00302,C001495,O0386,,2026-04-29,Completed
ACT005652,LinkedIn,U018,A00302,C000270,O0386,,2026-06-22,Bounced
ACT005653,LinkedIn,U014,A00302,C000064,O0386,,2026-05-06,Completed
ACT005654,Meeting,U018,A00302,C001495,O0386,,2026-07-02,Meeting held
ACT005655,Call,U018,A00302,C002932,O0386,,2026-05-01,Completed
ACT005656,Call,U008,A01301,C002903,O0387,,2026-03-03,Replied
ACT005657,LinkedIn,U012,A01301,C002903,O0387,,2026-01-23,No answer
ACT005658,Call,U008,A01301,C002903,O0387,,2026-02-11,No answer
ACT005659,Email,U012,A01301,C002903,O0387,,2026-01-16,No answer
ACT005660,Email,U008,A01301,C002903,O0387,,2025-12-16,Replied
ACT005661,LinkedIn,U008,A01301,C002903,O0387,,2026-01-30,Completed
ACT005662,Email,U012,A01301,C002903,O0387,,2026-03-20,Bounced
ACT005663,Email,U012,A01301,C002903,O0387,,2026-04-13,Replied
ACT005664,Email,U008,A01301,C002903,O0387,,2026-04-21,No answer
ACT005665,Email,U012,A01301,C002903,O0387,,2026-02-27,Bounced
ACT005666,Email,U008,A01301,C002903,O0387,,2026-05-13,Bounced
ACT005667,Email,U012,A01301,C002903,O0387,,2026-02-06,Bounced
ACT005668,Email,U012,A01301,C002903,O0387,,2026-02-20,Meeting held
ACT005669,Call,U008,A01301,C002903,O0387,,2026-02-18,No answer
ACT005670,Meeting,U012,A01301,C002903,O0387,,2026-05-31,Bounced
ACT005671,Meeting,U008,A01301,C002903,O0387,,2026-06-30,No answer
ACT005672,Email,U012,A01301,C002903,O0387,,2026-05-07,Bounced
ACT005673,Email,U012,A01301,C002903,O0387,,2026-05-11,Meeting held
ACT005674,Email,U015,A01283,C002711,O0388,,2026-04-09,Replied
ACT005675,Email,U015,A01283,C002711,O0388,,2025-11-22,Completed
ACT005676,Meeting,U015,A01283,C002711,O0388,,2026-04-03,Replied
ACT005677,Meeting,U018,A01283,C002711,O0388,,2026-01-16,Bounced
ACT005678,Email,U018,A01283,C002711,O0388,,2025-09-25,Replied
ACT005679,Email,U018,A01283,C002711,O0388,,2026-03-12,Meeting held
ACT005680,Email,U018,A01283,C002711,O0388,,2025-11-05,Completed
ACT005681,Call,U015,A01283,C002711,O0388,,2026-03-18,Completed
ACT005682,Call,U018,A01283,C002711,O0388,,2026-02-18,No answer
ACT005683,Call,U018,A01283,C002711,O0388,,2025-10-10,No answer
ACT005684,Meeting,U018,A01283,C002711,O0388,,2025-11-02,Meeting held
ACT005685,Meeting,U018,A01283,C002711,O0388,,2025-10-26,Meeting held
ACT005686,Email,U008,A01072,C005589,O0389,,2025-07-20,Completed
ACT005687,Call,U008,A01072,C004248,O0389,,2025-09-03,Meeting held
ACT005688,Email,U012,A01072,C003088,O0389,,2025-09-22,Completed
ACT005689,Call,U012,A01072,C006536,O0389,,2025-07-26,Completed
ACT005690,Call,U012,A01072,C003088,O0389,,2025-06-22,Completed
ACT005691,LinkedIn,U008,A01072,C004248,O0389,,2025-08-14,Meeting held
ACT005692,Call,U012,A01072,C003088,O0389,,2025-07-13,No answer
ACT005693,Call,U012,A01072,C003088,O0389,,2025-06-24,Bounced
ACT005694,Email,U008,A01072,C006536,O0389,,2025-09-20,Completed
ACT005695,Call,U008,A01072,C006607,O0389,,2025-09-20,Bounced
ACT005696,Email,U006,A01763,C003917,O0390,,2026-08-02,No answer
ACT005697,Meeting,U006,A01763,C006405,O0390,,2026-09-30,Replied
ACT005698,Call,U003,A01763,C006405,O0390,,2026-10-06,No answer
ACT005699,Email,U006,A01763,C001096,O0390,,2026-08-02,Bounced
ACT005700,Meeting,U006,A01763,C002438,O0390,,2026-08-17,Bounced
ACT005701,Call,U003,A01763,C001663,O0390,,2026-07-31,Meeting held
ACT005702,Meeting,U003,A01763,C001096,O0390,,2026-08-19,Bounced
ACT005703,Meeting,U003,A01763,C003917,O0390,,2026-08-11,No answer
ACT005704,Email,U003,A01763,C001663,O0390,,2026-08-28,Replied
ACT005705,Email,U003,A01763,C002438,O0390,,2026-07-21,Meeting held
ACT005706,Email,U003,A01763,C001663,O0390,,2026-08-14,Meeting held
ACT005707,Call,U012,A00937,C004114,O0391,,2026-07-06,Bounced
ACT005708,Call,U008,A00937,C004114,O0391,,2026-03-03,Meeting held
ACT005709,Call,U012,A00937,C003943,O0391,,2026-06-24,Replied
ACT005710,Call,U008,A00937,C004114,O0391,,2026-01-29,Meeting held
ACT005711,Meeting,U012,A00937,C003943,O0391,,2026-02-03,Completed
ACT005712,Call,U012,A00937,C004114,O0391,,2026-06-25,Replied
ACT005713,Meeting,U008,A00937,C004114,O0391,,2026-01-14,Replied
ACT005714,LinkedIn,U012,A00937,C003943,O0391,,2026-01-15,No answer
ACT005715,Email,U008,A00937,C003943,O0391,,2026-06-27,Bounced
ACT005716,Email,U008,A00937,C004114,O0391,,2026-04-05,No answer
ACT005717,Email,U012,A00937,C004114,O0391,,2026-04-27,Completed
ACT005718,Call,U012,A00937,C003943,O0391,,2026-02-11,Bounced
ACT005719,Call,U008,A00937,C004114,O0391,,2026-05-15,Meeting held
ACT005720,Meeting,U012,A00937,C004114,O0391,,2026-05-16,Replied
ACT005721,Call,U012,A00937,C003943,O0391,,2026-05-23,Meeting held
ACT005722,Call,U006,A00895,C005572,O0392,,2025-04-17,Replied
ACT005723,Call,U003,A00895,C005572,O0392,,2025-10-20,Meeting held
ACT005724,Email,U006,A00895,C005572,O0392,,2025-07-14,Meeting held
ACT005725,Email,U006,A00895,C005572,O0392,,2025-10-21,Replied
ACT005726,Email,U006,A00895,C005572,O0392,,2025-10-09,Replied
ACT005727,Call,U003,A00895,C005572,O0392,,2025-10-26,Completed
ACT005728,Meeting,U006,A00895,C005572,O0392,,2025-06-04,Bounced
ACT005729,Email,U003,A00895,C005572,O0392,,2025-07-14,Bounced
ACT005730,Meeting,U012,A00200,C002207,O0393,,2025-08-13,Meeting held
ACT005731,Meeting,U008,A00200,C002207,O0393,,2025-10-29,Replied
ACT005732,Meeting,U008,A00200,C002007,O0393,,2025-10-10,Meeting held
ACT005733,Email,U008,A00200,C006476,O0393,,2025-10-08,Bounced
ACT005734,Email,U012,A00200,C006476,O0393,,2025-07-20,Replied
ACT005735,Meeting,U012,A00200,C006476,O0393,,2025-10-29,Meeting held
ACT005736,Email,U008,A00200,C006476,O0393,,2025-10-21,Meeting held
ACT005737,Email,U012,A00200,C002007,O0393,,2025-10-08,Bounced
ACT005738,Email,U008,A00200,C006476,O0393,,2025-10-28,Replied
ACT005739,Email,U012,A00200,C002007,O0393,,2025-08-10,Completed
ACT005740,LinkedIn,U012,A00200,C002007,O0393,,2025-08-03,No answer
ACT005741,Email,U012,A00200,C006476,O0393,,2025-11-03,No answer
ACT005742,Email,U012,A00200,C002207,O0393,,2025-10-24,No answer
ACT005743,Email,U012,A00200,C006476,O0393,,2025-09-12,Replied
ACT005744,Email,U012,A00200,C006476,O0393,,2025-10-10,No answer
ACT005745,Email,U012,A00200,C002007,O0393,,2025-09-05,Replied
ACT005746,Email,U012,A00200,C002007,O0393,,2025-09-02,No answer
ACT005747,Email,U008,A00200,C006476,O0393,,2025-10-18,No answer
ACT005748,Meeting,U012,A00200,C006476,O0393,,2025-07-30,Replied
ACT005749,Call,U008,A00200,C002007,O0393,,2025-10-24,Meeting held
ACT005750,Email,U012,A00200,C002007,O0393,,2025-09-13,Completed
ACT005751,Email,U008,A00200,C002007,O0393,,2025-09-27,Bounced
ACT005752,Call,U012,A00200,C006476,O0393,,2025-07-22,Completed
ACT005753,Meeting,U018,A00264,C005702,O0394,,2026-02-01,Completed
ACT005754,Meeting,U018,A00264,C005702,O0394,,2026-02-10,Completed
ACT005755,Call,U015,A00264,C005702,O0394,,2026-02-02,Replied
ACT005756,Email,U018,A00264,C005702,O0394,,2026-02-09,Completed
ACT005757,Call,U015,A00264,C005702,O0394,,2026-02-16,Bounced
ACT005758,Email,U018,A00264,C005702,O0394,,2026-05-11,Meeting held
ACT005759,Meeting,U015,A00264,C005702,O0394,,2026-06-05,Bounced
ACT005760,Call,U018,A00264,C005702,O0394,,2026-07-12,Completed
ACT005761,Call,U018,A00264,C005702,O0394,,2026-04-29,Completed
ACT005762,Email,U015,A00264,C005702,O0394,,2026-05-22,Replied
ACT005763,LinkedIn,U018,A00264,C005702,O0394,,2026-02-18,Replied
ACT005764,Email,U015,A00264,C005702,O0394,,2026-07-09,No answer
ACT005765,Meeting,U018,A00264,C005702,O0394,,2026-04-26,Completed
ACT005766,Meeting,U015,A00264,C005702,O0394,,2026-01-25,Bounced
ACT005767,Call,U018,A00264,C005702,O0394,,2026-02-20,Replied
ACT005768,LinkedIn,U018,A00264,C005702,O0394,,2026-04-05,No answer
ACT005769,Email,U015,A00264,C005702,O0394,,2026-02-15,Completed
ACT005770,Meeting,U018,A00264,C005702,O0394,,2026-04-25,No answer
ACT005771,Email,U018,A00264,C005702,O0394,,2026-06-29,Replied
ACT005772,Call,U018,A00264,C005702,O0394,,2026-04-04,Meeting held
ACT005773,Call,U018,A00264,C005702,O0394,,2026-05-16,Meeting held
ACT005774,Meeting,U002,A01652,C005862,O0395,,2025-11-18,Bounced
ACT005775,Email,U002,A01652,C004055,O0395,,2026-02-14,No answer
ACT005776,Call,U002,A01652,C005862,O0395,,2025-12-07,Completed
ACT005777,Email,U006,A01652,C005862,O0395,,2025-11-24,Meeting held
ACT005778,Email,U006,A01652,C004055,O0395,,2026-01-20,Bounced
ACT005779,Email,U002,A01652,C003560,O0395,,2025-09-02,Completed
ACT005780,Call,U002,A01652,C005862,O0395,,2025-09-24,No answer
ACT005781,Email,U002,A01652,C006507,O0395,,2026-03-11,No answer
ACT005782,Email,U006,A01652,C006507,O0395,,2026-01-23,Replied
ACT005783,Email,U002,A01652,C005862,O0395,,2025-12-30,Meeting held
ACT005784,Email,U002,A01652,C005862,O0395,,2025-12-10,Meeting held
ACT005785,LinkedIn,U002,A01652,C005862,O0395,,2025-12-12,Bounced
ACT005786,Email,U006,A01652,C003560,O0395,,2025-11-26,Completed
ACT005787,Email,U002,A01652,C004055,O0395,,2025-08-19,No answer
ACT005788,Email,U003,A00895,C005572,O0396,,2025-07-21,No answer
ACT005789,LinkedIn,U003,A00895,C005572,O0396,,2025-08-31,Replied
ACT005790,Call,U003,A00895,C005572,O0396,,2025-10-05,Completed
ACT005791,Call,U006,A00895,C005572,O0396,,2025-09-17,Meeting held
ACT005792,Email,U003,A00895,C005572,O0396,,2025-10-08,No answer
ACT005793,Meeting,U003,A00895,C005572,O0396,,2025-08-10,No answer
ACT005794,Email,U006,A00895,C005572,O0396,,2025-09-08,Completed
ACT005795,LinkedIn,U006,A00895,C005572,O0396,,2025-07-24,Bounced
ACT005796,Meeting,U003,A00895,C005572,O0396,,2025-08-05,Meeting held
ACT005797,Meeting,U006,A00895,C005572,O0396,,2025-07-21,No answer
ACT005798,Meeting,U006,A00895,C005572,O0396,,2025-10-15,No answer
ACT005799,Call,U006,A00895,C005572,O0396,,2025-08-24,Replied
ACT005800,Email,U003,A00895,C005572,O0396,,2025-10-08,No answer
ACT005801,Call,U006,A00895,C005572,O0396,,2025-08-05,Completed
ACT005802,Email,U006,A00895,C005572,O0396,,2025-08-07,No answer
ACT005803,Email,U006,A01039,C006681,O0397,,2025-08-17,No answer
ACT005804,Call,U003,A01039,C002140,O0397,,2025-08-11,Meeting held
ACT005805,Email,U003,A01039,C004152,O0397,,2025-10-18,Meeting held
ACT005806,Email,U003,A01039,C001260,O0397,,2025-10-30,No answer
ACT005807,LinkedIn,U003,A01039,C004998,O0397,,2025-07-13,Completed
ACT005808,Email,U003,A01039,C006472,O0397,,2025-10-28,Meeting held
ACT005809,Email,U003,A01039,C003038,O0397,,2025-07-02,Completed
ACT005810,Email,U003,A01039,C004152,O0397,,2025-08-12,Bounced
ACT005811,LinkedIn,U003,A01039,C006681,O0397,,2025-07-20,Completed
ACT005812,LinkedIn,U003,A01039,C002140,O0397,,2025-12-02,Meeting held
ACT005813,Email,U003,A01039,C006681,O0397,,2025-11-29,Replied
ACT005814,Email,U006,A01039,C003038,O0397,,2025-10-15,Bounced
ACT005815,Meeting,U015,A00289,C000358,O0398,,2026-07-19,Completed
ACT005816,Meeting,U015,A00289,C005375,O0398,,2026-05-21,Meeting held
ACT005817,Email,U015,A00289,C005375,O0398,,2026-09-23,No answer
ACT005818,Email,U018,A00289,C005375,O0398,,2026-05-17,Meeting held
ACT005819,Call,U015,A00289,C000358,O0398,,2026-08-24,Replied
ACT005820,LinkedIn,U015,A00289,C005375,O0398,,2026-06-15,No answer
ACT005821,Email,U018,A00289,C000358,O0398,,2026-09-24,Completed
ACT005822,Email,U018,A00289,C005375,O0398,,2026-09-23,Meeting held
ACT005823,Call,U015,A00289,C000358,O0398,,2026-06-07,Completed
ACT005824,Meeting,U018,A00289,C000358,O0398,,2026-07-01,Meeting held
ACT005825,Email,U018,A00289,C005375,O0398,,2026-06-11,No answer
ACT005826,Email,U015,A00289,C005375,O0398,,2026-09-01,Completed
ACT005827,Email,U015,A00289,C005375,O0398,,2026-07-20,Replied
ACT005828,Call,U018,A00289,C005375,O0398,,2026-06-06,Replied
ACT005829,Email,U015,A00289,C000358,O0398,,2026-07-13,Completed
ACT005830,Email,U018,A00289,C005375,O0398,,2026-06-28,Bounced
ACT005831,LinkedIn,U015,A00289,C000358,O0398,,2026-07-14,No answer
ACT005832,Email,U018,A00289,C005375,O0398,,2026-07-08,Meeting held
ACT005833,Meeting,U015,A00289,C005375,O0398,,2026-08-04,Meeting held
ACT005834,Email,U018,A00289,C005375,O0398,,2026-08-22,Replied
ACT005835,Email,U015,A00289,C005375,O0398,,2026-05-20,Replied
ACT005836,Meeting,U018,A00289,C005375,O0398,,2026-08-03,Completed
ACT005837,Email,U015,A00289,C000358,O0398,,2026-08-03,No answer
ACT005838,Call,U015,A00289,C005375,O0398,,2026-08-10,Bounced
ACT005839,LinkedIn,U003,A00541,C000589,O0399,,2026-09-29,Completed
ACT005840,LinkedIn,U003,A00541,C001308,O0399,,2026-09-20,Completed
ACT005841,Email,U006,A00541,C002569,O0399,,2026-10-04,Meeting held
ACT005842,Call,U003,A00541,C000589,O0399,,2026-09-11,No answer
ACT005843,Email,U006,A00541,C002569,O0399,,2026-09-09,Completed
ACT005844,Email,U003,A00541,C000589,O0399,,2026-09-15,Completed
ACT005845,Email,U006,A00541,C004638,O0399,,2026-09-26,Bounced
ACT005846,Email,U003,A00541,C002569,O0399,,2026-09-05,Meeting held
ACT005847,LinkedIn,U003,A00541,C004638,O0399,,2026-10-06,Meeting held
ACT005848,Email,U006,A00541,C002569,O0399,,2026-09-08,Replied
ACT005849,Email,U003,A00541,C004638,O0399,,2026-09-28,Replied
ACT005850,Call,U006,A00541,C004638,O0399,,2026-09-23,Meeting held
ACT005851,Meeting,U006,A00541,C002569,O0399,,2026-09-25,Replied
ACT005852,LinkedIn,U006,A00541,C001308,O0399,,2026-10-08,Completed
ACT005853,LinkedIn,U006,A00541,C004638,O0399,,2026-09-05,Meeting held
ACT005854,Email,U006,A00541,C001308,O0399,,2026-09-13,Completed
ACT005855,Email,U006,A00541,C000589,O0399,,2026-09-15,Bounced
ACT005856,LinkedIn,U003,A00541,C004638,O0399,,2026-10-02,Bounced
ACT005857,LinkedIn,U006,A00541,C002569,O0399,,2026-09-15,Completed
ACT005858,Email,U006,A00541,C000589,O0399,,2026-09-21,Bounced
ACT005859,LinkedIn,U006,A00541,C002569,O0399,,2026-09-07,Completed
ACT005860,Email,U003,A00541,C004638,O0399,,2026-09-20,Bounced
ACT005861,Email,U006,A00541,C004638,O0399,,2026-09-20,Completed
ACT005862,Email,U006,A00541,C001308,O0399,,2026-09-19,Replied
ACT005863,Email,U009,A00274,C001927,O0400,,2025-10-31,Meeting held
ACT005864,Email,U009,A00274,C003887,O0400,,2025-12-26,Replied
ACT005865,Call,U009,A00274,C005258,O0400,,2025-09-25,Completed
ACT005866,Meeting,U009,A00274,C001448,O0400,,2025-09-16,No answer
ACT005867,Meeting,U009,A00274,C001927,O0400,,2025-12-21,Completed
ACT005868,Email,U012,A00274,C001448,O0400,,2025-10-14,Completed
ACT005869,Email,U009,A00274,C001927,O0400,,2025-12-02,Meeting held
ACT005870,Email,U009,A00274,C001448,O0400,,2025-11-15,No answer
ACT005871,Meeting,U012,A00274,C005258,O0400,,2025-09-13,Completed
ACT005872,Email,U009,A00274,C003887,O0400,,2025-10-26,Completed
ACT005873,Email,U012,A00274,C001448,O0400,,2025-09-30,No answer
ACT005874,Email,U009,A00274,C001927,O0400,,2025-09-28,No answer
ACT005875,Email,U009,A00274,C003887,O0400,,2025-10-04,Meeting held
ACT005876,Email,U009,A00274,C001448,O0400,,2025-10-08,Completed
ACT005877,Call,U012,A00274,C001448,O0400,,2025-12-07,Meeting held
ACT005878,Call,U009,A00274,C005258,O0400,,2025-10-05,Bounced
ACT005879,Email,U009,A00274,C003887,O0400,,2025-09-19,Completed
ACT005880,LinkedIn,U012,A00274,C002423,O0400,,2026-01-25,Meeting held
ACT005881,Email,U012,A00274,C001448,O0400,,2025-09-18,Meeting held
ACT005882,Email,U012,A00274,C005258,O0400,,2026-01-20,No answer
ACT005883,LinkedIn,U009,A00274,C001448,O0400,,2025-11-08,Replied
ACT005884,Call,U012,A00274,C001448,O0400,,2025-11-11,Meeting held
ACT005885,Meeting,U009,A00274,C001448,O0400,,2025-10-13,Meeting held
ACT005886,LinkedIn,U017,,,,L00548,2026-05-16,Bounced
ACT005887,LinkedIn,U005,,,,L00985,2026-08-19,Completed
ACT005888,Email,U017,,,,L00713,2026-06-15,Bounced
ACT005889,Email,U017,,,,L00713,2026-08-03,Bounced
ACT005890,LinkedIn,U017,,,,L00713,2026-04-21,No answer
ACT005891,Call,U017,,,,L00713,2026-08-23,Bounced
ACT005892,Call,U017,,,,L00713,2026-06-12,Replied
ACT005893,LinkedIn,U017,,,,L00713,2026-06-28,Bounced
ACT005894,Call,U016,,,,L00639,2026-06-16,Bounced
ACT005895,LinkedIn,U016,,,,L00639,2025-11-30,Bounced
ACT005896,LinkedIn,U016,,,,L00472,2026-05-27,Completed
ACT005897,Email,U016,,,,L00472,2026-03-30,Bounced
ACT005898,Email,U016,,,,L00472,2026-05-14,Completed
ACT005899,Call,U004,,,,L01150,2026-05-30,No answer
ACT005900,Email,U017,,,,L00393,2026-10-05,No answer
ACT005901,Call,U017,,,,L00393,2026-09-18,No answer
ACT005902,LinkedIn,U017,,,,L00393,2026-10-08,Replied
ACT005903,LinkedIn,U017,,,,L00393,2026-09-30,No answer
ACT005904,Call,U017,,,,L00393,2026-09-24,Completed
ACT005905,LinkedIn,U017,,,,L00393,2026-09-30,No answer
ACT005906,Email,U017,,,,L01159,2025-09-16,Completed
ACT005907,Email,U017,,,,L01159,2026-08-18,No answer
ACT005908,Call,U017,,,,L01159,2026-08-13,Replied
ACT005909,Email,U017,,,,L01159,2026-03-05,Replied
ACT005910,Call,U016,,,,L01022,2026-06-27,Replied
ACT005911,LinkedIn,U016,,,,L01022,2026-03-10,Bounced
ACT005912,LinkedIn,U010,,,,L00427,2026-09-29,Completed
ACT005913,Call,U010,,,,L00427,2026-09-27,Bounced
ACT005914,LinkedIn,U010,,,,L00427,2026-09-28,Completed
ACT005915,Call,U010,,,,L00427,2026-10-02,Bounced
ACT005916,Call,U010,,,,L00427,2026-09-28,Bounced
ACT005917,Email,U005,,,,L01133,2026-03-01,Bounced
ACT005918,Email,U005,,,,L01133,2025-12-29,Replied
ACT005919,Call,U005,,,,L00417,2026-05-03,Replied
ACT005920,Email,U005,,,,L00417,2026-09-11,Bounced
ACT005921,Email,U005,,,,L00417,2026-03-08,No answer
ACT005922,Email,U005,,,,L00417,2026-03-17,Completed
ACT005923,Call,U005,,,,L00417,2025-12-11,Completed
ACT005924,LinkedIn,U005,,,,L00417,2026-05-31,Completed
ACT005925,LinkedIn,U004,,,,L00718,2026-07-07,Replied
ACT005926,LinkedIn,U004,,,,L00718,2026-05-17,No answer
ACT005927,Email,U004,,,,L00979,2026-03-17,Replied
ACT005928,Email,U004,,,,L00979,2026-05-26,Replied
ACT005929,Email,U004,,,,L00979,2026-02-13,Replied
ACT005930,Call,U017,,,,L00836,2026-04-29,No answer
ACT005931,LinkedIn,U017,,,,L00836,2026-09-28,No answer
ACT005932,Email,U005,,,,L00829,2026-06-30,Completed
ACT005933,Call,U016,,,,L00805,2026-09-24,No answer
ACT005934,Call,U016,,,,L00805,2026-04-20,No answer
ACT005935,Call,,,,,L00748,2026-07-16,Replied
ACT005936,LinkedIn,,,,,L00748,2026-06-20,No answer
ACT005937,Email,,,,,L00748,2026-05-30,Replied
ACT005938,Call,,,,,L00748,2026-06-21,No answer
ACT005939,Call,,,,,L00748,2026-07-05,Bounced
ACT005940,Email,U004,,,,L00072,2026-09-30,Completed
ACT005941,Email,U004,,,,L00072,2026-04-23,Completed
ACT005942,Email,U016,,,,L00699,2026-09-27,Completed
ACT005943,LinkedIn,U017,,,,L00044,2026-09-25,Bounced
ACT005944,Call,U017,,,,L00044,2026-09-05,Replied
ACT005945,Email,U017,,,,L00044,2025-07-05,Replied
ACT005946,Email,U017,,,,L00044,2025-11-22,Completed
ACT005947,LinkedIn,U017,,,,L00044,2026-10-01,Completed
ACT005948,Email,U017,,,,L00044,2025-09-10,Bounced
ACT005949,Email,U005,,,,L01124,2026-03-18,Bounced
ACT005950,LinkedIn,U005,,,,L01124,2026-07-04,No answer
ACT005951,Email,U005,,,,L01124,2026-08-25,No answer
ACT005952,LinkedIn,U005,,,,L01124,2025-12-04,Replied
ACT005953,Call,U005,,,,L01124,2026-08-18,Bounced
ACT005954,Call,U005,,,,L01124,2026-05-18,Replied
ACT005955,Call,U005,,,,L00926,2026-09-01,Replied
ACT005956,Email,U005,,,,L00926,2026-07-15,No answer
ACT005957,Call,U005,,,,L00926,2026-05-07,Bounced
ACT005958,Email,U005,,,,L00926,2026-05-17,Replied
ACT005959,Email,U016,,,,L01072,2026-09-01,Replied
ACT005960,Email,U016,,,,L01072,2026-08-28,Bounced
ACT005961,Call,U016,,,,L01072,2026-07-08,Replied
ACT005962,Email,U004,,,,L01406,2025-08-13,Bounced
ACT005963,Email,U004,,,,L01406,2026-05-08,No answer
ACT005964,Email,U004,,,,L01406,2026-04-07,Replied
ACT005965,LinkedIn,U005,,,,L00644,2026-01-29,No answer
ACT005966,Email,U010,,,,L00279,2026-09-19,No answer
ACT005967,LinkedIn,U010,,,,L00279,2026-06-23,Bounced
ACT005968,Call,U016,,,,L00309,2026-05-31,No answer
ACT005969,LinkedIn,U016,,,,L00309,2026-07-12,Replied
ACT005970,Email,U016,,,,L00309,2026-08-07,Completed
ACT005971,LinkedIn,U016,,,,L00309,2026-03-18,Bounced
ACT005972,Email,U016,,,,L00309,2025-12-23,No answer
ACT005973,Email,U016,,,,L00309,2026-08-04,Completed
ACT005974,Email,U004,,,,L01264,2026-04-28,Replied
ACT005975,LinkedIn,U004,,,,L01264,2026-01-14,Replied
ACT005976,LinkedIn,U004,,,,L01264,2025-12-13,Bounced
ACT005977,Call,U004,,,,L01264,2026-03-26,Replied
ACT005978,Email,U004,,,,L01264,2026-02-18,No answer
ACT005979,Call,U017,,,,L00064,2026-03-22,No answer
ACT005980,Email,U017,,,,L00064,2026-02-12,Bounced
ACT005981,LinkedIn,U017,,,,L00064,2026-09-03,Replied
ACT005982,Email,U017,,,,L00064,2025-12-15,No answer
ACT005983,Call,U011,,,,L00607,2026-08-13,No answer
ACT005984,Email,U011,,,,L00607,2026-09-22,Bounced
ACT005985,LinkedIn,U011,,,,L00607,2026-08-23,Replied
ACT005986,Email,U011,,,,L00607,2026-08-05,Bounced
ACT005987,LinkedIn,U011,,,,L00596,2026-09-04,Completed
ACT005988,LinkedIn,U011,,,,L00596,2026-10-05,Completed
ACT005989,LinkedIn,U011,,,,L00096,2026-05-14,Replied
ACT005990,Call,U011,,,,L00096,2026-05-29,Completed
ACT005991,Email,U011,,,,L00096,2026-06-30,Bounced
ACT005992,Call,U016,,,,L00112,2026-08-15,Replied
ACT005993,LinkedIn,U004,,,,L00709,2026-02-18,No answer
ACT005994,LinkedIn,U004,,,,L00709,2026-09-17,No answer
ACT005995,LinkedIn,U004,,,,L00709,2026-09-15,Completed
ACT005996,LinkedIn,U004,,,,L00709,2025-12-29,Bounced
ACT005997,Email,U004,,,,L00709,2026-05-30,Replied
ACT005998,Email,U011,,,,L01051,2025-12-10,No answer
ACT005999,LinkedIn,U011,,,,L01051,2025-12-01,Completed
ACT006000,LinkedIn,U011,,,,L01051,2026-03-18,Completed
ACT006001,LinkedIn,U011,,,,L01051,2025-07-20,Replied
ACT006002,LinkedIn,U011,,,,L01051,2025-12-26,Bounced
ACT006003,Call,U011,,,,L01051,2026-05-11,Replied
ACT006004,Email,U016,,,,L01316,2026-09-14,Completed
ACT006005,LinkedIn,U016,,,,L01316,2026-08-10,Bounced
ACT006006,Call,U004,,,,L00242,2026-10-08,No answer
ACT006007,Email,U004,,,,L00242,2025-12-02,Replied
ACT006008,Email,U004,,,,L00242,2026-10-08,Replied
ACT006009,Email,U004,,,,L00242,2025-10-29,No answer
ACT006010,LinkedIn,U004,,,,L00242,2026-09-10,Replied
ACT006011,LinkedIn,U004,,,,L00242,2025-10-18,Replied
ACT006012,Call,U017,,,,L00331,2026-05-31,Completed
ACT006013,Email,U017,,,,L00331,2026-04-18,Replied
ACT006014,LinkedIn,U017,,,,L00331,2026-10-06,No answer
ACT006015,Email,U017,,,,L00331,2026-04-09,No answer
ACT006016,Email,U017,,,,L00331,2026-06-26,Bounced
ACT006017,LinkedIn,U004,,,,L00705,2026-08-01,Replied
ACT006018,LinkedIn,U004,,,,L00705,2026-06-05,Replied
ACT006019,LinkedIn,U005,,,,L00694,2026-02-13,Bounced
ACT006020,Email,U005,,,,L00694,2025-10-17,No answer
ACT006021,Email,U005,,,,L00147,2026-06-03,Replied
ACT006022,Email,U005,,,,L00147,2026-09-05,Completed
ACT006023,LinkedIn,U005,,,,L00147,2026-05-05,Completed
ACT006024,LinkedIn,U005,,,,L00147,2026-04-18,Completed
ACT006025,LinkedIn,U005,,,,L00147,2026-06-14,Bounced
ACT006026,Call,U005,,,,L00147,2026-06-25,Replied
ACT006027,Email,U004,,,,L00826,2026-09-23,No answer
ACT006028,Email,U004,,,,L00826,2025-11-21,Replied
ACT006029,LinkedIn,U004,,,,L00826,2025-10-15,Replied
ACT006030,Email,U017,,,,L00873,2026-03-26,Bounced
ACT006031,Call,U011,,,,L01207,2026-07-24,Replied
ACT006032,Call,U017,,,,L01052,2026-09-13,Bounced
ACT006033,Email,U017,,,,L01052,2026-10-01,Replied
ACT006034,Email,U017,,,,L01052,2026-09-23,No answer
ACT006035,LinkedIn,U017,,,,L01052,2026-09-12,Bounced
ACT006036,LinkedIn,U004,,,,L00201,2026-02-03,No answer
ACT006037,LinkedIn,U005,,,,L00061,2026-09-16,No answer
ACT006038,Email,U005,,,,L00061,2026-09-15,Replied
ACT006039,Call,U005,,,,L00061,2026-10-07,Completed
ACT006040,Call,U010,,,,L00587,2025-11-20,Completed
ACT006041,LinkedIn,U010,,,,L00587,2025-08-31,Replied
ACT006042,LinkedIn,U010,,,,L00587,2025-11-12,Bounced
ACT006043,LinkedIn,U010,,,,L00587,2026-04-06,Replied
ACT006044,Email,U010,,,,L00587,2025-07-23,Completed
ACT006045,LinkedIn,U004,,,,L00598,2026-08-30,Replied
ACT006046,LinkedIn,U004,,,,L00598,2025-06-30,Bounced
ACT006047,LinkedIn,U004,,,,L00598,2026-08-05,No answer
ACT006048,Call,U004,,,,L00598,2025-09-28,Replied
ACT006049,Email,U004,,,,L00598,2025-09-21,Replied
ACT006050,Call,U004,,,,L00598,2025-10-28,No answer
ACT006051,LinkedIn,U016,,,,L00716,2026-03-24,Bounced
ACT006052,LinkedIn,U016,,,,L00716,2026-07-24,Bounced
ACT006053,LinkedIn,U016,,,,L00716,2025-08-04,No answer
ACT006054,LinkedIn,U016,,,,L00716,2026-05-30,Completed
ACT006055,Email,U016,,,,L00716,2025-11-15,Replied
ACT006056,LinkedIn,U005,,,,L01390,2026-04-13,No answer
ACT006057,Call,U005,,,,L01390,2026-06-08,No answer
ACT006058,Call,U011,,,,L01183,2026-07-22,Bounced
ACT006059,Call,U011,,,,L01183,2025-12-20,Bounced
ACT006060,Call,U011,,,,L01183,2026-06-07,No answer
ACT006061,Email,U010,,,,L00102,2025-09-05,Bounced
ACT006062,Email,U004,,,,L00879,2026-05-03,Completed
ACT006063,Call,U004,,,,L00879,2026-05-15,Replied
ACT006064,LinkedIn,U004,,,,L00879,2026-06-14,No answer
ACT006065,Email,U004,,,,L00879,2026-07-19,Bounced
ACT006066,Email,U004,,,,L00879,2026-09-24,Bounced
ACT006067,Call,U004,,,,L00879,2026-04-14,Completed
ACT006068,LinkedIn,U005,,,,L00784,2026-01-04,Completed
ACT006069,LinkedIn,,,,,L01356,2026-09-21,No answer
ACT006070,LinkedIn,,,,,L01356,2025-12-23,Bounced
ACT006071,LinkedIn,,,,,L01356,2026-04-06,Bounced
ACT006072,Call,,,,,L01356,2026-04-06,No answer
ACT006073,Call,,,,,L01356,2025-10-02,Replied
ACT006074,LinkedIn,,,,,L01356,2026-03-03,No answer
ACT006075,Call,U005,,,,L00416,2026-10-01,Completed
ACT006076,Email,U005,,,,L00416,2026-08-20,Replied
ACT006077,LinkedIn,U005,,,,L00416,2026-08-28,Replied
ACT006078,Call,U005,,,,L00416,2026-08-20,Bounced
ACT006079,Call,U005,,,,L00416,2026-09-16,Bounced
ACT006080,Email,U005,,,,L00416,2026-08-25,Completed
ACT006081,Call,U016,,,,L00326,2026-10-02,Replied
ACT006082,Call,U016,,,,L00326,2026-10-02,Replied
ACT006083,LinkedIn,U016,,,,L00326,2026-10-03,Completed
ACT006084,Email,U016,,,,L00326,2026-10-07,Completed
ACT006085,LinkedIn,U004,,,,L00119,2026-10-06,Bounced
ACT006086,Email,U004,,,,L00119,2026-10-05,No answer
ACT006087,Email,U005,,,,L01064,2026-07-03,Completed
ACT006088,LinkedIn,U005,,,,L01064,2026-02-11,Bounced
ACT006089,LinkedIn,U005,,,,L01242,2026-06-03,Completed
ACT006090,Email,U005,,,,L01242,2026-10-04,Bounced
ACT006091,Call,U005,,,,L01242,2026-03-24,Bounced
ACT006092,Email,U005,,,,L01242,2025-11-24,Replied
ACT006093,LinkedIn,U005,,,,L01242,2026-02-21,Replied
ACT006094,LinkedIn,U011,,,,L00852,2026-08-20,Completed
ACT006095,Call,U004,,,,L01432,2026-09-07,No answer
ACT006096,Call,U004,,,,L01432,2026-09-15,Bounced
ACT006097,LinkedIn,U004,,,,L01432,2026-09-01,Replied
ACT006098,Email,U004,,,,L01432,2026-08-27,Completed
ACT006099,Email,U004,,,,L01432,2026-09-07,No answer
ACT006100,LinkedIn,U004,,,,L01432,2026-09-08,Bounced
ACT006101,Email,U016,,,,L00059,2026-05-25,No answer
ACT006102,Call,U016,,,,L00059,2026-04-28,Bounced
ACT006103,Email,U016,,,,L00059,2026-02-10,Replied
ACT006104,Call,U016,,,,L01077,2026-04-06,Replied
ACT006105,Call,U016,,,,L01077,2026-03-19,Completed
ACT006106,Email,U016,,,,L01077,2026-05-04,Completed
ACT006107,Email,U016,,,,L01077,2026-05-31,No answer
ACT006108,Email,U004,,,,L00128,2026-07-06,No answer
ACT006109,Call,U004,,,,L00128,2026-05-22,No answer
ACT006110,LinkedIn,U004,,,,L00128,2026-07-02,Completed
ACT006111,Call,U004,,,,L00352,2026-08-11,No answer
ACT006112,Email,U004,,,,L00352,2026-05-10,No answer
ACT006113,Email,U004,,,,L00352,2026-09-29,Completed
ACT006114,Call,U004,,,,L00352,2026-09-24,Replied
ACT006115,Call,U016,,,,L00649,2026-09-26,No answer
ACT006116,Email,U016,,,,L00649,2026-08-05,Completed
ACT006117,Email,U016,,,,L00649,2026-07-19,No answer
ACT006118,LinkedIn,U016,,,,L00649,2026-08-17,Completed
ACT006119,Email,U016,,,,L00649,2026-09-16,No answer
ACT006120,Email,U016,,,,L00649,2026-09-06,Completed
ACT006121,Call,U004,,,,L00118,2026-01-31,Completed
ACT006122,Email,U004,,,,L00118,2026-02-01,No answer
ACT006123,Email,U004,,,,L00118,2026-05-23,No answer
ACT006124,Call,U004,,,,L00118,2026-04-20,Completed
ACT006125,Call,U004,,,,L00118,2026-07-21,No answer
ACT006126,LinkedIn,U004,,,,L00118,2026-03-14,Replied
ACT006127,LinkedIn,U005,,,,L00588,2026-06-29,Completed
ACT006128,Call,,,,,L00190,2026-08-06,Replied
ACT006129,LinkedIn,,,,,L00190,2025-08-06,Replied
ACT006130,Email,,,,,L00190,2025-11-02,Replied
ACT006131,LinkedIn,U004,,,,L01082,2026-03-20,Completed
ACT006132,LinkedIn,U004,,,,L01082,2026-04-11,Completed
ACT006133,Email,U004,,,,L01082,2026-05-11,No answer
ACT006134,LinkedIn,U004,,,,L01082,2026-08-29,Completed
ACT006135,Email,U004,,,,L01082,2026-08-16,Bounced
ACT006136,Email,U005,,,,L01415,2025-08-24,Replied
ACT006137,Email,U005,,,,L01415,2025-10-03,Bounced
ACT006138,LinkedIn,U005,,,,L01415,2026-01-15,Completed
ACT006139,LinkedIn,U005,,,,L01415,2025-10-01,No answer
ACT006140,Email,U005,,,,L01415,2026-09-10,No answer
ACT006141,Call,U005,,,,L00586,2026-02-24,Replied
ACT006142,LinkedIn,U005,,,,L00586,2026-07-25,No answer
ACT006143,Call,U005,,,,L00586,2026-03-20,Completed
ACT006144,LinkedIn,U005,,,,L00586,2026-08-23,Bounced
ACT006145,Email,U005,,,,L00586,2026-07-23,Replied
ACT006146,LinkedIn,U011,,,,L00253,2025-12-22,Replied
ACT006147,LinkedIn,U011,,,,L00253,2026-08-12,Bounced
ACT006148,Email,U004,,,,L01243,2025-04-29,Completed
ACT006149,Email,U004,,,,L01243,2025-10-10,Completed
ACT006150,Email,U010,,,,L00863,2026-06-03,Replied
ACT006151,LinkedIn,U010,,,,L00863,2026-10-05,Replied
ACT006152,Email,U010,,,,L00863,2026-09-07,Bounced
ACT006153,LinkedIn,U016,,,,L01450,2026-05-29,Bounced
ACT006154,Email,U016,,,,L01450,2025-12-04,Completed
ACT006155,Email,U016,,,,L01450,2026-07-07,No answer
ACT006156,LinkedIn,U016,,,,L01450,2026-07-22,Bounced
ACT006157,Call,U016,,,,L01450,2026-05-06,Completed
ACT006158,Call,U005,,,,L00010,2026-07-22,Replied
ACT006159,LinkedIn,U005,,,,L00010,2025-10-23,Replied
ACT006160,LinkedIn,U005,,,,L00010,2025-12-12,Completed
ACT006161,LinkedIn,U005,,,,L00010,2026-05-28,Completed
ACT006162,Email,U005,,,,L01297,2026-08-09,Replied
ACT006163,LinkedIn,U005,,,,L00398,2026-08-26,Completed
ACT006164,Email,U017,,,,L00563,2026-09-23,Bounced
ACT006165,Email,U017,,,,L00563,2026-09-01,Bounced
ACT006166,Call,U017,,,,L00563,2026-06-29,No answer
ACT006167,Call,U017,,,,L00563,2026-09-26,No answer
ACT006168,Email,U016,,,,L00886,2025-11-24,Replied
ACT006169,Email,U016,,,,L00886,2025-12-13,No answer
ACT006170,LinkedIn,U005,,,,L01080,2026-07-15,Completed
ACT006171,LinkedIn,U005,,,,L01080,2026-09-08,Bounced
ACT006172,Email,U004,,,,L00180,2026-09-21,Completed
ACT006173,LinkedIn,U004,,,,L00180,2026-05-11,Bounced
ACT006174,LinkedIn,U004,,,,L00180,2026-10-04,No answer
ACT006175,Email,U004,,,,L00180,2026-05-25,No answer
ACT006176,Call,U004,,,,L00180,2026-04-27,No answer
ACT006177,Call,U004,,,,L00180,2026-05-29,No answer
ACT006178,LinkedIn,U004,,,,L00229,2026-08-23,No answer
ACT006179,Email,U004,,,,L00229,2026-08-28,Bounced
ACT006180,Email,U004,,,,L00229,2026-08-07,Bounced
ACT006181,Call,U004,,,,L00229,2026-08-23,Replied
ACT006182,LinkedIn,U005,,,,L01152,2026-08-30,No answer
ACT006183,Call,U005,,,,L01152,2026-03-06,No answer
ACT006184,LinkedIn,U005,,,,L00355,2026-05-17,Replied
ACT006185,LinkedIn,U005,,,,L00355,2026-07-16,No answer
ACT006186,LinkedIn,U005,,,,L00355,2026-09-05,Completed
ACT006187,Call,U005,,,,L00355,2026-06-25,No answer
ACT006188,Call,U010,,,,L01128,2026-08-24,Replied
ACT006189,LinkedIn,U010,,,,L01128,2026-08-28,Bounced
ACT006190,Call,U005,,,,L00186,2026-01-01,Bounced
ACT006191,Email,U005,,,,L00452,2026-09-19,No answer
ACT006192,Call,U005,,,,L00452,2026-07-27,Bounced
ACT006193,Email,U005,,,,L00452,2026-05-21,No answer
ACT006194,LinkedIn,U005,,,,L00207,2026-05-22,Completed
ACT006195,Call,U005,,,,L00207,2026-09-19,Replied
ACT006196,Call,U005,,,,L00207,2026-06-08,Bounced
ACT006197,Call,U005,,,,L00207,2026-07-31,Replied
ACT006198,LinkedIn,U005,,,,L00207,2026-08-17,No answer
ACT006199,LinkedIn,U017,,,,L00841,2026-06-23,No answer
ACT006200,Email,U017,,,,L00841,2026-07-26,Replied
ACT006201,Call,U017,,,,L00841,2026-05-15,Completed
ACT006202,LinkedIn,U017,,,,L00841,2026-01-06,Completed
ACT006203,Call,U005,,,,L01076,2025-11-13,Bounced
ACT006204,Email,U016,,,,L00375,2026-10-07,No answer
ACT006205,Call,U016,,,,L00375,2026-06-12,Completed
ACT006206,Call,U016,,,,L00375,2025-06-04,Completed
ACT006207,LinkedIn,U016,,,,L00375,2025-11-17,Bounced
ACT006208,Email,U016,,,,L00375,2026-03-23,No answer
ACT006209,Email,U017,,,,L01375,2026-08-30,Bounced
ACT006210,LinkedIn,U004,,,,L01187,2026-03-12,No answer
ACT006211,LinkedIn,U004,,,,L01187,2026-05-25,No answer
ACT006212,LinkedIn,U004,,,,L01187,2026-02-05,Bounced
ACT006213,Email,,,,,L00667,2026-02-14,Replied
ACT006214,LinkedIn,,,,,L00667,2025-11-11,Bounced
ACT006215,Email,,,,,L00667,2026-09-10,Bounced
ACT006216,Email,U017,,,,L00276,2026-08-14,No answer
ACT006217,Email,U017,,,,L00276,2026-09-14,Replied
ACT006218,Email,U017,,,,L00276,2026-09-03,Bounced
ACT006219,Email,U017,,,,L00276,2026-09-29,Completed
ACT006220,LinkedIn,U017,,,,L00276,2026-08-26,No answer
ACT006221,Email,U005,,,,L00505,2026-07-18,Replied
ACT006222,Call,U005,,,,L00505,2026-10-06,Bounced
ACT006223,Email,U005,,,,L00505,2026-09-03,Completed
ACT006224,Call,U004,,,,L00018,2026-08-18,No answer
ACT006225,Call,U004,,,,L00018,2026-07-22,No answer
ACT006226,Call,U004,,,,L00018,2026-08-10,Bounced
ACT006227,LinkedIn,U004,,,,L00018,2026-08-09,Replied
ACT006228,Email,U004,,,,L01146,2026-01-01,Replied
ACT006229,Email,U004,,,,L01146,2026-08-19,Bounced
ACT006230,Email,U004,,,,L01146,2026-04-21,Completed
ACT006231,LinkedIn,U010,,,,L00889,2026-06-01,Bounced
ACT006232,Call,U016,,,,L01334,2026-10-07,Replied
ACT006233,LinkedIn,U016,,,,L01334,2026-09-30,No answer
ACT006234,LinkedIn,U017,,,,L01009,2026-02-14,No answer
ACT006235,Call,U017,,,,L01009,2026-03-21,Bounced
ACT006236,LinkedIn,U017,,,,L01009,2025-12-07,Replied
ACT006237,Call,U017,,,,L01009,2026-07-14,Replied
ACT006238,Call,U017,,,,L01009,2025-06-12,Replied
ACT006239,Call,U005,,,,L00603,2026-06-16,Bounced
ACT006240,LinkedIn,U005,,,,L00542,2026-08-22,Completed
ACT006241,Call,U005,,,,L00542,2026-06-10,Completed
ACT006242,Call,U005,,,,L00542,2026-02-11,Bounced
ACT006243,Call,U005,,,,L00542,2026-08-28,No answer
ACT006244,Call,U005,,,,L00542,2026-08-01,Replied
ACT006245,LinkedIn,U005,,,,L00542,2026-10-07,No answer
ACT006246,Email,U017,,,,L00559,2026-01-16,Completed
ACT006247,LinkedIn,U017,,,,L00559,2025-12-17,Completed
ACT006248,Call,U017,,,,L00559,2026-08-13,Completed
ACT006249,Call,U017,,,,L00559,2026-05-01,Replied
ACT006250,Email,U017,,,,L00559,2026-06-26,Replied
ACT006251,LinkedIn,U005,,,,L01485,2025-11-19,No answer
ACT006252,Call,U017,,,,L00325,2026-09-05,Bounced
ACT006253,LinkedIn,U017,,,,L00325,2026-10-07,Bounced
ACT006254,LinkedIn,U017,,,,L00325,2026-09-19,No answer
ACT006255,LinkedIn,U011,,,,L00464,2026-08-14,No answer
ACT006256,Call,U011,,,,L00464,2026-07-19,No answer
ACT006257,Email,U011,,,,L00464,2026-07-12,Completed
ACT006258,LinkedIn,U011,,,,L00464,2026-05-27,Bounced
ACT006259,Call,U004,,,,L00390,2026-08-04,No answer
ACT006260,Email,U011,,,,L00314,2026-06-11,No answer
ACT006261,LinkedIn,U011,,,,L00314,2026-07-13,Replied
ACT006262,LinkedIn,U011,,,,L00314,2026-09-09,No answer
ACT006263,Call,U011,,,,L00314,2026-06-02,No answer
ACT006264,Email,U017,,,,L01341,2026-04-10,Bounced
ACT006265,Call,U017,,,,L01341,2026-09-19,Replied
ACT006266,Email,U017,,,,L01341,2026-09-04,No answer
ACT006267,LinkedIn,U017,,,,L01341,2026-09-26,No answer
ACT006268,LinkedIn,U004,,,,L00490,2026-07-11,Replied
ACT006269,Call,U004,,,,L00490,2026-02-09,Replied
ACT006270,LinkedIn,U017,,,,L00466,2026-09-25,Replied
ACT006271,LinkedIn,U016,,,,L00531,2026-05-21,No answer
ACT006272,Email,U016,,,,L00531,2025-06-25,No answer
ACT006273,LinkedIn,U016,,,,L00531,2026-05-11,Bounced
ACT006274,Call,U005,,,,L00286,2026-04-18,Replied
ACT006275,LinkedIn,U005,,,,L00286,2026-02-06,Replied
ACT006276,Call,U005,,,,L00286,2026-07-28,Completed
ACT006277,Call,U005,,,,L00286,2025-12-20,Completed
ACT006278,Call,U010,,,,L00984,2026-01-18,No answer
ACT006279,LinkedIn,U010,,,,L00984,2026-04-10,No answer
ACT006280,Call,U010,,,,L00984,2025-10-17,Completed
ACT006281,Email,U010,,,,L00984,2025-11-29,No answer
ACT006282,LinkedIn,U017,,,,L00741,2026-02-19,Bounced
ACT006283,LinkedIn,U017,,,,L00741,2026-03-27,Bounced
ACT006284,Call,U017,,,,L00741,2026-04-20,Replied
ACT006285,Call,U017,,,,L00359,2026-01-19,Completed
ACT006286,Call,U017,,,,L00359,2026-01-08,Completed
ACT006287,Call,U017,,,,L00359,2026-08-12,Bounced
ACT006288,Call,U005,,,,L00669,2025-10-12,Completed
ACT006289,Email,U005,,,,L00669,2025-11-29,Replied
ACT006290,LinkedIn,U005,,,,L00669,2026-06-06,Replied
ACT006291,LinkedIn,U005,,,,L00669,2025-09-04,Completed
ACT006292,Email,U005,,,,L01245,2026-09-18,No answer
ACT006293,Call,U005,,,,L01245,2026-06-29,Replied
ACT006294,Email,U005,,,,L01245,2026-09-05,Replied
ACT006295,Email,U005,,,,L00028,2026-07-23,Bounced
ACT006296,Email,U017,,,,L01184,2026-04-17,Completed
ACT006297,LinkedIn,U017,,,,L01184,2026-03-13,Completed
ACT006298,Call,U017,,,,L01184,2026-03-31,Bounced
ACT006299,Call,U017,,,,L01184,2026-08-29,Bounced
ACT006300,Call,U005,,,,L01040,2026-05-08,Bounced
ACT006301,Call,U005,,,,L01040,2026-08-22,Replied
ACT006302,Email,U005,,,,L01040,2026-09-24,No answer
ACT006303,LinkedIn,U005,,,,L01040,2026-02-22,Bounced
ACT006304,Email,U005,,,,L01040,2026-03-14,Bounced
ACT006305,Email,U017,,,,L00807,2026-01-12,No answer
ACT006306,LinkedIn,U017,,,,L00807,2026-08-28,No answer
ACT006307,LinkedIn,U004,,,,L00264,2026-09-02,No answer
ACT006308,LinkedIn,U004,,,,L00264,2026-02-22,Replied
ACT006309,Email,U004,,,,L00264,2026-06-05,No answer
ACT006310,Call,U004,,,,L00264,2026-06-06,Bounced
ACT006311,Email,U004,,,,L00264,2026-06-30,Bounced
ACT006312,Email,U004,,,,L00264,2026-04-04,Replied
ACT006313,LinkedIn,U010,,,,L01428,2026-07-09,Replied
ACT006314,LinkedIn,U010,,,,L01428,2026-05-11,No answer
ACT006315,Email,U010,,,,L01428,2026-10-01,Bounced
ACT006316,LinkedIn,U010,,,,L01428,2026-05-15,No answer
ACT006317,Email,U017,,,,L00024,2026-08-25,Completed
ACT006318,Call,U017,,,,L00024,2025-08-03,Bounced
ACT006319,Email,U017,,,,L00024,2025-08-29,No answer
ACT006320,LinkedIn,U017,,,,L00024,2025-12-05,Completed
ACT006321,LinkedIn,U005,,,,L00411,2026-02-07,Bounced
ACT006322,LinkedIn,U005,,,,L00411,2025-09-20,Replied
ACT006323,Email,U005,,,,L00411,2026-03-12,No answer
ACT006324,LinkedIn,U005,,,,L00618,2026-07-29,Completed
ACT006325,Call,U005,,,,L00618,2026-05-03,Bounced
ACT006326,Email,U005,,,,L00618,2025-11-09,Replied
ACT006327,LinkedIn,U005,,,,L00618,2025-07-14,No answer
ACT006328,Email,U005,,,,L00618,2026-01-20,Replied
ACT006329,Call,U004,,,,L00766,2026-09-26,Bounced
ACT006330,LinkedIn,U004,,,,L00766,2026-07-03,Completed
ACT006331,LinkedIn,U004,,,,L00766,2026-05-12,Replied
ACT006332,LinkedIn,U004,,,,L00766,2026-04-17,Bounced
ACT006333,Email,U004,,,,L00766,2026-05-26,No answer
ACT006334,LinkedIn,U004,,,,L00766,2026-08-29,No answer
ACT006335,LinkedIn,U004,,,,L00937,2026-09-16,No answer
ACT006336,Email,U004,,,,L00937,2026-09-10,Bounced
ACT006337,Email,U004,,,,L00948,2025-12-16,No answer
ACT006338,LinkedIn,U011,,,,L00869,2026-04-30,Bounced
ACT006339,LinkedIn,U011,,,,L00869,2025-07-21,Replied
ACT006340,Email,U017,,,,L00168,2026-09-01,Completed
ACT006341,Email,U017,,,,L00168,2026-08-17,Completed
ACT006342,Call,U017,,,,L00168,2026-07-24,Replied
ACT006343,Email,U017,,,,L00168,2026-04-22,No answer
ACT006344,Call,U017,,,,L00168,2026-07-18,Completed
ACT006345,Email,U017,,,,L01045,2026-04-29,Completed
ACT006346,LinkedIn,U017,,,,L01045,2026-09-26,Bounced
ACT006347,LinkedIn,U017,,,,L01045,2026-01-15,Replied
ACT006348,Email,U004,,,,L00142,2026-08-28,Completed
ACT006349,Call,U004,,,,L00142,2025-05-03,Completed
ACT006350,Call,U004,,,,L00142,2026-04-09,Replied
ACT006351,Email,U004,,,,L00142,2026-04-20,No answer
ACT006352,Call,U005,,,,L00349,2025-11-17,Bounced
ACT006353,Email,U005,,,,L00349,2026-01-20,Bounced
ACT006354,LinkedIn,U005,,,,L00349,2025-09-27,Bounced
ACT006355,LinkedIn,U005,,,,L00349,2026-04-04,No answer
ACT006356,Call,U005,,,,L01289,2026-08-16,Replied
ACT006357,LinkedIn,U005,,,,L01289,2025-08-26,Bounced
ACT006358,LinkedIn,U004,,,,L00250,2026-08-16,No answer
ACT006359,Email,U004,,,,L00250,2026-09-06,Replied
ACT006360,LinkedIn,U004,,,,L00250,2026-08-15,Bounced
ACT006361,Call,U004,,,,L00250,2026-08-05,Completed
ACT006362,LinkedIn,U004,,,,L00250,2026-07-20,Bounced
ACT006363,Call,U004,,,,L00250,2026-09-17,Replied
ACT006364,Call,,,,,L00345,2026-09-07,Completed
ACT006365,Email,,,,,L00345,2026-06-27,Completed
ACT006366,Email,,,,,L00345,2026-08-29,Replied
ACT006367,Call,,,,,L00345,2026-06-09,Bounced
ACT006368,LinkedIn,,,,,L00345,2026-05-25,Completed
ACT006369,Email,,,,,L00345,2026-07-22,Completed
ACT006370,LinkedIn,U017,,,,L01106,2026-09-12,No answer
ACT006371,Call,U017,,,,L01106,2026-07-15,Bounced
ACT006372,Call,U017,,,,L01106,2026-06-15,Bounced
ACT006373,Email,U017,,,,L01106,2026-04-05,Bounced
ACT006374,LinkedIn,U016,,,,L00014,2026-09-05,Bounced
ACT006375,LinkedIn,U016,,,,L00109,2026-03-27,Replied
ACT006376,Email,U016,,,,L00109,2026-07-17,Bounced
ACT006377,Call,U016,,,,L00109,2026-03-22,Replied
ACT006378,Call,U004,,,,L00432,2025-11-23,Completed
ACT006379,Email,U004,,,,L00906,2026-08-20,Replied
ACT006380,Email,U004,,,,L00906,2026-08-05,Bounced
ACT006381,Email,U004,,,,L00906,2026-09-07,Bounced
ACT006382,LinkedIn,U004,,,,L00906,2026-08-26,Replied
ACT006383,Email,U005,,,,L01114,2026-01-20,Completed
ACT006384,LinkedIn,U005,,,,L01114,2026-03-21,Replied
ACT006385,Email,U005,,,,L01114,2026-03-09,Replied
ACT006386,Call,U005,,,,L01114,2026-08-09,Replied
ACT006387,Call,U005,,,,L01114,2025-11-14,Replied
ACT006388,Call,U005,,,,L01114,2025-11-07,Bounced
ACT006389,Call,U004,,,,L00379,2026-07-17,Completed
ACT006390,Email,U004,,,,L00379,2026-08-21,No answer
ACT006391,Call,,,,,L00035,2026-03-07,Completed
ACT006392,Call,,,,,L00035,2026-02-14,No answer
ACT006393,Call,,,,,L00035,2026-04-13,No answer
ACT006394,Email,,,,,L00035,2025-12-18,Bounced
ACT006395,LinkedIn,,,,,L00035,2026-02-09,Replied
ACT006396,LinkedIn,,,,,L00035,2026-02-06,Bounced
ACT006397,Call,U004,,,,L00205,2026-10-08,Completed
ACT006398,Call,U004,,,,L00205,2026-10-04,Replied
ACT006399,Email,U011,,,,L00099,2025-10-13,Replied
ACT006400,Email,U011,,,,L00099,2025-11-04,Completed
ACT006401,LinkedIn,U011,,,,L00099,2025-11-10,Completed
ACT006402,LinkedIn,U011,,,,L00099,2025-09-14,No answer
ACT006403,LinkedIn,U011,,,,L00099,2026-08-20,No answer
ACT006404,LinkedIn,U011,,,,L00099,2025-12-27,Bounced
ACT006405,LinkedIn,U004,,,,L00211,2026-07-07,Replied
ACT006406,Call,U004,,,,L00211,2026-09-07,Replied
ACT006407,Email,U005,,,,L00362,2026-09-18,Bounced
ACT006408,Email,U005,,,,L00362,2026-10-07,Replied
ACT006409,Call,U005,,,,L00362,2026-08-13,No answer
ACT006410,LinkedIn,U005,,,,L00431,2025-12-29,Completed
ACT006411,LinkedIn,U005,,,,L00431,2025-11-11,Completed
ACT006412,LinkedIn,U005,,,,L00431,2026-09-21,Bounced
ACT006413,Call,U016,,,,L01068,2026-08-29,Bounced
ACT006414,Call,U016,,,,L01068,2026-09-21,Replied
ACT006415,Email,U016,,,,L01068,2026-08-09,Completed
ACT006416,Call,U016,,,,L01068,2026-08-30,Bounced
ACT006417,Call,U016,,,,L01068,2026-08-28,Bounced
ACT006418,Call,U010,,,,L00415,2026-05-26,Bounced
ACT006419,LinkedIn,U010,,,,L00415,2026-05-12,Replied
ACT006420,Email,U010,,,,L00415,2026-05-15,Completed
ACT006421,LinkedIn,U010,,,,L00415,2026-05-05,Replied
ACT006422,LinkedIn,U010,,,,L00415,2026-07-14,Completed
ACT006423,Call,U004,,,,L01330,2026-10-04,Replied
ACT006424,Call,U004,,,,L01330,2026-05-16,Bounced
ACT006425,Call,,,,,L00657,2026-06-24,Bounced
ACT006426,Email,,,,,L00657,2025-12-04,Completed
ACT006427,LinkedIn,,,,,L00657,2025-05-24,No answer
ACT006428,Call,,,,,L01276,2026-04-13,Bounced
ACT006429,Email,,,,,L01276,2026-02-15,Bounced
ACT006430,Call,,,,,L01276,2026-07-27,Bounced
ACT006431,Email,U004,,,,L00975,2026-05-05,Bounced
ACT006432,Call,U004,,,,L00975,2026-06-18,Completed
ACT006433,LinkedIn,U004,,,,L00975,2026-06-18,No answer
ACT006434,LinkedIn,U005,,,,L00173,2026-10-08,Completed
ACT006435,Email,U005,,,,L00173,2026-10-02,No answer
ACT006436,LinkedIn,U005,,,,L00173,2026-09-28,Completed
ACT006437,Call,U005,,,,L00025,2026-08-25,Replied
ACT006438,Call,U005,,,,L00025,2026-01-09,Bounced
ACT006439,LinkedIn,U005,,,,L00025,2026-02-28,Bounced
ACT006440,Email,U005,,,,L00025,2026-03-12,Replied
ACT006441,LinkedIn,U005,,,,L00025,2026-05-26,Bounced
ACT006442,Email,U005,,,,L00025,2026-07-03,Completed
ACT006443,Email,U005,,,,L00111,2026-08-10,Completed
ACT006444,LinkedIn,U004,,,,L00016,2026-07-12,Replied
ACT006445,LinkedIn,U004,,,,L00016,2026-02-18,Bounced
ACT006446,Email,U004,,,,L00016,2026-02-19,Bounced
ACT006447,LinkedIn,U004,,,,L00016,2026-01-22,Replied
ACT006448,Email,U004,,,,L00016,2026-07-22,Bounced
ACT006449,Email,U004,,,,L00016,2026-02-25,Replied
ACT006450,Call,U017,,,,L01296,2026-06-09,Completed
ACT006451,LinkedIn,U017,,,,L01296,2026-09-05,Bounced
ACT006452,Call,U017,,,,L01296,2026-09-11,Bounced
ACT006453,LinkedIn,U017,,,,L01296,2026-05-11,Completed
ACT006454,LinkedIn,U017,,,,L01296,2026-06-17,Replied
ACT006455,LinkedIn,U005,,,,L00904,2025-07-10,No answer
ACT006456,LinkedIn,U005,,,,L01282,2026-04-04,Bounced
ACT006457,Call,U005,,,,L01282,2025-10-08,Bounced
ACT006458,LinkedIn,U004,,,,L00148,2026-08-03,Completed
ACT006459,LinkedIn,U004,,,,L00504,2026-06-07,Completed
ACT006460,Call,U004,,,,L00504,2026-09-10,Completed
ACT006461,Call,U004,,,,L00504,2026-07-22,No answer
ACT006462,Call,U004,,,,L00504,2026-05-20,Replied
ACT006463,Email,U011,,,,L01395,2026-10-06,Completed
ACT006464,Call,U011,,,,L01395,2026-08-24,No answer
ACT006465,Call,U011,,,,L01395,2026-08-15,Completed
ACT006466,Call,U011,,,,L01395,2026-10-05,Replied
ACT006467,Email,U004,,,,L00187,2026-08-31,Completed
ACT006468,Email,U004,,,,L00682,2025-08-31,Replied
ACT006469,Email,U004,,,,L00682,2026-10-06,No answer
ACT006470,LinkedIn,U004,,,,L00682,2026-10-01,Bounced
ACT006471,Call,U004,,,,L00682,2026-08-03,No answer
ACT006472,Call,U004,,,,L00682,2025-09-14,No answer
ACT006473,Call,U004,,,,L00682,2025-11-25,Completed
ACT006474,Email,U011,,,,L01103,2026-01-12,No answer
ACT006475,LinkedIn,U011,,,,L01103,2026-08-03,Completed
ACT006476,LinkedIn,U011,,,,L01103,2026-01-05,No answer
ACT006477,Email,U005,,,,L00474,2026-04-28,Completed
ACT006478,Call,U005,,,,L00474,2026-07-16,Bounced
ACT006479,Email,U004,,,,L01012,2026-06-12,Replied
ACT006480,Email,U004,,,,L01012,2025-11-16,Bounced
ACT006481,Email,U004,,,,L01012,2026-02-08,Completed
ACT006482,Email,U004,,,,L01012,2026-02-19,Bounced
ACT006483,Email,U004,,,,L01012,2026-01-31,Bounced
ACT006484,LinkedIn,U004,,,,L00100,2026-03-29,Bounced
ACT006485,Email,U017,,,,L00005,2026-08-02,Replied
ACT006486,Email,U017,,,,L00005,2026-08-26,Replied
ACT006487,LinkedIn,U017,,,,L00005,2026-03-19,Completed
ACT006488,Email,U017,,,,L00005,2026-01-04,Completed
ACT006489,LinkedIn,U017,,,,L00005,2026-04-29,No answer
ACT006490,LinkedIn,U017,,,,L00005,2026-03-27,Replied
ACT006491,Call,U017,,,,L00465,2026-05-31,Completed
ACT006492,Email,U017,,,,L00465,2026-07-14,Replied
ACT006493,LinkedIn,U017,,,,L00465,2026-08-02,Replied
ACT006494,Call,U017,,,,L00465,2025-09-22,No answer
ACT006495,Call,U017,,,,L00465,2026-08-25,Bounced
ACT006496,Call,U017,,,,L00465,2026-07-04,Replied
ACT006497,Email,U017,,,,L00047,2026-10-05,Bounced
ACT006498,Call,U004,,,,L00880,2026-08-26,Completed
ACT006499,Call,U004,,,,L00880,2026-01-07,No answer
ACT006500,Email,U004,,,,L00880,2026-09-05,Replied
ACT006501,Email,U005,,,,L00263,2026-09-13,Completed
ACT006502,Call,U005,,,,L00263,2026-02-13,Replied
ACT006503,Email,U005,,,,L00263,2026-07-23,Bounced
ACT006504,LinkedIn,U005,,,,L00263,2026-08-17,No answer
ACT006505,Email,U004,,,,L00295,2025-11-29,Replied
ACT006506,Call,U004,,,,L00295,2026-03-20,Completed
ACT006507,LinkedIn,U004,,,,L00295,2026-07-28,Bounced
ACT006508,Call,U004,,,,L00295,2025-12-13,No answer
ACT006509,Call,U004,,,,L00295,2025-12-14,Completed
ACT006510,Call,U004,,,,L00295,2025-12-30,Bounced
ACT006511,LinkedIn,U004,,,,L00451,2025-12-19,Replied
ACT006512,LinkedIn,U004,,,,L00451,2026-07-22,Bounced
ACT006513,Email,U004,,,,L00451,2025-11-05,Bounced
ACT006514,LinkedIn,U004,,,,L00451,2026-04-23,Bounced
ACT006515,Email,U004,,,,L00451,2026-04-15,Completed
ACT006516,Call,U004,,,,L00368,2026-04-27,No answer
ACT006517,LinkedIn,U004,,,,L00368,2026-06-13,Bounced
ACT006518,Email,U004,,,,L00368,2025-07-23,Bounced
ACT006519,Call,U005,,,,L00830,2026-02-02,Completed
ACT006520,Email,U005,,,,L00830,2025-12-16,Bounced
ACT006521,Email,U005,,,,L00830,2026-02-22,Completed
ACT006522,Email,U005,,,,L00830,2026-06-30,No answer
ACT006523,Email,U016,,,,L00957,2026-05-11,Completed
ACT006524,LinkedIn,U016,,,,L00957,2026-09-28,Bounced
ACT006525,Call,U016,,,,L00957,2026-09-06,Completed
ACT006526,Call,U010,,,,L00489,2026-07-28,Bounced
ACT006527,Call,U017,,,,L00285,2026-09-26,Replied
ACT006528,Call,U017,,,,L00285,2026-05-23,Completed
ACT006529,Email,U017,,,,L00285,2026-03-29,No answer
ACT006530,LinkedIn,U017,,,,L00285,2026-03-23,No answer
ACT006531,Call,U017,,,,L00285,2026-06-30,Replied
ACT006532,Email,U017,,,,L00285,2026-07-23,Replied
ACT006533,LinkedIn,U017,,,,L00749,2026-07-19,Bounced
ACT006534,Email,U017,,,,L01083,2025-08-24,Bounced
ACT006535,LinkedIn,U017,,,,L01083,2026-07-13,Completed
ACT006536,Email,U017,,,,L01083,2025-08-05,No answer
ACT006537,Email,U017,,,,L01083,2026-07-13,Replied
ACT006538,LinkedIn,U017,,,,L01202,2026-05-13,No answer
ACT006539,Email,U017,,,,L01202,2025-06-19,Bounced
ACT006540,Email,U017,,,,L01202,2025-12-28,Completed
ACT006541,Email,U017,,,,L01202,2025-12-16,No answer
ACT006542,Call,U017,,,,L01202,2025-06-13,No answer
ACT006543,LinkedIn,U017,,,,L01202,2025-12-14,Completed
ACT006544,LinkedIn,U016,,,,L00968,2026-06-12,No answer
ACT006545,Call,U016,,,,L00968,2026-08-06,Bounced
ACT006546,Call,U005,,,,L00114,2026-07-26,Replied
ACT006547,LinkedIn,U005,,,,L00114,2025-10-26,Bounced
ACT006548,Call,U004,,,,L00387,2026-08-26,Completed
ACT006549,Email,U004,,,,L00387,2026-08-05,No answer
ACT006550,Email,U004,,,,L00387,2026-08-07,Replied
ACT006551,Call,U004,,,,L00387,2026-08-14,No answer
ACT006552,LinkedIn,U004,,,,L00387,2026-08-24,Replied
ACT006553,Email,,,,,L00052,2026-05-23,Bounced
ACT006554,Email,U005,,,,L01145,2026-07-18,Replied
ACT006555,Email,U010,,,,L01329,2026-07-08,Bounced
ACT006556,Call,U010,,,,L01329,2026-05-05,Replied
ACT006557,LinkedIn,U010,,,,L01329,2026-04-10,Replied
ACT006558,Call,U010,,,,L01329,2026-06-23,Replied
ACT006559,LinkedIn,U010,,,,L01329,2026-05-29,Bounced
ACT006560,Email,U004,,,,L00778,2026-02-05,Bounced
ACT006561,Call,U004,,,,L00778,2026-08-27,No answer
ACT006562,Email,U004,,,,L00778,2026-01-08,Bounced
ACT006563,Call,U004,,,,L00778,2026-07-11,Replied
ACT006564,Email,U005,,,,L01071,2026-08-27,No answer
ACT006565,Call,U005,,,,L01071,2026-08-28,No answer
ACT006566,Call,U005,,,,L01071,2026-08-27,Bounced
ACT006567,Call,U005,,,,L01071,2026-08-23,No answer
ACT006568,Call,U016,,,,L00743,2026-08-10,Bounced
ACT006569,LinkedIn,U016,,,,L00743,2026-09-25,No answer
ACT006570,Call,U017,,,,L01213,2026-09-03,Completed
ACT006571,Email,U017,,,,L01213,2026-10-01,Completed
ACT006572,Email,U017,,,,L01213,2026-09-29,Completed
ACT006573,Call,U004,,,,L00763,2026-01-11,Bounced
ACT006574,LinkedIn,U004,,,,L00763,2026-06-25,Completed
ACT006575,LinkedIn,U004,,,,L00763,2026-04-13,Bounced
ACT006576,LinkedIn,U004,,,,L00763,2026-03-05,Completed
ACT006577,LinkedIn,U005,,,,L00976,2026-07-29,Completed
ACT006578,Email,U005,,,,L00976,2026-01-17,Replied
ACT006579,Call,U005,,,,L00976,2026-06-27,Bounced
ACT006580,Email,U016,,,,L00351,2025-10-17,Replied
ACT006581,LinkedIn,U016,,,,L00351,2026-01-07,Completed
ACT006582,LinkedIn,U016,,,,L00351,2025-10-19,Bounced
ACT006583,Email,U016,,,,L00341,2026-08-09,Bounced
ACT006584,LinkedIn,U016,,,,L00893,2026-09-16,Replied
ACT006585,Email,U016,,,,L00893,2026-09-24,Bounced
ACT006586,LinkedIn,U016,,,,L00893,2026-09-14,No answer
ACT006587,LinkedIn,U010,,,,L00373,2026-06-02,Replied
ACT006588,LinkedIn,U010,,,,L00373,2026-08-11,Replied
ACT006589,Call,U010,,,,L00373,2025-11-12,No answer
ACT006590,LinkedIn,U010,,,,L00373,2026-10-03,No answer
ACT006591,LinkedIn,U010,,,,L00373,2026-02-08,Replied
ACT006592,Call,U004,,,,L00165,2026-04-20,Bounced
ACT006593,Email,U004,,,,L00165,2026-08-01,No answer
ACT006594,Call,U004,,,,L00165,2026-02-18,Bounced
ACT006595,Call,U004,,,,L00165,2026-06-19,Replied
ACT006596,LinkedIn,U004,,,,L00165,2025-12-18,Bounced
ACT006597,Email,U005,,,,L00260,2026-04-26,No answer
ACT006598,LinkedIn,U005,,,,L00260,2026-07-30,Bounced
ACT006599,LinkedIn,U005,,,,L00260,2025-10-28,Bounced
ACT006600,Call,U005,,,,L00260,2025-09-22,Completed
ACT006601,Call,U005,,,,L00260,2026-02-11,Completed
ACT006602,Email,U005,,,,L00894,2026-10-08,Bounced
ACT006603,Call,U005,,,,L00894,2026-10-07,Completed
ACT006604,Email,U005,,,,L00894,2026-10-08,Completed
ACT006605,Email,U011,,,,L00208,2026-03-19,Completed
ACT006606,Call,U011,,,,L00208,2026-06-05,Completed
ACT006607,Email,U011,,,,L00208,2026-06-29,Completed
ACT006608,Email,U011,,,,L00208,2026-07-22,Bounced
ACT006609,Call,U004,,,,L00532,2026-07-23,Bounced
ACT006610,Call,U004,,,,L00532,2026-07-24,Bounced
ACT006611,Email,U004,,,,L00532,2026-05-10,Completed
ACT006612,Call,U004,,,,L00532,2026-05-23,No answer
ACT006613,Email,U004,,,,L00532,2026-09-06,Completed
ACT006614,Email,U005,,,,L01419,2026-06-07,No answer
ACT006615,Call,U005,,,,L01419,2025-08-18,No answer
ACT006616,Call,U004,,,,L01396,2026-08-07,Bounced
ACT006617,Email,U004,,,,L01396,2026-04-09,No answer
ACT006618,Email,U004,,,,L01396,2026-06-02,Replied
ACT006619,Email,,,,,L01398,2026-09-09,Completed
ACT006620,LinkedIn,,,,,L01398,2026-06-15,Bounced
ACT006621,Call,,,,,L01398,2026-09-18,Bounced
ACT006622,Call,,,,,L01398,2026-09-14,Bounced
ACT006623,Email,,,,,L01398,2026-08-06,Bounced
ACT006624,Email,,,,,L01398,2026-07-08,Replied
ACT006625,LinkedIn,U017,,,,L00410,2026-06-27,No answer
ACT006626,Email,U005,,,,L00329,2026-05-05,Completed
ACT006627,Email,U005,,,,L00329,2026-05-25,Bounced
ACT006628,LinkedIn,U005,,,,L00329,2026-07-15,No answer
ACT006629,Call,U005,,,,L00329,2026-08-26,Replied
ACT006630,Call,U010,,,,L00021,2026-07-28,Replied
ACT006631,Email,U010,,,,L00021,2026-08-25,Completed
ACT006632,Call,U010,,,,L00021,2026-09-28,No answer
ACT006633,Email,U016,,,,L00745,2026-09-30,No answer
ACT006634,LinkedIn,U016,,,,L00745,2026-09-07,Bounced
ACT006635,Call,U016,,,,L00745,2026-08-27,Bounced
ACT006636,Email,U016,,,,L00745,2026-08-24,Replied
ACT006637,Email,U016,,,,L00745,2026-09-20,Completed
ACT006638,Call,U016,,,,L00745,2026-06-14,Completed
ACT006639,Email,,,,,L00433,2026-06-12,Replied
ACT006640,Email,,,,,L00433,2026-07-19,No answer
ACT006641,Email,,,,,L00433,2026-06-14,Replied
ACT006642,Email,,,,,L00433,2026-05-21,Replied
ACT006643,Call,U017,,,,L00384,2026-04-12,Bounced
ACT006644,Email,U017,,,,L00384,2026-01-04,Bounced
ACT006645,Email,U017,,,,L00384,2025-09-20,No answer
ACT006646,Email,U017,,,,L00384,2026-09-26,Bounced
ACT006647,Call,U017,,,,L00384,2026-07-11,Bounced
ACT006648,Email,U017,,,,L00384,2025-12-20,Replied
ACT006649,Call,U004,,,,L00413,2026-06-07,Replied
ACT006650,Email,U004,,,,L00413,2026-01-17,Bounced
ACT006651,Call,U004,,,,L00413,2026-05-23,Replied
ACT006652,Call,U004,,,,L00413,2025-06-02,Replied
ACT006653,Call,U004,,,,L00413,2025-06-18,Replied
ACT006654,LinkedIn,U004,,,,L00413,2026-08-12,No answer
ACT006655,Call,U016,,,,L00408,2026-05-24,Bounced
ACT006656,Call,U016,,,,L00408,2026-05-03,Completed
ACT006657,Email,,,,,L01178,2026-05-27,Bounced
ACT006658,Call,,,,,L01178,2026-09-25,Completed
ACT006659,LinkedIn,,,,,L01178,2026-08-09,Bounced
ACT006660,Email,,,,,L01178,2026-07-15,Replied
ACT006661,Email,,,,,L01178,2026-06-23,No answer
ACT006662,LinkedIn,U016,,,,L00641,2025-10-10,No answer
ACT006663,Call,U016,,,,L00641,2026-03-05,Replied
ACT006664,LinkedIn,U016,,,,L00641,2025-08-21,Replied
ACT006665,LinkedIn,U016,,,,L00641,2025-10-23,Bounced
ACT006666,Call,U016,,,,L00641,2025-08-14,Completed
ACT006667,Email,U016,,,,L00641,2025-07-08,Replied
ACT006668,LinkedIn,U017,,,,L01360,2026-02-13,Bounced
ACT006669,LinkedIn,U011,,,,L00027,2026-08-09,No answer
ACT006670,Email,U011,,,,L00027,2026-05-03,Replied
ACT006671,Email,U011,,,,L00027,2026-02-22,Replied
ACT006672,Email,U011,,,,L00027,2026-01-31,Bounced
ACT006673,LinkedIn,U004,,,,L00737,2026-08-28,No answer
ACT006674,Call,U004,,,,L00737,2026-08-25,Replied
ACT006675,Email,U004,,,,L00737,2026-09-03,Completed
ACT006676,LinkedIn,U011,,,,L00881,2026-09-09,Bounced
ACT006677,LinkedIn,U011,,,,L00881,2026-08-20,Completed
ACT006678,LinkedIn,U011,,,,L00881,2026-08-18,Replied
ACT006679,Email,U011,,,,L00881,2026-10-04,Replied
ACT006680,Email,U011,,,,L00881,2026-09-14,No answer
ACT006681,Call,U011,,,,L00666,2026-09-16,Bounced
ACT006682,Call,U011,,,,L00666,2026-06-26,Bounced
ACT006683,Email,U011,,,,L00666,2026-06-23,Bounced
ACT006684,Email,U011,,,,L00666,2026-03-04,Bounced
ACT006685,LinkedIn,U011,,,,L00666,2025-12-09,No answer
ACT006686,LinkedIn,U005,,,,L01122,2026-07-19,Replied
ACT006687,LinkedIn,U005,,,,L01122,2026-07-26,Replied
ACT006688,Email,U004,,,,L00998,2026-05-10,Completed
ACT006689,Call,U004,,,,L00998,2026-06-12,Completed
ACT006690,Email,U005,,,,L00526,2026-08-14,No answer
ACT006691,Email,U005,,,,L00526,2026-07-19,Completed
ACT006692,Email,U005,,,,L00526,2026-09-13,Bounced
ACT006693,Email,U005,,,,L00526,2026-08-18,Completed
ACT006694,LinkedIn,U005,,,,L00526,2026-07-31,No answer
ACT006695,LinkedIn,U004,,,,L00468,2026-08-03,Replied
ACT006696,LinkedIn,U004,,,,L00468,2026-07-25,Bounced
ACT006697,LinkedIn,U016,,,,L01026,2025-12-15,Bounced
ACT006698,Call,U016,,,,L01026,2026-07-04,Replied
ACT006699,LinkedIn,U016,,,,L01026,2025-11-17,Completed
ACT006700,Email,U016,,,,L01026,2026-05-15,Bounced
ACT006701,Email,U016,,,,L01026,2026-01-14,Completed
ACT006702,LinkedIn,U010,,,,L00446,2026-08-10,No answer
ACT006703,Call,U010,,,,L00446,2026-07-17,Bounced
ACT006704,Call,U010,,,,L00446,2026-07-18,No answer
ACT006705,Call,U010,,,,L00446,2026-08-26,Replied
ACT006706,Call,U004,,,,L00929,2026-01-02,No answer
ACT006707,Call,U004,,,,L00929,2025-11-29,No answer
ACT006708,LinkedIn,U004,,,,L00929,2026-08-30,Completed
ACT006709,Call,U004,,,,L00929,2025-12-14,Completed
ACT006710,LinkedIn,U004,,,,L00929,2025-07-03,Bounced
ACT006711,LinkedIn,U004,,,,L00929,2026-02-20,Bounced
ACT006712,LinkedIn,U017,,,,L01219,2026-09-30,No answer
ACT006713,Email,U017,,,,L01219,2026-08-06,Bounced
ACT006714,Call,U017,,,,L01219,2026-09-12,Replied
ACT006715,LinkedIn,U017,,,,L01219,2026-10-07,No answer
ACT006716,Email,U017,,,,L01219,2026-09-17,Completed
ACT006717,LinkedIn,U017,,,,L01219,2026-08-21,No answer
ACT006718,Call,U005,,,,L00129,2026-09-29,Bounced
ACT006719,Call,U004,,,,L00842,2026-09-15,Completed
ACT006720,LinkedIn,U005,,,,L00512,2026-01-16,Completed
ACT006721,LinkedIn,U005,,,,L00512,2025-12-12,Bounced
ACT006722,LinkedIn,U005,,,,L00512,2026-06-10,Bounced
ACT006723,Email,U016,,,,L01131,2026-08-31,Replied
ACT006724,LinkedIn,U016,,,,L01131,2026-05-16,Replied
ACT006725,Call,U016,,,,L01131,2026-02-12,Completed
ACT006726,Call,,,,,L00801,2026-03-09,Completed
ACT006727,LinkedIn,,,,,L00801,2026-05-15,Bounced
ACT006728,Email,,,,,L00801,2025-12-12,Bounced
ACT006729,Call,U011,,,,L00903,2026-02-10,Replied
ACT006730,LinkedIn,U011,,,,L00903,2026-07-22,No answer
ACT006731,Call,U011,,,,L00903,2025-09-11,Bounced
ACT006732,Email,U011,,,,L00903,2026-10-02,Completed
ACT006733,Email,U011,,,,L00903,2026-02-12,Bounced
ACT006734,Call,U011,,,,L00903,2026-02-21,Bounced
ACT006735,Call,U005,,,,L01345,2026-07-08,Replied
ACT006736,Call,U004,,,,L00675,2025-12-27,No answer
ACT006737,Email,U004,,,,L00675,2026-01-02,Replied
ACT006738,Email,U004,,,,L00675,2026-04-17,Completed
ACT006739,Call,U017,,,,L01261,2025-12-30,Completed
ACT006740,Call,U017,,,,L01261,2026-07-10,Replied
ACT006741,LinkedIn,U017,,,,L01261,2026-01-27,Replied
ACT006742,LinkedIn,U017,,,,L01261,2026-08-11,Bounced
ACT006743,LinkedIn,U004,,,,L00877,2025-09-14,Completed
ACT006744,LinkedIn,U004,,,,L00877,2025-09-25,Bounced
ACT006745,Call,U004,,,,L00877,2026-05-26,No answer
ACT006746,Email,U004,,,,L01228,2026-08-10,Bounced
ACT006747,LinkedIn,U004,,,,L01228,2026-07-11,Bounced
ACT006748,LinkedIn,U004,,,,L01228,2026-04-21,Replied
ACT006749,Call,U004,,,,L01228,2026-04-28,Bounced
ACT006750,LinkedIn,U004,,,,L01228,2026-08-06,Bounced
ACT006751,Email,U017,,,,L00818,2026-06-08,Replied
ACT006752,Email,U017,,,,L00818,2026-08-31,No answer
ACT006753,Call,U017,,,,L00818,2026-09-07,Replied
ACT006754,LinkedIn,U017,,,,L00818,2026-08-23,No answer
ACT006755,LinkedIn,U017,,,,L00818,2026-08-15,Completed
ACT006756,Email,U017,,,,L00818,2026-09-29,Replied
ACT006757,Email,U004,,,,L01483,2026-04-26,No answer
ACT006758,LinkedIn,U004,,,,L01483,2026-05-27,Completed
ACT006759,LinkedIn,U004,,,,L01483,2026-05-12,Replied
ACT006760,Email,U004,,,,L01452,2026-10-08,Replied
ACT006761,LinkedIn,U010,,,,L01448,2025-12-28,Replied
ACT006762,Email,U017,,,,L00152,2025-12-17,Replied
ACT006763,LinkedIn,U017,,,,L00152,2026-04-12,Completed
ACT006764,Email,U011,,,,L00947,2026-09-02,Bounced
ACT006765,LinkedIn,U011,,,,L00947,2025-12-02,Replied
ACT006766,LinkedIn,U011,,,,L00947,2026-07-28,Bounced
ACT006767,Call,U011,,,,L00799,2026-09-10,No answer
ACT006768,LinkedIn,U011,,,,L00799,2026-08-13,Bounced
ACT006769,Email,U011,,,,L00799,2026-07-26,Bounced
ACT006770,Call,U010,,,,L01227,2026-09-11,Bounced
ACT006771,Call,U010,,,,L01227,2026-09-10,Replied
ACT006772,Call,U010,,,,L01338,2026-07-22,Replied
ACT006773,Email,U010,,,,L01338,2026-09-14,No answer
ACT006774,LinkedIn,U010,,,,L00907,2026-03-11,Bounced
ACT006775,Email,U010,,,,L00907,2026-07-29,Completed
ACT006776,LinkedIn,U010,,,,L00907,2026-06-14,No answer
ACT006777,LinkedIn,U010,,,,L00907,2025-08-17,Completed
ACT006778,Call,U010,,,,L00907,2026-09-17,Replied
ACT006779,Email,U005,,,,L01382,2025-10-14,Replied
ACT006780,Email,U005,,,,L01382,2025-10-31,Replied
ACT006781,Email,U005,,,,L01382,2026-08-27,Replied
ACT006782,Email,U005,,,,L00493,2025-10-06,Completed
ACT006783,LinkedIn,U005,,,,L00493,2025-07-14,Bounced
ACT006784,LinkedIn,U005,,,,L00493,2025-11-01,Bounced
ACT006785,Call,U005,,,,L00493,2026-06-11,Completed
ACT006786,Call,U005,,,,L00493,2026-08-27,No answer
ACT006787,Email,U005,,,,L00493,2026-05-28,No answer
ACT006788,LinkedIn,U010,,,,L00397,2026-04-15,Replied
ACT006789,LinkedIn,U010,,,,L00397,2026-09-30,Replied
ACT006790,LinkedIn,U010,,,,L00397,2026-07-15,Bounced
ACT006791,Email,U017,,,,L00370,2026-09-24,Bounced
ACT006792,LinkedIn,U017,,,,L00370,2026-07-04,Completed
ACT006793,LinkedIn,U017,,,,L00370,2026-07-06,Completed
ACT006794,Call,U017,,,,L00370,2026-07-03,Replied
ACT006795,Call,U017,,,,L00370,2026-09-21,Completed
ACT006796,Call,U017,,,,L00370,2026-08-02,Completed
ACT006797,Call,U011,,,,L01047,2026-09-29,Bounced
ACT006798,Email,U011,,,,L01047,2026-06-12,Completed
ACT006799,Email,U011,,,,L01047,2026-05-26,Completed
ACT006800,Email,U011,,,,L01047,2026-08-14,Completed
ACT006801,Call,U004,,,,L01298,2026-09-30,Replied
ACT006802,Email,U004,,,,L01298,2026-07-27,No answer
ACT006803,Email,U004,,,,L01298,2026-04-14,Replied
ACT006804,Call,U004,,,,L01298,2026-06-10,Completed
ACT006805,LinkedIn,U004,,,,L01298,2026-06-17,Replied
ACT006806,Call,U005,,,,L01229,2026-08-25,Replied
ACT006807,Email,U005,,,,L01229,2026-07-30,No answer
ACT006808,Call,U017,,,,L01263,2026-10-04,No answer
ACT006809,Call,U017,,,,L01263,2026-10-02,Completed
ACT006810,Call,U005,,,,L00964,2026-06-08,No answer
ACT006811,LinkedIn,U005,,,,L00964,2026-07-06,Bounced
ACT006812,Call,U017,,,,L00681,2026-03-26,No answer
ACT006813,Call,U017,,,,L00681,2026-05-02,Completed
ACT006814,Email,U017,,,,L00681,2026-08-05,Completed
ACT006815,Email,U017,,,,L00681,2026-09-19,No answer
ACT006816,Email,U011,,,,L01466,2025-11-12,Replied
ACT006817,LinkedIn,U011,,,,L01466,2026-09-28,Bounced
ACT006818,LinkedIn,U011,,,,L01466,2026-04-14,Bounced
ACT006819,Call,,,,,L01024,2026-04-10,Replied
ACT006820,LinkedIn,,,,,L01024,2026-05-21,Completed
ACT006821,LinkedIn,,,,,L01024,2025-08-27,No answer
ACT006822,Email,,,,,L01024,2026-05-29,Completed
ACT006823,Call,,,,,L01024,2025-06-28,Completed
ACT006824,LinkedIn,,,,,L01024,2026-06-19,Replied
ACT006825,Call,U005,,,,L01000,2026-02-13,Replied
ACT006826,LinkedIn,U005,,,,L01000,2026-05-28,No answer
ACT006827,Call,U005,,,,L00700,2026-07-21,Completed
ACT006828,Call,U005,,,,L00700,2026-04-24,Completed
ACT006829,Call,U005,,,,L00700,2026-06-21,Completed
ACT006830,LinkedIn,U005,,,,L00700,2025-08-23,No answer
ACT006831,Email,U005,,,,L00700,2025-07-25,Replied
ACT006832,Call,U004,,,,L00371,2026-08-09,Replied
ACT006833,LinkedIn,U004,,,,L00371,2026-09-18,Bounced
ACT006834,Email,U005,,,,L01179,2026-02-15,No answer
ACT006835,Email,U005,,,,L01179,2025-11-07,Completed
ACT006836,Email,U005,,,,L01179,2026-03-08,Bounced
ACT006837,Email,U011,,,,L00327,2026-07-19,Bounced
ACT006838,Email,U011,,,,L00327,2026-09-20,Replied
ACT006839,Call,U011,,,,L00327,2026-06-17,Replied
ACT006840,Email,U011,,,,L00327,2026-07-14,Replied
ACT006841,Email,U011,,,,L00327,2026-07-17,No answer
ACT006842,LinkedIn,U017,,,,L00936,2026-05-29,Completed
ACT006843,Call,U017,,,,L00936,2026-06-11,No answer
ACT006844,LinkedIn,U017,,,,L00936,2026-09-23,Bounced
ACT006845,Email,U017,,,,L00936,2026-06-06,Replied
ACT006846,Email,U005,,,,L00864,2026-08-25,Replied
ACT006847,Email,U005,,,,L00864,2026-05-24,Completed
ACT006848,LinkedIn,U005,,,,L00864,2026-08-07,Replied
ACT006849,Call,U005,,,,L00864,2026-07-08,Completed
ACT006850,Call,U005,,,,L00864,2026-09-30,Bounced
ACT006851,LinkedIn,U005,,,,L00864,2026-07-11,Replied
ACT006852,Email,U017,,,,L00171,2026-03-31,Bounced
ACT006853,LinkedIn,U017,,,,L00171,2026-08-06,No answer
ACT006854,Email,U017,,,,L00171,2025-09-12,Replied
ACT006855,Call,U017,,,,L00171,2026-03-06,Bounced
ACT006856,Email,U016,,,,L01246,2025-06-14,No answer
ACT006857,Call,U004,,,,L01038,2026-09-12,Replied
ACT006858,Call,U004,,,,L01038,2026-10-02,Replied
ACT006859,Call,U016,,,,L00511,2026-08-12,No answer
ACT006860,LinkedIn,U016,,,,L00511,2026-08-22,Bounced
ACT006861,LinkedIn,U016,,,,L00511,2026-09-27,Completed
ACT006862,Call,U016,,,,L00511,2026-08-31,No answer
ACT006863,LinkedIn,U016,,,,L00511,2026-09-17,Bounced
ACT006864,Email,U016,,,,L00265,2026-06-18,Completed
ACT006865,LinkedIn,U016,,,,L00265,2026-03-28,Bounced
ACT006866,Email,U016,,,,L00265,2025-12-07,Bounced
ACT006867,Email,U017,,,,L01029,2026-05-15,Replied
ACT006868,Email,U017,,,,L01029,2026-09-03,Bounced
ACT006869,Call,U017,,,,L01029,2025-12-19,Completed
ACT006870,Email,U017,,,,L01029,2025-09-12,No answer
ACT006871,Call,U017,,,,L01029,2025-12-13,Bounced
ACT006872,Email,U017,,,,L01029,2025-08-14,Bounced
ACT006873,Email,U005,,,,L01413,2026-02-01,No answer
ACT006874,Email,U005,,,,L01413,2026-01-06,No answer
ACT006875,LinkedIn,U005,,,,L01413,2026-03-23,No answer
ACT006876,LinkedIn,U010,,,,L00810,2026-08-21,Replied
ACT006877,Call,U010,,,,L00810,2026-09-10,Replied
ACT006878,Call,U010,,,,L00810,2026-09-08,Bounced
ACT006879,LinkedIn,U010,,,,L00810,2026-08-22,Bounced
ACT006880,Call,U010,,,,L00810,2026-08-26,Bounced
ACT006881,Email,U010,,,,L00810,2026-09-02,No answer
ACT006882,Email,U004,,,,L00956,2026-08-27,No answer
ACT006883,Call,U004,,,,L00956,2026-07-02,Completed
ACT006884,Email,U011,,,,L01411,2025-12-29,Completed
ACT006885,Call,U011,,,,L01411,2025-10-24,Replied
ACT006886,Email,U011,,,,L01411,2026-02-21,No answer
ACT006887,Email,U011,,,,L01411,2026-10-05,No answer
ACT006888,Email,U004,,,,L00875,2026-06-28,Bounced
ACT006889,Email,U004,,,,L00875,2026-08-20,Completed
ACT006890,LinkedIn,U004,,,,L00875,2026-08-27,Replied
ACT006891,Email,U004,,,,L00875,2026-09-14,Replied
ACT006892,Email,U004,,,,L00721,2025-09-18,Completed
ACT006893,Email,U004,,,,L00721,2026-07-27,No answer
ACT006894,Email,U004,,,,L00721,2025-12-03,Replied
ACT006895,Email,U004,,,,L00721,2026-04-04,No answer
ACT006896,Email,U004,,,,L00721,2026-01-04,Completed
ACT006897,Call,U004,,,,L00721,2025-10-26,Completed
ACT006898,Email,U016,,,,L00736,2026-07-01,No answer
ACT006899,Email,U016,,,,L00736,2026-07-21,Bounced
ACT006900,LinkedIn,U016,,,,L00736,2026-08-25,Bounced
ACT006901,Call,U016,,,,L00736,2026-07-29,No answer
ACT006902,LinkedIn,U016,,,,L00736,2026-09-20,Completed
ACT006903,Email,U010,,,,L01262,2026-08-11,No answer
ACT006904,Email,U010,,,,L01262,2026-09-24,Bounced
ACT006905,Call,U017,,,,L01500,2026-08-17,Completed
ACT006906,Call,U010,,,,L00519,2026-09-25,Completed
ACT006907,Call,U010,,,,L00519,2026-09-18,No answer
ACT006908,LinkedIn,U005,,,,L00214,2026-05-16,Replied
ACT006909,Call,U017,,,,L01431,2025-12-09,Completed
ACT006910,Call,U005,,,,L00501,2025-12-17,Completed
ACT006911,LinkedIn,U011,,,,L00692,2026-09-18,No answer
ACT006912,LinkedIn,U011,,,,L00692,2026-08-12,No answer
ACT006913,LinkedIn,U011,,,,L00692,2026-08-19,Completed
ACT006914,Email,U004,,,,L00653,2025-09-11,No answer
ACT006915,LinkedIn,U004,,,,L00653,2026-05-11,Bounced
ACT006916,Email,U004,,,,L00653,2025-10-30,No answer
ACT006917,Email,U004,,,,L00673,2026-02-14,No answer
ACT006918,Email,U004,,,,L00673,2026-10-06,No answer
ACT006919,Email,U004,,,,L00673,2025-10-19,Completed
ACT006920,Email,U004,,,,L00673,2025-07-29,No answer
ACT006921,LinkedIn,U004,,,,L00673,2026-09-06,Bounced
ACT006922,LinkedIn,,,,,L00200,2026-10-01,No answer
ACT006923,LinkedIn,,,,,L00200,2026-10-05,Bounced
ACT006924,Call,,,,,L00200,2026-10-06,No answer
ACT006925,Call,,,,,L00200,2026-10-07,No answer
ACT006926,LinkedIn,,,,,L00200,2026-10-03,Completed
ACT006927,LinkedIn,U017,,,,L01436,2026-09-27,Bounced
ACT006928,LinkedIn,U017,,,,L01436,2026-09-26,Bounced
ACT006929,Call,U005,,,,L01344,2026-08-27,Bounced
ACT006930,Call,U005,,,,L01344,2026-09-25,Completed
ACT006931,LinkedIn,U005,,,,L01344,2026-06-12,Replied
ACT006932,LinkedIn,U005,,,,L01344,2026-08-31,Replied
ACT006933,Call,U005,,,,L01344,2026-04-13,No answer
ACT006934,Call,U005,,,,L01344,2026-08-10,Completed
ACT006935,Call,U004,,,,L00916,2026-07-05,Replied
ACT006936,Call,,,,,L00347,2026-02-28,No answer
ACT006937,Call,,,,,L00347,2026-08-07,Completed
ACT006938,LinkedIn,U005,,,,L01417,2026-10-02,Completed
ACT006939,Call,U005,,,,L01417,2026-02-19,No answer
ACT006940,Email,U005,,,,L01417,2026-02-21,No answer
ACT006941,Call,U004,,,,L00217,2026-10-02,No answer
ACT006942,Call,U004,,,,L00217,2026-08-03,No answer
ACT006943,Email,U004,,,,L00217,2026-08-24,No answer
ACT006944,Call,U004,,,,L00217,2026-09-14,No answer
ACT006945,Call,U004,,,,L00217,2026-08-30,No answer
ACT006946,Email,U017,,,,L01315,2026-05-03,Bounced
ACT006947,LinkedIn,U005,,,,L00254,2026-05-14,Completed
ACT006948,Call,U005,,,,L00254,2026-10-04,No answer
ACT006949,LinkedIn,U005,,,,L00254,2026-08-15,Completed
ACT006950,Call,U005,,,,L00254,2026-09-24,No answer
ACT006951,LinkedIn,U005,,,,L00254,2026-09-02,Completed
ACT006952,Email,U005,,,,L00254,2026-09-08,Bounced
ACT006953,Call,U011,,,,L00153,2026-08-08,No answer
ACT006954,Email,U011,,,,L00153,2026-06-04,No answer
ACT006955,Email,U004,,,,L00195,2026-10-08,Replied
ACT006956,Email,U004,,,,L00195,2026-08-26,Completed
ACT006957,LinkedIn,U004,,,,L00195,2026-08-17,Bounced
ACT006958,LinkedIn,U004,,,,L00195,2026-09-13,Replied
ACT006959,LinkedIn,U005,,,,L00508,2026-05-01,No answer
ACT006960,Call,U005,,,,L00508,2025-09-01,No answer
ACT006961,Email,U005,,,,L00508,2026-10-07,Completed
ACT006962,LinkedIn,U005,,,,L00508,2026-05-11,No answer
ACT006963,Email,U004,,,,L00859,2026-08-27,No answer
ACT006964,LinkedIn,U004,,,,L00859,2026-04-25,Bounced
ACT006965,Email,U005,,,,L00069,2026-09-29,No answer
ACT006966,Call,U005,,,,L00069,2025-11-04,No answer
ACT006967,LinkedIn,U005,,,,L00069,2025-09-24,Completed
ACT006968,LinkedIn,U005,,,,L00069,2026-10-08,Completed
ACT006969,Call,U016,,,,L00131,2026-09-16,Completed
ACT006970,Call,U016,,,,L00131,2026-07-29,Replied
ACT006971,LinkedIn,U016,,,,L00131,2026-05-05,Completed
ACT006972,LinkedIn,U005,,,,L01434,2026-09-08,Bounced
ACT006973,Email,U004,,,,L01204,2026-09-15,No answer
ACT006974,Call,U005,,,,L00301,2026-08-31,Bounced
ACT006975,Call,U005,,,,L01084,2026-10-08,Bounced
ACT006976,LinkedIn,U005,,,,L01084,2026-10-07,Bounced
ACT006977,Call,U005,,,,L01084,2026-10-07,No answer
ACT006978,Email,U004,,,,L01247,2026-09-01,Replied
ACT006979,Email,U004,,,,L01247,2026-10-01,Completed
ACT006980,Call,U004,,,,L01247,2026-09-03,No answer
ACT006981,Email,U004,,,,L01247,2026-09-15,Replied
ACT006982,Call,U016,,,,L01433,2026-06-28,Replied
ACT006983,Call,U016,,,,L01433,2026-05-04,Bounced
ACT006984,LinkedIn,U016,,,,L01433,2026-08-10,No answer
ACT006985,Email,U005,,,,L00469,2026-01-21,Replied
ACT006986,LinkedIn,U004,,,,L00241,2026-09-13,Completed
ACT006987,Call,U004,,,,L01271,2026-07-17,Replied
ACT006988,Email,U004,,,,L01271,2026-09-28,Replied
ACT006989,Email,U004,,,,L01271,2026-05-04,Completed
ACT006990,LinkedIn,U005,,,,L00188,2026-09-30,No answer
ACT006991,LinkedIn,U005,,,,L00188,2026-06-04,No answer
ACT006992,Call,U005,,,,L00188,2026-06-12,Replied
ACT006993,Call,U004,,,,L00706,2026-06-27,Bounced
ACT006994,Call,U004,,,,L00706,2026-08-14,Completed
ACT006995,Call,U004,,,,L00706,2026-05-12,Completed
ACT006996,Email,U004,,,,L00706,2026-09-01,Replied
ACT006997,LinkedIn,U004,,,,L00706,2026-08-01,Completed
ACT006998,LinkedIn,U011,,,,L00499,2026-09-07,Replied
ACT006999,Call,U011,,,,L00499,2026-09-27,Completed
ACT007000,Call,U011,,,,L00499,2026-08-19,Replied
ACT007001,Call,U011,,,,L00499,2026-05-07,Replied
ACT007002,Call,U011,,,,L00499,2026-06-07,Completed
ACT007003,Call,U005,,,,L01042,2026-09-04,Replied
ACT007004,Email,U005,,,,L01042,2026-08-17,No answer
ACT007005,LinkedIn,U005,,,,L01042,2026-05-07,Bounced
ACT007006,LinkedIn,U005,,,,L01042,2026-08-18,Bounced
ACT007007,LinkedIn,U005,,,,L01042,2026-05-14,Replied
ACT007008,Call,U005,,,,L01042,2026-03-29,Replied
ACT007009,LinkedIn,U016,,,,L01447,2026-02-10,Replied
ACT007010,Email,U016,,,,L01447,2026-09-05,No answer
ACT007011,Email,U017,,,,L00962,2025-08-08,Bounced
ACT007012,Call,U017,,,,L00962,2026-04-18,No answer
ACT007013,Call,U017,,,,L00962,2025-12-17,Completed
ACT007014,Email,U005,,,,L01368,2026-09-16,Replied
ACT007015,Email,U005,,,,L01368,2026-01-11,No answer
ACT007016,LinkedIn,U005,,,,L01368,2026-01-14,Bounced
ACT007017,Call,,,,,L00284,2026-08-23,No answer
ACT007018,LinkedIn,,,,,L00284,2026-07-15,Bounced
ACT007019,LinkedIn,,,,,L00284,2026-07-27,Bounced
ACT007020,Email,,,,,L00284,2026-08-25,Bounced
ACT007021,Call,U004,,,,L00803,2025-09-14,Completed
ACT007022,LinkedIn,U004,,,,L00803,2025-12-24,Bounced
ACT007023,LinkedIn,U004,,,,L00803,2025-08-27,Replied
ACT007024,Email,U004,,,,L00803,2026-09-09,No answer
ACT007025,LinkedIn,U005,,,,L00604,2026-09-28,No answer
ACT007026,Email,U011,,,,L01273,2026-10-08,No answer
ACT007027,LinkedIn,U011,,,,L01273,2026-10-06,Bounced
ACT007028,LinkedIn,U011,,,,L01273,2026-10-06,Completed
ACT007029,Email,U011,,,,L01273,2026-10-06,Bounced
ACT007030,LinkedIn,U011,,,,L00994,2026-09-23,Bounced
ACT007031,Email,U011,,,,L00994,2026-08-03,Bounced
ACT007032,LinkedIn,U005,,,,L00448,2026-06-28,Replied
ACT007033,LinkedIn,U005,,,,L00448,2026-09-19,Replied
ACT007034,Call,U005,,,,L00448,2026-05-26,Replied
ACT007035,Email,U005,,,,L00448,2026-08-29,No answer
ACT007036,Call,U005,,,,L00448,2026-10-02,Replied
ACT007037,LinkedIn,U005,,,,L00448,2026-07-12,Completed
ACT007038,Email,U016,,,,L00110,2026-03-11,No answer
ACT007039,LinkedIn,U016,,,,L00110,2026-06-21,Completed
ACT007040,Email,U016,,,,L00110,2026-09-04,Replied
ACT007041,LinkedIn,U016,,,,L00110,2026-05-16,Completed
ACT007042,Call,U016,,,,L00110,2026-01-18,Bounced
ACT007043,LinkedIn,U005,,,,L01302,2025-11-26,Bounced
ACT007044,Email,U005,,,,L01302,2025-11-21,No answer
ACT007045,LinkedIn,U005,,,,L01302,2026-02-10,Bounced
ACT007046,LinkedIn,U005,,,,L01302,2026-02-25,Bounced
ACT007047,Email,U005,,,,L00123,2026-01-30,No answer
ACT007048,Email,U011,,,,L00867,2026-03-28,No answer
ACT007049,Email,U011,,,,L00867,2025-06-26,No answer
ACT007050,LinkedIn,U011,,,,L00867,2025-07-06,Bounced
ACT007051,Call,U011,,,,L00867,2025-06-19,Replied
ACT007052,Call,U017,,,,L00281,2025-12-07,No answer
ACT007053,Call,U017,,,,L00281,2026-06-15,Completed
ACT007054,Call,U017,,,,L00281,2026-08-25,Completed
ACT007055,Email,U017,,,,L00281,2026-09-20,Completed
ACT007056,Call,U017,,,,L00281,2026-08-19,Completed
ACT007057,Email,U017,,,,L00281,2025-12-19,Bounced
ACT007058,Call,U004,,,,L01468,2026-09-30,Completed
ACT007059,LinkedIn,U017,,,,L00831,2026-04-28,No answer
ACT007060,Call,U004,,,,L01142,2026-05-10,Completed
ACT007061,Email,U004,,,,L01142,2026-10-03,Completed
ACT007062,Call,U004,,,,L01142,2026-08-02,No answer
ACT007063,Call,U004,,,,L01142,2026-06-18,Replied
ACT007064,Email,U010,,,,L00475,2026-09-07,Completed
ACT007065,Email,U010,,,,L00475,2026-06-10,Completed
ACT007066,Email,U010,,,,L00475,2026-08-20,Replied
ACT007067,LinkedIn,U010,,,,L00475,2026-08-24,No answer
ACT007068,LinkedIn,U004,,,,L00364,2026-08-08,Bounced
ACT007069,LinkedIn,U004,,,,L00364,2026-06-27,Bounced
ACT007070,Email,U004,,,,L00364,2026-06-04,No answer
ACT007071,Call,U004,,,,L00364,2026-07-28,Bounced
ACT007072,Call,U016,,,,L01172,2026-02-17,Completed
ACT007073,Email,U016,,,,L01193,2026-01-31,No answer
ACT007074,Call,U016,,,,L01193,2026-09-09,Bounced
ACT007075,Email,U016,,,,L01193,2025-09-02,No answer
ACT007076,Call,U005,,,,L01078,2026-06-15,Bounced
ACT007077,Email,U005,,,,L01078,2026-08-16,Replied
ACT007078,Email,U017,,,,L01117,2026-05-07,Replied
ACT007079,LinkedIn,U017,,,,L01117,2026-04-07,Bounced
ACT007080,Call,U017,,,,L01117,2026-08-01,No answer
ACT007081,Email,U017,,,,L01117,2026-08-20,No answer
ACT007082,Email,U005,,,,L01039,2026-09-30,Replied
ACT007083,Call,U004,,,,L01126,2026-06-16,Completed
ACT007084,Call,U004,,,,L01126,2026-07-25,Completed
ACT007085,Call,U004,,,,L01126,2026-06-07,Replied
ACT007086,Call,U004,,,,L01126,2026-08-14,Replied
ACT007087,Email,U004,,,,L01126,2026-06-21,Bounced
ACT007088,Call,U004,,,,L01126,2026-05-31,No answer
ACT007089,Email,U005,,,,L00068,2026-03-22,Replied
ACT007090,LinkedIn,U005,,,,L00068,2026-03-18,Replied
ACT007091,Email,U005,,,,L00833,2025-12-19,Bounced
ACT007092,Email,U005,,,,L00833,2025-11-01,Bounced
ACT007093,LinkedIn,U005,,,,L00833,2025-10-11,Replied
ACT007094,Call,U005,,,,L00833,2026-02-02,No answer
ACT007095,LinkedIn,U005,,,,L00621,2026-01-24,Bounced
ACT007096,LinkedIn,U005,,,,L00621,2025-06-05,Replied
ACT007097,Call,U005,,,,L00621,2026-05-18,No answer
ACT007098,Call,U005,,,,L00621,2026-01-10,Completed
ACT007099,Email,U016,,,,L01158,2025-10-27,Replied
ACT007100,Email,U016,,,,L01158,2026-09-05,Bounced
ACT007101,Email,U016,,,,L01158,2026-06-06,Bounced
ACT007102,Call,U005,,,,L00858,2026-08-04,No answer
ACT007103,LinkedIn,U005,,,,L00858,2026-09-18,Completed
ACT007104,Call,U016,,,,L00800,2026-09-17,Bounced
ACT007105,LinkedIn,U016,,,,L00800,2026-08-25,Completed
ACT007106,Email,U016,,,,L00800,2026-09-09,Bounced
ACT007107,Email,U016,,,,L00800,2026-06-02,Bounced
ACT007108,LinkedIn,U016,,,,L00800,2026-08-02,No answer
ACT007109,LinkedIn,U016,,,,L00800,2026-07-17,Bounced
ACT007110,Email,U004,,,,L01438,2026-10-03,Replied
ACT007111,LinkedIn,U004,,,,L01438,2026-10-06,No answer
ACT007112,LinkedIn,U004,,,,L01438,2026-10-05,Completed
ACT007113,Email,U011,,,,L00789,2026-02-26,Replied
ACT007114,Email,U011,,,,L00789,2026-01-16,Replied
ACT007115,Call,U011,,,,L00789,2026-04-17,Bounced
ACT007116,Call,U011,,,,L00789,2026-07-19,No answer
ACT007117,Email,U011,,,,L00789,2026-04-18,Completed
ACT007118,Call,U011,,,,L00789,2026-05-27,Completed
ACT007119,Call,,,,,L00620,2025-10-28,Bounced
ACT007120,Call,,,,,L00620,2026-07-28,No answer
ACT007121,Call,,,,,L00620,2026-09-25,Bounced
ACT007122,LinkedIn,,,,,L00620,2026-05-19,Bounced
ACT007123,LinkedIn,U010,,,,L00733,2026-09-18,Bounced
ACT007124,LinkedIn,U017,,,,L00319,2026-05-04,No answer
ACT007125,LinkedIn,U017,,,,L00921,2026-06-14,No answer
ACT007126,Email,U005,,,,L00971,2026-09-27,Bounced
ACT007127,Call,U005,,,,L00971,2026-05-25,No answer
ACT007128,Call,U005,,,,L00565,2026-06-04,Bounced
ACT007129,Call,U005,,,,L00565,2025-09-05,No answer
ACT007130,Email,U004,,,,L01062,2025-09-25,Completed
ACT007131,Call,U004,,,,L01062,2026-03-18,Bounced
ACT007132,Email,U017,,,,L00133,2026-08-15,Replied
ACT007133,Call,U017,,,,L00133,2026-10-05,Bounced
ACT007134,Call,U017,,,,L00133,2026-09-08,Bounced
ACT007135,Call,U017,,,,L00133,2026-09-27,Completed
ACT007136,LinkedIn,U017,,,,L00133,2026-08-10,Completed
ACT007137,LinkedIn,U016,,,,L00759,2026-04-17,Completed
ACT007138,Email,U016,,,,L00759,2026-08-07,No answer
ACT007139,LinkedIn,U016,,,,L00759,2026-03-19,No answer
ACT007140,Call,U016,,,,L00759,2026-06-03,Completed
ACT007141,Call,U005,,,,L01074,2026-10-08,Bounced
ACT007142,Call,U016,,,,L00714,2026-05-23,No answer
ACT007143,Call,U016,,,,L00714,2026-06-04,Bounced
ACT007144,Email,U016,,,,L00714,2026-06-20,No answer
ACT007145,Call,U016,,,,L00714,2026-05-23,Completed
ACT007146,LinkedIn,U016,,,,L00714,2026-06-24,Bounced
ACT007147,Call,U016,,,,L00514,2026-01-25,Replied
ACT007148,Call,U004,,,,L01281,2025-12-14,No answer
ACT007149,LinkedIn,U004,,,,L01281,2026-02-12,Completed
ACT007150,Call,U005,,,,L00688,2026-04-27,Replied
ACT007151,Call,U005,,,,L00688,2025-06-07,Completed
ACT007152,Email,U005,,,,L00688,2026-08-15,Replied
ACT007153,Call,U005,,,,L00688,2025-07-25,Bounced
ACT007154,Call,U005,,,,L00688,2025-05-29,Bounced
ACT007155,Email,U005,,,,L00688,2026-02-25,Bounced
ACT007156,LinkedIn,U017,,,,L00735,2026-07-16,Completed
ACT007157,LinkedIn,U017,,,,L00735,2026-09-27,No answer
ACT007158,Call,U017,,,,L00735,2026-09-03,Replied
ACT007159,Email,U004,,,,L00126,2026-06-21,Replied
ACT007160,Email,U004,,,,L00126,2026-07-21,Bounced
ACT007161,Call,U004,,,,L00126,2026-06-09,Bounced
ACT007162,Email,U004,,,,L00126,2026-08-23,Replied
ACT007163,Call,U004,,,,L00126,2026-05-28,Completed
ACT007164,Call,U004,,,,L00126,2026-01-05,Replied
ACT007165,Email,U016,,,,L01132,2026-05-19,Replied
ACT007166,Email,U016,,,,L01132,2026-06-14,Completed
ACT007167,LinkedIn,U016,,,,L01132,2026-10-08,Completed
ACT007168,Email,U011,,,,L01090,2026-07-09,Replied
ACT007169,Email,U011,,,,L01090,2026-06-11,Completed
ACT007170,Call,U011,,,,L01090,2025-09-12,Completed
ACT007171,Call,U011,,,,L01090,2026-08-30,Replied
ACT007172,Call,U011,,,,L01090,2025-10-14,Completed
ACT007173,Call,U004,,,,L00719,2026-09-10,No answer
ACT007174,Call,U004,,,,L00719,2026-07-07,No answer
ACT007175,LinkedIn,U004,,,,L00719,2026-08-29,Completed
ACT007176,Email,U004,,,,L00719,2026-10-08,Bounced
ACT007177,LinkedIn,U004,,,,L00783,2026-09-10,No answer
ACT007178,Email,U004,,,,L00783,2026-08-15,Bounced
ACT007179,LinkedIn,U004,,,,L00783,2026-08-05,Completed
ACT007180,Email,U016,,,,L00698,2026-07-13,Completed
ACT007181,Call,U016,,,,L00698,2026-04-30,Bounced
ACT007182,LinkedIn,U016,,,,L00698,2026-06-22,No answer
ACT007183,LinkedIn,U016,,,,L00698,2025-10-27,Completed
ACT007184,Call,U011,,,,L00290,2026-01-12,Replied
ACT007185,Email,U011,,,,L00290,2026-06-04,No answer
ACT007186,Email,U011,,,,L00290,2026-07-12,Bounced
ACT007187,Email,U011,,,,L00290,2026-07-09,Completed
ACT007188,LinkedIn,U005,,,,L01163,2026-02-26,Bounced
ACT007189,Email,U005,,,,L01163,2026-04-09,No answer
ACT007190,Call,U005,,,,L01163,2026-05-19,No answer
ACT007191,Call,U005,,,,L01163,2026-09-13,No answer
ACT007192,Call,,,,,L00944,2026-08-18,Bounced
ACT007193,Call,,,,,L00944,2026-09-01,Completed
ACT007194,Call,,,,,L00944,2026-05-12,Replied
ACT007195,Call,U011,,,,L01110,2026-05-30,Replied
ACT007196,LinkedIn,U011,,,,L01110,2026-07-15,Replied
ACT007197,LinkedIn,U011,,,,L01110,2026-09-24,No answer
ACT007198,LinkedIn,U017,,,,L00054,2026-03-21,No answer
ACT007199,Email,U017,,,,L00054,2026-08-26,Bounced
ACT007200,Call,U017,,,,L00054,2026-08-08,Replied
ACT007201,LinkedIn,U017,,,,L00054,2025-08-28,Replied
ACT007202,Email,U017,,,,L00054,2025-11-24,Replied
ACT007203,Email,U017,,,,L00054,2026-04-03,Replied
ACT007204,Email,,,,,L01198,2026-07-05,Bounced
ACT007205,Call,,,,,L01198,2026-05-30,Replied
ACT007206,Call,,,,,L01198,2026-07-06,Bounced
ACT007207,LinkedIn,,,,,L01198,2026-09-26,No answer
ACT007208,LinkedIn,,,,,L01198,2026-06-13,Replied
ACT007209,Call,U004,,,,L00594,2026-07-31,Bounced
ACT007210,LinkedIn,U004,,,,L00594,2026-08-10,Bounced
ACT007211,Email,U004,,,,L00594,2026-09-25,Replied
ACT007212,Call,U004,,,,L00594,2026-09-29,Replied
ACT007213,Email,U004,,,,L00594,2026-08-03,Replied
ACT007214,LinkedIn,U016,,,,L00798,2026-06-07,Replied
ACT007215,LinkedIn,U016,,,,L00798,2026-05-05,Replied
ACT007216,Email,U016,,,,L00798,2026-09-06,Replied
ACT007217,Email,U016,,,,L00798,2026-01-06,Bounced
ACT007218,Email,U005,,,,L00872,2026-08-31,Bounced
ACT007219,Email,U005,,,,L00872,2026-06-21,No answer
ACT007220,Email,U005,,,,L00872,2026-05-30,Replied
ACT007221,Email,U005,,,,L00872,2026-10-06,No answer
ACT007222,Call,U004,,,,L00041,2026-03-21,Replied
ACT007223,Email,U004,,,,L00041,2026-06-14,Replied
ACT007224,Email,U005,,,,L00340,2026-07-15,Bounced
ACT007225,LinkedIn,U005,,,,L00340,2026-03-25,Replied
ACT007226,Email,U005,,,,L00340,2026-02-21,Completed
ACT007227,LinkedIn,U005,,,,L00340,2026-03-28,Replied
ACT007228,LinkedIn,U005,,,,L00340,2026-03-26,Bounced
ACT007229,LinkedIn,U005,,,,L00340,2026-05-07,Bounced
ACT007230,LinkedIn,U011,,,,L00702,2026-09-27,Replied
ACT007231,Call,U011,,,,L00702,2026-09-27,Replied
ACT007232,LinkedIn,U005,,,,L00870,2025-12-10,No answer
ACT007233,Call,U005,,,,L00870,2026-04-26,Bounced
ACT007234,Call,U016,,,,L01328,2026-08-11,No answer
ACT007235,Call,U016,,,,L01328,2026-09-17,No answer
ACT007236,Email,U016,,,,L01328,2026-09-10,Completed
ACT007237,Email,U016,,,,L01328,2026-07-31,Replied
ACT007238,Email,U016,,,,L01328,2026-08-29,No answer
ACT007239,Email,U016,,,,L01328,2026-08-22,No answer
ACT007240,LinkedIn,U017,,,,L00507,2026-08-15,No answer
ACT007241,LinkedIn,U017,,,,L00507,2026-05-31,Bounced
ACT007242,Call,U017,,,,L00507,2026-04-19,Replied
ACT007243,LinkedIn,U005,,,,L00084,2026-09-25,Replied
ACT007244,LinkedIn,U005,,,,L00084,2025-08-14,Completed
ACT007245,Email,U005,,,,L00084,2026-02-09,Completed
ACT007246,LinkedIn,U005,,,,L00084,2026-10-08,No answer
ACT007247,Email,U005,,,,L00084,2026-08-10,No answer
ACT007248,LinkedIn,U005,,,,L00084,2026-02-10,No answer
ACT007249,LinkedIn,U004,,,,L00116,2026-09-23,Replied
ACT007250,Call,U004,,,,L01401,2026-09-14,Bounced
ACT007251,Email,U004,,,,L01401,2026-06-10,No answer
ACT007252,LinkedIn,U004,,,,L01401,2026-05-03,Replied
ACT007253,LinkedIn,U004,,,,L00986,2026-10-07,Replied
ACT007254,Call,U017,,,,L00732,2026-07-01,No answer
ACT007255,LinkedIn,U017,,,,L00732,2026-04-08,Completed
ACT007256,LinkedIn,U017,,,,L00732,2026-05-26,Replied
ACT007257,LinkedIn,U017,,,,L00732,2026-06-12,Completed
ACT007258,Call,U017,,,,L00732,2026-07-31,Bounced
ACT007259,LinkedIn,U017,,,,L00732,2026-07-08,Completed
ACT007260,Email,,,,,L01034,2026-05-22,Bounced
ACT007261,Call,,,,,L01034,2026-03-15,Replied
ACT007262,Email,,,,,L01034,2026-06-14,No answer
ACT007263,Email,U016,,,,L00665,2026-08-03,Bounced
ACT007264,Email,U004,,,,L00271,2026-02-21,Completed
ACT007265,Call,U004,,,,L00271,2026-08-22,Bounced
ACT007266,Call,U004,,,,L00271,2026-01-11,Bounced
ACT007267,LinkedIn,U004,,,,L00271,2026-04-22,No answer
ACT007268,Email,U004,,,,L01495,2026-09-11,No answer
ACT007269,LinkedIn,U004,,,,L01495,2026-10-04,Replied
ACT007270,LinkedIn,U004,,,,L01495,2026-09-17,Completed
ACT007271,Email,U004,,,,L01495,2026-10-01,Completed
ACT007272,Email,U004,,,,L01495,2026-09-10,No answer
ACT007273,Call,U016,,,,L01250,2026-09-27,Completed
ACT007274,Email,U016,,,,L01250,2026-08-02,Replied
ACT007275,Call,U016,,,,L01250,2026-09-25,Completed
ACT007276,LinkedIn,U016,,,,L01250,2026-08-31,Completed
ACT007277,LinkedIn,U016,,,,L01250,2026-09-20,Bounced
ACT007278,Email,U016,,,,L01250,2026-07-27,No answer
ACT007279,LinkedIn,U011,,,,L00572,2026-06-02,No answer
ACT007280,LinkedIn,U011,,,,L00572,2025-12-27,No answer
ACT007281,Email,U011,,,,L00572,2026-07-01,Bounced
ACT007282,LinkedIn,U011,,,,L00572,2026-09-09,No answer
ACT007283,Email,U011,,,,L00572,2026-08-20,Completed
ACT007284,Call,U011,,,,L00572,2026-07-04,Completed
ACT007285,Call,U017,,,,L00871,2026-10-07,Completed
ACT007286,Email,U017,,,,L00871,2026-10-08,No answer
ACT007287,Call,U010,,,,L00378,2026-09-15,No answer
ACT007288,LinkedIn,U010,,,,L00378,2026-02-10,No answer
ACT007289,Email,U010,,,,L00378,2026-05-12,Replied
ACT007290,Call,U010,,,,L00378,2026-04-23,Replied
ACT007291,Call,U010,,,,L00378,2026-05-15,Bounced
ACT007292,LinkedIn,U010,,,,L00378,2026-03-26,Replied
ACT007293,Email,U010,,,,L01107,2026-07-10,Replied
ACT007294,Email,U010,,,,L01107,2026-04-21,No answer
ACT007295,Email,U010,,,,L01107,2026-07-26,Bounced
ACT007296,LinkedIn,U010,,,,L01107,2026-08-24,Bounced
ACT007297,LinkedIn,U010,,,,L01107,2026-07-23,Bounced
ACT007298,Email,U005,,,,L00097,2026-04-13,Completed
ACT007299,Call,U016,,,,L01225,2025-12-08,Replied
ACT007300,Email,,,,,L00453,2025-11-21,Replied
ACT007301,LinkedIn,,,,,L00453,2026-05-29,Completed
ACT007302,Call,,,,,L00453,2026-02-18,Bounced
ACT007303,Call,U017,,,,L01366,2026-04-28,Replied
ACT007304,Call,U017,,,,L01366,2026-10-06,Completed
ACT007305,Call,U017,,,,L01366,2026-06-30,No answer
ACT007306,Call,U017,,,,L01366,2026-09-17,No answer
ACT007307,Email,U017,,,,L00557,2025-12-15,Completed
ACT007308,Call,U005,,,,L00049,2026-05-31,Bounced
ACT007309,Call,U004,,,,L00772,2026-07-26,Replied
ACT007310,LinkedIn,U004,,,,L01116,2025-12-26,Replied
ACT007311,Call,U004,,,,L01116,2026-08-26,Bounced
ACT007312,Call,U004,,,,L01054,2026-06-19,Bounced
ACT007313,Call,U004,,,,L01054,2026-08-14,No answer
ACT007314,Email,U004,,,,L01054,2026-10-04,Replied
ACT007315,Call,U004,,,,L01054,2026-02-05,Bounced
ACT007316,Call,U017,,,,L00154,2026-06-17,No answer
ACT007317,Email,U017,,,,L00154,2026-07-24,Replied
ACT007318,LinkedIn,U017,,,,L00154,2026-07-31,No answer
ACT007319,Call,U005,,,,L00238,2026-09-25,Completed
ACT007320,Email,U005,,,,L00238,2025-08-29,Replied
ACT007321,LinkedIn,U005,,,,L00238,2026-09-11,Bounced
ACT007322,Call,U005,,,,L00238,2025-10-17,Completed
ACT007323,Call,U004,,,,L00055,2026-10-04,Replied
ACT007324,Email,U004,,,,L00395,2026-01-23,Replied
ACT007325,Email,U005,,,,L00124,2026-06-18,Completed
ACT007326,Email,U011,,,,L00356,2026-07-19,No answer
ACT007327,Email,U011,,,,L00356,2026-05-28,Bounced
ACT007328,Call,U011,,,,L00356,2026-07-16,Replied
ACT007329,Call,U011,,,,L00135,2026-02-05,Bounced
ACT007330,Call,U011,,,,L00135,2026-01-05,Bounced
ACT007331,LinkedIn,U011,,,,L00135,2025-09-16,Completed
ACT007332,Email,U011,,,,L00135,2025-12-14,No answer
ACT007333,Email,U011,,,,L00135,2026-03-17,Bounced
ACT007334,Email,U011,,,,L00135,2025-10-14,Bounced
ACT007335,Call,U016,,,,L00269,2026-10-08,Completed
ACT007336,LinkedIn,U016,,,,L00269,2026-03-21,No answer
ACT007337,LinkedIn,U016,,,,L00269,2026-02-28,Replied
ACT007338,LinkedIn,U016,,,,L00269,2026-04-29,No answer
ACT007339,Call,U016,,,,L00269,2026-09-19,Completed
ACT007340,Call,U016,,,,L00269,2026-06-03,Completed
ACT007341,Email,U005,,,,L00386,2026-05-02,Replied
ACT007342,Call,U005,,,,L00386,2025-10-07,Replied
ACT007343,Call,U005,,,,L00386,2026-03-08,Replied
ACT007344,Call,U005,,,,L00386,2026-03-29,No answer
ACT007345,LinkedIn,U005,,,,L00098,2026-04-15,No answer
ACT007346,Call,U005,,,,L00098,2026-06-30,No answer
ACT007347,Call,U005,,,,L00098,2026-07-12,Replied
ACT007348,Email,U016,,,,L00221,2025-08-31,No answer
ACT007349,Email,U016,,,,L00221,2025-12-13,No answer
ACT007350,Call,U016,,,,L00221,2026-09-13,Completed
ACT007351,Email,U016,,,,L00221,2025-05-31,Completed
ACT007352,LinkedIn,U016,,,,L00221,2025-06-04,No answer
ACT007353,LinkedIn,U016,,,,L00221,2026-01-18,Bounced
ACT007354,LinkedIn,U016,,,,L00042,2025-08-06,Replied
ACT007355,Call,U016,,,,L00042,2025-11-24,No answer
ACT007356,Email,U016,,,,L00042,2025-09-18,Completed
ACT007357,LinkedIn,U016,,,,L00042,2026-06-26,No answer
ACT007358,LinkedIn,U016,,,,L00042,2025-12-28,Replied
ACT007359,LinkedIn,U016,,,,L00042,2025-12-30,Replied
ACT007360,Email,U005,,,,L01299,2025-09-25,Replied
ACT007361,Call,U004,,,,L00518,2026-07-04,Replied
ACT007362,Email,U004,,,,L00518,2026-03-02,Replied
ACT007363,Call,U004,,,,L00518,2026-04-21,Completed
ACT007364,LinkedIn,U004,,,,L00518,2026-09-12,No answer
ACT007365,Email,U004,,,,L00518,2026-01-22,No answer
ACT007366,Email,U004,,,,L00518,2026-01-08,Completed
ACT007367,Call,U017,,,,L00861,2026-06-22,No answer
ACT007368,Call,U017,,,,L00861,2026-06-18,Replied
ACT007369,Call,U017,,,,L00861,2026-05-16,Completed
ACT007370,Call,U017,,,,L00861,2026-04-14,Bounced
ACT007371,Email,U017,,,,L00861,2026-02-05,Completed
ACT007372,LinkedIn,U017,,,,L00861,2026-02-15,Bounced
ACT007373,LinkedIn,U004,,,,L00502,2026-10-02,Replied
ACT007374,Call,U004,,,,L00502,2026-09-17,No answer
ACT007375,LinkedIn,U004,,,,L00502,2026-08-28,No answer
ACT007376,LinkedIn,U004,,,,L00502,2026-10-02,Completed
ACT007377,LinkedIn,U004,,,,L00502,2026-09-06,Completed
ACT007378,LinkedIn,U016,,,,L01059,2025-10-07,No answer
ACT007379,Email,U016,,,,L01059,2026-01-06,No answer
ACT007380,Call,U011,,,,L01498,2026-01-12,Completed
ACT007381,Email,U011,,,,L01498,2025-07-25,Bounced
ACT007382,Call,U011,,,,L01498,2025-08-27,No answer
ACT007383,Call,U011,,,,L01498,2025-12-10,Completed
ACT007384,LinkedIn,U011,,,,L01498,2025-07-11,Replied
ACT007385,Call,U011,,,,L01498,2026-04-04,Completed
ACT007386,LinkedIn,U011,,,,L01493,2026-08-14,Completed
ACT007387,LinkedIn,U011,,,,L01493,2026-06-30,Completed
ACT007388,LinkedIn,U011,,,,L01493,2026-07-20,Replied
ACT007389,Email,U011,,,,L01493,2026-05-11,Completed
ACT007390,Call,U016,,,,L00013,2026-01-23,No answer
ACT007391,Email,U016,,,,L00013,2026-06-09,Completed
ACT007392,Call,U016,,,,L00013,2025-09-07,Bounced
ACT007393,LinkedIn,U016,,,,L00013,2026-10-03,Completed
ACT007394,LinkedIn,U016,,,,L00013,2026-06-29,Completed
ACT007395,LinkedIn,U016,,,,L00013,2026-03-06,Replied
ACT007396,Call,U004,,,,L00455,2026-07-24,Replied
ACT007397,Call,U004,,,,L00455,2026-01-17,Completed
ACT007398,LinkedIn,U010,,,,L00569,2026-09-03,Bounced
ACT007399,Call,U010,,,,L00569,2026-01-14,Bounced
ACT007400,Email,U010,,,,L00569,2026-08-15,Replied
ACT007401,Email,U010,,,,L00569,2026-07-01,Replied
ACT007402,Email,U010,,,,L00569,2025-10-04,Replied
ACT007403,LinkedIn,U010,,,,L00569,2026-03-20,No answer
ACT007404,Call,U004,,,,L00977,2025-12-21,Replied
ACT007405,LinkedIn,U004,,,,L00977,2026-01-30,No answer
ACT007406,LinkedIn,U004,,,,L00977,2026-09-24,No answer
ACT007407,Call,U005,,,,L00756,2026-10-05,Bounced
ACT007408,Email,U017,,,,L00882,2026-01-03,Replied
ACT007409,Email,U017,,,,L00882,2025-10-26,Bounced
ACT007410,LinkedIn,U010,,,,L00965,2026-03-12,Bounced
ACT007411,Email,U010,,,,L00965,2026-04-14,No answer
ACT007412,LinkedIn,U010,,,,L00965,2026-04-30,Replied
ACT007413,LinkedIn,U010,,,,L00965,2026-06-27,Replied
ACT007414,Email,U010,,,,L00965,2025-11-16,Replied
ACT007415,Call,U016,,,,L00638,2026-05-19,Bounced
ACT007416,Call,U016,,,,L00638,2026-05-16,Completed
ACT007417,Email,U016,,,,L00638,2026-06-11,Completed
ACT007418,Call,U016,,,,L00638,2025-12-09,Bounced
ACT007419,LinkedIn,U016,,,,L00638,2026-06-13,Replied
ACT007420,Call,U016,,,,L00638,2025-06-16,No answer
ACT007421,Call,U010,,,,L00913,2026-08-11,Bounced
ACT007422,Call,U010,,,,L00913,2026-07-19,No answer
ACT007423,LinkedIn,U010,,,,L00913,2025-08-25,No answer
ACT007424,LinkedIn,U016,,,,L01323,2026-06-29,Completed
ACT007425,Call,U016,,,,L01323,2026-06-28,Completed
ACT007426,Email,U016,,,,L01323,2026-07-07,Completed
ACT007427,Email,U016,,,,L01323,2026-06-15,Completed
ACT007428,Call,U016,,,,L01323,2026-08-10,Completed
ACT007429,Email,U017,,,,L00652,2026-06-20,No answer
ACT007430,Call,U004,,,,L01453,2026-10-02,Bounced
ACT007431,Call,U004,,,,L01453,2026-09-21,Replied
ACT007432,LinkedIn,U011,,,,L00611,2026-05-12,Replied
ACT007433,LinkedIn,U017,,,,L01327,2026-08-30,Completed
ACT007434,Call,U017,,,,L01327,2026-08-30,Completed
ACT007435,LinkedIn,U004,,,,L00834,2026-06-27,Replied
ACT007436,LinkedIn,U004,,,,L00834,2025-06-05,Bounced
ACT007437,LinkedIn,U004,,,,L00834,2026-04-02,Replied
ACT007438,Email,U004,,,,L00834,2026-09-10,Replied
ACT007439,LinkedIn,U017,,,,L00547,2026-07-05,Bounced
ACT007440,LinkedIn,U017,,,,L00547,2026-07-01,No answer
ACT007441,LinkedIn,U017,,,,L00547,2026-05-04,No answer
ACT007442,Call,U017,,,,L00547,2026-08-29,Completed
ACT007443,Email,U017,,,,L00547,2026-05-20,Bounced
ACT007444,Email,U017,,,,L00547,2026-08-17,Bounced
ACT007445,Email,U004,,,,L00485,2026-02-06,Bounced
ACT007446,LinkedIn,U004,,,,L00485,2026-06-13,No answer
ACT007447,Call,U017,,,,L01237,2026-05-14,Completed
ACT007448,Email,U017,,,,L01237,2026-07-05,Bounced
ACT007449,Call,U017,,,,L01237,2026-04-17,No answer
ACT007450,Email,U005,,,,L00337,2026-06-05,Replied
ACT007451,Email,U005,,,,L00337,2025-12-26,No answer
ACT007452,LinkedIn,U005,,,,L00337,2025-06-09,Bounced
ACT007453,Email,U005,,,,L00337,2026-04-05,Bounced
ACT007454,LinkedIn,U005,,,,L00337,2025-10-16,Completed
ACT007455,LinkedIn,U004,,,,L00233,2026-08-08,Completed
ACT007456,Call,U004,,,,L00233,2026-06-28,No answer
ACT007457,LinkedIn,U004,,,,L01267,2025-06-07,Replied
ACT007458,LinkedIn,U004,,,,L01267,2025-10-27,Completed
ACT007459,Call,U004,,,,L01267,2025-09-24,Replied
ACT007460,LinkedIn,U004,,,,L01267,2026-09-09,Replied
ACT007461,Email,U004,,,,L01267,2025-11-14,No answer
ACT007462,Email,U011,,,,L01499,2026-01-25,No answer
ACT007463,Call,U011,,,,L01499,2026-07-04,Bounced
ACT007464,Email,U011,,,,L01499,2026-06-28,Completed
ACT007465,LinkedIn,U011,,,,L01499,2026-09-28,Bounced
ACT007466,LinkedIn,U011,,,,L01499,2026-04-09,Replied
ACT007467,Email,U004,,,,L00685,2026-09-13,Bounced
ACT007468,Email,U004,,,,L00685,2025-11-09,Bounced
ACT007469,Email,U004,,,,L00685,2025-09-03,No answer
ACT007470,Call,U004,,,,L00685,2025-07-18,Completed
ACT007471,Email,U004,,,,L00685,2025-08-23,Bounced
ACT007472,Email,U005,,,,L00738,2025-11-26,Replied
ACT007473,LinkedIn,U017,,,,L00631,2025-09-14,Replied
ACT007474,LinkedIn,U017,,,,L00631,2025-08-21,Completed
ACT007475,LinkedIn,U017,,,,L00631,2025-08-21,Completed
ACT007476,LinkedIn,U004,,,,L00298,2025-12-18,Completed
ACT007477,Email,U004,,,,L01174,2026-09-08,Completed
ACT007478,LinkedIn,U004,,,,L01174,2026-08-09,Completed
ACT007479,Call,U004,,,,L01174,2026-04-01,No answer
ACT007480,LinkedIn,U005,,,,L01331,2025-12-16,No answer
ACT007481,Email,U005,,,,L01331,2026-01-21,Bounced
ACT007482,Call,U005,,,,L01331,2026-07-15,Completed
ACT007483,Email,U005,,,,L01331,2025-10-31,Completed
ACT007484,Call,U005,,,,L01331,2025-07-04,Bounced
ACT007485,Email,U005,,,,L00684,2026-10-05,Bounced
ACT007486,Email,U005,,,,L00684,2026-09-06,Replied
ACT007487,Call,U016,,,,L00206,2026-08-30,No answer
ACT007488,LinkedIn,U016,,,,L00206,2026-08-07,Bounced
ACT007489,LinkedIn,U016,,,,L00206,2026-08-28,Bounced
ACT007490,Call,U016,,,,L00206,2026-08-28,Bounced
ACT007491,Email,U016,,,,L00206,2026-10-08,Bounced
ACT007492,Call,U016,,,,L00206,2026-08-10,Bounced
ACT007493,Email,U010,,,,L00004,2026-09-15,Replied
ACT007494,Call,U010,,,,L00004,2026-08-22,Replied
ACT007495,Email,U016,,,,L01180,2026-08-05,Completed
ACT007496,LinkedIn,U004,,,,L00703,2026-08-12,Completed
ACT007497,LinkedIn,U004,,,,L00703,2026-09-12,Bounced
ACT007498,LinkedIn,U004,,,,L00703,2026-10-07,Bounced
ACT007499,Call,U010,,,,L01231,2026-03-12,Replied
ACT007500,Call,U017,,,,L01339,2026-08-02,No answer
ACT007501,Call,U017,,,,L01339,2026-10-05,No answer
ACT007502,Call,U004,,,,L01201,2026-01-21,Bounced
ACT007503,LinkedIn,U016,,,,L01300,2026-05-30,Bounced
ACT007504,LinkedIn,U016,,,,L01300,2026-01-15,No answer
ACT007505,Call,U016,,,,L01300,2026-02-21,Replied
ACT007506,LinkedIn,U016,,,,L01300,2026-07-26,Bounced
ACT007507,LinkedIn,U011,,,,L01095,2025-10-15,No answer
ACT007508,Call,U011,,,,L01095,2025-12-25,Bounced
ACT007509,Email,U011,,,,L01095,2025-10-18,Bounced
ACT007510,LinkedIn,U011,,,,L01095,2026-04-09,Bounced
ACT007511,LinkedIn,U005,,,,L01295,2026-06-12,Bounced
ACT007512,Call,,,,,L00740,2026-01-21,Completed
ACT007513,Email,U011,,,,L00888,2025-11-11,Completed
ACT007514,Email,U011,,,,L00888,2026-03-15,No answer
ACT007515,Call,U011,,,,L00888,2025-12-23,Bounced
ACT007516,Call,U011,,,,L00888,2026-03-18,No answer
ACT007517,Email,U011,,,,L00888,2025-12-28,Completed
ACT007518,LinkedIn,,,,,L01157,2026-09-25,Replied
ACT007519,Email,,,,,L01157,2026-09-24,No answer
ACT007520,Email,,,,,L01157,2026-10-01,Bounced
ACT007521,Call,,,,,L01157,2026-10-02,No answer
ACT007522,Email,,,,,L01157,2026-10-04,Completed
ACT007523,LinkedIn,U005,,,,L01490,2026-09-27,Bounced
ACT007524,LinkedIn,U011,,,,L00961,2026-06-03,Bounced
ACT007525,Email,U011,,,,L00961,2025-05-14,Replied
ACT007526,Call,U011,,,,L00961,2025-09-03,Completed
ACT007527,Email,U011,,,,L00961,2025-05-11,No answer
ACT007528,Call,U011,,,,L00961,2026-01-19,Completed
ACT007529,Call,U011,,,,L00961,2026-01-29,Bounced
ACT007530,LinkedIn,U004,,,,L00566,2026-10-03,No answer
ACT007531,LinkedIn,U004,,,,L00566,2026-10-03,Completed
ACT007532,Call,U004,,,,L00566,2026-09-30,Bounced
ACT007533,LinkedIn,U004,,,,L00566,2026-10-08,Completed
ACT007534,Call,U016,,,,L00883,2026-08-20,No answer
ACT007535,LinkedIn,U016,,,,L00883,2026-08-02,No answer
ACT007536,Call,U016,,,,L00883,2026-07-19,No answer
ACT007537,LinkedIn,U016,,,,L00883,2026-07-30,No answer
ACT007538,LinkedIn,U016,,,,L00883,2026-10-02,No answer
ACT007539,LinkedIn,U017,,,,L00758,2026-07-31,No answer
ACT007540,Email,U017,,,,L00758,2026-10-06,No answer
ACT007541,LinkedIn,U017,,,,L00758,2026-10-04,Completed
ACT007542,Call,U017,,,,L00758,2026-10-04,Bounced
ACT007543,Call,U017,,,,L00758,2026-08-23,No answer
ACT007544,Email,U017,,,,L00758,2026-07-29,Bounced
ACT007545,Email,U005,,,,L01404,2026-09-10,Bounced
ACT007546,Email,U005,,,,L00661,2026-07-05,Replied
ACT007547,LinkedIn,U005,,,,L00661,2026-01-18,Replied
ACT007548,Call,U016,,,,L00158,2026-10-04,Completed
ACT007549,LinkedIn,U016,,,,L00158,2026-10-07,Replied
ACT007550,Call,U016,,,,L00158,2026-08-20,No answer
ACT007551,LinkedIn,U016,,,,L00158,2026-09-23,Bounced
ACT007552,Call,U016,,,,L00158,2026-08-03,Bounced
ACT007553,Call,U011,,,,L01048,2026-08-31,Bounced
ACT007554,Email,U017,,,,L01290,2026-04-18,Completed
ACT007555,Call,U017,,,,L01290,2026-07-13,No answer
ACT007556,LinkedIn,U017,,,,L01290,2026-04-28,Completed
ACT007557,Email,U017,,,,L01290,2026-05-19,Replied
ACT007558,LinkedIn,U017,,,,L01290,2026-03-29,Bounced
ACT007559,Email,U011,,,,L00463,2025-12-20,Replied
ACT007560,Email,U004,,,,L00141,2026-09-05,Replied
ACT007561,LinkedIn,U004,,,,L00141,2026-09-20,No answer
ACT007562,LinkedIn,U004,,,,L00141,2026-10-05,No answer
ACT007563,LinkedIn,U004,,,,L00141,2026-09-18,Replied
ACT007564,LinkedIn,U016,,,,L00161,2026-07-19,Replied
ACT007565,Email,U016,,,,L00161,2026-06-26,Bounced
ACT007566,LinkedIn,U016,,,,L00161,2026-07-27,No answer
ACT007567,Email,U016,,,,L00161,2026-09-18,Completed
ACT007568,LinkedIn,U004,,,,L00306,2025-12-16,Bounced
ACT007569,Email,U004,,,,L00306,2026-07-04,Bounced
ACT007570,LinkedIn,U004,,,,L00306,2026-07-26,Completed
ACT007571,Email,U004,,,,L01125,2026-03-22,Bounced
ACT007572,Email,U004,,,,L01125,2026-05-25,Bounced
ACT007573,LinkedIn,U004,,,,L01125,2026-05-03,Bounced
ACT007574,LinkedIn,U004,,,,L01125,2025-08-17,Bounced
ACT007575,Call,U005,,,,L00674,2026-09-26,Replied
ACT007576,Call,U005,,,,L00674,2026-09-27,Completed
ACT007577,Email,U005,,,,L00674,2026-09-08,No answer
ACT007578,Email,U004,,,,L01465,2026-06-04,No answer
ACT007579,LinkedIn,U004,,,,L01465,2026-06-05,Completed
ACT007580,Email,U004,,,,L01465,2025-07-08,No answer
ACT007581,LinkedIn,U016,,,,L00396,2026-06-11,Completed
ACT007582,Email,U016,,,,L00396,2026-05-19,Bounced
ACT007583,LinkedIn,U016,,,,L00573,2026-05-09,Completed
ACT007584,Call,U016,,,,L00573,2026-08-15,No answer
ACT007585,Call,U016,,,,L00573,2026-07-09,No answer
ACT007586,LinkedIn,U016,,,,L00573,2026-09-23,Completed
ACT007587,LinkedIn,U016,,,,L00573,2026-06-05,Bounced
ACT007588,LinkedIn,U005,,,,L00400,2025-10-20,Replied
ACT007589,Email,U005,,,,L00400,2026-03-10,No answer
ACT007590,Call,U005,,,,L00400,2026-07-21,Replied
ACT007591,Email,U004,,,,L01003,2025-05-21,Bounced
ACT007592,LinkedIn,U004,,,,L01003,2026-03-30,Bounced
ACT007593,Email,U004,,,,L01003,2026-03-22,Replied
ACT007594,Email,U004,,,,L01003,2026-03-27,Completed
ACT007595,Call,U004,,,,L01003,2025-06-15,No answer
ACT007596,Call,U004,,,,L01003,2025-11-08,Bounced
ACT007597,LinkedIn,U004,,,,L01313,2026-09-20,Replied
ACT007598,LinkedIn,U004,,,,L01313,2025-06-16,Completed
ACT007599,Call,U004,,,,L01313,2026-07-08,No answer
ACT007600,Email,U004,,,,L01313,2026-09-23,Bounced
ACT007601,Email,U004,,,,L01313,2025-10-17,Completed
ACT007602,Email,U004,,,,L01313,2025-10-28,Completed
ACT007603,Call,U004,,,,L00651,2026-09-01,No answer
ACT007604,LinkedIn,U004,,,,L00651,2026-08-21,Completed
ACT007605,Email,U004,,,,L00651,2026-09-03,Bounced
ACT007606,LinkedIn,U004,,,,L00651,2026-09-27,Completed
ACT007607,Email,U004,,,,L00651,2026-10-01,Bounced
ACT007608,Email,U004,,,,L00651,2026-09-07,Replied
ACT007609,Call,U017,,,,L01189,2026-08-25,Completed
ACT007610,Email,U017,,,,L01189,2026-08-10,Replied
ACT007611,Email,U017,,,,L01189,2026-09-14,No answer
ACT007612,LinkedIn,U004,,,,L01027,2026-09-22,Replied
ACT007613,Email,U004,,,,L01027,2026-09-22,Bounced
ACT007614,Call,U004,,,,L01027,2026-04-17,No answer
ACT007615,Email,U004,,,,L01027,2026-08-11,No answer
ACT007616,LinkedIn,U004,,,,L01027,2026-05-06,Completed
ACT007617,Call,U004,,,,L01027,2026-09-04,Replied
ACT007618,Email,U016,,,,L00225,2026-04-22,No answer
ACT007619,LinkedIn,U016,,,,L00225,2026-01-13,No answer
ACT007620,LinkedIn,U004,,,,L00288,2026-06-17,No answer
ACT007621,Call,U004,,,,L01251,2026-03-21,Completed
ACT007622,Call,U004,,,,L01251,2026-04-17,Completed
ACT007623,Email,U016,,,,L01464,2026-04-28,Bounced
ACT007624,LinkedIn,U016,,,,L01464,2026-08-24,Replied
ACT007625,LinkedIn,U004,,,,L00817,2026-08-15,Bounced
ACT007626,Email,U004,,,,L00817,2026-08-15,Completed
ACT007627,LinkedIn,U004,,,,L00817,2026-08-31,Replied
ACT007628,Call,U010,,,,L00972,2025-12-31,Bounced
ACT007629,Email,U010,,,,L00972,2026-07-06,Completed
ACT007630,Call,U010,,,,L00972,2026-09-18,No answer
ACT007631,Email,U016,,,,L00541,2026-04-04,Bounced
ACT007632,LinkedIn,U016,,,,L00541,2026-04-13,Completed
ACT007633,Call,U016,,,,L00541,2026-06-27,Replied
ACT007634,Email,U016,,,,L00541,2026-09-27,Bounced
ACT007635,Call,U016,,,,L00541,2026-05-09,No answer
ACT007636,LinkedIn,U016,,,,L00541,2026-03-16,Bounced
ACT007637,Email,U004,,,,L00458,2026-05-08,Replied
ACT007638,Email,U004,,,,L00458,2026-09-29,No answer
ACT007639,LinkedIn,U004,,,,L00458,2026-07-15,Completed
ACT007640,Email,U004,,,,L00458,2026-05-15,Bounced
ACT007641,LinkedIn,U004,,,,L00458,2026-05-25,Replied
ACT007642,Email,U004,,,,L00458,2026-04-30,Completed
ACT007643,Call,U017,,,,L01018,2026-02-23,Completed
ACT007644,Email,U017,,,,L01018,2026-05-01,Bounced
ACT007645,Call,U017,,,,L01018,2026-09-04,Bounced
ACT007646,LinkedIn,U016,,,,L00479,2026-07-28,Bounced
ACT007647,Call,U016,,,,L00479,2025-11-28,Completed
ACT007648,Email,U016,,,,L00479,2025-11-14,Bounced
ACT007649,Email,U016,,,,L00479,2026-02-27,Replied
ACT007650,Call,U016,,,,L00479,2025-07-04,No answer
ACT007651,Call,U016,,,,L01175,2026-07-10,No answer
ACT007652,Call,U016,,,,L01175,2026-08-23,Completed
ACT007653,Email,U016,,,,L01175,2026-09-20,Completed
ACT007654,LinkedIn,U005,,,,L01384,2026-02-02,Bounced
ACT007655,Email,U005,,,,L01384,2026-06-28,Replied
ACT007656,Email,U005,,,,L01384,2026-03-30,No answer
ACT007657,Call,U005,,,,L01384,2026-09-24,No answer
ACT007658,Call,U005,,,,L01384,2026-01-08,No answer
ACT007659,Email,U005,,,,L01384,2026-02-03,Replied
ACT007660,LinkedIn,U004,,,,L00610,2026-05-08,No answer
ACT007661,Call,U004,,,,L00610,2025-10-20,No answer
ACT007662,LinkedIn,U016,,,,L01222,2026-09-29,Replied
ACT007663,Call,U016,,,,L01222,2026-10-08,Completed
ACT007664,LinkedIn,U016,,,,L01222,2026-10-07,Replied
ACT007665,Call,U016,,,,L01222,2026-10-06,Replied
ACT007666,Email,U016,,,,L01222,2026-10-05,No answer
ACT007667,LinkedIn,U017,,,,L00348,2026-08-15,Replied
ACT007668,Email,U017,,,,L00348,2025-08-12,Replied
ACT007669,Call,U017,,,,L00348,2026-07-10,Bounced
ACT007670,Email,U017,,,,L00348,2026-09-05,Completed
ACT007671,Call,U017,,,,L00348,2025-09-15,Replied
ACT007672,Email,U017,,,,L00348,2026-02-08,No answer
ACT007673,Call,U016,,,,L00447,2026-03-22,Bounced
ACT007674,LinkedIn,U016,,,,L00447,2026-08-08,Bounced
ACT007675,LinkedIn,U011,,,,L01337,2026-04-30,Replied
ACT007676,LinkedIn,U011,,,,L01337,2026-04-16,Bounced
ACT007677,LinkedIn,U011,,,,L01337,2026-07-30,Completed
ACT007678,Call,U011,,,,L01337,2026-04-28,Completed
ACT007679,LinkedIn,U011,,,,L01337,2026-05-23,Replied
ACT007680,Email,U011,,,,L01337,2026-09-12,Completed
ACT007681,Email,U005,,,,L00380,2026-10-07,Bounced
ACT007682,LinkedIn,U005,,,,L00380,2026-10-03,No answer
ACT007683,Email,U005,,,,L00380,2026-09-24,Bounced
ACT007684,LinkedIn,U005,,,,L00380,2026-09-22,Completed
ACT007685,Call,U004,,,,L01294,2026-09-03,Bounced
ACT007686,LinkedIn,U017,,,,L00612,2026-06-22,Bounced
ACT007687,Call,U017,,,,L00612,2026-08-08,Replied
ACT007688,LinkedIn,U017,,,,L00612,2026-06-29,No answer
ACT007689,Email,U017,,,,L00612,2026-07-04,Bounced
ACT007690,Call,U017,,,,L00612,2026-07-09,Bounced
ACT007691,Email,U017,,,,L00612,2026-06-03,Completed
ACT007692,LinkedIn,U010,,,,L00582,2026-08-28,No answer
ACT007693,Call,U010,,,,L00582,2026-05-20,No answer
ACT007694,Call,U010,,,,L00582,2026-08-15,Completed
ACT007695,Email,U010,,,,L00582,2026-09-10,Replied
ACT007696,LinkedIn,U010,,,,L00582,2026-05-30,Replied
ACT007697,Call,U004,,,,L00232,2026-05-23,Bounced
ACT007698,Email,U004,,,,L00232,2026-06-12,Replied
ACT007699,Email,U010,,,,L00383,2025-08-20,Bounced
ACT007700,LinkedIn,U010,,,,L00383,2026-07-01,Replied
ACT007701,Call,U010,,,,L00383,2026-04-22,No answer
ACT007702,Email,,,,,L00670,2026-08-10,Completed
ACT007703,Email,,,,,L00670,2026-06-22,Completed
ACT007704,Email,,,,,L00670,2026-07-08,No answer
ACT007705,Email,U017,,,,L00073,2026-08-23,Bounced
ACT007706,LinkedIn,U017,,,,L00073,2026-08-08,No answer
ACT007707,Email,U017,,,,L00073,2026-07-14,No answer
ACT007708,Call,U017,,,,L00073,2026-08-10,Completed
ACT007709,Call,U017,,,,L00073,2026-07-30,Bounced
ACT007710,Call,U005,,,,L00071,2026-07-26,Bounced
ACT007711,LinkedIn,U010,,,,L00672,2026-01-05,Bounced
ACT007712,Email,U010,,,,L00672,2026-03-27,Completed
ACT007713,Email,U010,,,,L00672,2026-06-22,Completed
ACT007714,Email,U010,,,,L00672,2026-09-12,Bounced
ACT007715,Call,U011,,,,L00172,2026-06-06,No answer
ACT007716,Email,U011,,,,L00169,2026-08-18,Completed
ACT007717,Email,U011,,,,L00169,2026-09-07,Replied
ACT007718,Call,U011,,,,L00494,2026-05-08,No answer
ACT007719,Call,U011,,,,L00494,2025-10-20,No answer
ACT007720,Email,U004,,,,L01129,2026-08-27,Replied
ACT007721,Call,U004,,,,L01129,2025-12-25,Completed
ACT007722,Call,U004,,,,L01129,2026-03-16,No answer
ACT007723,Call,U004,,,,L01129,2025-07-07,No answer
ACT007724,LinkedIn,U017,,,,L00739,2026-01-23,Replied
ACT007725,LinkedIn,U016,,,,L00273,2026-06-08,Replied
ACT007726,Email,U016,,,,L00273,2026-05-31,Bounced
ACT007727,Email,U016,,,,L00273,2026-05-18,Completed
ACT007728,Call,U016,,,,L00273,2026-06-05,Completed
ACT007729,Call,U016,,,,L00273,2026-05-18,Completed
ACT007730,LinkedIn,U016,,,,L00273,2026-06-27,Bounced
ACT007731,Call,U011,,,,L00919,2026-09-06,Completed
ACT007732,LinkedIn,U011,,,,L00919,2026-08-17,Bounced
ACT007733,Email,U005,,,,L00421,2026-04-15,No answer
ACT007734,Email,U005,,,,L00095,2025-07-31,Replied
ACT007735,Email,U016,,,,L01017,2026-07-22,No answer
ACT007736,Call,U016,,,,L01017,2025-12-19,Bounced
ACT007737,Call,U016,,,,L01017,2026-03-06,Bounced
ACT007738,LinkedIn,U016,,,,L01017,2025-10-15,Replied
ACT007739,Email,U016,,,,L01017,2026-07-02,Replied
ACT007740,Email,U004,,,,L01190,2026-09-13,Replied
ACT007741,Call,U004,,,,L00043,2026-09-21,Completed
ACT007742,Call,U004,,,,L00043,2026-08-10,Replied
ACT007743,Call,U016,,,,L00057,2026-09-01,No answer
ACT007744,LinkedIn,U016,,,,L00057,2026-08-03,Replied
ACT007745,LinkedIn,U017,,,,L01194,2026-02-06,Replied
ACT007746,LinkedIn,U017,,,,L01194,2026-01-17,Completed
ACT007747,Call,U005,,,,L00678,2026-08-11,Completed
ACT007748,LinkedIn,U005,,,,L00678,2025-12-15,Completed
ACT007749,Email,U005,,,,L00678,2025-08-08,Completed
ACT007750,Email,U005,,,,L00678,2025-07-14,No answer
ACT007751,Call,U005,,,,L00678,2026-01-17,Bounced
ACT007752,Email,U005,,,,L00678,2026-03-12,Replied
ACT007753,LinkedIn,U005,,,,L00039,2026-08-02,Replied
ACT007754,LinkedIn,U016,,,,L00307,2026-09-16,Bounced
ACT007755,Email,U016,,,,L00307,2026-09-15,No answer
ACT007756,Email,U016,,,,L00307,2026-09-14,Replied
ACT007757,Call,U016,,,,L00307,2026-09-16,Replied
ACT007758,Call,U016,,,,L00307,2026-09-29,Bounced
ACT007759,Call,U016,,,,L00307,2026-08-28,Replied
ACT007760,LinkedIn,U005,,,,L00701,2026-09-18,No answer
ACT007761,LinkedIn,U005,,,,L00701,2026-09-27,Bounced
ACT007762,Email,U005,,,,L00701,2026-09-22,Completed
ACT007763,Email,U005,,,,L00701,2026-10-02,Replied
ACT007764,Email,U011,,,,L01063,2026-06-28,Completed
ACT007765,LinkedIn,U011,,,,L01063,2026-05-07,No answer
ACT007766,LinkedIn,U011,,,,L01063,2026-02-26,No answer
ACT007767,Email,U011,,,,L00409,2026-09-24,No answer
ACT007768,Email,U011,,,,L00409,2026-05-30,Replied
ACT007769,Email,U011,,,,L00409,2026-05-04,Completed
ACT007770,LinkedIn,U005,,,,L00167,2026-07-06,Bounced
ACT007771,LinkedIn,U005,,,,L00167,2026-05-19,Replied
ACT007772,LinkedIn,U005,,,,L00167,2026-09-29,Completed
ACT007773,LinkedIn,U005,,,,L00167,2026-10-05,Bounced
ACT007774,Call,U005,,,,L00167,2026-06-29,No answer
ACT007775,LinkedIn,U005,,,,L00535,2025-12-24,No answer
ACT007776,LinkedIn,U005,,,,L00862,2025-12-31,Completed
ACT007777,Call,U005,,,,L00862,2026-04-18,Completed
ACT007778,Email,U005,,,,L00862,2026-08-20,Bounced
ACT007779,LinkedIn,U005,,,,L00862,2026-07-06,Completed
ACT007780,Email,U011,,,,L01422,2026-10-03,No answer
ACT007781,LinkedIn,,,,,L01461,2026-08-28,Bounced
ACT007782,Email,,,,,L01412,2026-05-01,Replied
ACT007783,LinkedIn,,,,,L01412,2026-01-01,No answer
ACT007784,Email,,,,,L01412,2026-06-02,No answer
ACT007785,LinkedIn,U010,,,,L01280,2026-09-08,Replied
ACT007786,Call,U010,,,,L01280,2025-12-24,Completed
ACT007787,Email,U010,,,,L01280,2026-10-06,No answer
ACT007788,Call,U016,,,,L00622,2026-05-03,Replied
ACT007789,Call,U016,,,,L00622,2025-08-30,No answer
ACT007790,LinkedIn,U016,,,,L00622,2025-08-17,Replied
ACT007791,LinkedIn,U016,,,,L00622,2026-06-03,Replied
ACT007792,Call,U016,,,,L00622,2026-10-06,Completed
ACT007793,Call,U004,,,,L00317,2026-01-27,Bounced
ACT007794,Email,U004,,,,L00317,2026-01-03,No answer
ACT007795,Email,U004,,,,L00317,2026-06-25,Bounced
ACT007796,LinkedIn,U004,,,,L00317,2026-01-09,Completed
ACT007797,Email,U004,,,,L00317,2026-05-04,Bounced
ACT007798,Call,U004,,,,L00317,2026-06-16,Replied
ACT007799,Call,U004,,,,L00908,2026-06-16,No answer
ACT007800,Email,U004,,,,L00908,2026-09-01,Completed
ACT007801,LinkedIn,U004,,,,L00908,2026-05-25,No answer
ACT007802,Call,U016,,,,L01363,2026-09-20,Completed
ACT007803,LinkedIn,U017,,,,L00517,2026-09-27,Bounced
ACT007804,Email,U016,,,,L00659,2026-07-06,No answer
ACT007805,LinkedIn,U011,,,,L00534,2026-09-29,Replied
ACT007806,Email,U011,,,,L00534,2026-09-08,Bounced
ACT007807,Email,U011,,,,L00534,2026-10-02,Completed
ACT007808,Email,U011,,,,L00534,2026-10-03,No answer
ACT007809,LinkedIn,U011,,,,L00534,2026-09-02,Replied
ACT007810,Call,U011,,,,L00534,2026-09-17,Completed
ACT007811,Call,U017,,,,L00650,2026-05-26,No answer
ACT007812,LinkedIn,U017,,,,L00650,2026-03-10,Completed
ACT007813,Email,U017,,,,L00650,2025-08-28,Completed
ACT007814,Email,U005,,,,L00599,2026-08-11,No answer
ACT007815,Call,U005,,,,L00599,2026-01-01,Completed
ACT007816,LinkedIn,U005,,,,L00599,2026-07-03,Bounced
ACT007817,Email,U005,,,,L00599,2026-01-18,No answer
ACT007818,LinkedIn,U005,,,,L00599,2025-12-15,Completed
ACT007819,LinkedIn,U005,,,,L00599,2025-12-08,Replied
ACT007820,Email,,,,,L00792,2026-09-18,No answer
ACT007821,Email,,,,,L00792,2026-06-17,Replied
ACT007822,LinkedIn,,,,,L00792,2026-02-14,Bounced
ACT007823,LinkedIn,U010,,,,L00549,2026-07-04,Replied
ACT007824,LinkedIn,U010,,,,L00549,2026-07-30,Bounced
ACT007825,Call,U011,,,,L00454,2026-06-03,No answer
ACT007826,Call,U011,,,,L00454,2026-08-21,Completed
ACT007827,Email,U005,,,,L01460,2026-03-30,Replied
ACT007828,Call,U005,,,,L01460,2025-12-10,No answer
ACT007829,Email,U005,,,,L01460,2026-08-24,No answer
ACT007830,LinkedIn,U005,,,,L01380,2026-09-20,Completed
ACT007831,Email,U005,,,,L01380,2026-10-07,Replied
ACT007832,Call,U005,,,,L01380,2026-10-02,Bounced
ACT007833,Call,U005,,,,L01380,2026-09-17,Replied
ACT007834,LinkedIn,U016,,,,L00571,2026-08-20,Replied
ACT007835,Call,U016,,,,L00571,2025-07-15,Replied
ACT007836,Email,U016,,,,L00571,2026-10-04,Bounced
ACT007837,Call,U016,,,,L00571,2026-04-15,Completed
ACT007838,Email,U005,,,,L01266,2026-08-13,No answer
ACT007839,LinkedIn,U005,,,,L01266,2026-07-21,No answer
ACT007840,Email,U005,,,,L01266,2026-07-20,Completed
ACT007841,LinkedIn,U010,,,,L00062,2026-10-07,No answer
ACT007842,LinkedIn,U010,,,,L00062,2026-09-28,Completed
ACT007843,Call,U010,,,,L00062,2026-10-04,Replied
ACT007844,Call,U010,,,,L00062,2026-09-17,Replied
ACT007845,Email,U010,,,,L00062,2026-10-08,Completed
ACT007846,Email,U016,,,,L01308,2026-07-05,Replied
ACT007847,Call,U016,,,,L01308,2026-10-06,No answer
ACT007848,LinkedIn,U016,,,,L01308,2026-07-02,No answer
ACT007849,Email,U016,,,,L01308,2025-12-12,Completed
ACT007850,Call,U016,,,,L01308,2025-12-20,No answer
ACT007851,LinkedIn,U016,,,,L01308,2026-07-18,Bounced
ACT007852,LinkedIn,U016,,,,L00537,2026-09-15,Completed
ACT007853,Call,U017,,,,L01482,2026-03-20,Bounced
ACT007854,LinkedIn,U017,,,,L01482,2026-06-04,No answer
ACT007855,Email,U017,,,,L01482,2026-05-18,Bounced
ACT007856,Email,U017,,,,L01482,2026-07-21,No answer
ACT007857,Email,U011,,,,L01016,2026-09-24,No answer
ACT007858,Email,U004,,,,L00245,2026-08-28,Bounced
ACT007859,Call,U004,,,,L00245,2026-09-23,Replied
ACT007860,Email,U004,,,,L00245,2026-01-14,Bounced
ACT007861,Call,U004,,,,L00026,2026-10-06,Replied
ACT007862,LinkedIn,U004,,,,L00026,2026-09-06,Bounced
ACT007863,Email,U004,,,,L00026,2026-04-20,Replied
ACT007864,Email,U004,,,,L00026,2026-03-13,Completed
ACT007865,LinkedIn,U004,,,,L00026,2025-09-18,No answer
ACT007866,Call,U017,,,,L00223,2026-02-06,Completed
ACT007867,LinkedIn,U017,,,,L00223,2026-04-12,Replied
ACT007868,Email,U017,,,,L00223,2025-12-22,Completed
ACT007869,LinkedIn,U011,,,,L00914,2026-01-28,Replied
ACT007870,LinkedIn,U011,,,,L00914,2025-06-20,Completed
ACT007871,LinkedIn,U011,,,,L00914,2026-03-16,Replied
ACT007872,Call,U011,,,,L00914,2026-04-11,Completed
ACT007873,Call,U011,,,,L00914,2026-03-05,Completed
ACT007874,LinkedIn,U011,,,,L00914,2025-06-30,No answer
ACT007875,Call,U004,,,,L00106,2026-07-21,Replied
ACT007876,LinkedIn,U004,,,,L00106,2026-07-31,Bounced
ACT007877,Email,U004,,,,L00106,2026-07-29,Replied
ACT007878,Call,U004,,,,L00106,2026-07-31,Completed
ACT007879,Call,U004,,,,L00106,2026-07-24,Bounced
ACT007880,Call,U017,,,,L01166,2026-06-16,Replied
ACT007881,LinkedIn,U017,,,,L01166,2026-06-24,Bounced
ACT007882,Call,U017,,,,L01166,2026-07-08,Bounced
ACT007883,Call,U017,,,,L01166,2026-06-03,Bounced
ACT007884,Email,U010,,,,L00510,2026-09-02,Completed
ACT007885,LinkedIn,U010,,,,L00510,2026-04-23,No answer
ACT007886,Email,U010,,,,L00510,2026-06-29,Bounced
ACT007887,LinkedIn,U010,,,,L00510,2025-12-27,Completed
ACT007888,Email,U010,,,,L00510,2025-06-09,Replied
ACT007889,Email,U010,,,,L00510,2025-11-16,Replied
ACT007890,LinkedIn,U017,,,,L00132,2026-09-02,Completed
ACT007891,Email,U017,,,,L00132,2026-08-14,Bounced
ACT007892,Call,U017,,,,L00132,2026-09-26,No answer
ACT007893,Email,U017,,,,L00132,2026-08-25,Completed
ACT007894,LinkedIn,U017,,,,L00132,2026-08-21,No answer
ACT007895,LinkedIn,U017,,,,L00132,2026-08-30,Completed
ACT007896,LinkedIn,U004,,,,L00445,2026-07-08,Completed
ACT007897,Call,U016,,,,L00643,2026-06-28,No answer
ACT007898,LinkedIn,U016,,,,L00643,2026-02-07,Completed
ACT007899,Email,U016,,,,L00643,2026-07-23,Replied
ACT007900,LinkedIn,U016,,,,L00643,2026-07-29,Completed
ACT007901,LinkedIn,U016,,,,L00643,2025-11-30,Completed
ACT007902,LinkedIn,U016,,,,L00643,2026-07-06,Completed
ACT007903,LinkedIn,U016,,,,L00509,2025-05-11,Completed
ACT007904,Email,U004,,,,L01496,2026-08-16,No answer
ACT007905,Email,U004,,,,L01496,2026-06-08,No answer
ACT007906,LinkedIn,U016,,,,L00076,2025-06-14,Replied
ACT007907,Call,U016,,,,L00076,2026-08-21,No answer
ACT007908,Call,U016,,,,L00076,2026-05-26,Completed
ACT007909,Email,U016,,,,L00076,2025-09-19,Completed
ACT007910,LinkedIn,U016,,,,L00076,2025-11-19,Completed
ACT007911,Email,U016,,,,L00037,2026-08-24,Completed
ACT007912,Call,U016,,,,L00037,2026-07-23,Completed
ACT007913,Call,U017,,,,L01319,2026-06-24,Replied
ACT007914,LinkedIn,U017,,,,L01319,2026-06-03,Replied
ACT007915,LinkedIn,U004,,,,L00058,2025-10-15,No answer
ACT007916,Call,U004,,,,L00058,2026-01-30,Bounced
ACT007917,Email,U004,,,,L00058,2026-03-09,Completed
ACT007918,Email,U005,,,,L00197,2026-05-09,Bounced
ACT007919,Call,,,,,L01238,2025-06-28,Bounced
ACT007920,Email,,,,,L01238,2026-07-21,Completed
ACT007921,Call,,,,,L01238,2026-04-28,Replied
ACT007922,Email,,,,,L01238,2025-08-16,Bounced
ACT007923,LinkedIn,,,,,L01238,2026-01-09,Replied
ACT007924,LinkedIn,,,,,L01238,2026-02-07,Replied
ACT007925,LinkedIn,U016,,,,L00708,2026-04-08,Bounced
ACT007926,LinkedIn,U016,,,,L00708,2026-05-20,Completed
ACT007927,Email,U016,,,,L00708,2026-07-09,No answer
ACT007928,LinkedIn,U005,,,,L00838,2026-05-21,Replied
ACT007929,Call,U005,,,,L00838,2026-03-20,Bounced
ACT007930,LinkedIn,U005,,,,L00838,2026-02-23,Replied
ACT007931,LinkedIn,U017,,,,L01317,2026-03-01,No answer
ACT007932,Call,U017,,,,L01317,2026-03-12,Replied
ACT007933,Call,U017,,,,L01317,2026-03-15,No answer
ACT007934,LinkedIn,U017,,,,L01317,2026-03-05,No answer
ACT007935,Call,U017,,,,L01317,2026-06-09,Bounced
ACT007936,Email,U017,,,,L00478,2026-03-29,Bounced
ACT007937,Email,U017,,,,L00478,2025-10-19,Completed
ACT007938,Email,U017,,,,L00478,2026-05-01,Replied
ACT007939,Email,U017,,,,L00478,2026-07-03,No answer
ACT007940,LinkedIn,U017,,,,L00478,2025-11-04,Completed
ACT007941,Call,U017,,,,L00478,2026-01-12,Bounced
ACT007942,Email,,,,,L00087,2026-09-21,Completed
ACT007943,Call,,,,,L00087,2026-08-25,No answer
ACT007944,Call,,,,,L00087,2026-05-05,Completed
ACT007945,Call,,,,,L00087,2026-07-21,No answer
ACT007946,Email,,,,,L00087,2026-01-30,No answer
ACT007947,Call,U011,,,,L00562,2026-08-21,No answer
ACT007948,Call,U011,,,,L00562,2026-08-28,Completed
ACT007949,Email,U011,,,,L00562,2026-09-19,Replied
ACT007950,LinkedIn,U011,,,,L00562,2026-06-21,Bounced
ACT007951,Call,U011,,,,L00562,2026-05-03,Replied
ACT007952,Call,U011,,,,L00562,2026-04-22,Replied
ACT007953,Call,U005,,,,L00335,2026-08-04,No answer
ACT007954,Email,U005,,,,L00335,2026-07-28,Bounced
ACT007955,LinkedIn,U005,,,,L00335,2026-08-07,Replied
ACT007956,Email,U005,,,,L00335,2026-09-29,Bounced
ACT007957,Call,U005,,,,L00335,2026-08-17,No answer
ACT007958,Email,U005,,,,L00335,2026-09-26,Replied
ACT007959,LinkedIn,U004,,,,L01088,2025-10-22,Replied
ACT007960,Email,U005,,,,L00952,2026-07-29,Completed
ACT007961,Email,U005,,,,L00952,2026-07-12,No answer
ACT007962,Call,U017,,,,L00900,2026-10-08,Bounced
ACT007963,Call,U017,,,,L00900,2025-09-09,Completed
ACT007964,Call,U017,,,,L00900,2025-10-12,No answer
ACT007965,Email,U017,,,,L00900,2026-05-26,No answer
ACT007966,Email,U010,,,,L01160,2026-09-04,Bounced
ACT007967,LinkedIn,U010,,,,L01160,2026-09-17,Completed
ACT007968,Email,U010,,,,L01160,2026-09-28,Completed
ACT007969,LinkedIn,U010,,,,L01160,2026-08-31,No answer
ACT007970,Email,U004,,,,L01165,2026-02-12,No answer
ACT007971,LinkedIn,U004,,,,L01165,2026-07-25,Completed
ACT007972,Call,U004,,,,L01165,2026-01-14,Bounced
ACT007973,Call,U004,,,,L01165,2026-05-23,No answer
ACT007974,LinkedIn,U004,,,,L01165,2026-01-02,No answer
ACT007975,Email,U005,,,,L00539,2026-06-11,Completed
ACT007976,Email,U005,,,,L00539,2026-03-17,Bounced
ACT007977,LinkedIn,U005,,,,L00539,2026-04-10,No answer
ACT007978,Email,U005,,,,L00539,2026-08-06,Replied
ACT007979,Email,U005,,,,L00539,2026-01-13,Completed
ACT007980,Call,U005,,,,L00539,2026-01-28,Completed
ACT007981,Call,U011,,,,L00761,2026-01-15,Completed
ACT007982,LinkedIn,U005,,,,L00419,2026-09-09,Replied
ACT007983,Call,U005,,,,L00419,2026-09-30,Completed
ACT007984,LinkedIn,U005,,,,L00419,2026-09-09,Replied
ACT007985,Email,U005,,,,L00419,2026-08-28,Replied
ACT007986,LinkedIn,U005,,,,L00419,2026-06-25,Bounced
ACT007987,Email,U005,,,,L00419,2026-05-18,Replied
ACT007988,LinkedIn,U016,,,,L00946,2025-12-30,Completed
ACT007989,LinkedIn,U016,,,,L00946,2026-02-07,No answer
ACT007990,Call,U016,,,,L00946,2025-10-12,No answer
ACT007991,LinkedIn,U004,,,,L01400,2025-09-05,No answer
ACT007992,LinkedIn,U016,,,,L00987,2025-12-19,Bounced
ACT007993,LinkedIn,U016,,,,L00987,2025-12-14,Completed
ACT007994,Email,U016,,,,L00987,2026-05-31,Completed
ACT007995,Call,U016,,,,L00987,2026-02-02,Completed
ACT007996,Call,U016,,,,L00987,2025-09-28,Replied
ACT007997,LinkedIn,,,,,L00574,2026-09-19,No answer
ACT007998,Email,,,,,L00574,2026-09-19,Completed
ACT007999,Email,,,,,L00574,2026-04-25,Bounced
ACT008000,LinkedIn,,,,,L00574,2026-01-11,Completed
ACT008001,Call,U017,,,,L00636,2026-09-24,Bounced
ACT008002,LinkedIn,U011,,,,L01268,2026-06-28,Replied
ACT008003,LinkedIn,U011,,,,L01268,2026-05-13,Bounced
ACT008004,Email,U011,,,,L00333,2026-05-11,Bounced
ACT008005,Call,U011,,,,L01479,2025-10-22,Bounced
ACT008006,Email,U011,,,,L01479,2026-02-21,Replied
ACT008007,Call,U005,,,,L00575,2026-01-12,No answer
ACT008008,Email,U005,,,,L00575,2026-04-11,No answer
ACT008009,Email,U005,,,,L00575,2025-08-07,No answer
ACT008010,Email,U005,,,,L00575,2026-03-05,Replied
ACT008011,LinkedIn,U005,,,,L00575,2026-06-27,Completed
ACT008012,LinkedIn,U017,,,,L01283,2026-04-01,No answer
ACT008013,Call,U017,,,,L01283,2026-08-23,Completed
ACT008014,Email,U017,,,,L01283,2026-05-27,No answer
ACT008015,Email,U017,,,,L01283,2026-09-26,Replied
ACT008016,LinkedIn,U017,,,,L01283,2026-05-20,Completed
ACT008017,Call,U017,,,,L01283,2026-08-03,Completed
ACT008018,Call,U005,,,,L01096,2025-11-20,No answer
ACT008019,LinkedIn,U005,,,,L01096,2026-05-28,Replied
ACT008020,Email,U005,,,,L01096,2026-05-18,Replied
ACT008021,Email,U016,,,,L01091,2026-08-11,Bounced
ACT008022,LinkedIn,U016,,,,L01091,2026-09-03,Completed
ACT008023,LinkedIn,U016,,,,L01091,2026-08-14,Replied
ACT008024,Call,U016,,,,L01091,2026-09-21,No answer
ACT008025,Call,U016,,,,L01091,2026-07-27,No answer
ACT008026,LinkedIn,U011,,,,L01364,2026-09-23,Completed
ACT008027,Email,U011,,,,L01364,2026-09-10,Bounced
ACT008028,Call,U005,,,,L01209,2025-12-22,Completed
ACT008029,LinkedIn,U005,,,,L01209,2025-11-14,Replied
ACT008030,LinkedIn,U005,,,,L01209,2025-07-18,Bounced
ACT008031,LinkedIn,U005,,,,L01209,2026-06-18,Completed
ACT008032,Call,U005,,,,L01209,2025-06-20,Replied
ACT008033,LinkedIn,U004,,,,L01440,2026-09-22,No answer
ACT008034,Email,U016,,,,L01173,2026-08-14,Bounced
ACT008035,Email,U016,,,,L01173,2026-08-20,Bounced
ACT008036,Call,U016,,,,L01173,2026-07-14,Replied
ACT008037,Call,U016,,,,L01173,2026-10-05,No answer
ACT008038,Email,U016,,,,L01173,2026-06-14,Replied
ACT008039,Call,U016,,,,L01173,2026-06-18,No answer
ACT008040,LinkedIn,U005,,,,L00009,2026-08-08,Replied
ACT008041,Email,U005,,,,L00922,2025-12-22,Replied
ACT008042,LinkedIn,U005,,,,L00922,2026-06-15,Replied
ACT008043,Call,U005,,,,L00922,2025-09-18,No answer
ACT008044,Call,U005,,,,L00922,2026-03-19,Replied
ACT008045,Email,U005,,,,L00922,2025-11-12,Bounced
ACT008046,Call,U005,,,,L00922,2026-06-24,Completed
ACT008047,Call,U017,,,,L01286,2026-09-20,Completed
ACT008048,Call,U017,,,,L01286,2026-09-15,Bounced
ACT008049,Email,U017,,,,L01286,2026-09-30,Completed
ACT008050,LinkedIn,U017,,,,L01286,2026-09-08,Replied
ACT008051,Call,U017,,,,L01286,2026-10-06,Completed
ACT008052,Email,U005,,,,L00899,2026-09-02,Replied
ACT008053,LinkedIn,U017,,,,L01011,2026-03-10,Replied
ACT008054,Email,U017,,,,L01011,2025-12-06,No answer
ACT008055,Call,U017,,,,L01011,2026-10-04,Bounced
ACT008056,LinkedIn,U017,,,,L01011,2026-06-11,Completed
ACT008057,Call,U005,,,,L01274,2026-10-07,Completed
ACT008058,Call,U016,,,,L00075,2026-08-02,Replied
ACT008059,Email,U016,,,,L00075,2026-03-29,Completed
ACT008060,Email,,,,,L00849,2026-01-07,Bounced
ACT008061,Call,,,,,L00849,2025-12-28,Replied
ACT008062,Email,,,,,L00849,2026-06-22,Replied
ACT008063,Call,,,,,L00849,2026-07-09,Replied
ACT008064,LinkedIn,,,,,L00849,2026-09-22,Bounced
ACT008065,LinkedIn,U016,,,,L00523,2026-03-02,No answer
ACT008066,Email,U016,,,,L00523,2026-03-20,No answer
ACT008067,Call,U016,,,,L00523,2026-05-16,Replied
ACT008068,Email,U016,,,,L00523,2026-04-09,No answer
ACT008069,LinkedIn,U005,,,,L00336,2026-08-28,Bounced
ACT008070,Email,U005,,,,L00336,2026-08-27,Replied
ACT008071,LinkedIn,U005,,,,L00336,2026-05-11,Replied
ACT008072,Call,U005,,,,L00336,2026-07-02,Bounced
ACT008073,LinkedIn,U004,,,,L00570,2026-04-03,No answer
ACT008074,Call,U004,,,,L00570,2026-04-10,No answer
ACT008075,Call,U010,,,,L00591,2026-08-29,No answer
ACT008076,Call,U010,,,,L00591,2026-09-26,Completed
ACT008077,LinkedIn,U010,,,,L00591,2026-07-27,Replied
ACT008078,Email,U010,,,,L00591,2026-06-25,No answer
ACT008079,Call,U005,,,,L00089,2026-09-24,Bounced
ACT008080,Email,U010,,,,L00729,2026-09-07,No answer
ACT008081,LinkedIn,U010,,,,L00729,2026-08-23,No answer
ACT008082,LinkedIn,,,,,L00218,2026-01-26,Replied
ACT008083,Email,,,,,L00218,2026-09-30,No answer
ACT008084,Email,,,,,L00218,2026-07-02,Replied
ACT008085,LinkedIn,,,,,L00218,2026-03-14,No answer
ACT008086,Call,U017,,,,L01372,2026-01-21,Replied
ACT008087,Email,U004,,,,L00174,2026-08-07,Replied
ACT008088,Email,U004,,,,L00174,2026-05-12,Bounced
ACT008089,LinkedIn,U004,,,,L00174,2026-08-21,Bounced
ACT008090,Email,U004,,,,L00174,2026-09-09,No answer
ACT008091,Call,U017,,,,L01378,2025-10-24,No answer
ACT008092,Email,U004,,,,L00222,2026-07-22,Completed
ACT008093,Call,U004,,,,L00222,2026-05-06,Bounced
ACT008094,LinkedIn,U004,,,,L00222,2026-08-28,Replied
ACT008095,Email,U004,,,,L00222,2026-04-02,No answer
ACT008096,Email,U004,,,,L00222,2026-04-21,Bounced
ACT008097,Call,U011,,,,L00320,2026-10-07,Bounced
ACT008098,LinkedIn,U011,,,,L00320,2026-10-03,Completed
ACT008099,Email,U011,,,,L00320,2026-10-02,No answer
ACT008100,LinkedIn,U005,,,,L01304,2026-09-02,Completed
ACT008101,LinkedIn,U017,,,,L01346,2026-09-21,Completed
ACT008102,LinkedIn,U017,,,,L01346,2026-08-28,Replied
ACT008103,Email,U017,,,,L01346,2026-09-24,No answer
ACT008104,LinkedIn,U017,,,,L01346,2026-09-16,Bounced
ACT008105,Call,U017,,,,L01346,2026-08-24,Completed
ACT008106,LinkedIn,U017,,,,L01346,2026-08-30,No answer
ACT008107,Call,U016,,,,L00996,2025-12-18,No answer
ACT008108,LinkedIn,U016,,,,L00996,2025-09-18,Completed
ACT008109,LinkedIn,U016,,,,L00267,2025-09-29,Completed
ACT008110,Email,U004,,,,L00007,2026-10-06,No answer
ACT008111,Email,U004,,,,L00007,2026-06-07,Replied
ACT008112,Call,U004,,,,L00007,2026-06-03,Replied
ACT008113,Call,U004,,,,L00007,2026-06-20,Bounced
ACT008114,LinkedIn,U004,,,,L00007,2026-08-30,Replied
ACT008115,Email,U005,,,,L00780,2026-09-27,Completed
ACT008116,Email,U005,,,,L00780,2026-09-19,No answer
ACT008117,Email,U005,,,,L00780,2026-09-27,No answer
ACT008118,LinkedIn,U005,,,,L00780,2026-09-14,Completed
ACT008119,Email,U011,,,,L00139,2026-07-24,Bounced
ACT008120,Email,U011,,,,L00139,2026-07-14,Completed
ACT008121,Email,U011,,,,L00139,2026-09-08,Completed
ACT008122,Email,U011,,,,L00139,2026-08-17,Bounced
ACT008123,LinkedIn,U004,,,,L00164,2026-09-02,No answer
ACT008124,LinkedIn,U004,,,,L00164,2026-08-26,Replied
ACT008125,Call,U004,,,,L01232,2026-06-28,Replied
ACT008126,Email,U004,,,,L01232,2026-09-17,Completed
ACT008127,Email,U010,,,,L00595,2025-06-16,No answer
ACT008128,Call,U010,,,,L00595,2026-09-07,Completed
ACT008129,Email,U010,,,,L00595,2025-10-18,Completed
ACT008130,Call,U016,,,,L01414,2026-09-22,Bounced
ACT008131,LinkedIn,U016,,,,L01414,2026-09-04,Replied
ACT008132,Email,U016,,,,L01414,2026-06-20,Bounced
ACT008133,Email,U016,,,,L01414,2026-09-17,No answer
ACT008134,Email,U016,,,,L01414,2026-10-02,Replied
ACT008135,Email,U016,,,,L01414,2026-08-17,Completed
ACT008136,Email,U016,,,,L01322,2026-04-03,No answer
ACT008137,Email,U016,,,,L01322,2026-02-18,No answer
ACT008138,Email,U016,,,,L01322,2026-08-22,Completed
ACT008139,LinkedIn,U016,,,,L01322,2026-08-31,No answer
ACT008140,Call,U016,,,,L01322,2026-04-15,No answer
ACT008141,Call,U016,,,,L01322,2026-08-16,No answer
ACT008142,Email,U017,,,,L01087,2026-08-28,Replied
ACT008143,LinkedIn,U017,,,,L01087,2026-09-29,Bounced
ACT008144,Email,U017,,,,L01087,2026-10-08,Bounced
ACT008145,Call,U017,,,,L01087,2026-08-05,Replied
ACT008146,Call,U011,,,,L01424,2026-06-24,Completed
ACT008147,Email,U011,,,,L01424,2026-06-23,Completed
ACT008148,LinkedIn,U011,,,,L01424,2026-07-22,Replied
ACT008149,Call,U011,,,,L01424,2026-09-21,No answer
ACT008150,Call,U017,,,,L00524,2025-12-24,Replied
ACT008151,LinkedIn,U010,,,,L00846,2026-02-28,No answer
ACT008152,Email,U005,,,,L01288,2026-03-01,Replied
ACT008153,Call,U005,,,,L01288,2025-07-31,Bounced
ACT008154,Email,U005,,,,L01288,2026-05-23,No answer
ACT008155,Call,U011,,,,L00579,2026-09-04,Bounced
ACT008156,Call,U011,,,,L00579,2026-04-16,Bounced
ACT008157,Call,U011,,,,L00579,2026-03-17,Replied
ACT008158,Email,U011,,,,L00579,2026-04-29,Replied
ACT008159,Call,U011,,,,L00579,2026-04-22,Replied
ACT008160,Call,U005,,,,L01443,2026-10-04,Completed
ACT008161,LinkedIn,U005,,,,L01443,2026-08-24,Replied
ACT008162,Call,U005,,,,L01443,2026-08-20,Replied
ACT008163,Call,U005,,,,L01443,2026-08-30,Bounced
ACT008164,Email,U005,,,,L01443,2026-08-04,No answer
ACT008165,Email,U017,,,,L00020,2026-07-12,No answer
ACT008166,LinkedIn,U017,,,,L00020,2026-06-18,Bounced
ACT008167,Email,U017,,,,L00020,2026-09-18,No answer
ACT008168,Email,U004,,,,L00782,2026-03-31,Replied
ACT008169,LinkedIn,U004,,,,L00782,2026-09-24,No answer
ACT008170,LinkedIn,U004,,,,L00782,2026-05-18,Replied
ACT008171,Call,U004,,,,L00782,2026-04-18,Bounced
ACT008172,Email,U004,,,,L00782,2025-12-26,Bounced
ACT008173,Email,U004,,,,L00782,2025-12-09,Replied
ACT008174,LinkedIn,U004,,,,L00634,2026-04-12,No answer
ACT008175,LinkedIn,U004,,,,L00634,2026-08-16,Bounced
ACT008176,LinkedIn,U016,,,,L00755,2026-04-03,Bounced
ACT008177,Call,U016,,,,L00755,2026-07-27,Replied
ACT008178,Email,U016,,,,L00755,2026-05-12,Replied
ACT008179,LinkedIn,U016,,,,L00755,2026-07-03,Bounced
ACT008180,LinkedIn,U017,,,,L00619,2025-12-02,Replied
ACT008181,Email,U017,,,,L00619,2026-05-14,No answer
ACT008182,Call,U005,,,,L00769,2026-04-17,Replied
ACT008183,LinkedIn,U005,,,,L00769,2026-06-28,Completed
ACT008184,Call,U005,,,,L00769,2026-04-04,Completed
ACT008185,Call,U005,,,,L00769,2026-04-26,No answer
ACT008186,Email,U016,,,,L00656,2025-12-20,Bounced
ACT008187,LinkedIn,U016,,,,L00656,2026-07-30,Completed
ACT008188,Email,U016,,,,L00656,2025-10-23,No answer
ACT008189,LinkedIn,U016,,,,L00656,2026-07-14,Replied
ACT008190,Call,U010,,,,L00811,2026-09-13,No answer
ACT008191,LinkedIn,U010,,,,L00811,2025-10-10,Completed
ACT008192,LinkedIn,U010,,,,L00811,2026-06-24,No answer
ACT008193,Email,U017,,,,L01429,2025-10-10,Completed
ACT008194,LinkedIn,U017,,,,L01429,2026-03-23,Completed
ACT008195,LinkedIn,U017,,,,L01429,2026-09-18,No answer
ACT008196,Call,U017,,,,L01429,2025-12-29,Bounced
ACT008197,Email,U017,,,,L01429,2025-11-06,No answer
ACT008198,LinkedIn,U004,,,,L00138,2025-09-06,No answer
ACT008199,Call,U004,,,,L00558,2025-10-01,Bounced
ACT008200,Call,U004,,,,L00558,2025-12-11,Completed
ACT008201,Call,U004,,,,L00558,2026-05-10,Replied
ACT008202,LinkedIn,U004,,,,L00558,2026-03-22,Replied
ACT008203,Call,U004,,,,L00558,2025-09-24,No answer
ACT008204,LinkedIn,U004,,,,L00558,2025-10-05,No answer
ACT008205,Call,U017,,,,L01226,2026-07-18,Replied
ACT008206,Call,U017,,,,L01226,2026-07-04,Completed
ACT008207,Call,U017,,,,L01226,2026-05-24,Replied
ACT008208,Call,U016,,,,L00717,2026-09-16,Completed
ACT008209,Call,U004,,,,L01118,2026-01-22,Completed
ACT008210,Email,U004,,,,L01118,2026-02-17,Replied
ACT008211,Email,U004,,,,L01118,2025-10-03,Replied
ACT008212,LinkedIn,U004,,,,L01118,2026-03-15,No answer
ACT008213,Email,U004,,,,L01118,2026-09-05,Replied
ACT008214,Call,U004,,,,L01118,2026-04-17,Replied
ACT008215,Email,U011,,,,L01277,2026-05-19,No answer
ACT008216,Call,U011,,,,L01277,2026-05-12,No answer
ACT008217,Call,U011,,,,L01277,2026-04-14,Replied
ACT008218,LinkedIn,U011,,,,L01277,2026-04-29,No answer
ACT008219,Call,U016,,,,L00369,2026-06-22,Completed
ACT008220,LinkedIn,U016,,,,L00369,2026-01-18,Completed
ACT008221,LinkedIn,U016,,,,L00369,2026-05-16,Bounced
ACT008222,LinkedIn,U016,,,,L00369,2026-08-17,Completed
ACT008223,Email,U016,,,,L00369,2026-05-08,Replied
ACT008224,LinkedIn,U016,,,,L00369,2026-08-17,No answer
ACT008225,Email,U017,,,,L01409,2026-04-07,Bounced
ACT008226,Email,U017,,,,L01409,2026-01-19,Bounced
ACT008227,Call,U017,,,,L01409,2026-09-19,Replied
ACT008228,Email,U017,,,,L01325,2026-10-08,Completed
ACT008229,Call,U017,,,,L01325,2026-06-28,Replied
ACT008230,Email,U010,,,,L00328,2026-04-17,Replied
ACT008231,LinkedIn,U010,,,,L00328,2026-09-08,Bounced
ACT008232,Call,U010,,,,L00328,2026-04-26,Replied
ACT008233,Call,U010,,,,L00328,2026-09-11,Replied
ACT008234,Email,U010,,,,L00328,2026-07-02,Bounced
ACT008235,LinkedIn,U016,,,,L00318,2026-09-19,Completed
ACT008236,Call,U016,,,,L00318,2026-07-17,Bounced
ACT008237,Call,U016,,,,L00318,2026-09-25,Replied
ACT008238,LinkedIn,U016,,,,L00318,2026-07-25,No answer
ACT008239,Call,U016,,,,L00318,2026-08-19,Replied
ACT008240,LinkedIn,U016,,,,L00318,2026-09-14,Completed
ACT008241,Call,,,,,L01140,2026-09-16,Replied
ACT008242,Email,U004,,,,L01105,2026-08-26,Replied
ACT008243,Email,U004,,,,L01105,2025-11-04,Bounced
ACT008244,Call,U004,,,,L01105,2026-03-09,Completed
ACT008245,LinkedIn,U004,,,,L01105,2025-10-06,Completed
ACT008246,Email,U004,,,,L01105,2026-06-24,Bounced
ACT008247,LinkedIn,U004,,,,L01105,2025-08-15,Completed
ACT008248,Call,U004,,,,L00529,2026-08-11,No answer
ACT008249,Call,U004,,,,L00529,2026-01-17,Bounced
ACT008250,LinkedIn,U004,,,,L00529,2026-04-16,Bounced
ACT008251,LinkedIn,U004,,,,L00529,2026-06-02,No answer
ACT008252,Email,U004,,,,L00529,2026-05-21,Bounced
ACT008253,Email,U016,,,,L00527,2026-05-07,No answer
ACT008254,LinkedIn,U016,,,,L00527,2025-11-27,Completed
ACT008255,LinkedIn,U016,,,,L00527,2026-05-07,No answer
ACT008256,Email,U016,,,,L00527,2026-04-17,Completed
ACT008257,Email,U004,,,,L00088,2026-10-03,Completed
ACT008258,LinkedIn,U004,,,,L00088,2026-10-02,No answer
ACT008259,LinkedIn,U010,,,,L00480,2026-06-05,Replied
ACT008260,Call,U010,,,,L00480,2026-01-09,No answer
ACT008261,Email,U010,,,,L00480,2025-10-17,Completed
ACT008262,LinkedIn,U004,,,,L00339,2025-12-01,Completed
ACT008263,Call,U004,,,,L00339,2026-02-06,No answer
ACT008264,Call,U004,,,,L00339,2025-06-10,Bounced
ACT008265,Email,U004,,,,L00339,2025-08-21,No answer
ACT008266,Email,U004,,,,L00339,2026-03-17,Replied
ACT008267,LinkedIn,U016,,,,L00757,2026-06-07,Replied
ACT008268,Email,U016,,,,L00757,2026-02-01,Replied
ACT008269,Call,U016,,,,L00757,2026-08-06,Bounced
ACT008270,Call,U016,,,,L00757,2026-08-07,No answer
ACT008271,Email,U016,,,,L00757,2026-03-19,Completed
ACT008272,Call,U010,,,,L00658,2026-08-16,Bounced
ACT008273,Call,U010,,,,L00658,2026-09-04,Bounced
ACT008274,LinkedIn,U010,,,,L00658,2026-08-30,Completed
ACT008275,LinkedIn,U010,,,,L00658,2026-08-27,Bounced
ACT008276,LinkedIn,U010,,,,L00658,2026-08-13,No answer
ACT008277,Call,U010,,,,L00658,2026-08-22,Completed
ACT008278,Email,U016,,,,L00149,2026-07-08,Bounced
ACT008279,Email,U005,,,,L01212,2025-11-24,Replied
ACT008280,Call,U005,,,,L01212,2025-11-28,No answer
ACT008281,Call,U005,,,,L01212,2026-02-20,Completed
ACT008282,Call,U005,,,,L01212,2026-09-29,No answer
ACT008283,LinkedIn,U005,,,,L01212,2026-04-15,No answer
ACT008284,Call,U005,,,,L01212,2025-09-22,Replied
ACT008285,Call,,,,,L01383,2026-09-20,Completed
ACT008286,Call,,,,,L01383,2026-09-16,Bounced
ACT008287,Email,,,,,L01383,2026-09-05,Completed
ACT008288,Email,,,,,L01383,2026-08-23,Replied
ACT008289,Email,U005,,,,L00029,2026-02-13,No answer
ACT008290,LinkedIn,,,,,L00247,2026-08-19,Bounced
ACT008291,Email,,,,,L00247,2025-12-02,Bounced
ACT008292,Call,,,,,L00247,2025-10-02,No answer
ACT008293,LinkedIn,,,,,L00247,2025-11-30,Replied
ACT008294,Call,U004,,,,L00366,2026-09-20,Replied
ACT008295,LinkedIn,U004,,,,L00366,2026-09-03,No answer
ACT008296,LinkedIn,U004,,,,L00366,2026-09-16,Replied
ACT008297,LinkedIn,U004,,,,L00366,2026-09-20,Completed
ACT008298,Call,U004,,,,L00366,2026-09-26,No answer
ACT008299,LinkedIn,U004,,,,L00752,2026-04-25,Completed
ACT008300,LinkedIn,U004,,,,L00752,2026-06-12,Bounced
ACT008301,LinkedIn,U004,,,,L00752,2026-06-19,No answer
ACT008302,Call,U005,,,,L01253,2025-09-15,Completed
ACT008303,Email,U005,,,,L01253,2026-06-29,Bounced
ACT008304,Email,U005,,,,L01253,2026-07-14,Replied
ACT008305,Email,U005,,,,L01253,2026-06-08,Replied
ACT008306,Call,U005,,,,L01253,2026-09-05,Replied
ACT008307,LinkedIn,U016,,,,L01127,2026-03-30,Bounced
ACT008308,Email,U010,,,,L00199,2026-08-24,No answer
ACT008309,Call,U004,,,,L01463,2026-05-11,Completed
ACT008310,LinkedIn,U004,,,,L01463,2026-07-25,No answer
ACT008311,LinkedIn,U004,,,,L01463,2026-07-19,No answer
ACT008312,LinkedIn,U004,,,,L01463,2026-04-03,Completed
ACT008313,Email,U004,,,,L01463,2026-04-03,Completed
ACT008314,LinkedIn,U005,,,,L01217,2026-05-30,No answer
ACT008315,LinkedIn,U005,,,,L01217,2026-06-24,No answer
ACT008316,Email,U005,,,,L01217,2026-09-23,Replied
ACT008317,LinkedIn,U005,,,,L01217,2026-05-30,Replied
ACT008318,Email,U004,,,,L00405,2026-01-15,Bounced
ACT008319,LinkedIn,U004,,,,L00405,2026-07-01,Completed
ACT008320,LinkedIn,U004,,,,L00405,2026-03-08,Replied
ACT008321,LinkedIn,U004,,,,L00405,2026-09-02,Bounced
ACT008322,Email,U004,,,,L00790,2026-10-02,Completed
ACT008323,Email,U004,,,,L00790,2026-10-07,Completed
ACT008324,Call,U004,,,,L00790,2026-09-28,Bounced
ACT008325,Email,U005,,,,L00484,2026-09-14,No answer
ACT008326,Call,U005,,,,L00484,2026-09-30,No answer
ACT008327,Email,U005,,,,L00484,2026-10-04,No answer
ACT008328,LinkedIn,U005,,,,L00484,2026-09-24,Bounced
ACT008329,LinkedIn,U005,,,,L00484,2026-09-26,No answer
ACT008330,Email,U005,,,,L00159,2026-09-14,No answer
ACT008331,Email,U005,,,,L00159,2026-09-23,Bounced
ACT008332,LinkedIn,U005,,,,L00159,2026-07-31,No answer
ACT008333,LinkedIn,U005,,,,L00159,2026-08-20,Completed
ACT008334,LinkedIn,U005,,,,L00159,2026-07-30,Replied
ACT008335,Email,U016,,,,L00316,2025-09-27,No answer
ACT008336,Call,U016,,,,L00316,2025-07-06,No answer
ACT008337,Call,U005,,,,L00257,2026-09-23,Bounced
ACT008338,Email,U005,,,,L00257,2026-06-26,Replied
ACT008339,Call,U005,,,,L00257,2026-06-12,No answer
ACT008340,Call,U005,,,,L00257,2026-06-16,Completed
ACT008341,LinkedIn,U005,,,,L00257,2026-05-16,Completed
ACT008342,LinkedIn,U005,,,,L00257,2026-08-11,Bounced
ACT008343,Email,U017,,,,L00008,2026-09-12,Bounced
ACT008344,LinkedIn,U017,,,,L00008,2026-07-30,Bounced
ACT008345,Email,U017,,,,L00008,2026-07-18,Bounced
ACT008346,Email,U017,,,,L00008,2026-09-06,Replied
ACT008347,Email,U017,,,,L00008,2026-08-06,Replied
ACT008348,LinkedIn,U017,,,,L00008,2026-09-26,No answer
ACT008349,Email,U005,,,,L01023,2026-09-30,Bounced
ACT008350,LinkedIn,U005,,,,L01023,2026-09-30,No answer
ACT008351,Email,U005,,,,L01023,2026-10-04,Completed
ACT008352,LinkedIn,U005,,,,L01023,2026-10-07,Completed
ACT008353,Email,,,,,L00385,2026-09-09,No answer
ACT008354,Call,,,,,L00385,2026-08-31,Replied
ACT008355,Call,,,,,L00385,2026-09-10,Completed
ACT008356,Email,,,,,L00385,2026-06-03,Completed
ACT008357,Call,U004,,,,L00178,2026-06-16,No answer
ACT008358,Call,U004,,,,L00178,2025-10-12,Bounced
ACT008359,Email,U004,,,,L00178,2025-11-13,Bounced
ACT008360,Call,U004,,,,L00747,2026-09-27,No answer
ACT008361,LinkedIn,U005,,,,L00315,2026-09-04,Completed
ACT008362,LinkedIn,U005,,,,L00315,2026-08-07,No answer
ACT008363,Email,U017,,,,L00358,2026-06-23,Completed
ACT008364,LinkedIn,U017,,,,L00358,2025-10-05,Replied
ACT008365,LinkedIn,U017,,,,L00358,2025-09-01,Completed
ACT008366,Email,U017,,,,L00358,2026-08-12,Bounced
ACT008367,Email,U017,,,,L00358,2025-09-06,Completed
ACT008368,Email,U017,,,,L00358,2026-06-27,Bounced
ACT008369,LinkedIn,U004,,,,L00299,2026-07-25,Bounced
ACT008370,Email,U004,,,,L00299,2026-08-21,Completed
ACT008371,LinkedIn,U004,,,,L00299,2026-05-16,No answer
ACT008372,LinkedIn,U004,,,,L00299,2026-04-26,Completed
ACT008373,LinkedIn,U004,,,,L00299,2026-05-26,Completed
ACT008374,LinkedIn,U004,,,,L00299,2026-05-26,Completed
ACT008375,LinkedIn,U017,,,,L00456,2026-06-18,Replied
ACT008376,Call,U005,,,,L00544,2025-07-19,No answer
ACT008377,Email,U005,,,,L00544,2025-06-23,Replied
ACT008378,LinkedIn,U005,,,,L00544,2026-01-31,Bounced
ACT008379,Email,U005,,,,L00544,2026-01-26,No answer
ACT008380,Email,U005,,,,L00663,2025-10-02,No answer
ACT008381,LinkedIn,U005,,,,L00663,2026-05-02,No answer
ACT008382,Email,U017,,,,L00597,2026-05-28,Completed
ACT008383,LinkedIn,U017,,,,L00597,2026-02-11,No answer
ACT008384,Email,U017,,,,L00597,2026-08-06,No answer
ACT008385,Email,U017,,,,L00597,2026-06-16,Completed
ACT008386,LinkedIn,U017,,,,L00597,2026-08-26,No answer
ACT008387,LinkedIn,U017,,,,L01474,2026-04-20,Bounced
ACT008388,LinkedIn,U005,,,,L00896,2026-05-05,Replied
ACT008389,Call,U005,,,,L00896,2026-07-15,No answer
ACT008390,Call,U005,,,,L00896,2026-04-21,Completed
ACT008391,LinkedIn,U005,,,,L00528,2026-07-08,Bounced
ACT008392,LinkedIn,U005,,,,L00528,2026-03-19,No answer
ACT008393,Email,U005,,,,L00528,2026-04-12,No answer
ACT008394,Email,U005,,,,L00528,2026-03-31,Bounced
ACT008395,Email,U004,,,,L01252,2026-01-23,No answer
ACT008396,Call,U004,,,,L01252,2026-05-15,Completed
ACT008397,LinkedIn,U004,,,,L01252,2026-02-27,No answer
ACT008398,Email,U004,,,,L01252,2026-08-13,Completed
ACT008399,Call,U004,,,,L01252,2026-07-23,Completed
ACT008400,Email,U004,,,,L01252,2026-04-25,No answer
ACT008401,Call,U011,,,,L00160,2026-09-05,Completed
ACT008402,LinkedIn,U011,,,,L00160,2026-06-05,Bounced
ACT008403,Email,U011,,,,L00160,2026-06-11,Bounced
ACT008404,LinkedIn,U011,,,,L00160,2026-09-14,Replied
ACT008405,Email,U011,,,,L00160,2026-08-30,Completed
ACT008406,Email,U010,,,,L01154,2026-08-20,Completed
ACT008407,Call,U010,,,,L01154,2026-09-14,Bounced
ACT008408,LinkedIn,U005,,,,L00361,2025-08-17,Completed
ACT008409,Call,U005,,,,L00361,2026-07-27,Replied
ACT008410,Email,U005,,,,L00361,2026-03-12,No answer
ACT008411,Call,U010,,,,L01318,2026-06-19,Bounced
ACT008412,Email,U004,,,,L00203,2026-08-23,No answer
ACT008413,Email,U004,,,,L00203,2026-08-20,No answer
ACT008414,Call,U004,,,,L00203,2026-09-05,Completed
ACT008415,LinkedIn,U004,,,,L00203,2026-09-30,No answer
ACT008416,Call,U004,,,,L00203,2026-10-05,Replied
ACT008417,LinkedIn,U004,,,,L00203,2026-09-13,No answer
ACT008418,Email,U004,,,,L01065,2026-05-22,Bounced
ACT008419,Call,U004,,,,L01065,2026-09-26,Completed
ACT008420,LinkedIn,U004,,,,L01065,2026-05-08,Replied
ACT008421,Call,U004,,,,L01065,2026-09-20,Completed
ACT008422,LinkedIn,U005,,,,L00770,2026-10-08,No answer
ACT008423,Call,U017,,,,L00113,2026-04-18,Completed
ACT008424,Email,U017,,,,L00113,2025-06-07,Completed
ACT008425,Call,U017,,,,L00113,2026-01-01,Bounced
ACT008426,LinkedIn,U017,,,,L00113,2026-07-13,No answer
ACT008427,LinkedIn,U011,,,,L00884,2026-08-16,Completed
ACT008428,LinkedIn,U011,,,,L00884,2026-09-08,Replied
ACT008429,LinkedIn,U011,,,,L00884,2026-08-25,Bounced
ACT008430,Email,U011,,,,L00884,2026-09-08,Bounced
ACT008431,Email,U011,,,,L00884,2026-09-29,Bounced
ACT008432,LinkedIn,U011,,,,L00884,2026-08-22,No answer
ACT008433,Email,U017,,,,L00308,2026-10-07,Replied
ACT008434,LinkedIn,U017,,,,L00308,2026-04-09,No answer
ACT008435,Call,U017,,,,L00308,2026-03-27,No answer
ACT008436,Email,U017,,,,L00308,2026-07-12,Bounced
ACT008437,Call,U017,,,,L00839,2026-01-22,Bounced
ACT008438,Email,U017,,,,L00839,2025-10-03,Completed
ACT008439,Call,U017,,,,L00839,2026-02-24,Completed
ACT008440,LinkedIn,U017,,,,L00839,2026-04-14,Replied
ACT008441,Call,U017,,,,L00839,2026-01-22,Completed
ACT008442,Email,U010,,,,L00423,2026-08-30,No answer
ACT008443,Call,U010,,,,L00423,2026-04-02,Completed
ACT008444,LinkedIn,U005,,,,L01371,2026-10-07,No answer
ACT008445,LinkedIn,U005,,,,L01371,2026-10-02,Replied
ACT008446,Email,U005,,,,L01371,2026-09-19,Replied
ACT008447,LinkedIn,U005,,,,L01371,2026-08-19,Replied
ACT008448,LinkedIn,U005,,,,L01371,2026-09-03,Replied
ACT008449,LinkedIn,U005,,,,L01371,2026-08-25,Replied
ACT008450,Call,U010,,,,L01426,2026-02-01,Bounced
ACT008451,Email,U010,,,,L01426,2026-07-12,Bounced
ACT008452,LinkedIn,U005,,,,L01169,2026-06-10,No answer
ACT008453,Email,U005,,,,L01169,2026-07-22,Replied
ACT008454,Call,U016,,,,L00460,2026-09-16,Replied
ACT008455,LinkedIn,U004,,,,L00973,2025-08-12,Replied
ACT008456,LinkedIn,U004,,,,L00973,2026-09-29,Completed
ACT008457,Email,U004,,,,L00973,2025-09-21,Bounced
ACT008458,LinkedIn,U017,,,,L01293,2026-05-13,No answer
ACT008459,Call,U017,,,,L01293,2026-06-04,Completed
ACT008460,Call,U017,,,,L01293,2026-08-08,No answer
ACT008461,Call,U017,,,,L01293,2026-08-13,No answer
ACT008462,Call,U010,,,,L00814,2026-03-05,Replied
ACT008463,Email,U010,,,,L00814,2026-09-29,Bounced
ACT008464,Email,U010,,,,L00814,2025-12-08,No answer
ACT008465,Email,U010,,,,L00814,2025-12-08,Completed
ACT008466,Email,U005,,,,L01347,2026-06-13,Completed
ACT008467,Email,U005,,,,L01347,2026-07-08,Bounced
ACT008468,LinkedIn,U004,,,,L00450,2026-09-18,Bounced
ACT008469,Email,U004,,,,L00450,2026-09-08,No answer
ACT008470,LinkedIn,U017,,,,L01171,2025-12-02,Completed
ACT008471,Call,U017,,,,L01171,2026-06-08,Completed
ACT008472,LinkedIn,U017,,,,L01171,2026-04-07,No answer
ACT008473,LinkedIn,U004,,,,L00680,2026-09-30,No answer
ACT008474,Email,U004,,,,L00680,2026-09-24,Replied
ACT008475,Email,U005,,,,L00693,2025-11-10,Replied
ACT008476,LinkedIn,U004,,,,L01181,2026-05-10,Bounced
ACT008477,Call,U004,,,,L01181,2026-08-30,No answer
ACT008478,Email,U017,,,,L00081,2026-04-01,No answer
ACT008479,Email,U017,,,,L00081,2026-08-22,Bounced
ACT008480,LinkedIn,U017,,,,L00081,2026-07-07,Completed
ACT008481,Email,U017,,,,L00081,2025-12-17,No answer
ACT008482,Call,U017,,,,L00081,2026-01-31,No answer
ACT008483,Email,U004,,,,L01307,2026-04-13,Completed
ACT008484,Email,U005,,,,L01367,2025-10-03,Bounced
ACT008485,Call,U005,,,,L01367,2026-07-02,No answer
ACT008486,Email,U005,,,,L01367,2026-09-06,No answer
ACT008487,Call,U005,,,,L01367,2026-01-15,Completed
ACT008488,Email,U005,,,,L01358,2026-10-02,Bounced
ACT008489,LinkedIn,U005,,,,L01358,2026-07-14,Completed
ACT008490,LinkedIn,U005,,,,L01358,2026-02-05,Replied
ACT008491,LinkedIn,U011,,,,L00216,2026-08-08,Replied
ACT008492,LinkedIn,U010,,,,L00949,2026-04-09,Replied
ACT008493,Email,U005,,,,L00031,2026-10-07,No answer
ACT008494,LinkedIn,U005,,,,L00031,2026-10-05,Replied
ACT008495,Call,U005,,,,L00031,2026-10-04,Replied
ACT008496,Call,U005,,,,L00031,2026-10-08,Completed
ACT008497,LinkedIn,U005,,,,L00031,2026-10-07,Completed
ACT008498,LinkedIn,U011,,,,L00243,2026-06-19,No answer
ACT008499,Email,U011,,,,L00243,2026-05-26,Bounced
ACT008500,Email,U011,,,,L00243,2025-08-27,No answer
ACT008501,Call,U004,,,,L00978,2026-02-14,Replied
ACT008502,Email,U004,,,,L00642,2026-09-29,Completed
ACT008503,LinkedIn,U004,,,,L00642,2026-08-04,No answer
ACT008504,Email,U005,,,,L00697,2025-12-12,No answer
ACT008505,Email,U005,,,,L00697,2026-02-13,Replied
ACT008506,LinkedIn,U005,,,,L00697,2026-07-26,Completed
ACT008507,Email,U005,,,,L00697,2026-07-12,Completed
ACT008508,Email,U005,,,,L00697,2025-05-06,Completed
ACT008509,LinkedIn,U005,,,,L00697,2026-06-05,No answer
ACT008510,Call,U005,,,,L00210,2026-03-12,No answer
ACT008511,Call,U005,,,,L00210,2026-09-10,No answer
ACT008512,Call,U005,,,,L00210,2026-01-05,Completed
ACT008513,LinkedIn,U005,,,,L00210,2026-05-07,Bounced
ACT008514,Email,U005,,,,L00210,2026-09-04,Completed
ACT008515,LinkedIn,U016,,,,L01410,2026-09-24,Replied
ACT008516,Call,U016,,,,L01410,2026-02-19,Completed
ACT008517,Call,U016,,,,L01410,2026-09-07,No answer
ACT008518,LinkedIn,U016,,,,L01410,2026-05-24,Bounced
ACT008519,Call,U016,,,,L01410,2026-01-24,Completed
ACT008520,LinkedIn,U016,,,,L01410,2026-03-03,Completed
ACT008521,LinkedIn,U010,,,,L00771,2026-06-21,Bounced
ACT008522,LinkedIn,U010,,,,L00771,2026-05-29,Completed
ACT008523,Call,U010,,,,L00771,2026-08-01,No answer
ACT008524,LinkedIn,U004,,,,L00753,2026-02-22,Completed
ACT008525,Call,U004,,,,L00753,2025-10-21,No answer
ACT008526,Email,U004,,,,L00753,2025-06-19,Bounced
ACT008527,Call,U004,,,,L00753,2026-03-26,Replied
ACT008528,Email,U005,,,,L01303,2026-08-05,Completed
ACT008529,Email,U005,,,,L01303,2026-05-02,Completed
ACT008530,Call,U005,,,,L01303,2026-09-03,Completed
ACT008531,LinkedIn,U005,,,,L01303,2026-09-11,Completed
ACT008532,Email,U005,,,,L01303,2026-08-31,Replied
ACT008533,Email,U005,,,,L00436,2026-07-06,Replied
ACT008534,Call,U005,,,,L00436,2026-04-09,Bounced
ACT008535,Call,U005,,,,L00436,2026-03-21,No answer
ACT008536,LinkedIn,U005,,,,L00436,2026-09-28,Completed
ACT008537,Call,U005,,,,L00436,2025-12-12,No answer
ACT008538,Call,U005,,,,L00436,2026-03-14,Completed
ACT008539,Email,U005,,,,L01310,2026-06-17,Completed
ACT008540,LinkedIn,,,,,L01402,2026-08-13,No answer
ACT008541,Email,U017,,,,L01405,2026-03-27,Bounced
ACT008542,Call,U017,,,,L01405,2026-09-11,Completed
ACT008543,Email,U017,,,,L01405,2026-01-03,No answer
ACT008544,LinkedIn,U005,,,,L01365,2026-05-26,Replied
ACT008545,Call,U010,,,,L00689,2026-09-05,Replied
ACT008546,LinkedIn,U010,,,,L00689,2026-09-12,Completed
ACT008547,Call,U010,,,,L00689,2026-08-07,Completed
ACT008548,LinkedIn,U011,,,,L00552,2026-10-08,Replied
ACT008549,Email,U005,,,,L00545,2026-09-17,Completed
ACT008550,LinkedIn,U005,,,,L00545,2026-10-07,No answer
ACT008551,Call,U005,,,,L00545,2026-05-13,No answer
ACT008552,LinkedIn,U005,,,,L01043,2026-09-12,Completed
ACT008553,LinkedIn,U004,,,,L01050,2026-05-07,Bounced
ACT008554,LinkedIn,U005,,,,L00857,2026-07-24,Completed
ACT008555,Email,U005,,,,L00857,2025-12-21,No answer
ACT008556,Email,U004,,,,L01196,2025-11-19,No answer
ACT008557,Call,U004,,,,L01196,2026-05-25,Completed
ACT008558,Email,U004,,,,L01196,2026-07-31,No answer
ACT008559,Email,U004,,,,L01196,2025-11-04,Replied
ACT008560,Email,U004,,,,L00404,2026-06-23,Completed
ACT008561,Call,U004,,,,L00404,2026-06-11,Completed
ACT008562,Email,U004,,,,L00404,2025-08-16,Completed
ACT008563,Call,U004,,,,L00404,2026-07-11,Replied
ACT008564,LinkedIn,U004,,,,L00404,2026-07-23,No answer
ACT008565,Email,U004,,,,L00404,2025-08-17,Bounced
ACT008566,Call,U004,,,,L01478,2026-03-29,No answer
ACT008567,Call,U004,,,,L00363,2026-05-06,Replied
ACT008568,LinkedIn,U004,,,,L00363,2026-06-09,Bounced
ACT008569,Email,U004,,,,L00363,2026-04-18,Replied
ACT008570,Email,U004,,,,L00363,2026-05-15,Bounced
ACT008571,Email,U004,,,,L00272,2026-02-14,Replied
ACT008572,LinkedIn,U004,,,,L00467,2026-06-16,No answer
ACT008573,LinkedIn,U004,,,,L00467,2026-05-02,Replied
ACT008574,Call,U004,,,,L00467,2026-08-31,Completed
ACT008575,Email,U004,,,,L00467,2026-06-10,Bounced
ACT008576,Call,U004,,,,L00467,2025-12-19,Bounced
ACT008577,LinkedIn,U004,,,,L00467,2026-04-06,Completed
ACT008578,Call,U017,,,,L01335,2026-10-06,Completed
ACT008579,Call,U017,,,,L01335,2026-08-22,Bounced
ACT008580,Call,U017,,,,L01335,2026-10-06,Replied
ACT008581,Call,U017,,,,L01335,2026-08-18,Completed
ACT008582,Call,U017,,,,L01335,2026-09-25,No answer
ACT008583,Email,U005,,,,L01480,2025-11-28,No answer
ACT008584,Email,U005,,,,L01480,2025-10-17,Completed
ACT008585,LinkedIn,U005,,,,L01480,2025-07-29,Bounced
ACT008586,Email,U005,,,,L01480,2025-07-12,Bounced
ACT008587,Email,U005,,,,L01480,2025-07-07,Replied
ACT008588,Call,U005,,,,L01480,2026-05-29,Replied
ACT008589,LinkedIn,U005,,,,L00931,2026-09-24,Completed
ACT008590,Email,U010,,,,L00278,2026-01-21,Bounced
ACT008591,Call,U010,,,,L00278,2025-10-07,Completed
ACT008592,LinkedIn,U010,,,,L00278,2025-11-02,Bounced
ACT008593,Call,U010,,,,L00278,2025-09-09,Replied
ACT008594,LinkedIn,U011,,,,L01333,2026-08-23,No answer
ACT008595,Email,U011,,,,L01333,2026-10-03,Bounced
ACT008596,LinkedIn,U011,,,,L01333,2026-09-10,Completed
ACT008597,LinkedIn,U016,,,,L01420,2026-10-06,No answer
ACT008598,Call,U016,,,,L01420,2026-10-02,No answer
ACT008599,Email,U016,,,,L01420,2026-10-06,No answer
ACT008600,Email,U016,,,,L01420,2026-10-01,Completed
ACT008601,Email,U016,,,,L01420,2026-10-08,Completed
ACT008602,LinkedIn,U016,,,,L01420,2026-10-07,Bounced
ACT008603,LinkedIn,U004,,,,L00955,2026-08-28,No answer
ACT008604,Call,U004,,,,L00955,2026-07-17,Replied
ACT008605,LinkedIn,U004,,,,L00955,2026-06-01,Bounced
ACT008606,LinkedIn,U004,,,,L00955,2026-06-17,No answer
ACT008607,Email,U005,,,,L00442,2026-04-13,Replied
ACT008608,LinkedIn,U005,,,,L00442,2026-03-17,Replied
ACT008609,Call,U005,,,,L00442,2026-10-03,Bounced
ACT008610,Email,U005,,,,L00442,2026-05-01,Bounced
ACT008611,Call,U005,,,,L00442,2026-08-28,Bounced
ACT008612,Email,U005,,,,L00982,2026-05-10,Bounced
ACT008613,Email,U005,,,,L00982,2026-01-28,Bounced
ACT008614,Email,U005,,,,L00982,2026-06-25,Bounced
ACT008615,Call,U011,,,,L00787,2026-06-30,Bounced
ACT008616,Call,U011,,,,L00787,2026-04-22,Replied
ACT008617,Call,U011,,,,L00787,2026-10-04,No answer
ACT008618,Email,U011,,,,L00787,2026-08-05,No answer
ACT008619,Call,U011,,,,L00787,2026-02-04,Completed
ACT008620,Call,U011,,,,L00787,2026-04-09,Replied
ACT008621,Call,U004,,,,L01151,2026-08-11,Replied
ACT008622,Call,U004,,,,L01151,2026-07-11,Bounced
ACT008623,Email,U004,,,,L01151,2026-09-12,Completed
ACT008624,Call,U004,,,,L01151,2026-05-01,Bounced
ACT008625,Call,U004,,,,L01151,2026-09-02,Bounced
ACT008626,Email,U004,,,,L01151,2026-05-28,No answer
ACT008627,Email,U005,,,,L00443,2026-08-01,Completed
ACT008628,Call,U005,,,,L00443,2026-08-30,Completed
ACT008629,Call,U005,,,,L00443,2026-10-08,Replied
ACT008630,Email,U005,,,,L00443,2026-07-04,Bounced
ACT008631,Call,U016,,,,L00300,2026-08-25,No answer
ACT008632,LinkedIn,U016,,,,L00300,2026-09-08,No answer
ACT008633,Email,U011,,,,L00934,2026-01-22,Bounced
ACT008634,Email,U011,,,,L00376,2026-01-02,No answer
ACT008635,Email,U011,,,,L00376,2025-06-16,Bounced
ACT008636,LinkedIn,U011,,,,L00376,2026-03-10,Bounced
ACT008637,Call,U011,,,,L00376,2025-10-07,Replied
ACT008638,LinkedIn,U004,,,,L01233,2026-09-13,Bounced
ACT008639,LinkedIn,U004,,,,L01233,2026-04-14,Completed
ACT008640,LinkedIn,U004,,,,L01233,2026-04-25,Replied
ACT008641,Email,U004,,,,L01233,2026-08-02,Replied
ACT008642,Call,U005,,,,L01119,2025-09-02,Bounced
ACT008643,Call,U005,,,,L01119,2026-05-28,Bounced
ACT008644,LinkedIn,U004,,,,L01477,2026-10-06,No answer
ACT008645,LinkedIn,U005,,,,L00983,2026-10-08,Replied
ACT008646,Call,U005,,,,L00983,2026-08-29,No answer
ACT008647,Call,U005,,,,L00983,2026-09-20,Replied
ACT008648,LinkedIn,U005,,,,L00983,2026-09-25,Bounced
ACT008649,LinkedIn,U005,,,,L00983,2026-08-31,Completed
ACT008650,Call,U016,,,,L00473,2025-10-18,Bounced
ACT008651,Call,U016,,,,L00473,2025-09-07,Completed
ACT008652,Email,U016,,,,L00473,2026-03-05,No answer
ACT008653,Email,U016,,,,L00473,2025-10-04,No answer
ACT008654,LinkedIn,U011,,,,L00876,2025-07-11,Bounced
ACT008655,LinkedIn,U011,,,,L00876,2026-06-27,Replied
ACT008656,Call,U011,,,,L00876,2026-01-08,Completed
ACT008657,Call,U004,,,,L00564,2026-09-14,Bounced
ACT008658,Call,U004,,,,L00564,2026-10-08,No answer
ACT008659,Call,U004,,,,L00564,2026-10-03,No answer
ACT008660,Call,U004,,,,L00564,2026-09-22,Replied
ACT008661,Email,U004,,,,L00564,2026-09-30,Replied
ACT008662,Call,U016,,,,L01369,2026-08-09,Completed
ACT008663,Email,U004,,,,L00751,2026-08-23,Bounced
ACT008664,Email,U004,,,,L00751,2026-04-14,Completed
ACT008665,Call,U004,,,,L00751,2026-07-17,No answer
ACT008666,Email,U005,,,,L00389,2026-10-02,No answer
ACT008667,LinkedIn,U017,,,,L00023,2026-03-07,Completed
ACT008668,LinkedIn,U017,,,,L00023,2026-04-26,Completed
ACT008669,LinkedIn,U017,,,,L00023,2026-08-16,No answer
ACT008670,LinkedIn,U017,,,,L00023,2026-09-28,Completed
ACT008671,Email,U017,,,,L00023,2026-02-24,No answer
ACT008672,Call,U017,,,,L00023,2026-09-07,Bounced
ACT008673,Email,U010,,,,L00821,2026-05-26,No answer
ACT008674,Email,U010,,,,L00821,2026-10-05,Completed
ACT008675,Email,U010,,,,L00821,2026-06-20,Completed
ACT008676,LinkedIn,U010,,,,L00821,2026-05-08,Completed
ACT008677,Email,U010,,,,L00821,2026-08-04,Replied
ACT008678,Email,U005,,,,L00125,2025-10-21,Replied
ACT008679,Call,U005,,,,L00125,2026-05-29,Bounced
ACT008680,Email,U005,,,,L00125,2026-04-02,Replied
ACT008681,Email,U005,,,,L00424,2026-09-20,Replied
ACT008682,Email,U005,,,,L00424,2026-09-22,No answer
ACT008683,LinkedIn,U005,,,,L00424,2026-10-03,Replied
ACT008684,Email,U005,,,,L00424,2026-05-19,Replied
ACT008685,Email,U017,,,,L00774,2026-02-24,Bounced
ACT008686,LinkedIn,U010,,,,L01343,2025-07-14,Bounced
ACT008687,Call,U010,,,,L01343,2025-09-05,Completed
ACT008688,Call,U010,,,,L01343,2025-12-07,No answer
ACT008689,Call,U010,,,,L01343,2025-12-12,No answer
ACT008690,Call,U010,,,,L01343,2025-09-12,Completed
ACT008691,Email,U010,,,,L01343,2026-09-28,Completed
ACT008692,Call,U016,,,,L00471,2026-02-18,Completed
ACT008693,LinkedIn,U005,,,,L00722,2026-01-20,Bounced
ACT008694,Call,U005,,,,L00722,2026-03-16,No answer
ACT008695,Email,U005,,,,L01028,2026-02-18,No answer
ACT008696,LinkedIn,U005,,,,L01028,2025-12-21,Bounced
ACT008697,LinkedIn,U005,,,,L01028,2025-07-23,Completed
ACT008698,LinkedIn,U005,,,,L01028,2026-07-31,No answer
ACT008699,Call,U005,,,,L01028,2025-11-17,Replied
ACT008700,Call,U004,,,,L01497,2026-08-07,Bounced
ACT008701,Call,U004,,,,L01497,2026-04-29,No answer
ACT008702,Call,U016,,,,L00143,2026-09-28,Completed
ACT008703,LinkedIn,U016,,,,L00143,2026-10-06,Completed
ACT008704,Email,U016,,,,L00143,2026-09-26,Bounced
ACT008705,Call,U016,,,,L00143,2026-09-29,No answer
ACT008706,Call,U016,,,,L00051,2026-03-05,Bounced
ACT008707,Email,U016,,,,L00051,2025-12-12,Replied
ACT008708,Email,U016,,,,L00051,2026-08-19,Replied
ACT008709,Call,U004,,,,L01397,2025-05-25,Bounced
ACT008710,LinkedIn,U004,,,,L01397,2026-02-16,Replied
ACT008711,Email,U004,,,,L01397,2026-03-31,Completed
ACT008712,Email,U004,,,,L01397,2026-06-07,No answer
ACT008713,LinkedIn,U004,,,,L01397,2026-03-31,Replied
ACT008714,Email,U004,,,,L01397,2025-09-15,Completed
ACT008715,Call,U004,,,,L01435,2025-07-05,Completed
ACT008716,Email,U004,,,,L01435,2025-11-30,Replied
ACT008717,LinkedIn,U004,,,,L01435,2026-04-17,No answer
ACT008718,LinkedIn,U004,,,,L01435,2026-03-21,Bounced
ACT008719,LinkedIn,U016,,,,L00624,2026-08-20,Completed
ACT008720,LinkedIn,U016,,,,L00624,2025-12-11,Bounced
ACT008721,Email,U016,,,,L00624,2025-12-16,No answer
ACT008722,LinkedIn,U016,,,,L00624,2025-11-13,Replied
ACT008723,Call,U017,,,,L01086,2026-10-06,No answer
ACT008724,Call,U017,,,,L01086,2026-10-02,Replied
ACT008725,Email,U017,,,,L01086,2026-10-08,Completed
ACT008726,LinkedIn,U017,,,,L01086,2026-10-05,Completed
ACT008727,Email,U010,,,,L00082,2026-08-09,Bounced
ACT008728,Call,U010,,,,L00082,2026-06-30,Completed
ACT008729,Call,U010,,,,L00082,2026-09-11,No answer
ACT008730,LinkedIn,U010,,,,L00082,2026-05-29,No answer
ACT008731,Call,U010,,,,L00082,2026-10-05,No answer
ACT008732,LinkedIn,U010,,,,L00082,2026-04-10,Replied
ACT008733,LinkedIn,U017,,,,L00704,2026-10-02,No answer
ACT008734,Email,U017,,,,L00704,2026-09-23,Bounced
ACT008735,Email,U017,,,,L00704,2026-09-21,Replied
ACT008736,LinkedIn,U017,,,,L00704,2026-10-03,Replied
ACT008737,LinkedIn,U017,,,,L00704,2026-09-27,Replied
ACT008738,LinkedIn,U017,,,,L00704,2026-09-23,Completed
ACT008739,Email,U016,,,,L00483,2026-06-28,Replied
ACT008740,Email,U016,,,,L00483,2026-09-15,Completed
ACT008741,Email,U016,,,,L00483,2026-08-13,No answer
ACT008742,LinkedIn,U016,,,,L00483,2026-03-16,Completed
ACT008743,LinkedIn,U016,,,,L00483,2026-08-18,Replied
ACT008744,Email,U016,,,,L00483,2026-10-02,No answer
ACT008745,LinkedIn,U005,,,,L00322,2026-09-17,Completed
ACT008746,LinkedIn,U005,,,,L00322,2026-02-06,No answer
ACT008747,Email,U010,,,,L01248,2026-08-03,Completed
ACT008748,LinkedIn,U004,,,,L00506,2026-07-14,Replied
ACT008749,LinkedIn,U004,,,,L01492,2026-03-18,Bounced
ACT008750,Email,U004,,,,L01492,2026-04-11,Replied
ACT008751,LinkedIn,U005,,,,L00067,2025-09-01,Replied
ACT008752,LinkedIn,U005,,,,L00067,2026-06-11,Replied
ACT008753,LinkedIn,U005,,,,L00067,2026-01-11,No answer
ACT008754,Email,U005,,,,L00067,2026-09-07,No answer
ACT008755,LinkedIn,U016,,,,L01320,2026-09-10,Completed
ACT008756,LinkedIn,U016,,,,L01320,2026-01-13,Completed
ACT008757,Email,U016,,,,L01320,2026-09-11,Replied
ACT008758,LinkedIn,U016,,,,L01320,2025-12-06,No answer
ACT008759,LinkedIn,U004,,,,L01324,2026-08-16,No answer
ACT008760,LinkedIn,U004,,,,L01324,2026-08-28,No answer
ACT008761,Email,U004,,,,L01324,2025-08-05,Bounced
ACT008762,LinkedIn,U004,,,,L01324,2025-12-26,Bounced
ACT008763,Call,U004,,,,L01324,2026-07-26,Replied
ACT008764,LinkedIn,U004,,,,L00802,2025-08-30,Bounced
ACT008765,LinkedIn,U004,,,,L00802,2025-08-23,No answer
ACT008766,Email,U004,,,,L00802,2025-10-03,Bounced
ACT008767,Email,U004,,,,L00802,2026-04-15,No answer
ACT008768,Call,U005,,,,L01279,2026-09-01,Replied
ACT008769,Email,U005,,,,L01279,2026-05-08,Bounced
ACT008770,Email,U005,,,,L01279,2026-02-11,Bounced
ACT008771,Call,U005,,,,L01279,2026-01-06,Bounced
ACT008772,Call,U005,,,,L01279,2026-06-18,Bounced
ACT008773,Email,U005,,,,L01279,2026-06-08,Completed
ACT008774,LinkedIn,U017,,,,L00032,2026-07-15,Replied
ACT008775,LinkedIn,U017,,,,L00032,2026-03-25,Replied
ACT008776,LinkedIn,U017,,,,L00032,2026-01-03,Completed
ACT008777,Email,U016,,,,L00796,2026-07-17,Replied
ACT008778,Email,U017,,,,L00418,2026-01-07,Replied
ACT008779,Email,U017,,,,L00418,2025-08-13,Bounced
ACT008780,Email,U017,,,,L00418,2026-07-10,Completed
ACT008781,LinkedIn,U005,,,,L00633,2026-09-05,Replied
ACT008782,LinkedIn,U005,,,,L00633,2026-09-19,Completed
ACT008783,LinkedIn,U005,,,,L00633,2026-01-04,Bounced
ACT008784,Email,U005,,,,L00633,2026-09-02,Bounced
ACT008785,LinkedIn,U005,,,,L00633,2026-01-23,Replied
ACT008786,LinkedIn,U005,,,,L00633,2026-06-24,Bounced
ACT008787,Email,U010,,,,L01073,2026-04-23,Bounced
ACT008788,Email,U010,,,,L01073,2026-08-13,Replied
ACT008789,LinkedIn,U010,,,,L01073,2026-07-24,No answer
ACT008790,LinkedIn,U017,,,,L00065,2026-08-04,Bounced
ACT008791,Call,U004,,,,L00140,2026-09-28,Completed
ACT008792,LinkedIn,U004,,,,L00140,2026-08-14,Replied
ACT008793,LinkedIn,U004,,,,L00140,2026-09-15,Completed
ACT008794,LinkedIn,U004,,,,L00140,2026-08-18,No answer
ACT008795,Call,U004,,,,L00140,2026-08-31,Replied
ACT008796,Call,U005,,,,L01388,2026-02-09,Replied
ACT008797,LinkedIn,U005,,,,L01388,2026-02-06,No answer
ACT008798,Call,U005,,,,L01199,2026-07-04,No answer
ACT008799,LinkedIn,U005,,,,L01199,2026-03-11,Bounced
ACT008800,Email,U005,,,,L01199,2026-01-26,Completed
ACT008801,LinkedIn,U004,,,,L00078,2026-09-30,Completed
ACT008802,Call,U005,,,,L00492,2026-04-30,Completed
ACT008803,Email,U005,,,,L00492,2026-09-03,No answer
ACT008804,LinkedIn,U005,,,,L01055,2026-09-12,Replied
ACT008805,Call,U005,,,,L01055,2026-09-18,No answer
ACT008806,Call,U005,,,,L01055,2026-09-11,No answer
ACT008807,Call,U005,,,,L01055,2026-09-25,Bounced
ACT008808,LinkedIn,,,,,L01191,2025-12-04,Replied
ACT008809,Email,,,,,L01191,2026-08-14,Completed
ACT008810,LinkedIn,,,,,L01191,2026-03-04,No answer
ACT008811,Email,,,,,L01191,2026-10-06,Completed
ACT008812,Call,,,,,L01191,2026-02-26,Replied
ACT008813,Call,,,,,L01191,2026-03-21,Bounced
ACT008814,LinkedIn,U005,,,,L00533,2026-02-24,No answer
ACT008815,Email,U005,,,,L00533,2026-08-12,No answer
ACT008816,LinkedIn,U005,,,,L00533,2026-02-26,No answer
ACT008817,LinkedIn,U010,,,,L00066,2026-08-16,Bounced
ACT008818,Email,U010,,,,L00066,2026-04-04,Completed
ACT008819,LinkedIn,U010,,,,L00066,2026-01-30,Replied
ACT008820,LinkedIn,U010,,,,L00066,2026-09-15,Replied
ACT008821,Call,U010,,,,L00066,2026-05-12,Bounced
ACT008822,LinkedIn,U005,,,,L01260,2026-09-25,Replied
ACT008823,Call,U005,,,,L01260,2026-06-27,Completed
ACT008824,LinkedIn,U005,,,,L01260,2026-06-12,Replied
ACT008825,Call,U016,,,,L00902,2026-07-07,Completed
ACT008826,LinkedIn,U016,,,,L00902,2026-08-13,Completed
ACT008827,LinkedIn,U016,,,,L00902,2026-08-30,Bounced
ACT008828,Call,U005,,,,L01348,2026-09-10,Replied
ACT008829,Call,U005,,,,L01348,2026-10-05,Bounced
ACT008830,Call,U005,,,,L01348,2026-09-25,Replied
ACT008831,Email,U005,,,,L01348,2026-08-19,Replied
ACT008832,LinkedIn,U005,,,,L01348,2026-08-19,Completed
ACT008833,LinkedIn,U005,,,,L01348,2026-09-10,Replied
ACT008834,Call,U011,,,,L00297,2025-12-14,Replied
ACT008835,Email,U011,,,,L00297,2026-02-08,Bounced
ACT008836,Call,U011,,,,L00297,2026-02-10,Replied
ACT008837,Email,U011,,,,L00297,2026-06-19,Bounced
ACT008838,Email,U011,,,,L00297,2026-10-06,Bounced
ACT008839,Email,U011,,,,L00297,2026-05-10,No answer
ACT008840,LinkedIn,U005,,,,L00592,2025-10-19,No answer
ACT008841,LinkedIn,U005,,,,L00592,2025-08-27,Completed
ACT008842,LinkedIn,U010,,,,L00420,2025-10-17,Replied
ACT008843,LinkedIn,U010,,,,L00420,2025-10-25,Bounced
ACT008844,Call,U010,,,,L00420,2026-07-18,Bounced
ACT008845,Email,U010,,,,L00420,2025-11-09,No answer
ACT008846,LinkedIn,U017,,,,L00768,2026-10-05,Replied
ACT008847,Call,U017,,,,L00768,2026-04-17,No answer
ACT008848,Call,U017,,,,L00768,2026-08-01,No answer
ACT008849,Email,U017,,,,L00768,2026-06-10,Completed
ACT008850,Email,U005,,,,L00439,2025-12-13,No answer
ACT008851,Email,U005,,,,L00439,2026-03-15,Completed
ACT008852,LinkedIn,U005,,,,L00439,2026-07-03,No answer
ACT008853,Call,U005,,,,L00439,2026-09-21,Completed
ACT008854,LinkedIn,U005,,,,L00439,2026-01-30,Bounced
ACT008855,LinkedIn,U005,,,,L00439,2026-01-03,Replied
ACT008856,Email,U005,,,,L00262,2026-05-15,No answer
ACT008857,Call,U005,,,,L00262,2026-02-21,Replied
ACT008858,LinkedIn,U005,,,,L00262,2026-02-26,Replied
ACT008859,LinkedIn,U005,,,,L00262,2026-06-22,Bounced
ACT008860,Email,U005,,,,L00262,2026-05-28,Completed
ACT008861,LinkedIn,U005,,,,L00262,2025-05-02,Bounced
ACT008862,Call,U004,,,,L01223,2026-09-10,No answer
ACT008863,Call,U004,,,,L01223,2026-06-23,No answer
ACT008864,Email,U004,,,,L01223,2026-07-09,Completed
ACT008865,Email,U005,,,,L00725,2026-09-17,Replied
ACT008866,Call,U005,,,,L00725,2026-03-29,Completed
ACT008867,Email,U010,,,,L01386,2026-06-01,Bounced
ACT008868,LinkedIn,U010,,,,L01386,2026-08-30,Completed
ACT008869,LinkedIn,U005,,,,L00282,2026-06-26,Bounced
ACT008870,LinkedIn,U005,,,,L00282,2026-08-11,No answer
ACT008871,Call,U005,,,,L00282,2026-06-11,Replied
ACT008872,LinkedIn,,,,,L00627,2026-09-29,Bounced
ACT008873,Email,U004,,,,L01014,2026-06-19,Bounced
ACT008874,Call,U004,,,,L01014,2026-09-12,Bounced
ACT008875,Call,U004,,,,L01014,2026-06-21,No answer
ACT008876,Call,U004,,,,L01089,2026-09-14,Completed
ACT008877,Email,U004,,,,L01089,2026-06-19,No answer
ACT008878,Email,U004,,,,L01449,2026-08-19,Replied
ACT008879,Call,U004,,,,L01449,2026-07-12,Replied
ACT008880,Email,U004,,,,L01449,2026-09-11,Completed
ACT008881,Call,U004,,,,L01449,2026-08-06,No answer
ACT008882,LinkedIn,U017,,,,L00189,2026-03-07,No answer
ACT008883,LinkedIn,U017,,,,L00189,2026-03-17,Bounced
ACT008884,Call,U017,,,,L00189,2026-05-03,Bounced
ACT008885,Email,U017,,,,L00189,2026-01-21,No answer
ACT008886,LinkedIn,U017,,,,L00189,2026-10-07,Replied
ACT008887,Call,U017,,,,L00189,2026-05-27,Completed
ACT008888,LinkedIn,U004,,,,L01203,2026-01-15,Completed
ACT008889,Email,U004,,,,L01203,2026-06-10,Replied
ACT008890,LinkedIn,U004,,,,L01203,2025-07-14,Bounced
ACT008891,Call,U004,,,,L01203,2025-07-13,No answer
ACT008892,Call,U016,,,,L00252,2026-05-30,Completed
ACT008893,Email,U016,,,,L00584,2026-08-16,No answer
ACT008894,Email,U016,,,,L01035,2026-08-01,Bounced
ACT008895,LinkedIn,U016,,,,L01035,2026-08-18,Bounced
ACT008896,LinkedIn,U016,,,,L01035,2026-07-04,No answer
ACT008897,LinkedIn,U016,,,,L01035,2026-10-03,Completed
ACT008898,Email,U016,,,,L01035,2026-08-09,Bounced
ACT008899,Call,U016,,,,L01035,2026-08-20,Replied
ACT008900,Email,U005,,,,L01354,2026-09-29,No answer
ACT008901,Call,U005,,,,L01354,2025-08-08,Replied
ACT008902,Email,U004,,,,L00993,2025-12-29,Bounced
ACT008903,Email,U004,,,,L00515,2026-04-05,Replied
ACT008904,LinkedIn,U004,,,,L00515,2026-04-30,Bounced
ACT008905,Call,U004,,,,L00515,2026-03-02,Bounced
ACT008906,LinkedIn,U004,,,,L00515,2026-03-30,Completed
ACT008907,Call,U004,,,,L00515,2026-08-02,Replied
ACT008908,LinkedIn,,,,,L01099,2026-01-31,No answer
ACT008909,Call,,,,,L01099,2026-03-11,Replied
ACT008910,LinkedIn,,,,,L01099,2026-02-12,Completed
ACT008911,Call,,,,,L01099,2026-10-06,Bounced
ACT008912,Email,U017,,,,L01098,2025-11-03,Replied
ACT008913,Call,U017,,,,L01098,2026-10-04,Bounced
ACT008914,Call,U017,,,,L01098,2026-05-01,Completed
ACT008915,LinkedIn,U017,,,,L01098,2026-09-29,Bounced
ACT008916,LinkedIn,U017,,,,L01098,2025-11-04,Completed
ACT008917,Call,U017,,,,L01098,2026-07-03,Completed
ACT008918,Call,U004,,,,L01446,2026-01-27,Bounced
ACT008919,Call,U004,,,,L01446,2026-01-22,Replied
ACT008920,Email,U011,,,,L00707,2026-04-04,Replied
ACT008921,Email,U011,,,,L00707,2025-11-14,Bounced
ACT008922,Call,U011,,,,L00707,2025-05-27,Bounced
ACT008923,Call,U011,,,,L00707,2025-05-04,Completed
ACT008924,Call,U011,,,,L00707,2025-07-11,Replied
ACT008925,Call,U004,,,,L00488,2026-10-08,Replied
ACT008926,Email,U004,,,,L00488,2026-08-27,No answer
ACT008927,Call,U016,,,,L00664,2026-10-01,Bounced
ACT008928,LinkedIn,U016,,,,L00664,2026-07-03,Completed
ACT008929,LinkedIn,U016,,,,L00664,2026-08-13,Replied
ACT008930,Email,U016,,,,L00664,2026-09-20,Bounced
ACT008931,Call,U016,,,,L00664,2026-07-07,Bounced
ACT008932,Email,U004,,,,L01135,2026-09-24,Bounced
ACT008933,Call,U004,,,,L01135,2026-01-17,No answer
ACT008934,Email,U004,,,,L01135,2026-03-30,No answer
ACT008935,Call,U004,,,,L01135,2026-03-20,Bounced
ACT008936,Email,U010,,,,L01143,2026-09-29,No answer
ACT008937,Email,U010,,,,L01143,2026-04-21,Replied
ACT008938,Email,U010,,,,L01143,2026-04-08,No answer
ACT008939,Email,U010,,,,L01143,2026-05-25,Replied
ACT008940,Email,U010,,,,L01143,2026-08-21,Bounced
ACT008941,Call,U017,,,,L00274,2026-09-05,No answer
ACT008942,LinkedIn,U017,,,,L00274,2026-04-30,Completed
ACT008943,LinkedIn,U017,,,,L00274,2026-07-03,Bounced
ACT008944,LinkedIn,U005,,,,L00686,2026-07-06,Bounced
ACT008945,Call,U005,,,,L00686,2026-09-27,Replied
ACT008946,Call,U005,,,,L00686,2026-07-21,Replied
ACT008947,LinkedIn,U005,,,,L00686,2026-06-17,Completed
ACT008948,Call,U011,,,,L01437,2026-07-30,Replied
ACT008949,LinkedIn,U005,,,,L00878,2026-06-09,Bounced
ACT008950,Email,U005,,,,L00878,2025-12-14,Completed
ACT008951,Email,U005,,,,L00878,2025-10-17,Replied
ACT008952,Call,U005,,,,L00878,2026-06-30,No answer
ACT008953,Email,U005,,,,L00878,2025-12-21,Bounced
ACT008954,Call,U017,,,,L01049,2026-06-04,Completed
ACT008955,Call,U017,,,,L01049,2026-07-28,Replied
ACT008956,Email,U017,,,,L01049,2026-07-18,Completed
ACT008957,Email,,,,,L01349,2026-06-06,Bounced
ACT008958,Email,,,,,L01349,2026-04-02,Completed
ACT008959,Call,,,,,L01349,2025-12-15,No answer
ACT008960,Email,,,,,L01349,2025-11-07,Bounced
ACT008961,Call,,,,,L01349,2025-08-04,Replied
ACT008962,LinkedIn,,,,,L01349,2026-07-05,No answer
