contact_id,account_id,first_name,last_name,email,job_title,persona,country,lawful_basis,email_opt_out,lead_source,created_date
C000001,A01481,Camilla,Schneider,camilla.schneider@griffith.com,VP Data,Economic Buyer,Germany,Legitimate Interest,False,SDR Outbound,2024-01-16
C000002,A00871,James,Kvist,james.kvist@holt.com,VP Data & Analytics,Economic Buyer,United Kingdom,Legitimate Interest,False,SDR Outbound,2026-05-02
C000003,A00453,Susan,Edin,susan.edin@royal.com,Head of Data Engineering,Champion,Canada,,False,Content Download,2026-09-22
C000004,A00386,Amelia,Martinez,amelia.martinez@kaul.com,-,,United States,,False,Referral,2025-11-30
C000005,A00774,Hasan,Hill,hasan.hill@ellis.com,Analytics Engineer,User,Austria,Legitimate Interest,False,Partner,2025-04-12
C000006,A01566,Duncan,Johansson,duncan.johansson@halvarsson.com,"Director, Data Engineering",Champion,United States,,False,SDR Outbound,2025-05-14
C000007,A01912,Dagmar,Brouwer,dagmar.brouwer@nilsson.com,VP Data & Analytics,Economic Buyer,United States,,False,Free Trial,2026-08-12
C000008,A00566,Ninthe,Morgan,ninthe.morgan@smith.com,VP Data & Analytics,Economic Buyer,United States,,False,Event,2025-10-29
C000009,A01618,Elizabeth,Heath,elizabeth.heath@nordgren.com,Data Engineering Manager,User,United States,,False,Event,2023-02-23
C000010,A00009,Ralf-Peter,Conradi,ralf-peter.conradi@vinci.com,Data Engineering Manager,User,United States,,False,Partner,2026-02-02
C000011,A00709,Tina,Carlsson,tina.carlsson@richardson-evans.com,VP Data & Analytics,Economic Buyer,United Kingdom,Legitimate Interest,False,Content Download,2026-07-18
C000012,A00794,Justin,Wilmsen,justin.wilmsen@hartmann.com,Director of Data Platform,Champion,United Kingdom,Legitimate Interest,False,Free Trial,2026-03-15
C000013,A00408,Eric,Krabbe,eric.krabbe@owen.com,Chief Information Officer,Economic Buyer,United Kingdom,Legitimate Interest,False,Event,2024-08-17
C000014,A00999,Christina,Girschner,christina.girschner@mentzel.com,Director of Data Platform,Champion,Switzerland,Legitimate Interest,False,Event,2026-08-08
C000015,A00872,Jennifer,Krebs,jennifer.krebs@taylor.com,"Director, Data Engineering",Champion,Germany,Legitimate Interest,False,Webinar,2025-07-12
C000016,A00465,Luke,Vegt,luke.vegt@kallert.com,data guy,,United States,,False,Free Trial,2026-02-27
C000017,A01291,Philippe,Williams,philippe.williams@säuberlich.com,VP Data,Economic Buyer,United States,,False,SDR Outbound,2025-11-11
C000018,A00769,Jodie,Eriksson,jodie.eriksson@dussen.com,VP Data & Analytics,Economic Buyer,United States,,False,Referral,2026-09-25
C000019,A01473,Josefina,Heinrichs,josefina.heinrichs@farmer-hutchinson.com,Director of Data Platform,Champion,United States,,True,Paid Search,2026-04-12
C000020,A01882,Burghard,Mitschke,burghard.mitschke@hill-miah.com,Director of Data Platform,Champion,United States,,False,Webinar,2025-11-24
C000021,A01360,Rafael,Boeser,rafael.boeser@moss.com,Analytics Engineer,User,Canada,,False,Event,2025-11-01
C000022,A01091,Fiene,Johnston,fiene.johnston@söding.com,Analytics Engineer,User,United Kingdom,Legitimate Interest,False,Event,2025-05-31
C000023,A00430,Joseph,Melin,joseph.melin@may-reynolds.com,Chief Information Officer,Economic Buyer,United Kingdom,Legitimate Interest,False,Webinar,2026-04-06
C000024,A00639,Suzanne,Rogers,suzanne.rogers@mitschke.com,Analytics Engineer,User,United States,,False,Webinar,2026-05-18
C000025,A01749,Timo,Mathis,timo.mathis@leonard.com,Director of Data Platform,Champion,Germany,Legitimate Interest,True,Paid Search,2026-06-24
C000026,A00815,Jacob,Patel,jacob.patel@fox.com,Head of Procurement,Blocker,United States,,False,Event,2026-08-05
C000027,A01339,Duncan,Törnqvist,duncan.törnqvist@jüttner.com,Senior Data Engineer,User,United Kingdom,Legitimate Interest,False,Paid Search,2026-04-23
C000028,A01496,Sven,Hess,sven.hess@beier.com,intern,,United States,,False,Referral,2025-02-17
C000029,A01662,Leif,Savage,leif.savage@stichting.com,Data Engineering Manager,User,United States,,False,Event,2024-05-23
C000030,A01999,Mark,Eriksson,mark.eriksson@cichorius.com,"Director, Data Engineering",Champion,United States,,False,Partner,2026-10-05
C000031,A01327,Pieter,Grant,pieter.grant@de.com,-,,United States,,False,Webinar,2024-10-01
C000032,A00827,Lars,Cox,lars.cox@royal.com,Analytics Engineer,User,United Kingdom,Legitimate Interest,False,Webinar,2024-09-12
C000033,A01227,Börje,Foster,börje.foster@danielsson.com,Chief Information Officer,Economic Buyer,Canada,,False,Free Trial,2025-04-28
C000034,A00353,Maria,Östlund,maria.östlund@gröttner.com,Director of Data Platform,Champion,Belgium,Legitimate Interest,False,Referral,2025-12-27
C000035,A00535,Julius,Karlsson,julius.karlsson@stichting.com,Chief Data Officer,Economic Buyer,Canada,,False,Event,2026-02-25
C000036,A01036,Regine,Schuster,regine.schuster@granberg.com,Manager,,Sweden,Legitimate Interest,False,Webinar,2025-07-12
C000037,A01904,Katarina,Scharroo,katarina.scharroo@augustsson.com,Senior Data Engineer,User,Germany,Legitimate Interest,False,Content Download,2026-10-04
C000038,A01159,Cheryl,Karge,cheryl.karge@dahlström.com,Senior Data Engineer,User,United States,,False,Content Download,2025-06-15
C000039,A01595,Kelly,Hansson,kelly.hansson@patel-murphy.com,Head of Data Engineering,Champion,United States,,True,Partner,2026-08-21
C000040,A00637,Leah,Lynch,leah.lynch@pergande.com,IT Security Manager,Blocker,Switzerland,Legitimate Interest,False,Referral,2025-09-22
C000041,A01575,Rachel,Ali,rachel.ali@mende.com,Manager,,United States,,False,Partner,2026-09-04
C000042,A00648,Linn,van der Maes,linn.van der maes@vikström.com,Analytics Engineer,User,United States,,False,Free Trial,2026-03-03
C000043,A01100,Kristin,Ryan,kristin.ryan@wade.com,Head of Procurement,Blocker,United Kingdom,Legitimate Interest,False,Event,2026-03-28
C000044,A00160,Ise,Gomez,ise.gomez@trommler.com,Analytics Engineer,User,United States,,False,SDR Outbound,2025-08-13
C000045,A01492,Meike,Hermansson,meike.hermansson@eriksson.com,Chief Data Officer,Economic Buyer,United States,,False,Event,2025-03-28
C000046,A01060,Bethan,Martinez,bethan.martinez@bäckström.com,"Director, Data Engineering",Champion,Sweden,Legitimate Interest,False,Event,2026-08-17
C000047,A00160,Tabea,Williams,tabea.williams@trommler.com,Head of Data Engineering,Champion,United States,,False,Free Trial,2026-03-09
C000048,A00700,Michael,Stiffel,michael.stiffel@green-evans.com,Chief Data Officer,Economic Buyer,United Kingdom,Legitimate Interest,False,Partner,2025-11-17
C000049,A00484,Hans-Joachim,Velasquez,hans-joachim.velasquez@moses-miller.com,Chief Data Officer,Economic Buyer,Netherlands,Legitimate Interest,False,Event,2026-06-30
C000050,A01129,Manja,Henry,manja.henry@godfrey.com,Staff Data Engineer,User,United Kingdom,,False,SDR Outbound,2025-05-17
C000051,A01365,Yasmine,Beier,yasmine.beier@interfood.com,Data Engineering Manager,User,United States,,False,Paid Search,2025-04-19
C000052,A00871,Aenne,Ekström,aenne.ekström@holt.com,Chief Data Officer,Economic Buyer,United Kingdom,Legitimate Interest,False,Content Download,2025-04-14
C000053,A00499,Kim,Hazenveld,kim.hazenveld@rfs.com,Head of Procurement,Blocker,United States,,False,Paid Search,2025-11-28
C000054,A00616,Cathleen,Jönsson,cathleen.jönsson@king-wright.com,Director of Data Platform,Champion,Sweden,Legitimate Interest,True,Free Trial,2026-07-10
C000055,A01045,Inge,Mattsson,inge.mattsson@lidström.com,Head of Data Platform,Champion,Germany,Legitimate Interest,False,Free Trial,2026-10-03
C000056,A00645,Birgitta,Chapman,birgitta.chapman@stichting.com,Head of Data Engineering,Champion,Germany,Legitimate Interest,False,SDR Outbound,2025-08-18
C000057,A01415,David,Said,david.said@taylor.com,Director of Data Platform,Champion,United States,,False,Webinar,2026-09-30
C000058,A01026,Ingrid,Gröttner,ingrid.gröttner@gilbert.com,Staff Data Engineer,User,United Kingdom,Legitimate Interest,False,Free Trial,2025-06-18
C000059,A01459,Victoria,Lindström,victoria.lindström@phillipsen.com,Data Engineering Manager,User,Germany,Legitimate Interest,False,Event,2026-10-02
C000060,A00117,Marianne,Pace,marianne.pace@strand.com,Director of Data Platform,Champion,United States,,False,Referral,2024-09-15
C000061,A01351,Melissa,Löwer,melissa.löwer@stroh.com,VP Data & Analytics,Economic Buyer,United Kingdom,Legitimate Interest,False,Free Trial,2025-08-03
C000062,A00610,Mart,Frazier,mart.frazier@olsson.com,Head of Data Platform,Champion,Netherlands,Legitimate Interest,False,SDR Outbound,2024-04-06
C000063,A00559,Aimée,Plath,aimée.plath@key.com,Senior Data Engineer,User,United States,,False,Referral,2026-09-20
C000064,A00302,Nicole,Parker,nicole.parker@moreno.com,Analytics Engineer,User,Sweden,,True,Content Download,2026-06-12
C000065,A01181,Bente,Tuithof,bente.tuithof@jacob.com,data guy,,United Kingdom,Legitimate Interest,False,Content Download,2026-04-10
C000066,A01497,Philip,Butte,philip.butte@gustafsson.com,VP Data,Economic Buyer,United Kingdom,Legitimate Interest,False,Event,2024-11-26
C000067,A00728,Linnea,Stewart,linnea.stewart@jessel.com,Senior Data Engineer,User,Germany,Legitimate Interest,False,SDR Outbound,2025-03-05
C000068,A01293,Veerle,Stark,veerle.stark@nord.com,Staff Data Engineer,User,United States,,False,Free Trial,2026-09-22
C000069,A01903,Roger,Jockel,roger.jockel@smith.com,Staff Data Engineer,User,Netherlands,Legitimate Interest,False,Event,2025-03-08
C000070,A00498,Connie,Johnson,connie.johnson@berggren.com,Staff Data Engineer,User,United Kingdom,Legitimate Interest,False,Free Trial,2026-01-26
C000071,A00168,Madelief,Watkins,madelief.watkins@wilson.com,Analytics Engineer,User,Austria,Legitimate Interest,False,Free Trial,2024-08-10
C000072,A01621,Melissa,Hentschel,melissa.hentschel@andersson.com,Chief Information Officer,Economic Buyer,Netherlands,Legitimate Interest,False,SDR Outbound,2025-11-01
C000073,A00457,Thomas,Bloch,thomas.bloch@peter.com,Manager,,Germany,Legitimate Interest,False,Webinar,2026-09-08
C000074,A00156,Annamaria,Curtis,annamaria.curtis@stevens.com,Director of Data Platform,Champion,Germany,Legitimate Interest,False,Content Download,2026-09-29
C000075,A01155,Elisabet,Garrett,elisabet.garrett@reising.com,Senior Data Engineer,User,United States,,False,Referral,2026-09-21
C000076,A00951,Erik,Rangel,erik.rangel@stey.com,VP Data & Analytics,Economic Buyer,Denmark,Legitimate Interest,False,Free Trial,2024-08-12
C000077,A01651,Mohamed,Patton,mohamed.patton@hansson.com,Chief Information Officer,Economic Buyer,United States,,False,Referral,2026-08-16
C000078,A01891,Samantha,Claesner,samantha.claesner@watts.com,Senior Data Engineer,User,United Kingdom,Legitimate Interest,False,SDR Outbound,2026-06-14
C000079,A00363,Eleni,Dijkman,eleni.dijkman@johansson.com,Senior Data Engineer,User,United States,,False,Content Download,2024-06-20
C000080,A00450,Erica,Andersson,erica.andersson@karlsson.com,x,,United States,,False,Referral,2026-08-05
C000081,A01343,Sepp,Williamson,sepp.williamson@johansson.com,Chief Data Officer,Economic Buyer,United States,,False,Referral,2024-06-12
C000082,A01770,Lars,Olsson,lars.olsson@solis.com,Analytics Engineer,User,United States,,False,SDR Outbound,2024-04-02
C000083,A01078,Alexander,van Loon,alexander.van loon@gilbert-norman.com,Head of Procurement,Blocker,United States,,False,Content Download,2025-09-10
C000084,A01653,Nynke,Lindvall,nynke.lindvall@briggs.com,Chief Data Officer,Economic Buyer,United Kingdom,Legitimate Interest,False,Partner,2026-10-02
C000085,A00096,Gabriele,Gibson,gabriele.gibson@weitzel.com,Data Engineering Manager,User,Ireland,Legitimate Interest,False,Referral,2026-03-10
C000086,A00370,Cäcilie,Griffiths,cäcilie.griffiths@turner-patel.com,Head of Data Engineering,Champion,United States,,False,SDR Outbound,2026-10-01
C000087,A01595,Brooke,Watkins,brooke.watkins@patel-murphy.com,Chief Data Officer,Economic Buyer,United States,,False,Partner,2026-08-30
C000088,A01774,Marion,Todd,marion.todd@emanuelsson.com,Data Engineering Manager,User,United Kingdom,Legitimate Interest,False,Free Trial,2024-05-15
C000089,A01169,Norman,van Rheineck,norman.van rheineck@van.com,Manager,,Germany,Legitimate Interest,False,Event,2025-04-28
C000090,A01908,Stig,Khan,stig.khan@andersson.com,Staff Data Engineer,User,Germany,Legitimate Interest,False,Content Download,2025-07-27
C000091,A00651,Bruce,Sauer,bruce.sauer@ibrahim.com,Staff Data Engineer,User,United States,,False,Webinar,2026-03-28
C000092,A01944,Angelina,Jockel,angelina.jockel@stadelmann.com,Staff Data Engineer,User,United States,,False,Referral,2026-02-06
C000093,A01412,Marie,Kennedy,marie.kennedy@ullrich.com,Head of Data Platform,Champion,United States,,False,Event,2025-04-05
C000094,A00797,Dunja,Hornich,dunja.hornich@sandoval.com,CISO,Blocker,United Kingdom,Legitimate Interest,False,Free Trial,2025-10-27
C000095,A00770,Wiebke,Holmes,wiebke.holmes@herbert-pritchard.com,Head of Data Engineering,Champion,United States,,False,Paid Search,2024-11-21
C000096,A00765,Kevin,O'Sullivan,kevin.o'sullivan@smith-saunders.com,Data Engineering Manager,User,Switzerland,Legitimate Interest,False,Free Trial,2026-08-06
C000097,A01281,Maria,Waltrade Walderade,maria.waltrade walderade@rask.com,Chief Information Officer,Economic Buyer,United States,,False,Free Trial,2025-09-27
C000098,A01473,Marc,Thornton,marc.thornton@farmer-hutchinson.com,Head of Data Engineering,Champion,United States,,False,Free Trial,2025-11-11
C000099,A01940,Hans-Henning,van Maasgouw,hans-henning.van maasgouw@baker.com,Staff Data Engineer,User,Sweden,Legitimate Interest,False,Paid Search,2026-04-26
C000100,A00296,Gunnel,Larsson,gunnel.larsson@bruce-richardson.com,"Director, Data Engineering",Champion,United States,,True,Referral,2026-02-16
C000101,A00774,Elise,Lindner,elise.lindner@ellis.com,Head of Data Engineering,Champion,Austria,Legitimate Interest,False,Webinar,2026-05-02
C000102,A00860,Gotthilf,Gibson,gotthilf.gibson@hawkins-arnold.com,"Director, Data Engineering",Champion,United States,,False,Partner,2025-10-02
C000103,A01729,Tyler,Fowler,tyler.fowler@koster.com,Staff Data Engineer,User,United States,,False,Webinar,2024-04-29
C000104,A01709,Natalie,Emanuelsson,natalie.emanuelsson@thomas.com,-,,United Kingdom,Legitimate Interest,False,Free Trial,2026-05-14
C000105,A01424,Kyara,Warmer,kyara.warmer@price-watson.com,Data Engineering Manager,User,United Kingdom,Legitimate Interest,False,Free Trial,2025-09-21
C000106,A01577,Jules,Leene,jules.leene@nilsson.com,Head of Procurement,Blocker,United Kingdom,Legitimate Interest,False,Referral,2025-06-03
C000107,A01328,Michael,Howard,michael.howard@washington-harper.com,Senior Data Engineer,User,Sweden,Legitimate Interest,False,Event,2024-12-23
C000108,A01856,Emilio,Mans,emilio.mans@johansson.com,CISO,Blocker,Sweden,Legitimate Interest,False,Paid Search,2026-06-29
C000109,A00632,Julia,Sundström,julia.sundström@olsson.com,Data Engineering Manager,User,Germany,Legitimate Interest,False,Paid Search,2026-09-05
C000110,A01612,Aziz,Gonzalez,aziz.gonzalez@van.com,Data Engineering Manager,User,United States,,False,Free Trial,2025-11-15
C000111,A01956,Halil,Young,halil.young@johnson.com,Director of Data Platform,Champion,United Kingdom,,False,Content Download,2026-08-30
C000112,A00755,Declan,Eriksson,declan.eriksson@chan-page.com,Senior Data Engineer,User,United States,,False,SDR Outbound,2025-12-24
C000113,A00711,Daniel,Watts,daniel.watts@ahlqvist.com,intern,,United States,,False,Referral,2023-11-07
C000114,A01591,Andrew,Lamb,andrew.lamb@dippel.com,Head of Data Engineering,Champion,Norway,Legitimate Interest,False,SDR Outbound,2026-04-21
C000115,A01838,Matthew,Rogers,matthew.rogers@de.com,Analytics Engineer,User,United States,,True,Free Trial,2025-11-11
C000116,A00400,Lauren,Speer,lauren.speer@harris.com,Staff Data Engineer,User,Denmark,Legitimate Interest,False,Referral,2026-10-01
C000117,A00858,Kerry,Sjölander,kerry.sjölander@graham.com,VP Data,Economic Buyer,Germany,Legitimate Interest,False,SDR Outbound,2026-03-17
C000118,A01790,David,James,david.james@mosley-powers.com,Senior Data Engineer,User,United Kingdom,Legitimate Interest,False,Referral,2026-08-01
C000119,A00145,Stacey,de Bruijn,stacey.de bruijn@neuschäfer.com,data guy,,United States,,False,Content Download,2025-10-11
C000120,A00822,Doris,Pierson,doris.pierson@santiago.com,Senior Data Engineer,User,United States,,False,Partner,2026-07-26
C000121,A01903,Kathryn,Edberg,kathryn.edberg@smith.com,"Director, Data Engineering",Champion,Netherlands,Legitimate Interest,False,Content Download,2026-02-27
C000122,A01393,Lennart,Mills,lennart.mills@olsson.com,ceo ,,Germany,Legitimate Interest,False,Free Trial,2026-05-26
C000123,A01787,Crystal,Eberth,crystal.eberth@lundmark.com,"Director, Data Engineering",Champion,United States,,False,Event,2026-04-14
C000124,A01366,Teresia,Mens,teresia.mens@misicher.com,Head of Data Platform,Champion,Belgium,Legitimate Interest,False,SDR Outbound,2024-04-11
C000125,A00024,Kristen,Andersson,kristen.andersson@koninklijke.com,VP Data,Economic Buyer,United States,,False,Webinar,2024-06-27
C000126,A00597,Per,Holst,per.holst@westman.com,Staff Data Engineer,User,Germany,Legitimate Interest,False,Paid Search,2026-04-06
C000127,A00933,Tomas,Trub,tomas.trub@royal.com,IT Security Manager,Blocker,Belgium,Legitimate Interest,False,Event,2025-07-09
C000128,A01566,Anneli,van Vlaanderen,anneli.van vlaanderen@halvarsson.com,Staff Data Engineer,User,United States,,False,SDR Outbound,2025-06-09
C000129,A01194,Marijn,Jakobsson,marijn.jakobsson@martin.com,Staff Data Engineer,User,Switzerland,Legitimate Interest,False,Partner,2026-08-29
C000130,A01948,Emelie,Lloyd,emelie.lloyd@stichting.com,data guy,,Germany,Legitimate Interest,False,Content Download,2025-07-15
C000131,A00514,Alison,Frost,alison.frost@jones.com,Head of Data Engineering,Champion,Germany,Legitimate Interest,False,SDR Outbound,2024-03-07
C000132,A00353,Silvio,Kleibrink,silvio.kleibrink@gröttner.com,VP Data & Analytics,Economic Buyer,Belgium,Legitimate Interest,False,Content Download,2026-09-12
C000133,A01819,Jaroslaw,Asplund,jaroslaw.asplund@vincent.com,Head of Procurement,Blocker,United States,,False,Content Download,2026-07-25
C000134,A00370,Kenneth,Hellström,kenneth.hellström@turner-patel.com,DATA ENG,,United States,,False,Free Trial,2026-06-26
C000135,A00192,Arnold,Liu,arnold.liu@junitz.com,Senior Data Engineer,User,Sweden,Legitimate Interest,False,Free Trial,2024-11-24
C000136,A00324,Tom,van Dongen,tom.van dongen@dennis.com,Head of Data Platform,Champion,United States,,False,Partner,2025-11-28
C000137,A01107,Rick,Uittenbosch,rick.uittenbosch@ottosson.com,Analytics Engineer,User,Sweden,Legitimate Interest,False,SDR Outbound,2026-03-05
C000138,A00782,Ralph,White,ralph.white@franklin.com,Analytics Engineer,User,Germany,Legitimate Interest,False,Paid Search,2024-08-19
C000139,A00260,Arthur,Howard,arthur.howard@gilbert-crosby.com,Senior Data Engineer,User,United States,,False,Paid Search,2026-10-05
C000140,A01337,Kelly,Karlsson,kelly.karlsson@lindskog.com,Analytics Engineer,User,United Kingdom,Legitimate Interest,False,Free Trial,2024-01-14
C000141,A01974,Kristi,Gibson,kristi.gibson@coleman.com,Data Engineering Manager,User,Netherlands,Legitimate Interest,False,Partner,2026-05-19
C000142,A01079,Michael,Eklund,michael.eklund@salomonsson.com,Head of Data Engineering,Champion,United States,,False,Partner,2026-08-01
C000143,A01312,Frances,Hermann,frances.hermann@grein.com,Data Engineering Manager,User,Norway,Legitimate Interest,False,SDR Outbound,2026-06-04
C000144,A01480,Juliane,Grein Groth,juliane.grein groth@brown.com,Head of Procurement,Blocker,United Kingdom,Legitimate Interest,False,Webinar,2024-01-15
C000145,A01634,Åsa,Sundström,åsa.sundström@ward-williams.com,Head of Data Platform,Champion,United States,,False,Referral,2026-01-05
C000146,A00167,Kayla,Kensy,kayla.kensy@månsson.com,Head of Procurement,Blocker,United Kingdom,Legitimate Interest,False,Referral,2024-11-19
C000147,A00604,Tara,Bakker,tara.bakker@kramer.com,Analytics Engineer,User,Denmark,Legitimate Interest,False,Free Trial,2024-02-14
C000148,A00914,Helena,Åsberg,helena.åsberg@girschner.com,VP Data,Economic Buyer,Netherlands,Legitimate Interest,False,Event,2024-03-16
C000149,A01416,Patricia,Wilson,patricia.wilson@johansson.com,Head of Data Platform,Champion,Germany,Legitimate Interest,False,Free Trial,2026-03-30
C000150,A01210,Elaine,Lewis,elaine.lewis@johansson.com,Chief Data Officer,Economic Buyer,United Kingdom,Legitimate Interest,False,Free Trial,2025-07-16
C000151,A00764,Kajsa,Vos,kajsa.vos@bradley.com,Data Engineering Manager,User,United States,,False,Event,2024-08-15
C000152,A01407,Lawrence,Mahmood,lawrence.mahmood@charles.com,Analytics Engineer,User,United Kingdom,Legitimate Interest,False,SDR Outbound,2026-05-12
C000153,A00887,Julius,van Ham,julius.van ham@martin.com,Staff Data Engineer,User,United States,,False,Webinar,2026-09-16
C000154,A00492,Andreas,Mellor,andreas.mellor@simonis.com,Senior Data Engineer,User,Germany,Legitimate Interest,False,Event,2026-09-24
C000155,A01097,Stewart,Porter,stewart.porter@trupp.com,VP Data & Analytics,Economic Buyer,United States,,False,Referral,2026-07-07
C000156,A01672,Milan,Burton,milan.burton@andersson.com,Head of Data Platform,Champion,United States,,False,Free Trial,2026-07-14
C000157,A01379,Linn,Gustafsson,linn.gustafsson@bentley.com,VP Data & Analytics,Economic Buyer,United States,,False,Webinar,2025-01-30
C000158,A00683,Anders,Weeks,anders.weeks@bell-chambers.com,IT Security Manager,Blocker,Germany,Legitimate Interest,False,Webinar,2025-04-12
C000159,A01721,Mohamed,Lundberg,mohamed.lundberg@hövel.com,Data Engineering Manager,User,Switzerland,Legitimate Interest,False,Content Download,2026-09-05
C000160,A01631,Märta,Sandin,märta.sandin@clark-kennedy.com,Analytics Engineer,User,Switzerland,,False,Free Trial,2025-05-24
C000161,A01280,Joël,Demmendaal,joël.demmendaal@johansson.com,Head of Data Platform,Champion,Germany,Legitimate Interest,False,Referral,2025-08-10
C000162,A01512,Peder,Hakker,peder.hakker@richardson-black.com,Data Engineering Manager,User,United States,,False,Event,2024-05-02
C000163,A00097,Cathrin,Stook,cathrin.stook@gumprich.com,VP Data,Economic Buyer,Germany,Legitimate Interest,False,Referral,2026-08-12
C000164,A00716,George,Dahlberg,george.dahlberg@white.com,Staff Data Engineer,User,Germany,Legitimate Interest,False,Event,2025-06-09
C000165,A01434,Wilhelm,Ryan,wilhelm.ryan@häring.com,Staff Data Engineer,User,Canada,,False,Paid Search,2026-09-02
C000166,A01032,Matthijs,Barnes,matthijs.barnes@jonsson.com,Director of Data Platform,Champion,Ireland,Legitimate Interest,False,SDR Outbound,2024-10-16
C000167,A00428,Börje,Wood,börje.wood@hoelen.com,Staff Data Engineer,User,Ireland,Legitimate Interest,False,Event,2026-07-09
C000168,A00380,George,de Leeuw,george.de leeuw@alfredsson.com,Head of Data Engineering,Champion,United States,,False,SDR Outbound,2025-07-04
C000169,A00915,Jamie,Wilkinson,jamie.wilkinson@cook-hatfield.com,Staff Data Engineer,User,Austria,Legitimate Interest,False,SDR Outbound,2026-08-25
C000170,A00778,Laura,Price,laura.price@brown.com,Director of Data Platform,Champion,Norway,Legitimate Interest,True,Paid Search,2025-06-28
C000171,A01404,Callum,Gordon,callum.gordon@lundberg.com,Data Engineering Manager,User,Austria,Legitimate Interest,False,Paid Search,2024-12-03
C000172,A01728,Jasper,Lidén,jasper.lidén@moberg.com,Analytics Engineer,User,United States,,True,Event,2025-12-30
C000173,A01706,Cäcilie,Kerr,cäcilie.kerr@turner.com,N/A,,United States,,False,Content Download,2026-08-30
C000174,A01658,Mason,Bailey,mason.bailey@short.com,Head of Procurement,Blocker,United States,,False,Webinar,2025-01-25
C000175,A01446,Katie,Summers,katie.summers@koninklijke.com,Head of Data Platform,Champion,Germany,Legitimate Interest,False,Free Trial,2024-06-04
C000176,A01624,Linnea,Hansson,linnea.hansson@paffrath.com,Data Engineering Manager,User,United States,,False,Partner,2026-05-04
C000177,A00512,Mariana,van Liendert,mariana.van liendert@olsson.com,VP Data,Economic Buyer,United States,,False,Event,2025-04-08
C000178,A00790,Arne,Roberts,arne.roberts@van.com,Analytics Engineer,User,United States,,False,Event,2025-05-31
C000179,A01263,Pepijn,Krein,pepijn.krein@hopkins.com,Analytics Engineer,User,United States,,False,Free Trial,2026-02-17
C000180,A01883,Lovisa,Allan,lovisa.allan@mcdonald-miller.com,IT Security Manager,Blocker,Ireland,Legitimate Interest,False,Webinar,2026-08-18
C000181,A00742,Marian,van Kuijc,marian.van kuijc@zijlemans.com,Senior Data Engineer,User,United States,,False,Partner,2026-08-18
C000182,A00528,Sam,Harrison,sam.harrison@koninklijke.com,Data Engineering Manager,User,United States,,False,Event,2025-04-03
C000183,A00467,Phillip,Allen,phillip.allen@zijlmans.com,Data Engineering Manager,User,United States,,False,Paid Search,2025-12-30
C000184,A01632,Henry,Gustafsson,henry.gustafsson@reynolds.com,Staff Data Engineer,User,United States,,False,Webinar,2024-11-10
C000185,A00438,Helen,Walker,helen.walker@lindström.com,x,,Germany,Legitimate Interest,False,Paid Search,2026-05-31
C000186,A00650,Linn,Bergström,linn.bergström@mahieu.com,Director of Data Platform,Champion,United Kingdom,Legitimate Interest,False,Event,2024-07-18
C000187,A00563,Cornelius,Gordon,cornelius.gordon@de.com,intern,,United States,,False,Referral,2023-11-08
C000188,A00738,Sahin,Konings,sahin.konings@drubin.com,Director of Data Platform,Champion,United States,,False,Paid Search,2026-01-09
C000189,A00563,Harry,Andersson,harry.andersson@de.com,Senior Data Engineer,User,United States,,False,Paid Search,2024-08-16
C000190,A01232,Charles,de Grunt,charles.de grunt@miller-christensen.com,Chief Data Officer,Economic Buyer,United States,,False,SDR Outbound,2026-07-01
C000191,A01520,Julie,Luitgardis van Neustrië,julie.luitgardis van neustrië@karlsson.com,Head of Data Engineering,Champion,United States,,True,Free Trial,2026-08-10
C000192,A00998,Benjamin,King,benjamin.king@schatteleijn.com,Senior Data Engineer,User,United States,,False,SDR Outbound,2025-10-25
C000193,A00851,Toby,van Saksen,toby.van saksen@westerberg.com,test,,Netherlands,Legitimate Interest,False,Event,2025-11-16
C000194,A01047,Colin,Kelley,colin.kelley@nyrstar.com,Analytics Engineer,User,Sweden,Legitimate Interest,False,Free Trial,2026-05-23
C000195,A00598,Jennifer,Jones,jennifer.jones@cook.com,Director of Data Platform,Champion,United States,,False,Content Download,2025-08-13
C000196,A00872,Melitta,Thompson,melitta.thompson@taylor.com,Senior Data Engineer,User,Germany,Legitimate Interest,False,SDR Outbound,2026-07-22
C000197,A01876,Catherine,Harris,catherine.harris@king-lee.com,Staff Data Engineer,User,Germany,Legitimate Interest,False,Webinar,2024-11-27
C000198,A01105,Jenny,Hamilton,jenny.hamilton@jenkins-jones.com,"Director, Data Engineering",Champion,Netherlands,Legitimate Interest,False,Partner,2026-05-26
C000199,A00915,Erica,Williams,erica.williams@cook-hatfield.com,Senior Data Engineer,User,Austria,Legitimate Interest,True,SDR Outbound,2026-09-20
C000200,A00674,Robin,Stafford,robin.stafford@gardiner-higgins.com,-,,United States,,False,SDR Outbound,2025-07-09
C000201,A00179,Jesper,Copeland,jesper.copeland@petersson.com,Analytics Engineer,User,United States,,False,Free Trial,2026-07-20
C000202,A00696,Ellen,Myers,ellen.myers@garcia.com,Analytics Engineer,User,Germany,Legitimate Interest,True,SDR Outbound,2026-05-27
C000203,A00125,Till,George,till.george@stichting.com,Staff Data Engineer,User,United States,,False,Event,2024-10-09
C000204,A01961,Kelsey,Murray,kelsey.murray@karlsson.com,Chief Information Officer,Economic Buyer,United Kingdom,Legitimate Interest,False,Content Download,2026-09-05
C000205,A01541,Sibilla,Thorpe,sibilla.thorpe@skf.com,x,,United States,,False,Paid Search,2025-03-01
C000206,A00809,Robert,Rogers,robert.rogers@barkholz.com,Chief Information Officer,Economic Buyer,United Kingdom,Legitimate Interest,False,Event,2025-11-15
C000207,A00025,Gail,Walker,gail.walker@post.com,Analytics Engineer,User,United States,,False,Referral,2023-03-31
C000208,A01938,Laura,Wood,laura.wood@mercedes-benz.com,-,,Canada,,False,Paid Search,2025-04-02
C000209,A01877,Robert,Ochoa,robert.ochoa@jönsson.com,Data Engineering Manager,User,Netherlands,Legitimate Interest,False,Webinar,2025-06-20
C000210,A00763,Caren,Johnson,caren.johnson@karlsson.com,Staff Data Engineer,User,United States,,False,Referral,2023-08-29
C000211,A00566,Per,Hermans,per.hermans@smith.com,Staff Data Engineer,User,United States,,False,Event,2026-07-13
C000212,A01901,Allan,Kelly,allan.kelly@bates.com,Staff Data Engineer,User,United States,,False,Event,2025-06-11
C000213,A00468,Stephen,Tuithof,stephen.tuithof@silva-robles.com,Chief Information Officer,Economic Buyer,United States,,False,Referral,2023-12-13
C000214,A01565,Paul,Mudden,paul.mudden@stolze.com,data guy,,United Kingdom,Legitimate Interest,True,Paid Search,2024-06-18
C000215,A01536,Diane,Seip,diane.seip@beer.com,Chief Data Officer,Economic Buyer,United Kingdom,Legitimate Interest,False,Partner,2026-05-11
C000216,A01599,Olof,Mcclure,olof.mcclure@lloyd-harris.com,Data Engineering Manager,User,Sweden,Legitimate Interest,False,Content Download,2023-09-27
C000217,A01298,Michael,Karlsson,michael.karlsson@riley.com,Senior Data Engineer,User,United Kingdom,Legitimate Interest,False,Partner,2026-01-13
C000218,A00129,Jennifer,Chen,jennifer.chen@johansson.com,Head of Procurement,Blocker,United States,,False,Partner,2026-06-04
C000219,A01396,Carol,Huisman,carol.huisman@smits.com,Staff Data Engineer,User,Ireland,Legitimate Interest,False,Event,2026-01-08
C000220,A01868,Hanno,Stahr,hanno.stahr@royal.com,Staff Data Engineer,User,United Kingdom,Legitimate Interest,False,Webinar,2025-12-30
C000221,A01651,Colin,Bähr,colin.bähr@hansson.com,VP Data,Economic Buyer,United States,,False,Free Trial,2026-01-22
C000222,A01750,Monika,de Haas,monika.de haas@jonsson.com,Data Engineering Manager,User,Switzerland,Legitimate Interest,False,Referral,2026-09-08
C000223,A01776,Ella,Heath,ella.heath@svensson.com,Senior Data Engineer,User,United Kingdom,Legitimate Interest,False,Content Download,2026-01-06
C000224,A00195,Jesse,Nyström,jesse.nyström@wernecke.com,Analytics Engineer,User,United States,,False,Event,2026-08-05
C000225,A01651,Kyle,Peterse,kyle.peterse@hansson.com,Head of Data Platform,Champion,United States,,False,SDR Outbound,2026-04-25
C000226,A01668,Casper,Patel,casper.patel@andersson.com,Data Engineering Manager,User,United States,,True,Webinar,2025-07-19
C000227,A01231,Hansgeorg,Patel,hansgeorg.patel@köhler.com,Analytics Engineer,User,United States,,False,SDR Outbound,2026-06-20
C000228,A01773,John,Åkesson,john.åkesson@sjöholm.com,Chief Data Officer,Economic Buyer,Canada,,False,Free Trial,2025-11-01
C000229,A00866,Lana,Eimer,lana.eimer@damen.com,Head of Procurement,Blocker,United Kingdom,Legitimate Interest,False,SDR Outbound,2026-06-23
C000230,A01008,Manuel,Meyer,manuel.meyer@thomas-santiago.com,Director of Data Platform,Champion,United States,,False,Referral,2024-08-01
C000231,A00272,Hailey,Weitzel,hailey.weitzel@smith.com,x,,United States,,False,Content Download,2026-08-31
C000232,A01094,Jeremy,Karz,jeremy.karz@van.com,Chief Information Officer,Economic Buyer,United States,,False,Webinar,2026-09-19
C000233,A00918,Russell,Andersson,russell.andersson@miller.com,Staff Data Engineer,User,United Kingdom,Legitimate Interest,False,Webinar,2025-10-14
C000234,A01740,Joyce,Jenkins,joyce.jenkins@bengtsson.com,VP Data & Analytics,Economic Buyer,United States,,True,Event,2026-04-29
C000235,A00843,Annemijn,Gnatz,annemijn.gnatz@tamsma.com,Senior Data Engineer,User,Ireland,Legitimate Interest,False,Partner,2024-08-03
C000236,A00599,Fenne,Brown,fenne.brown@werner.com,Staff Data Engineer,User,Netherlands,Legitimate Interest,False,Event,2026-09-13
C000237,A00424,Collin,Barnett,collin.barnett@avery.com,VP Data,Economic Buyer,United Kingdom,Legitimate Interest,False,SDR Outbound,2026-06-12
C000238,A01134,Dennis,Green,dennis.green@francis-thomas.com,"Director, Data Engineering",Champion,Netherlands,Legitimate Interest,False,Webinar,2025-11-22
C000239,A00876,Anneli,Smith,anneli.smith@kemp.com,Manager,,United States,,False,Free Trial,2025-03-27
C000240,A01655,Ronald,Thomas,ronald.thomas@johnson-williamson.com,Senior Data Engineer,User,United Kingdom,Legitimate Interest,False,Content Download,2026-06-05
C000241,A00680,Joe,Douglas,joe.douglas@renner.com,Senior Data Engineer,User,United States,,False,Content Download,2026-09-16
C000242,A00751,Kalle,Rust,kalle.rust@van.com,Analytics Engineer,User,Belgium,Legitimate Interest,False,Webinar,2026-03-09
C000243,A00435,Yasmine,Dixon,yasmine.dixon@petersson.com,DATA ENG,,Netherlands,Legitimate Interest,False,Paid Search,2025-05-13
C000244,A00077,Daniel,Kruschwitz,daniel.kruschwitz@stone-perry.com,Head of Data Platform,Champion,United States,,False,Referral,2026-06-17
C000245,A00792,Jelle,van Gastel,jelle.van gastel@ardagh.com,Chief Data Officer,Economic Buyer,Netherlands,Legitimate Interest,False,Webinar,2026-09-12
C000246,A00641,Amina,Nordberg,amina.nordberg@spier.com,Head of Data Platform,Champion,Sweden,Legitimate Interest,False,Event,2026-04-23
C000247,A01172,Hayley,Gill,hayley.gill@davidsson.com,IT Security Manager,Blocker,United States,,False,SDR Outbound,2024-08-17
C000248,A00130,Naomi,Blake,naomi.blake@auch.com,Director of Data Platform,Champion,United States,,False,Free Trial,2024-05-21
C000249,A01700,Diane,Brodin,diane.brodin@olsen.com,DATA ENG,,Netherlands,Legitimate Interest,False,Content Download,2026-07-17
C000250,A01235,Douglas,van Loon,douglas.van loon@heymans.com,IT Security Manager,Blocker,United States,,False,Content Download,2026-02-23
C000251,A01863,Traugott,Kohl,traugott.kohl@brooks-hickman.com,test,,United States,,False,Webinar,2026-01-19
C000252,A00808,Cornelia,Cook,cornelia.cook@edwards-bell.com,Staff Data Engineer,User,Sweden,Legitimate Interest,False,Free Trial,2023-11-23
C000253,A00850,Joris,Chadwick,joris.chadwick@king.com,Staff Data Engineer,User,United Kingdom,Legitimate Interest,False,Paid Search,2026-09-11
C000254,A00731,Alexander,Nilsson,alexander.nilsson@mälzer.com,Head of Procurement,Blocker,Canada,,False,Paid Search,2026-08-17
C000255,A00818,Adolfine,van Beeck Beeckmans,adolfine.van beeck beeckmans@dahlström.com,Director of Data Platform,Champion,Germany,Legitimate Interest,False,Paid Search,2025-02-06
C000256,A01191,Yfke,Kraus,yfke.kraus@austin-ford.com,IT Security Manager,Blocker,United Kingdom,Legitimate Interest,False,Content Download,2025-09-17
C000257,A00739,Mike,Andersson,mike.andersson@roman-nelson.com,IT Security Manager,Blocker,United States,,False,Partner,2026-08-16
C000258,A00559,Victoria,Cruz,victoria.cruz@key.com,DATA ENG,,United States,,False,SDR Outbound,2025-12-14
C000259,A01777,Gustav,Reimes,gustav.reimes@holm.com,DATA ENG,,United States,,False,Partner,2026-02-25
C000260,A00323,Anett,Zijlmans,anett.zijlmans@kade.com,Director of Data Platform,Champion,Belgium,Legitimate Interest,False,SDR Outbound,2024-01-28
C000261,A00912,Debra,Ponci,debra.ponci@chambers.com,Analytics Engineer,User,Denmark,Legitimate Interest,False,Partner,2026-09-05
C000262,A01115,Lesley,Dorsey,lesley.dorsey@veen.com,VP Data & Analytics,Economic Buyer,Denmark,Legitimate Interest,False,Event,2024-05-20
C000263,A00851,Eva,Terry,eva.terry@westerberg.com,Chief Data Officer,Economic Buyer,Netherlands,Legitimate Interest,False,Referral,2026-07-28
C000264,A00658,Elliot,Johansson,elliot.johansson@persson.com,CISO,Blocker,Canada,,False,SDR Outbound,2025-05-08
C000265,A00104,Conor,Foster,conor.foster@van.com,Head of Data Platform,Champion,United States,,False,Referral,2026-05-12
C000266,A00932,James,Wise,james.wise@bergström.com,ceo ,,Germany,Legitimate Interest,False,SDR Outbound,2025-08-13
C000267,A01841,Senna,Westman,senna.westman@wang.com,Analytics Engineer,User,United States,,False,Partner,2026-09-22
C000268,A00603,April,Hawkins,april.hawkins@palmgren.com,Head of Procurement,Blocker,Netherlands,Legitimate Interest,False,Event,2026-03-17
C000269,A00245,Rachel,Süßebier,rachel.süßebier@marchal.com,Head of Data Engineering,Champion,United Kingdom,Legitimate Interest,False,Webinar,2025-11-25
C000270,A00302,Alida,Magnusson,alida.magnusson@moreno.com,Analytics Engineer,User,Sweden,Legitimate Interest,False,Partner,2023-06-30
C000271,A01944,Elizabeth,Wagner,elizabeth.wagner@stadelmann.com,Chief Information Officer,Economic Buyer,United States,,False,SDR Outbound,2026-02-21
C000272,A00725,Lieve,Rodriguez,lieve.rodriguez@baker.com,Head of Data Platform,Champion,Germany,Legitimate Interest,False,Webinar,2025-10-12
C000273,A01766,Kerstin,Fechner,kerstin.fechner@gutknecht.com,IT Security Manager,Blocker,Switzerland,Legitimate Interest,False,Content Download,2026-02-25
C000274,A01362,Karina,Begum,karina.begum@johansson.com,test,,United Kingdom,Legitimate Interest,True,Content Download,2024-05-02
C000275,A00132,Jet,Albers,jet.albers@svensson.com,Head of Procurement,Blocker,Germany,Legitimate Interest,False,Referral,2026-02-02
C000276,A00045,Abigail,Davis,abigail.davis@kvist.com,intern,,United States,,False,SDR Outbound,2026-02-24
C000277,A01205,Ashley,Sire,ashley.sire@huynh.com,Analytics Engineer,User,United States,,False,Paid Search,2025-04-02
C000278,A01651,Jens,Patel,jens.patel@hansson.com,-,,United States,,False,Paid Search,2026-04-17
C000279,A00502,Joe,Lansink,joe.lansink@rosenow.com,Senior Data Engineer,User,United Kingdom,Legitimate Interest,False,Event,2025-04-13
C000280,A01687,Siv,Michielsen,siv.michielsen@landström.com,Director of Data Platform,Champion,United Kingdom,Legitimate Interest,False,Paid Search,2025-03-29
C000281,A01353,Marc,Brady,marc.brady@kraushaar.com,VP Data & Analytics,Economic Buyer,United States,,False,Content Download,2026-07-24
C000282,A01288,Garry,van Formbach,garry.van formbach@pergande.com,Senior Data Engineer,User,United States,,False,Partner,2026-08-15
C000283,A01218,Elliot,Francis,elliot.francis@brooks.com,Data Engineering Manager,User,United States,,False,Partner,2025-03-27
C000284,A01602,Nicholas,Bolnbach,nicholas.bolnbach@jones.com,Data Engineering Manager,User,United States,,False,Partner,2025-11-02
C000285,A01141,Anselm,Eriksson,anselm.eriksson@turner.com,Chief Information Officer,Economic Buyer,United States,,False,SDR Outbound,2025-04-30
C000286,A01637,Ise,Smith,ise.smith@scheel.com,IT Security Manager,Blocker,United States,,False,SDR Outbound,2025-05-23
C000287,A01236,Kata,Ortega,kata.ortega@vaughan-williams.com,"Director, Data Engineering",Champion,United States,,False,SDR Outbound,2025-12-01
C000288,A00133,Collin,Omar,collin.omar@elberts.com,Staff Data Engineer,User,United States,,False,SDR Outbound,2024-09-10
C000289,A01288,Esther,Åkerman,esther.åkerman@pergande.com,intern,,United States,,False,Webinar,2026-02-28
C000290,A01721,Swantje,van Northeim,swantje.van northeim@hövel.com,data guy,,Switzerland,Legitimate Interest,False,Content Download,2026-08-29
C000291,A00272,Dörthe,Verwoert,dörthe.verwoert@smith.com,Analytics Engineer,User,United States,,False,SDR Outbound,2026-08-31
C000292,A01429,Hanny,Jopich,hanny.jopich@rhodes.com,"Director, Data Engineering",Champion,Ireland,Legitimate Interest,False,Webinar,2026-01-26
C000293,A01275,Rebecca,de Groot,rebecca.de groot@johnson.com,Director of Data Platform,Champion,Sweden,Legitimate Interest,False,Partner,2026-08-02
C000294,A00316,Bertil,Kabus,bertil.kabus@van.com,Chief Information Officer,Economic Buyer,United States,,False,Free Trial,2026-04-28
C000295,A00207,Aaron,Jans,aaron.jans@holzapfel.com,"Director, Data Engineering",Champion,United States,,False,Event,2026-03-23
C000296,A00790,Carolyn,Frisk,carolyn.frisk@van.com,Data Engineering Manager,User,United States,,False,Webinar,2026-08-10
C000297,A01165,Laura,van Olst,laura.van olst@jönsson.com,Data Engineering Manager,User,United States,,False,Paid Search,2026-02-21
C000298,A01770,Robert,Harper,robert.harper@solis.com,Head of Data Engineering,Champion,United States,,False,SDR Outbound,2024-01-30
C000299,A00762,Alf,Bien,alf.bien@nilsson.com,Staff Data Engineer,User,United Kingdom,Legitimate Interest,False,SDR Outbound,2025-10-20
C000300,A01559,Halina,Otto,halina.otto@eriksson.com,"Director, Data Engineering",Champion,United Kingdom,Legitimate Interest,False,Paid Search,2025-06-28
C000301,A00316,Viktor,Osman,viktor.osman@van.com,Head of Data Engineering,Champion,United States,,False,Free Trial,2026-07-04
C000302,A01230,Stanislav,Godfrey van Alemannië,stanislav.godfrey van alemannië@waardeloo.com,Director of Data Platform,Champion,Germany,Legitimate Interest,False,SDR Outbound,2026-09-06
C000303,A01993,Mehmet,Ek,mehmet.ek@mülichen.com,Analytics Engineer,User,Sweden,Legitimate Interest,False,Referral,2026-06-19
C000304,A00655,Maria,Olsson,maria.olsson@niemeier.com,Staff Data Engineer,User,Germany,Legitimate Interest,False,Webinar,2025-09-30
C000305,A01522,Andreas,Fredriks,andreas.fredriks@smith.com,"Director, Data Engineering",Champion,United Kingdom,Legitimate Interest,False,Free Trial,2026-06-14
C000306,A01492,Marlene,Åkesson,marlene.åkesson@eriksson.com,Director of Data Platform,Champion,United States,,False,Webinar,2025-02-25
C000307,A01160,Jelte,Hekker,jelte.hekker@ouwel.com,Data Engineering Manager,User,Denmark,Legitimate Interest,False,Partner,2025-12-21
C000308,A00934,Iris,Eriksson,iris.eriksson@malm.com,test,,United States,,False,Referral,2024-05-17
C000309,A01603,Ronald,Garcia,ronald.garcia@post.com,Data Engineering Manager,User,Germany,Legitimate Interest,True,Referral,2023-11-11
C000310,A00182,Ethan,Kraus,ethan.kraus@microsoft.com,VP Data & Analytics,Economic Buyer,Germany,Legitimate Interest,False,Paid Search,2025-12-24
C000311,A00047,Heinz-Werner,Stadelmann,heinz-werner.stadelmann@miller.com,Senior Data Engineer,User,Germany,Legitimate Interest,False,Free Trial,2026-09-27
C000312,A01965,Tirza,Wade,tirza.wade@patberg.com,CISO,Blocker,United States,,False,Webinar,2026-03-07
C000313,A00593,Elisabeth,Galijn,elisabeth.galijn@matthews.com,Head of Data Engineering,Champion,United States,,False,Referral,2023-10-03
C000314,A00240,Oxana,Begum,oxana.begum@roberts.com,Senior Data Engineer,User,Canada,,False,Event,2025-08-20
C000315,A01519,Bo,Kostolzin,bo.kostolzin@johansson.com,Analytics Engineer,User,Canada,,False,Event,2026-02-17
C000316,A01347,Helena,Wallin,helena.wallin@koninklijke.com,Analytics Engineer,User,United States,,False,Referral,2026-03-07
C000317,A00091,Madelief,Wilson,madelief.wilson@pearce.com,CISO,Blocker,United States,,False,Event,2026-06-29
C000318,A01411,Kelly,Davis,kelly.davis@hanna.com,N/A,,United Kingdom,Legitimate Interest,False,Partner,2026-07-04
C000319,A00720,Sandra,Berry,sandra.berry@cooper-smith.com,Data Engineering Manager,User,United States,,False,Free Trial,2026-07-11
C000320,A01033,Terry,Aarts,terry.aarts@reed.com,Staff Data Engineer,User,Sweden,Legitimate Interest,False,Content Download,2026-01-25
C000321,A00178,Burkhard,Kjellberg,burkhard.kjellberg@howard.com,Head of Procurement,Blocker,Canada,,False,Event,2026-09-08
C000322,A00615,Zoë,Uphus,zoë.uphus@white-hodgson.com,Chief Information Officer,Economic Buyer,Canada,,False,SDR Outbound,2025-01-03
C000323,A00038,Ludmila,Reynolds,ludmila.reynolds@pearson.com,Analytics Engineer,User,United Kingdom,Legitimate Interest,False,Paid Search,2023-12-25
C000324,A01635,Cecilia,Foster,cecilia.foster@lopez-johnson.com,Data Engineering Manager,User,Germany,Legitimate Interest,False,Event,2024-08-17
C000325,A01253,Mari,Fiebig,mari.fiebig@sutton-jones.com,Head of Data Platform,Champion,United States,,False,Webinar,2026-08-20
C000326,A00744,Mathilde,Knight,mathilde.knight@yang.com,Senior Data Engineer,User,United Kingdom,Legitimate Interest,False,Partner,2024-12-04
C000327,A01056,Jake,Granberg,jake.granberg@röhrdanz.com,Data Engineering Manager,User,United Kingdom,Legitimate Interest,False,SDR Outbound,2024-05-31
C000328,A01812,Carol,Paffrath,carol.paffrath@royal.com,VP Data,Economic Buyer,United States,,False,Content Download,2024-08-08
C000329,A00654,Joshua,Jonsson,joshua.jonsson@gunpf.com,Director of Data Platform,Champion,United States,,False,Referral,2025-07-03
C000330,A00888,Olivia,Tlustek,olivia.tlustek@buck-holland.com,Director of Data Platform,Champion,United Kingdom,Legitimate Interest,False,Event,2026-05-20
C000331,A00041,Bryan,Fliegner,bryan.fliegner@konings.com,Director of Data Platform,Champion,United States,,False,Webinar,2026-06-05
C000332,A00959,Eric,Leblanc,eric.leblanc@garcia.com,VP Data & Analytics,Economic Buyer,United States,,False,Free Trial,2024-12-21
C000333,A01490,Holly,Stamrood,holly.stamrood@cross.com,Head of Data Engineering,Champion,United States,,False,SDR Outbound,2026-05-18
C000334,A01789,Daniel,Isaksson,daniel.isaksson@huhn.com,Data Engineering Manager,User,United States,,False,Referral,2025-08-11
C000335,A01778,Ize,"Werl-Arnsberg, van","ize.werl-arnsberg, van@morris.com",Staff Data Engineer,User,Belgium,Legitimate Interest,False,Event,2025-10-15
C000336,A01060,Sebastiaan,Rose,sebastiaan.rose@bäckström.com,Data Engineering Manager,User,Sweden,Legitimate Interest,False,SDR Outbound,2025-10-26
C000337,A00653,Karl-Werner,Harrison,karl-werner.harrison@paulsson.com,x,,United Kingdom,Legitimate Interest,False,Event,2025-11-30
C000338,A00986,Per,Turnbull,per.turnbull@vasquez.com,Head of Data Engineering,Champion,United States,,False,Webinar,2026-05-09
C000339,A01737,Maria,Horn,maria.horn@hewitt.com,Manager,,United States,,False,SDR Outbound,2025-05-14
C000340,A00201,Uwe,Mellor,uwe.mellor@hall.com,Head of Data Platform,Champion,Belgium,Legitimate Interest,False,Free Trial,2025-05-12
C000341,A01675,Jente,Smit,jente.smit@simons.com,Head of Data Engineering,Champion,United States,,False,Paid Search,2026-10-03
C000342,A01182,Rhys,Roberts,rhys.roberts@jakobsson.com,Chief Information Officer,Economic Buyer,United States,,True,SDR Outbound,2026-08-23
C000343,A01757,Naomi,Cox,naomi.cox@henry.com,Analytics Engineer,User,Belgium,Legitimate Interest,False,Free Trial,2026-03-24
C000344,A01022,Dick,Patel,dick.patel@van.com,Senior Data Engineer,User,Sweden,Legitimate Interest,False,Free Trial,2025-03-12
C000345,A00452,Ize,Bennett,ize.bennett@ingram.com,Chief Information Officer,Economic Buyer,United Kingdom,Legitimate Interest,False,SDR Outbound,2026-06-29
C000346,A01679,Michael,Lambregt,michael.lambregt@striebitz.com,Analytics Engineer,User,United States,,False,SDR Outbound,2026-09-07
C000347,A00877,David,Lundström,david.lundström@van.com,Head of Procurement,Blocker,United States,,False,Content Download,2025-11-22
C000348,A00958,Simon,Johnson,simon.johnson@hehl.com,Staff Data Engineer,User,Canada,,False,Content Download,2026-05-20
C000349,A01697,Liam,Wilson,liam.wilson@koninklijke.com,Data Engineering Manager,User,United States,,False,Webinar,2024-10-24
C000350,A01471,Zakaria,Stroh,zakaria.stroh@trupp.com,"Director, Data Engineering",Champion,Germany,,False,Event,2025-10-24
C000351,A01474,Sofia,Furda,sofia.furda@warner.com,Director of Data Platform,Champion,United States,,False,Free Trial,2025-09-14
C000352,A01680,Nisa,Schellekens,nisa.schellekens@de.com,IT Security Manager,Blocker,United States,,False,Partner,2025-05-31
C000353,A01036,Rick,Wilson,rick.wilson@granberg.com,Senior Data Engineer,User,Sweden,Legitimate Interest,False,SDR Outbound,2026-09-02
C000354,A01522,David,Eriksson,david.eriksson@smith.com,Senior Data Engineer,User,United Kingdom,Legitimate Interest,False,Free Trial,2026-07-10
C000355,A01163,Birgitta,Jonsson,birgitta.jonsson@sosa.com,Analytics Engineer,User,United States,,False,Event,2026-08-29
C000356,A01896,Laura,Cooper,laura.cooper@aertsz.com,Staff Data Engineer,User,United States,,False,Paid Search,2026-05-05
C000357,A01114,Merijn,Bergvall,merijn.bergvall@powell.com,Director of Data Platform,Champion,Switzerland,Legitimate Interest,False,Content Download,2026-09-12
C000358,A00289,Carl-Heinz,Danielsson,carl-heinz.danielsson@decker.com,CISO,Blocker,Netherlands,Legitimate Interest,False,SDR Outbound,2026-08-03
C000359,A01226,Phillip,Olsson,phillip.olsson@brown-parker.com,Data Engineering Manager,User,United Kingdom,Legitimate Interest,False,Paid Search,2024-12-23
C000360,A01036,Wilhelm,Pettersson,wilhelm.pettersson@granberg.com,Data Engineering Manager,User,Sweden,Legitimate Interest,False,Partner,2026-08-28
C000361,A00141,Inga,Molina,inga.molina@bt.com,Senior Data Engineer,User,United Kingdom,Legitimate Interest,False,Content Download,2025-08-06
C000362,A01767,Katy,White,katy.white@lewis.com,Staff Data Engineer,User,United Kingdom,Legitimate Interest,False,Content Download,2026-09-02
C000363,A00777,Hanna,Peters,hanna.peters@larsson.com,"Director, Data Engineering",Champion,United Kingdom,Legitimate Interest,False,Content Download,2026-08-20
C000364,A00896,Ewald,Anderson,ewald.anderson@fischer.com,Manager,,United States,,False,Paid Search,2026-05-09
C000365,A01880,Hilary,Nicholson,hilary.nicholson@agrifirm.com,"Director, Data Engineering",Champion,United States,,False,Content Download,2025-10-29
C000366,A01071,Miroslawa,Miller,miroslawa.miller@misicher.com,"Director, Data Engineering",Champion,Germany,Legitimate Interest,False,Event,2026-03-25
C000367,A01762,William,Ring,william.ring@åkerlund.com,Head of Data Platform,Champion,Germany,Legitimate Interest,False,Webinar,2026-09-05
C000368,A00981,Mary,Wright,mary.wright@jonasson.com,Head of Data Engineering,Champion,United States,,False,SDR Outbound,2026-07-09
C000369,A00861,Sophia,Strömberg,sophia.strömberg@mielcarek.com,Head of Data Platform,Champion,United States,,False,Partner,2025-09-05
C000370,A00043,Gertraude,Johansson,gertraude.johansson@koninklijke.com,Data Engineering Manager,User,United States,,False,Partner,2026-09-23
C000371,A01211,William,Preiß,william.preiß@lundin.com,"Director, Data Engineering",Champion,United States,,False,Paid Search,2025-12-22
C000372,A00189,Edeltraut,Karlsson,edeltraut.karlsson@koninklijke.com,Analytics Engineer,User,United States,,False,Partner,2026-08-17
C000373,A00639,Elaine,Young,elaine.young@mitschke.com,"Director, Data Engineering",Champion,United States,,False,Content Download,2023-04-30
C000374,A01898,Patrick,Hande,patrick.hande@farm.com,Head of Procurement,Blocker,United Kingdom,Legitimate Interest,False,Paid Search,2024-08-24
C000375,A00046,Mandy,Englund,mandy.englund@woods.com,Data Engineering Manager,User,Belgium,Legitimate Interest,False,Event,2026-06-10
C000376,A01402,Karl-Georg,Briggs,karl-georg.briggs@ruppert.com,Analytics Engineer,User,Canada,,False,SDR Outbound,2026-05-20
C000377,A00856,Damian,Falk,damian.falk@thompson-joyce.com,Data Engineering Manager,User,United States,,False,Referral,2026-07-15
C000378,A01788,Hanna,Matthews,hanna.matthews@coenen.com,test,,Ireland,Legitimate Interest,True,Event,2026-04-07
C000379,A01152,Shirley,Janssens,shirley.janssens@van.com,Head of Procurement,Blocker,Norway,Legitimate Interest,False,Webinar,2025-05-17
C000380,A00979,Jacob,Schulz,jacob.schulz@hauffer.com,Chief Information Officer,Economic Buyer,Norway,Legitimate Interest,False,Content Download,2025-01-19
C000381,A00219,Christine,Magnusson,christine.magnusson@jones.com,test,,Ireland,Legitimate Interest,False,Content Download,2026-09-15
C000382,A01467,Clara,Keijzer,clara.keijzer@montoya.com,Staff Data Engineer,User,Canada,,False,Referral,2024-11-25
C000383,A01151,Lina,de Grote,lina.de grote@hunt-hale.com,VP Data,Economic Buyer,United States,,False,Webinar,2026-04-06
C000384,A01978,Tamara,Hamilton,tamara.hamilton@ortmann.com,IT Security Manager,Blocker,Belgium,Legitimate Interest,True,Free Trial,2025-02-18
C000385,A01098,Amanda,Jansson,amanda.jansson@hall.com,Data Engineering Manager,User,United States,,False,Referral,2026-10-01
C000386,A00625,Filiz,Cox,filiz.cox@turner.com,test,,Sweden,Legitimate Interest,False,Partner,2026-02-13
C000387,A01188,Leopoldine,Fiebig,leopoldine.fiebig@allen.com,"Director, Data Engineering",Champion,United States,,True,Content Download,2024-03-14
C000388,A01589,Henry,Garcia,henry.garcia@koninklijke.com,Senior Data Engineer,User,Belgium,Legitimate Interest,False,Partner,2025-11-25
C000389,A01738,Gemma,Patton,gemma.patton@gregory-stanton.com,Senior Data Engineer,User,Belgium,Legitimate Interest,True,Partner,2024-12-11
C000390,A00654,Gregory,Schacht,gregory.schacht@gunpf.com,Senior Data Engineer,User,United States,,True,Webinar,2025-06-19
C000391,A01262,Duuk,Hellman,duuk.hellman@hammarström.com,Data Engineering Manager,User,Germany,Legitimate Interest,False,Event,2025-02-21
C000392,A00437,Maria,Fransson,maria.fransson@häring.com,"Director, Data Engineering",Champion,Netherlands,Legitimate Interest,False,Paid Search,2025-06-30
C000393,A01260,Peggy,Stephens,peggy.stephens@olsson.com,Analytics Engineer,User,United States,,False,Event,2024-10-04
C000394,A01071,Job,Weihmann,job.weihmann@misicher.com,Senior Data Engineer,User,Germany,Legitimate Interest,False,Webinar,2025-09-03
C000395,A01618,Annica,van Oosten,annica.van oosten@nordgren.com,Director of Data Platform,Champion,United States,,False,Partner,2024-12-26
C000396,A01189,Erik,Parks,erik.parks@junk.com,Staff Data Engineer,User,United States,,False,SDR Outbound,2024-10-02
C000397,A00112,Sylvia,Sanders,sylvia.sanders@stevens.com,Staff Data Engineer,User,Canada,,False,Partner,2024-08-07
C000398,A00470,Isabell,Sellers,isabell.sellers@eriksson.com,Analytics Engineer,User,Canada,,False,Paid Search,2026-07-26
C000399,A01327,Imelda,Davies,imelda.davies@de.com,VP Data,Economic Buyer,United States,,False,Referral,2024-10-31
C000400,A01953,Jolie,Latier,jolie.latier@johansson.com,x,,Belgium,Legitimate Interest,False,Webinar,2024-07-17
C000401,A00958,Quinn,van de Biesenbos,quinn.van de biesenbos@hehl.com,"Director, Data Engineering",Champion,Canada,,False,Paid Search,2026-07-28
C000402,A00242,Karl-August,van den Heuvel,karl-august.van den heuvel@glover.com,Director of Data Platform,Champion,United States,,False,Free Trial,2025-08-06
C000403,A01394,Stewart,Meza,stewart.meza@svensson.com,Senior Data Engineer,User,Sweden,Legitimate Interest,False,Event,2023-07-30
C000404,A00135,Liv,Conradi,liv.conradi@patton.com,Staff Data Engineer,User,United States,,False,Webinar,2025-09-28
C000405,A01158,Chase,Harding,chase.harding@koninklijke.com,Senior Data Engineer,User,Canada,,False,Webinar,2025-11-30
C000406,A00758,Beverley,Miller,beverley.miller@smith-sandoval.com,Head of Data Engineering,Champion,United States,,True,Event,2024-11-18
C000407,A00473,Birte,Arts,birte.arts@williams.com,Head of Data Platform,Champion,United States,,False,Paid Search,2026-09-22
C000408,A01490,Ivy,Svensson,ivy.svensson@cross.com,Data Engineering Manager,User,United States,,False,Referral,2026-07-03
C000409,A00302,Catherine,van den Berg,catherine.van den berg@moreno.com,Head of Procurement,Blocker,Sweden,Legitimate Interest,False,Content Download,2025-06-02
C000410,A00677,Hedda,Bastiaense,hedda.bastiaense@schmidt.com,Analytics Engineer,User,Germany,Legitimate Interest,False,Content Download,2025-01-07
C000411,A00217,Hussein,Klein,hussein.klein@schmidt.com,VP Data,Economic Buyer,United Kingdom,Legitimate Interest,False,Webinar,2025-01-27
C000412,A00411,Johanna,Turner,johanna.turner@owen.com,DATA ENG,,United Kingdom,Legitimate Interest,False,Event,2026-06-18
C000413,A00622,Gertrud,Lawson,gertrud.lawson@wähner.com,Analytics Engineer,User,United States,,False,Partner,2025-09-13
C000414,A00412,Frances,Strömberg,frances.strömberg@fitzgerald.com,IT Security Manager,Blocker,Belgium,Legitimate Interest,False,Webinar,2025-02-26
C000415,A01626,Keith,Eimer,keith.eimer@neureuther.com,Analytics Engineer,User,Germany,Legitimate Interest,False,Free Trial,2025-04-19
C000416,A00097,Nils,Henderson,nils.henderson@gumprich.com,Analytics Engineer,User,Germany,Legitimate Interest,False,SDR Outbound,2026-09-07
C000417,A01765,Jens,Dowerg,jens.dowerg@schmiedecke.com,"Director, Data Engineering",Champion,United Kingdom,Legitimate Interest,False,Paid Search,2025-10-19
C000418,A00635,Sigrun,Lee,sigrun.lee@terrell.com,Senior Data Engineer,User,United States,,False,Content Download,2025-07-26
C000419,A01354,Kelly,Soos,kelly.soos@kolster.com,ceo ,,Canada,,False,Paid Search,2023-09-30
C000420,A00329,Heino,Rojas,heino.rojas@mazars.com,Analytics Engineer,User,United States,,False,Content Download,2026-07-04
C000421,A00779,Per,Seifert,per.seifert@west.com,Analytics Engineer,User,United States,,False,Event,2024-09-27
C000422,A01416,Luna,Walls,luna.walls@johansson.com,Data Engineering Manager,User,Germany,Legitimate Interest,False,SDR Outbound,2026-07-23
C000423,A01463,Margareta,Kelly,margareta.kelly@bergman.com,Staff Data Engineer,User,United States,,False,Referral,2026-02-20
C000424,A00285,Thomas,Klapp,thomas.klapp@price-wilson.com,Head of Data Engineering,Champion,Switzerland,Legitimate Interest,False,Content Download,2026-09-09
C000425,A01036,Adam,Ahmed,adam.ahmed@granberg.com,Analytics Engineer,User,Sweden,Legitimate Interest,False,Event,2025-08-30
C000426,A01030,Craig,Mahieu,craig.mahieu@walker-lewis.com,IT Security Manager,Blocker,Norway,Legitimate Interest,False,Event,2026-09-26
C000427,A00509,Allison,Craig,allison.craig@säuberlich.com,Head of Procurement,Blocker,United States,,False,Partner,2025-03-24
C000428,A01045,Aiden,Moran,aiden.moran@lidström.com,Senior Data Engineer,User,Germany,Legitimate Interest,False,Event,2026-10-01
C000429,A01135,Henning,de Roos,henning.de roos@jacobs.com,Data Engineering Manager,User,United States,,False,Referral,2026-04-04
C000430,A01278,Kristian,Lorch,kristian.lorch@sparks.com,Data Engineering Manager,User,United States,,False,SDR Outbound,2025-06-12
C000431,A00938,Paula,Dörr,paula.dörr@ljungberg.com,VP Data,Economic Buyer,Canada,,False,Webinar,2026-08-13
C000432,A01499,Imke,Kof,imke.kof@scholz.com,Chief Information Officer,Economic Buyer,Belgium,Legitimate Interest,False,Event,2024-08-24
C000433,A01432,Owen,Aertsz,owen.aertsz@hansson.com,Director of Data Platform,Champion,United States,,False,Free Trial,2026-02-20
C000434,A00824,Regina,Griffiths,regina.griffiths@zimmer.com,Staff Data Engineer,User,United States,,False,Referral,2024-04-14
C000435,A00914,Arthur,Byrne,arthur.byrne@girschner.com,Chief Information Officer,Economic Buyer,Netherlands,Legitimate Interest,False,Referral,2024-12-25
C000436,A00447,Sabina,Martin,sabina.martin@dougherty-lin.com,VP Data,Economic Buyer,United States,,False,Free Trial,2026-05-20
C000437,A00008,Catherine,Drubin,catherine.drubin@walsh.com,Analytics Engineer,User,United States,,False,Referral,2026-06-25
C000438,A00973,Zakaria,Karlsson,zakaria.karlsson@raet.com,Analytics Engineer,User,Netherlands,Legitimate Interest,False,Paid Search,2026-06-16
C000439,A01128,Victor,van de Berg,victor.van de berg@hendrikse.com,Analytics Engineer,User,Switzerland,Legitimate Interest,False,Event,2026-08-23
C000440,A00772,Hidde,Rosario,hidde.rosario@textor.com,Analytics Engineer,User,United Kingdom,Legitimate Interest,False,SDR Outbound,2025-08-20
C000441,A00550,David,Otto,david.otto@jones.com,Analytics Engineer,User,United Kingdom,Legitimate Interest,False,Event,2024-09-05
C000442,A00271,Katrina,Barnett,katrina.barnett@smith.com,Chief Data Officer,Economic Buyer,Belgium,Legitimate Interest,False,Partner,2025-04-16
C000443,A00789,Stefan,Nordin,stefan.nordin@andersson.com,Staff Data Engineer,User,United States,,False,Content Download,2024-11-02
C000444,A01510,Wouter,Holzapfel,wouter.holzapfel@jackson.com,Staff Data Engineer,User,Canada,,False,Content Download,2026-09-07
C000445,A01164,Dave,Post,dave.post@roos.com,Chief Data Officer,Economic Buyer,United States,,True,Free Trial,2026-05-07
C000446,A00537,Gunnar,Danielsson,gunnar.danielsson@eriksson.com,Analytics Engineer,User,United States,,False,Free Trial,2026-09-16
C000447,A00960,Krista,Lin,krista.lin@kpmg.com,Staff Data Engineer,User,United States,,False,Content Download,2024-10-15
C000448,A00720,Dorothy,Mangel,dorothy.mangel@cooper-smith.com,Data Engineering Manager,User,United States,,False,Partner,2026-09-19
C000449,A00544,Jolie,Haynes,jolie.haynes@jensen.com,Senior Data Engineer,User,United States,,False,Partner,2023-04-25
C000450,A01548,Ebba,Chambers,ebba.chambers@naylor.com,VP Data,Economic Buyer,United States,,False,Paid Search,2025-12-29
C000451,A00878,Elisabeth,Wilson,elisabeth.wilson@gardiner.com,"Director, Data Engineering",Champion,Switzerland,Legitimate Interest,False,Free Trial,2026-10-03
C000452,A00611,Joanne,Hill,joanne.hill@kraushaar.com,"Director, Data Engineering",Champion,United States,,False,Event,2026-04-28
C000453,A01304,Jacob,Belpere,jacob.belpere@duncan-williams.com,Chief Information Officer,Economic Buyer,Belgium,Legitimate Interest,False,Paid Search,2026-04-20
C000454,A00151,Isac,James,isac.james@marshall-rogers.com,Staff Data Engineer,User,Netherlands,Legitimate Interest,False,Webinar,2025-11-07
C000455,A01430,Ludwig,Morton,ludwig.morton@hoogvliet.com,Director of Data Platform,Champion,United States,,False,Referral,2026-03-07
C000456,A00031,Wouter,Hicks,wouter.hicks@agruniekrijnvallei.com,Staff Data Engineer,User,Canada,,False,Event,2025-04-27
C000457,A01194,Kevin,Knappe,kevin.knappe@martin.com,Analytics Engineer,User,Switzerland,Legitimate Interest,False,Partner,2026-09-01
C000458,A00084,Therese,Trub,therese.trub@de.com,Staff Data Engineer,User,Norway,Legitimate Interest,False,Partner,2026-07-15
C000459,A01702,Loek,Biggen,loek.biggen@vazquez-bowers.com,Head of Data Platform,Champion,United Kingdom,Legitimate Interest,False,Content Download,2024-10-22
C000460,A01567,Simon,Williams,simon.williams@thompson.com,Analytics Engineer,User,United Kingdom,Legitimate Interest,False,Free Trial,2026-09-10
C000461,A01825,Heinfried,Mude,heinfried.mude@romijn.com,IT Security Manager,Blocker,Canada,,False,Paid Search,2026-09-30
C000462,A00177,Sibel,Berg,sibel.berg@lundqvist.com,Head of Procurement,Blocker,United Kingdom,Legitimate Interest,False,Referral,2026-08-04
C000463,A00207,Howard,Wouters van Eijndhoven,howard.wouters van eijndhoven@holzapfel.com,Head of Data Platform,Champion,United States,,False,Content Download,2024-12-25
C000464,A01972,Leif,Davis,leif.davis@dippel.com,x,,United States,,False,SDR Outbound,2026-07-24
C000465,A00257,Felicia,Fry,felicia.fry@drub.com,"Director, Data Engineering",Champion,Belgium,Legitimate Interest,False,Referral,2025-06-18
C000466,A00504,Josefine,Karlsson,josefine.karlsson@arbounie.com,IT Security Manager,Blocker,Norway,Legitimate Interest,False,Content Download,2024-04-19
C000467,A01261,Ibrahim,Häring,ibrahim.häring@edlund.com,Head of Data Engineering,Champion,Ireland,Legitimate Interest,False,Referral,2025-07-07
C000468,A01939,Patrik,Anderson,patrik.anderson@holland.com,VP Data,Economic Buyer,United States,,False,Referral,2025-12-21
C000469,A01085,Erik,Wennberg,erik.wennberg@berger.com,Analytics Engineer,User,Germany,Legitimate Interest,False,Partner,2024-10-16
C000470,A00316,Alex,Glasses,alex.glasses@van.com,"Director, Data Engineering",Champion,United States,,False,Referral,2026-09-14
C000471,A01284,Shelly,Hedlund,shelly.hedlund@meister.com,VP Data,Economic Buyer,United States,,True,SDR Outbound,2026-07-02
C000472,A01919,Lindsey,Ashton,lindsey.ashton@hedberg.com,"Director, Data Engineering",Champion,United States,,False,Free Trial,2024-03-05
C000473,A00365,Samuel,Lucas,samuel.lucas@royal.com,VP Data,Economic Buyer,Canada,,False,SDR Outbound,2024-10-16
C000474,A01684,Ilona,Westman,ilona.westman@stichting.com,Analytics Engineer,User,United States,,False,Event,2025-11-09
C000475,A01317,Tobias,Bartlett,tobias.bartlett@karz.com,Staff Data Engineer,User,Germany,Legitimate Interest,False,Free Trial,2025-10-17
C000476,A00789,Timothy,Svensson,timothy.svensson@andersson.com,Staff Data Engineer,User,United States,,False,Partner,2025-11-23
C000477,A01390,Leila,Anderson,leila.anderson@gustafsson.com,IT Security Manager,Blocker,Canada,,False,Event,2026-08-18
C000478,A00081,Gregory,Sosa,gregory.sosa@söderberg.com,Data Engineering Manager,User,United States,,False,Content Download,2026-07-28
C000479,A00392,Laura,Cox,laura.cox@kruschwitz.com,Head of Data Platform,Champion,United Kingdom,Legitimate Interest,False,Partner,2026-02-28
C000480,A01805,Aimée,Schmidt,aimée.schmidt@royal.com,Head of Data Engineering,Champion,Germany,Legitimate Interest,False,Partner,2026-01-24
C000481,A01936,Gabriel,Håkansson,gabriel.håkansson@carlsson.com,Analytics Engineer,User,Netherlands,Legitimate Interest,False,Paid Search,2025-10-24
C000482,A00536,Sepp,Franzén,sepp.franzén@miller.com,Director of Data Platform,Champion,Denmark,Legitimate Interest,True,Paid Search,2025-09-06
C000483,A01671,Paul,Bradshaw,paul.bradshaw@lee.com,Head of Data Platform,Champion,United States,,False,Free Trial,2025-12-24
C000484,A01892,Hannah,Johansson,hannah.johansson@mcdowell-evans.com,Senior Data Engineer,User,United States,,False,Referral,2026-07-25
C000485,A01873,Karl,Doyle,karl.doyle@marsh-kirby.com,Staff Data Engineer,User,Sweden,Legitimate Interest,False,SDR Outbound,2023-03-18
C000486,A01484,Birgid,Jackson,birgid.jackson@ljungberg.com,Analytics Engineer,User,United States,,False,Webinar,2025-11-04
C000487,A01336,Amanda,Benthin,amanda.benthin@fremie.com,Staff Data Engineer,User,United States,,False,SDR Outbound,2024-03-13
C000488,A01841,Ricky,Dixon,ricky.dixon@wang.com,Senior Data Engineer,User,United States,,False,Referral,2026-06-17
C000489,A00066,Dawn,Scott,dawn.scott@williams.com,Senior Data Engineer,User,United States,,False,Paid Search,2024-06-10
C000490,A00523,Eleanor,Smith,eleanor.smith@scott-smith.com,data guy,,United States,,False,Paid Search,2026-08-30
C000491,A00990,Evamaria,Westerlund,evamaria.westerlund@wernecke.com,Analytics Engineer,User,United States,,False,Webinar,2026-09-03
C000492,A01105,David,Forsberg,david.forsberg@jenkins-jones.com,Analytics Engineer,User,Netherlands,Legitimate Interest,False,Partner,2025-01-04
C000493,A01038,Michelle,Gustafsson,michelle.gustafsson@carsten.com,Analytics Engineer,User,United States,,False,Webinar,2025-10-31
C000494,A01137,Connie,Holloway,connie.holloway@klm.com,Director of Data Platform,Champion,United Kingdom,Legitimate Interest,False,Paid Search,2024-04-19
C000495,A00189,Leonard,Smith,leonard.smith@koninklijke.com,VP Data,Economic Buyer,United States,,False,Event,2026-08-29
C000496,A00161,Amanda,Berggren,amanda.berggren@thomas-holloway.com,Head of Data Engineering,Champion,United Kingdom,Legitimate Interest,False,Paid Search,2026-06-28
C000497,A00606,Tara,Schomber,tara.schomber@klingelhöfer.com,"Director, Data Engineering",Champion,United States,,False,Event,2026-06-04
C000498,A00125,Annelie,Muijs,annelie.muijs@stichting.com,Head of Procurement,Blocker,United States,,False,SDR Outbound,2025-10-17
C000499,A00278,Julian,Jackson,julian.jackson@b&s.com,ceo ,,Ireland,Legitimate Interest,False,Partner,2025-03-16
C000500,A01670,Jari,Oostveen,jari.oostveen@van.com,N/A,,United States,,False,Partner,2024-07-26
C000501,A00421,Rick,Poole,rick.poole@spencer-wood.com,VP Data,Economic Buyer,United Kingdom,Legitimate Interest,False,Content Download,2026-05-11
C000502,A01984,Tyler,Leguit,tyler.leguit@svensson.com,Head of Data Engineering,Champion,Netherlands,Legitimate Interest,False,Webinar,2026-01-04
C000503,A00162,Roy,Jönsson,roy.jönsson@eberth.com,VP Data & Analytics,Economic Buyer,United States,,False,SDR Outbound,2024-09-01
C000504,A01653,Eileen,Bärer,eileen.bärer@briggs.com,Data Engineering Manager,User,United Kingdom,Legitimate Interest,False,Webinar,2026-02-18
C000505,A01521,Gotthold,Warren,gotthold.warren@atzler.com,VP Data & Analytics,Economic Buyer,Sweden,Legitimate Interest,False,Free Trial,2025-02-09
C000506,A00432,Holger,Hammond,holger.hammond@bergvall.com,Staff Data Engineer,User,United States,,False,Event,2026-10-08
C000507,A00036,Sandra,Godfrey van Alemannië,sandra.godfrey van alemannië@patterson.com,Staff Data Engineer,User,United Kingdom,Legitimate Interest,False,Content Download,2025-08-17
C000508,A01671,Felix,Morrison,felix.morrison@lee.com,VP Data,Economic Buyer,United States,,False,SDR Outbound,2026-03-25
C000509,A01844,Sam,Rodriguez,sam.rodriguez@fors.com,Director of Data Platform,Champion,Belgium,Legitimate Interest,False,Referral,2024-10-03
C000510,A00525,Kathryn,Anderson,kathryn.anderson@svensson.com,Staff Data Engineer,User,Germany,Legitimate Interest,False,Partner,2026-09-23
C000511,A00796,Joseph,Ahmed,joseph.ahmed@olofsson.com,Senior Data Engineer,User,United Kingdom,Legitimate Interest,False,Partner,2025-12-11
C000512,A01805,Susan,Daniels,susan.daniels@royal.com,VP Data & Analytics,Economic Buyer,Germany,Legitimate Interest,False,Content Download,2026-05-10
C000513,A00240,Monika,Harris,monika.harris@roberts.com,IT Security Manager,Blocker,Canada,,False,Paid Search,2025-08-02
C000514,A00637,Linde,Stark,linde.stark@pergande.com,Director of Data Platform,Champion,Switzerland,Legitimate Interest,False,Event,2024-09-14
C000515,A01338,Mohammad,Naser,mohammad.naser@kathagen.com,Chief Data Officer,Economic Buyer,United States,,False,SDR Outbound,2024-08-08
C000516,A01145,Norman,Stephens,norman.stephens@hellgren.com,Senior Data Engineer,User,Denmark,Legitimate Interest,False,Partner,2026-08-04
C000517,A00511,Erna,Bergström,erna.bergström@wilson.com,Senior Data Engineer,User,United Kingdom,Legitimate Interest,False,Event,2026-04-21
C000518,A00860,Curtis,Dobes,curtis.dobes@hawkins-arnold.com,Staff Data Engineer,User,United States,,False,SDR Outbound,2026-05-14
C000519,A01401,Marie,Jansse,marie.jansse@koninklijke.com,Data Engineering Manager,User,United States,,False,Partner,2024-05-09
C000520,A01700,Rhonda,Perez,rhonda.perez@olsen.com,Analytics Engineer,User,Netherlands,Legitimate Interest,False,Webinar,2026-08-13
C000521,A01633,Jake,Sölzer,jake.sölzer@butler-fleming.com,Senior Data Engineer,User,United States,,False,Webinar,2026-01-16
C000522,A00939,Henner,Heerschop,henner.heerschop@higgins.com,Manager,,United Kingdom,Legitimate Interest,False,Content Download,2025-08-15
C000523,A00537,Jelte,Walker,jelte.walker@eriksson.com,"Director, Data Engineering",Champion,United States,,False,SDR Outbound,2026-08-30
C000524,A00320,Ole,Gilbert,ole.gilbert@pettersson.com,Data Engineering Manager,User,United States,,False,Free Trial,2024-07-04
C000525,A01437,Michael,Huang,michael.huang@schakelaar.com,Head of Data Platform,Champion,United States,,False,Content Download,2026-09-28
C000526,A00178,Gillis,van der Hoeven,gillis.van der hoeven@howard.com,Staff Data Engineer,User,Canada,,False,Paid Search,2024-11-24
C000527,A01139,Dorit,Davies,dorit.davies@karlsson.com,Senior Data Engineer,User,United States,,False,Paid Search,2025-04-28
C000528,A01782,Dorothy,Scholz,dorothy.scholz@burrows.com,Head of Procurement,Blocker,Ireland,Legitimate Interest,False,SDR Outbound,2026-01-05
C000529,A00409,Nicolai,Nelson,nicolai.nelson@mohamed.com,Staff Data Engineer,User,Canada,,False,Partner,2025-02-17
C000530,A01859,Indy,Hettner,indy.hettner@lindberg.com,Head of Data Engineering,Champion,United Kingdom,Legitimate Interest,False,SDR Outbound,2026-04-10
C000531,A01712,Kristina,Hobbs,kristina.hobbs@karlsson.com,Staff Data Engineer,User,United States,,False,Partner,2025-12-15
C000532,A01983,Stanley,Dickinson,stanley.dickinson@lewis.com,Analytics Engineer,User,United States,,False,Referral,2026-06-12
C000533,A00634,Maria,Wilson,maria.wilson@seifert.com,Director of Data Platform,Champion,United States,,False,Paid Search,2026-06-27
C000534,A01733,Vera,Fiebig,vera.fiebig@fredriksson.com,IT Security Manager,Blocker,United States,,False,Free Trial,2024-10-06
C000535,A00955,Marcus,Clayton,marcus.clayton@briggs-white.com,"Director, Data Engineering",Champion,Canada,,False,Referral,2025-03-17
C000536,A01379,Pim,Oderwald,pim.oderwald@bentley.com,Data Engineering Manager,User,United States,,False,Webinar,2023-02-11
C000537,A00733,Xavi,Vermeulen,xavi.vermeulen@salazar-brown.com,Staff Data Engineer,User,Netherlands,Legitimate Interest,False,Event,2026-03-26
C000538,A01413,Hilary,Cooper,hilary.cooper@lee.com,Data Engineering Manager,User,United Kingdom,Legitimate Interest,True,Partner,2026-09-27
C000539,A01574,Åke,Jönsson,åke.jönsson@meeres.com,Data Engineering Manager,User,United Kingdom,Legitimate Interest,False,Content Download,2024-11-08
C000540,A01355,Louise,Ferran,louise.ferran@hanson.com,Chief Information Officer,Economic Buyer,Germany,Legitimate Interest,False,Webinar,2026-03-16
C000541,A01410,Inga-Lill,Liljegren,inga-lill.liljegren@jäntsch.com,"Director, Data Engineering",Champion,Canada,,False,Paid Search,2025-09-23
C000542,A00131,Rita,Young,rita.young@oconnell.com,Data Engineering Manager,User,United States,,False,Webinar,2025-05-16
C000543,A00530,James,Cox,james.cox@löfgren.com,Data Engineering Manager,User,Ireland,Legitimate Interest,False,Free Trial,2026-04-10
C000544,A01682,Veerle,Wall,veerle.wall@borg.com,Head of Data Platform,Champion,Austria,Legitimate Interest,False,SDR Outbound,2026-03-28
C000545,A01151,Rhonda,Wulff,rhonda.wulff@hunt-hale.com,Analytics Engineer,User,United States,,False,Paid Search,2026-06-23
C000546,A00194,Billy,Jeggij,billy.jeggij@lieshout.com,Chief Data Officer,Economic Buyer,Canada,,False,Paid Search,2026-09-27
C000547,A01611,Therése,Persijn,therése.persijn@caldwell-martin.com,Senior Data Engineer,User,Ireland,Legitimate Interest,False,Event,2025-08-18
C000548,A00390,Francis,Burgess,francis.burgess@smits.com,Senior Data Engineer,User,Ireland,Legitimate Interest,False,Webinar,2026-01-14
C000549,A01054,Suzanne,Patel,suzanne.patel@royal.com,Head of Data Platform,Champion,Germany,Legitimate Interest,False,Event,2026-01-03
C000550,A00620,Heather,de Beer,heather.de beer@steenbeek.com,intern,,United States,,False,Free Trial,2026-04-23
C000551,A00216,Jacqueline,Andersson,jacqueline.andersson@arnold-clarke.com,Staff Data Engineer,User,United States,,False,SDR Outbound,2024-06-01
C000552,A00693,Maria,Thomas,maria.thomas@koninklijke.com,Senior Data Engineer,User,United Kingdom,Legitimate Interest,False,Content Download,2026-02-10
C000553,A01251,Jason,Hamilton,jason.hamilton@nyström.com,Staff Data Engineer,User,United States,,False,Content Download,2026-10-03
C000554,A00596,Maj-Britt,Kallen,maj-britt.kallen@håkansson.com,Chief Data Officer,Economic Buyer,United States,,False,Free Trial,2024-02-17
C000555,A00364,Pauline,Morris,pauline.morris@sjöberg.com,Staff Data Engineer,User,Belgium,Legitimate Interest,False,Referral,2026-04-04
C000556,A00150,Walther,Vial,walther.vial@geldens.com,Analytics Engineer,User,Austria,Legitimate Interest,False,Free Trial,2025-09-08
C000557,A01992,Lizzy,Mitchell,lizzy.mitchell@royal.com,"Director, Data Engineering",Champion,Denmark,Legitimate Interest,False,Event,2025-11-20
C000558,A00515,Darren,Munoz,darren.munoz@jeppsson.com,Data Engineering Manager,User,United States,,False,Webinar,2023-08-27
C000559,A01577,Stephanie,Boyle,stephanie.boyle@nilsson.com,-,,United Kingdom,Legitimate Interest,False,Webinar,2025-06-10
C000560,A01869,Jade,Rijcken,jade.rijcken@roberts.com,Head of Data Engineering,Champion,United States,,False,Event,2025-12-06
C000561,A00819,Agneta,Davison,agneta.davison@lundin.com,Head of Data Platform,Champion,United Kingdom,Legitimate Interest,False,Event,2026-06-05
C000562,A01264,Abdul,Boyd,abdul.boyd@howell.com,Senior Data Engineer,User,Norway,Legitimate Interest,False,Referral,2024-09-10
C000563,A01785,Phillip,Coolen,phillip.coolen@moore.com,ceo ,,Sweden,Legitimate Interest,False,Content Download,2026-06-17
C000564,A01308,Deborah,Fuller,deborah.fuller@larsson.com,Senior Data Engineer,User,United States,,False,Paid Search,2024-08-29
C000565,A01484,Clara,Velasquez,clara.velasquez@ljungberg.com,Senior Data Engineer,User,United States,,False,Free Trial,2025-06-07
C000566,A01172,Wout,Söding,wout.söding@davidsson.com,Data Engineering Manager,User,United States,,False,SDR Outbound,2023-03-19
C000567,A00725,Meike,Konings,meike.konings@baker.com,Director of Data Platform,Champion,Germany,Legitimate Interest,False,Partner,2024-12-02
C000568,A01406,Linda,Luitgardis van Neustrië,linda.luitgardis van neustrië@johnson.com,Data Engineering Manager,User,United States,,False,SDR Outbound,2025-12-22
C000569,A01592,Elias,Miller,elias.miller@de.com,Analytics Engineer,User,Netherlands,Legitimate Interest,False,Content Download,2025-11-17
C000570,A00666,Kristina,Baum,kristina.baum@löfgren.com,Data Engineering Manager,User,Belgium,Legitimate Interest,False,SDR Outbound,2025-09-15
C000571,A01891,Lawrence,Henderson,lawrence.henderson@watts.com,Data Engineering Manager,User,United Kingdom,Legitimate Interest,False,Webinar,2026-09-26
C000572,A00869,Jason,Avila,jason.avila@morris.com,Senior Data Engineer,User,Canada,,False,Free Trial,2026-07-04
C000573,A00627,Hans-H.,Eklund,hans-h..eklund@bohnbach.com,Data Engineering Manager,User,United Kingdom,Legitimate Interest,False,Free Trial,2025-11-29
C000574,A01679,John,Davila,john.davila@striebitz.com,Data Engineering Manager,User,United States,,False,Paid Search,2026-09-23
C000575,A01561,Axel,Bruggeman,axel.bruggeman@carr-conley.com,Staff Data Engineer,User,Switzerland,Legitimate Interest,False,Paid Search,2024-10-05
C000576,A01306,Leonard,Anders,leonard.anders@olsson.com,Staff Data Engineer,User,United Kingdom,Legitimate Interest,False,Event,2026-02-14
C000577,A01259,Kata,Kruschwitz,kata.kruschwitz@hunter.com,Head of Data Engineering,Champion,Canada,,False,Free Trial,2026-05-19
C000578,A01148,Ingemar,Willemsen,ingemar.willemsen@karlsson.com,ceo ,,Ireland,Legitimate Interest,False,Content Download,2026-10-08
C000579,A00128,Rita,Rivera,rita.rivera@hernandez.com,Senior Data Engineer,User,United States,,False,Paid Search,2026-04-10
C000580,A00344,Dennis,Brown,dennis.brown@olsson.com,Data Engineering Manager,User,United States,,False,Paid Search,2026-08-29
C000581,A00942,Wout,Sandström,wout.sandström@lange.com,Director of Data Platform,Champion,Canada,,False,Webinar,2026-06-30
C000582,A01911,Kelly,Richardson,kelly.richardson@eaton.com,Senior Data Engineer,User,United States,,False,Partner,2023-09-19
C000583,A01420,Nicole,Cisneros,nicole.cisneros@terrell-sims.com,-,,United Kingdom,Legitimate Interest,False,Event,2023-08-07
C000584,A00342,Robin,Hilton,robin.hilton@woutersz.com,Analytics Engineer,User,United States,,False,Webinar,2025-12-11
C000585,A01214,Donna,Öberg,donna.öberg@ackermann.com,DATA ENG,,United States,,False,Content Download,2025-01-15
C000586,A00464,Emilia,Meister,emilia.meister@scott-cox.com,Data Engineering Manager,User,United States,,False,Referral,2025-09-18
C000587,A01774,Declan,Klingelhöfer,declan.klingelhöfer@emanuelsson.com,data guy,,United Kingdom,Legitimate Interest,False,Free Trial,2025-04-11
C000588,A00670,Maria,Briere,maria.briere@carlsson.com,Analytics Engineer,User,United States,,False,Referral,2025-12-23
C000589,A00541,Leon,Turner,leon.turner@gordon.com,Senior Data Engineer,User,United States,,False,Webinar,2025-08-18
C000590,A00251,Carl,Sullivan,carl.sullivan@johansson.com,"Director, Data Engineering",Champion,United States,,False,Webinar,2026-04-26
C000591,A01071,Dylan,Thomas,dylan.thomas@misicher.com,Senior Data Engineer,User,Germany,Legitimate Interest,False,Referral,2025-11-29
C000592,A01930,Bernadette,Porter,bernadette.porter@josefsson.com,Director of Data Platform,Champion,United States,,False,Paid Search,2025-10-28
C000593,A00490,Mohamed,McDonald,mohamed.mcdonald@jacobs.com,"Director, Data Engineering",Champion,Germany,Legitimate Interest,False,SDR Outbound,2025-09-12
C000594,A01090,Joseph,Rust,joseph.rust@larsson.com,Data Engineering Manager,User,Ireland,Legitimate Interest,False,SDR Outbound,2026-09-06
C000595,A01030,Nikolas,Jones,nikolas.jones@walker-lewis.com,"Director, Data Engineering",Champion,Norway,Legitimate Interest,False,Free Trial,2026-09-26
C000596,A01004,Lukas,Remmers,lukas.remmers@freeman.com,data guy,,United Kingdom,Legitimate Interest,False,Referral,2026-09-07
C000597,A00852,Hanna,Singh,hanna.singh@booking.com.com,Staff Data Engineer,User,United States,,True,SDR Outbound,2026-08-07
C000598,A00090,Walter,Hörle,walter.hörle@edman.com,Staff Data Engineer,User,Sweden,Legitimate Interest,False,Referral,2026-02-15
C000599,A00658,Simon,Svedberg,simon.svedberg@persson.com,Analytics Engineer,User,Canada,,False,Event,2026-05-19
C000600,A01342,Chloe,Peukert,chloe.peukert@trapp.com,Head of Data Platform,Champion,United States,,False,Referral,2026-04-17
C000601,A00681,Sofia,Carsten,sofia.carsten@robinson-harris.com,"Director, Data Engineering",Champion,Germany,Legitimate Interest,False,Partner,2024-08-04
C000602,A01483,Amira,Room,amira.room@rockwell.com,Head of Data Engineering,Champion,Ireland,Legitimate Interest,False,Content Download,2026-04-14
C000603,A00846,Christine,Figueroa,christine.figueroa@d'.com,Analytics Engineer,User,United Kingdom,Legitimate Interest,False,SDR Outbound,2026-06-08
C000604,A01740,Beth,Ahlin,beth.ahlin@bengtsson.com,"Director, Data Engineering",Champion,United States,,False,Partner,2026-05-27
C000605,A00355,Kelly,Pearce,kelly.pearce@pettersson.com,DATA ENG,,Germany,Legitimate Interest,False,Webinar,2026-08-07
C000606,A00101,Jeffrey,Gellemeyer,jeffrey.gellemeyer@lynch.com,Chief Information Officer,Economic Buyer,United States,,False,SDR Outbound,2026-04-06
C000607,A00451,Vladimir,van der Laarse,vladimir.van der laarse@wagner-levy.com,Data Engineering Manager,User,Germany,Legitimate Interest,False,Content Download,2026-09-21
C000608,A00183,Fedde,White,fedde.white@skoglund.com,Data Engineering Manager,User,Austria,Legitimate Interest,True,Paid Search,2026-07-01
C000609,A01937,Samantha,van Doorn,samantha.van doorn@fraser-harris.com,Analytics Engineer,User,United States,,False,Paid Search,2026-07-24
C000610,A01151,Joanne,Bolzmann,joanne.bolzmann@hunt-hale.com,Head of Data Engineering,Champion,United States,,False,Free Trial,2025-02-09
C000611,A00562,Miroslaw,Josefsson,miroslaw.josefsson@heß.com,Chief Information Officer,Economic Buyer,Germany,Legitimate Interest,False,SDR Outbound,2025-09-19
C000612,A01849,Florian,Metz,florian.metz@johann.com,Chief Data Officer,Economic Buyer,United States,,False,Free Trial,2025-08-08
C000613,A01680,Amy,Jochems,amy.jochems@de.com,VP Data & Analytics,Economic Buyer,United States,,False,SDR Outbound,2025-12-04
C000614,A01760,Stanley,Andersson,stanley.andersson@nguyen.com,Head of Data Engineering,Champion,United States,,False,Paid Search,2026-04-16
C000615,A01666,Kerstin,Mayer,kerstin.mayer@morgan.com,IT Security Manager,Blocker,Germany,Legitimate Interest,False,Content Download,2026-10-04
C000616,A00113,Lisbeth,van Northeim,lisbeth.van northeim@daf.com,Senior Data Engineer,User,United States,,False,Referral,2025-03-17
C000617,A00262,Alexander,Taylor,alexander.taylor@williams-smith.com,Staff Data Engineer,User,United Kingdom,Legitimate Interest,False,SDR Outbound,2025-09-03
C000618,A01952,Marinus,Schuster,marinus.schuster@tomlinson.com,-,,United Kingdom,Legitimate Interest,False,Event,2024-06-13
C000619,A01760,Jake,Rees,jake.rees@nguyen.com,Head of Data Platform,Champion,United States,,False,Content Download,2025-06-06
C000620,A00267,Daniël,Trub,daniël.trub@greenwood.com,Senior Data Engineer,User,Norway,Legitimate Interest,False,Content Download,2026-10-07
C000621,A01735,Nora,van den Pol,nora.van den pol@stichting.com,"Director, Data Engineering",Champion,United Kingdom,Legitimate Interest,False,Free Trial,2026-09-26
C000622,A01645,Aimee,Gorlitz,aimee.gorlitz@johansson.com,CISO,Blocker,United Kingdom,Legitimate Interest,False,SDR Outbound,2025-02-24
C000623,A01727,Christopher,Waardeloo,christopher.waardeloo@de.com,VP Data,Economic Buyer,United States,,False,Partner,2026-03-24
C000624,A01171,Gregor,Stone,gregor.stone@verbeeck.com,Staff Data Engineer,User,Germany,Legitimate Interest,False,Free Trial,2024-07-31
C000625,A01809,Xavi,van der Lede,xavi.van der lede@royal.com,Director of Data Platform,Champion,Belgium,Legitimate Interest,False,SDR Outbound,2026-01-06
C000626,A00425,Bethan,Willems,bethan.willems@hofman.com,data guy,,United States,,False,SDR Outbound,2025-12-26
C000627,A01477,Per,Hoffman,per.hoffman@ohra.com,data guy,,Sweden,Legitimate Interest,False,Content Download,2026-07-19
C000628,A00143,Ingvar,Lindström,ingvar.lindström@henk.com,Head of Data Platform,Champion,United States,,False,Paid Search,2026-09-27
C000629,A01185,Giovanna,Austermühle,giovanna.austermühle@roht.com,Data Engineering Manager,User,Canada,,False,Paid Search,2026-04-04
C000630,A01329,Clare,Knight,clare.knight@gonzalez.com,Head of Data Engineering,Champion,United States,,False,Event,2026-10-07
C000631,A01313,Enver,Room,enver.room@anderberg.com,VP Data & Analytics,Economic Buyer,Germany,Legitimate Interest,False,Paid Search,2023-09-15
C000632,A01578,Inger,Hollander,inger.hollander@lindner.com,Head of Data Engineering,Champion,United States,,True,Paid Search,2025-09-11
C000633,A01318,Floortje,Bengtsson,floortje.bengtsson@cole-johnson.com,VP Data,Economic Buyer,United States,,False,Event,2026-07-25
C000634,A01622,Roy,van der Stael,roy.van der stael@smith-clark.com,Director of Data Platform,Champion,United States,,False,Referral,2025-06-08
C000635,A01724,Grace,Moet,grace.moet@le.com,Head of Data Platform,Champion,Norway,Legitimate Interest,False,Paid Search,2026-07-09
C000636,A01947,Hassan,Page,hassan.page@hendrix.com,Head of Data Platform,Champion,United Kingdom,Legitimate Interest,False,Partner,2026-05-03
C000637,A00179,Sofie,Knappe,sofie.knappe@petersson.com,Director of Data Platform,Champion,United States,,False,Content Download,2026-03-05
C000638,A01735,Kevin,Paffrath,kevin.paffrath@stichting.com,Analytics Engineer,User,United Kingdom,Legitimate Interest,False,Partner,2026-06-26
C000639,A01706,Holly,van Asten,holly.van asten@turner.com,Analytics Engineer,User,United States,,False,Event,2026-07-27
C000640,A01683,Pim,Riehl,pim.riehl@humphries-sharpe.com,VP Data & Analytics,Economic Buyer,Sweden,Legitimate Interest,False,SDR Outbound,2026-04-01
C000641,A00931,Anouk,Drewes,anouk.drewes@hunter.com,N/A,,United States,,False,Referral,2025-02-17
C000642,A00294,Clare,de Boer,clare.de boer@döhn.com,Director of Data Platform,Champion,United States,,False,Paid Search,2026-05-06
C000643,A01818,Andrea,Börjesson,andrea.börjesson@edwards.com,intern,,Belgium,Legitimate Interest,False,Content Download,2023-12-02
C000644,A00054,Ryan,Sorgatz,ryan.sorgatz@medina.com,Staff Data Engineer,User,United States,,False,Content Download,2026-09-14
C000645,A00717,Fiene,Tintzmann,fiene.tintzmann@foster.com,Analytics Engineer,User,United States,,False,Paid Search,2023-05-15
C000646,A00627,Sandra,Cowan,sandra.cowan@bohnbach.com,"Director, Data Engineering",Champion,United Kingdom,Legitimate Interest,False,SDR Outbound,2025-11-18
C000647,A00730,Christopher,Jensen,christopher.jensen@isaksson.com,intern,,Denmark,Legitimate Interest,False,Event,2026-10-03
C000648,A00712,Faas,van der Smeede,faas.van der smeede@hamann.com,Director of Data Platform,Champion,United States,,False,SDR Outbound,2026-10-07
C000649,A00250,Cynthia,Lind,cynthia.lind@axelsson.com,Data Engineering Manager,User,United States,,False,Event,2025-01-24
C000650,A01505,Elizabeth,Meyer,elizabeth.meyer@farrell-hill.com,Staff Data Engineer,User,United States,,False,Paid Search,2025-05-23
C000651,A00081,Sandra,Håkansson,sandra.håkansson@söderberg.com,"Director, Data Engineering",Champion,United States,,False,Event,2025-06-21
C000652,A01513,Pauline,Bell,pauline.bell@radisch.com,"Director, Data Engineering",Champion,United States,,False,Free Trial,2025-11-24
C000653,A01926,Stan,Appelman,stan.appelman@östman.com,Data Engineering Manager,User,United Kingdom,Legitimate Interest,False,Paid Search,2026-09-28
C000654,A00972,Liesbeth,Buckley,liesbeth.buckley@hägg.com,Senior Data Engineer,User,United States,,False,Event,2025-09-22
C000655,A00241,Radmila,Jäntsch,radmila.jäntsch@wende.com,Staff Data Engineer,User,Germany,,False,Content Download,2026-06-06
C000656,A00643,Ise,Burgess,ise.burgess@webster-murphy.com,Staff Data Engineer,User,United Kingdom,Legitimate Interest,False,Free Trial,2025-07-23
C000657,A01359,Bastiaan,Johnson,bastiaan.johnson@bmc.com,Staff Data Engineer,User,Sweden,Legitimate Interest,False,Event,2025-07-31
C000658,A00727,Melissa,Persson,melissa.persson@johansson.com,"Director, Data Engineering",Champion,United Kingdom,Legitimate Interest,False,Content Download,2025-03-06
C000659,A01170,Martin,Schofield,martin.schofield@hagström.com,Staff Data Engineer,User,United States,,False,Partner,2026-09-13
C000660,A00887,Levi,Westin,levi.westin@martin.com,Senior Data Engineer,User,United States,,False,Event,2026-04-18
C000661,A01429,Amber,Carnotte,amber.carnotte@rhodes.com,Analytics Engineer,User,Ireland,Legitimate Interest,False,SDR Outbound,2026-05-07
C000662,A01958,Samuel,Kuiper,samuel.kuiper@short-powell.com,Manager,,Belgium,Legitimate Interest,False,Webinar,2023-09-14
C000663,A00262,Roos,Plath,roos.plath@williams-smith.com,Staff Data Engineer,User,United Kingdom,Legitimate Interest,False,Content Download,2026-01-13
C000664,A00655,Amanda,Spencer,amanda.spencer@niemeier.com,Head of Data Platform,Champion,Germany,Legitimate Interest,False,Content Download,2026-06-30
C000665,A01744,Leanne,Welch,leanne.welch@cole-farrell.com,Staff Data Engineer,User,United States,,False,Referral,2025-08-11
C000666,A00140,Milou,Röhrdanz,milou.röhrdanz@fransson.com,Analytics Engineer,User,Ireland,Legitimate Interest,False,Referral,2026-06-21
C000667,A01518,Brandon,Green,brandon.green@hethur.com,Analytics Engineer,User,United States,,False,Webinar,2026-09-17
C000668,A00628,Samuel,Brodin,samuel.brodin@ns.com,Senior Data Engineer,User,Canada,,False,Event,2026-04-14
C000669,A01681,Hillevi,Armstrong,hillevi.armstrong@rasmussen.com,Staff Data Engineer,User,Netherlands,Legitimate Interest,False,Event,2026-06-14
C000670,A00985,Julia,Robinson,julia.robinson@döring.com,VP Data,Economic Buyer,United States,,False,Referral,2026-05-30
C000671,A00487,Hans-Günter,Riley,hans-günter.riley@franzén.com,Analytics Engineer,User,Sweden,,False,Content Download,2025-08-05
C000672,A00019,Joel,Wilkinson,joel.wilkinson@smith.com,CISO,Blocker,United States,,False,Paid Search,2026-01-16
C000673,A01480,Gemma,Sorgatz,gemma.sorgatz@brown.com,Data Engineering Manager,User,United Kingdom,Legitimate Interest,False,Free Trial,2026-04-23
C000674,A00969,Joshua,Johnson,joshua.johnson@baker.com,VP Data,Economic Buyer,United States,,False,SDR Outbound,2024-07-31
C000675,A00885,Maria,Stevens,maria.stevens@krause.com,Analytics Engineer,User,United Kingdom,Legitimate Interest,False,Event,2026-08-15
C000676,A01712,Erik,Bird,erik.bird@karlsson.com,VP Data,Economic Buyer,United States,,False,Referral,2026-08-11
C000677,A01138,Colin,Snyder,colin.snyder@begum.com,VP Data & Analytics,Economic Buyer,United States,,False,SDR Outbound,2026-04-03
C000678,A00872,Siglinde,Dickinson,siglinde.dickinson@taylor.com,Data Engineering Manager,User,Germany,Legitimate Interest,False,Referral,2026-02-09
C000679,A01775,Loïs,Gutierrez,loïs.gutierrez@reichmann.com,Analytics Engineer,User,United Kingdom,Legitimate Interest,False,Free Trial,2026-03-19
C000680,A01790,Vera,Clark,vera.clark@mosley-powers.com,Data Engineering Manager,User,United Kingdom,Legitimate Interest,False,Partner,2025-12-07
C000681,A01194,Robin,Schulz,robin.schulz@martin.com,Analytics Engineer,User,Switzerland,Legitimate Interest,False,SDR Outbound,2026-10-01
C000682,A00210,Madelief,Gardner,madelief.gardner@koninklijke.com,Senior Data Engineer,User,Switzerland,Legitimate Interest,False,Partner,2025-04-10
C000683,A00743,Rebecca,Lundberg,rebecca.lundberg@ruppersberger.com,Chief Information Officer,Economic Buyer,United Kingdom,Legitimate Interest,True,Event,2025-02-11
C000684,A00580,David,Kensy,david.kensy@bell.com,x,,Ireland,Legitimate Interest,True,Webinar,2026-08-19
C000685,A01456,Fabiënne,Larsson,fabiënne.larsson@webb.com,Head of Procurement,Blocker,United States,,False,Partner,2025-03-30
C000686,A00380,Zoe,Eberhardt,zoe.eberhardt@alfredsson.com,Chief Information Officer,Economic Buyer,United States,,False,SDR Outbound,2026-03-28
C000687,A01523,Lynda,Herrera,lynda.herrera@mustafa.com,Senior Data Engineer,User,Canada,,False,Event,2026-07-12
C000688,A01363,Amanda,Stevens,amanda.stevens@powell.com,Head of Data Engineering,Champion,United States,,False,Content Download,2026-06-20
C000689,A00351,Erdogan,Day,erdogan.day@lundqvist.com,Data Engineering Manager,User,United States,,False,Partner,2026-09-04
C000690,A01700,Gerald,Luna,gerald.luna@olsen.com,Staff Data Engineer,User,Netherlands,Legitimate Interest,False,Free Trial,2026-06-28
C000691,A01872,Max,Nerger,max.nerger@archer-davis.com,CISO,Blocker,United Kingdom,Legitimate Interest,False,Partner,2026-02-13
C000692,A00323,Colin,Trommler,colin.trommler@kade.com,Staff Data Engineer,User,Belgium,Legitimate Interest,False,Paid Search,2025-11-12
C000693,A01271,Emilia,van Voorhout,emilia.van voorhout@royal.com,Head of Data Engineering,Champion,Denmark,Legitimate Interest,False,Partner,2026-09-04
C000694,A01791,Angelina,Louws,angelina.louws@hahn-ramsey.com,"Director, Data Engineering",Champion,United States,,False,Content Download,2026-08-17
C000695,A01709,Hajo,Holmes,hajo.holmes@thomas.com,test,,United Kingdom,Legitimate Interest,False,Free Trial,2025-06-27
C000696,A00057,Viola,Greij,viola.greij@gustafsson.com,"Director, Data Engineering",Champion,Germany,Legitimate Interest,False,Partner,2026-08-20
C000697,A01131,Lena,Göransson,lena.göransson@arnold-burgess.com,N/A,,Sweden,Legitimate Interest,False,Content Download,2026-04-07
C000698,A00829,Holly,van Ginneke,holly.van ginneke@price.com,Head of Data Engineering,Champion,Denmark,Legitimate Interest,False,Paid Search,2025-10-03
C000699,A01276,Esila,Juncken,esila.juncken@winters.com,Staff Data Engineer,User,Ireland,Legitimate Interest,True,Webinar,2025-08-16
C000700,A00929,Elias,van Dijk,elias.van dijk@klemt.com,Staff Data Engineer,User,Norway,Legitimate Interest,False,Partner,2026-08-06
C000701,A01864,Kirsty,Köster,kirsty.köster@hernandez-miller.com,Head of Data Engineering,Champion,Switzerland,Legitimate Interest,False,Content Download,2025-06-21
C000702,A01511,Shannon,Rubio,shannon.rubio@koninklijke.com,Chief Information Officer,Economic Buyer,United States,,False,Event,2026-05-28
C000703,A01098,Cynthia,Soos,cynthia.soos@hall.com,Head of Procurement,Blocker,United States,,False,Partner,2026-09-15
C000704,A00807,Madeleine,Henningsson,madeleine.henningsson@gutknecht.com,Head of Data Platform,Champion,United States,,False,Content Download,2025-05-05
C000705,A00635,Danny,Lorch,danny.lorch@terrell.com,CISO,Blocker,United States,,True,SDR Outbound,2024-10-31
C000706,A00913,Sarah,Ford,sarah.ford@floraholland.com,Data Engineering Manager,User,Denmark,Legitimate Interest,True,Webinar,2026-05-02
C000707,A00866,Peer,Marsh,peer.marsh@damen.com,Staff Data Engineer,User,United Kingdom,,False,Event,2025-12-04
C000708,A01708,Alec,Love,alec.love@danielsson.com,Analytics Engineer,User,Switzerland,Legitimate Interest,False,Paid Search,2026-10-04
C000709,A00441,Natalie,Ottosson,natalie.ottosson@sanderson-hall.com,Director of Data Platform,Champion,Germany,Legitimate Interest,False,Free Trial,2026-07-04
C000710,A00522,Chelsea,Cruz,chelsea.cruz@larsson.com,Staff Data Engineer,User,United States,,False,Content Download,2026-09-21
C000711,A01452,Jan,Webb,jan.webb@krein.com,Senior Data Engineer,User,Belgium,Legitimate Interest,False,Webinar,2026-07-21
C000712,A00751,Irena,Söderström,irena.söderström@van.com,Analytics Engineer,User,Belgium,Legitimate Interest,False,Referral,2026-09-27
C000713,A01952,Audrey,van Duyvenvoorde,audrey.van duyvenvoorde@tomlinson.com,Head of Data Platform,Champion,United Kingdom,Legitimate Interest,False,Partner,2024-08-18
C000714,A00359,Margareta,Gumprich,margareta.gumprich@morrison-mitchell.com,Data Engineering Manager,User,Ireland,Legitimate Interest,False,Partner,2026-06-17
C000715,A01290,Adam,van Wessex,adam.van wessex@stichting.com,Staff Data Engineer,User,Belgium,Legitimate Interest,False,Referral,2026-07-11
C000716,A01821,Veronica,Henric van den Nuwenhuse,veronica.henric van den nuwenhuse@paulsson.com,Data Engineering Manager,User,Germany,Legitimate Interest,True,Free Trial,2026-08-19
C000717,A01717,Shawn,Hansson,shawn.hansson@langevoort.com,CISO,Blocker,Denmark,Legitimate Interest,False,Free Trial,2026-07-10
C000718,A01842,Lenn,Alm,lenn.alm@wagner-james.com,Senior Data Engineer,User,United States,,False,Paid Search,2026-09-19
C000719,A00992,Dawn,Åkesson,dawn.åkesson@cgi.com,Senior Data Engineer,User,Germany,Legitimate Interest,False,Paid Search,2026-05-19
C000720,A00951,Matthijs,Gray,matthijs.gray@stey.com,Analytics Engineer,User,Denmark,Legitimate Interest,False,Paid Search,2025-02-22
C000721,A00153,Ben,Svensson,ben.svensson@henningsson.com,Head of Data Platform,Champion,United States,,False,Referral,2025-12-29
C000722,A00128,Matthew,Jones,matthew.jones@hernandez.com,x,,United States,,False,SDR Outbound,2026-08-03
C000723,A00190,Maria,Steinmeiern,maria.steinmeiern@ali-hughes.com,Chief Data Officer,Economic Buyer,Norway,Legitimate Interest,False,Partner,2026-07-17
C000724,A00453,Manfred,Kuhl,manfred.kuhl@royal.com,Staff Data Engineer,User,Canada,,False,Webinar,2026-09-13
C000725,A01506,Angela,Nohlmans,angela.nohlmans@riggs-coffey.com,VP Data,Economic Buyer,United States,,False,Webinar,2023-04-20
C000726,A00071,Axel,Textor,axel.textor@webb.com,CISO,Blocker,United States,,False,Webinar,2025-02-28
C000727,A01692,Adriana,Cameron,adriana.cameron@lloyd.com,Senior Data Engineer,User,Sweden,Legitimate Interest,False,Partner,2026-01-04
C000728,A01624,Eddie,Parker,eddie.parker@paffrath.com,Senior Data Engineer,User,United States,,False,Content Download,2024-08-05
C000729,A01241,Dominic,Stroh,dominic.stroh@klingelhöfer.com,Chief Information Officer,Economic Buyer,United States,,False,Content Download,2024-02-05
C000730,A01666,Kick,Nicholson,kick.nicholson@morgan.com,Data Engineering Manager,User,Germany,Legitimate Interest,False,Paid Search,2026-10-06
C000731,A01643,Margita,Åslund,margita.åslund@marshall.com,Senior Data Engineer,User,Germany,Legitimate Interest,False,Content Download,2025-04-10
C000732,A00325,Jordan,Rodriguez,jordan.rodriguez@einarsson.com,CISO,Blocker,United States,,False,Content Download,2025-11-02
C000733,A00108,Conrad,Jüttner,conrad.jüttner@neureuther.com,CISO,Blocker,Netherlands,Legitimate Interest,False,Referral,2025-08-23
C000734,A00554,Lena,Sanders,lena.sanders@boone-davis.com,Analytics Engineer,User,United States,,False,Free Trial,2024-11-30
C000735,A00564,Ashley,Johansson,ashley.johansson@stichting.com,Head of Data Platform,Champion,United States,,False,Referral,2025-04-22
C000736,A00275,Stanley,Mitchell,stanley.mitchell@royal.com,Data Engineering Manager,User,Belgium,Legitimate Interest,False,Content Download,2026-07-08
C000737,A01882,Floor,Heyne,floor.heyne@hill-miah.com,Data Engineering Manager,User,United States,,False,Event,2023-12-13
C000738,A00213,Ann-Marie,Jonsson,ann-marie.jonsson@eriksson.com,Senior Data Engineer,User,Germany,Legitimate Interest,True,Content Download,2026-05-15
C000739,A01388,Zeynep,Jungfer,zeynep.jungfer@hartley.com,intern,,United States,,False,Paid Search,2024-12-13
C000740,A00367,Kick,Baker,kick.baker@peukert.com,Data Engineering Manager,User,Belgium,Legitimate Interest,False,Referral,2026-07-10
C000741,A00537,Ingelore,Gomez,ingelore.gomez@eriksson.com,Senior Data Engineer,User,United States,,False,Webinar,2026-07-19
C000742,A01653,Katy,Booth,katy.booth@briggs.com,VP Data & Analytics,Economic Buyer,United Kingdom,Legitimate Interest,False,Paid Search,2026-05-30
C000743,A00436,Teresa,Lewis,teresa.lewis@fry.com,Staff Data Engineer,User,Netherlands,Legitimate Interest,False,Event,2026-02-07
C000744,A00081,Jade,Lieshout,jade.lieshout@söderberg.com,"Director, Data Engineering",Champion,United States,,False,SDR Outbound,2024-08-15
C000745,A00852,Faas,Hänel,faas.hänel@booking.com.com,ceo ,,United States,,False,SDR Outbound,2025-11-27
C000746,A01870,Karin,Samuelsson,karin.samuelsson@weimer.com,VP Data,Economic Buyer,United States,,False,SDR Outbound,2023-05-19
C000747,A01842,Ines,Keltenie,ines.keltenie@wagner-james.com,Data Engineering Manager,User,United States,,False,Event,2024-06-20
C000748,A01576,Einar,Lloyd,einar.lloyd@kuit.com,Senior Data Engineer,User,United States,,False,Webinar,2024-04-17
C000749,A01919,Raymund,van de Wiel,raymund.van de wiel@hedberg.com,Manager,,United States,,False,Free Trial,2024-01-18
C000750,A01021,Tracey,Rees,tracey.rees@newman.com,Staff Data Engineer,User,Ireland,Legitimate Interest,False,Free Trial,2025-11-17
C000751,A00688,Jayson,Rust,jayson.rust@koch.com,Manager,,United Kingdom,Legitimate Interest,True,Content Download,2024-11-22
C000752,A01899,Dylan,Mcgee,dylan.mcgee@josefsson.com,Analytics Engineer,User,United Kingdom,Legitimate Interest,False,Event,2026-02-02
C000753,A01163,Andrew,Levesque,andrew.levesque@sosa.com,VP Data,Economic Buyer,United States,,False,Event,2026-07-13
C000754,A01772,Andy,van der Horst,andy.van der horst@ekholm.com,Staff Data Engineer,User,United States,,False,Paid Search,2026-06-18
C000755,A01671,Pim,Drubin,pim.drubin@lee.com,VP Data,Economic Buyer,United States,,False,Content Download,2026-02-06
C000756,A01401,Christian,Michiels,christian.michiels@koninklijke.com,Data Engineering Manager,User,United States,,False,Webinar,2024-04-17
C000757,A01282,Patricia,Johansson,patricia.johansson@hendriks.com,Senior Data Engineer,User,Canada,,False,Webinar,2025-08-08
C000758,A00671,Bernhard,Schakelaar,bernhard.schakelaar@berglund.com,Head of Procurement,Blocker,Ireland,Legitimate Interest,False,Webinar,2026-05-26
C000759,A00334,Eberhardt,Wong,eberhardt.wong@göransson.com,Analytics Engineer,User,Canada,,False,Referral,2026-05-09
C000760,A01319,Jordy,Graf,jordy.graf@powell.com,Staff Data Engineer,User,Belgium,Legitimate Interest,False,Paid Search,2024-10-29
C000761,A01386,Jim,Fredriksson,jim.fredriksson@greene.com,Analytics Engineer,User,United Kingdom,Legitimate Interest,False,Paid Search,2026-09-22
C000762,A01228,Yngve,Haneberg,yngve.haneberg@eberth.com,Chief Information Officer,Economic Buyer,United States,,False,Referral,2026-09-10
C000763,A01457,Debbie,Robinson,debbie.robinson@seip.com,Senior Data Engineer,User,United States,,False,Webinar,2025-01-27
C000764,A00375,Patty,Forslund,patty.forslund@smith.com,IT Security Manager,Blocker,United States,,False,Partner,2026-03-24
C000765,A00862,Amanda,Hecker,amanda.hecker@dean.com,Director of Data Platform,Champion,Denmark,Legitimate Interest,False,Event,2026-04-29
C000766,A01463,Helen,de Marduras,helen.de marduras@bergman.com,IT Security Manager,Blocker,United States,,False,Event,2024-10-10
C000767,A01109,Elias,Hunter,elias.hunter@olykan.com,Staff Data Engineer,User,United States,,False,Content Download,2026-01-16
C000768,A01523,Agnes,Thompson,agnes.thompson@mustafa.com,Staff Data Engineer,User,Canada,,False,Free Trial,2026-09-10
C000769,A01024,Denis,Trapp,denis.trapp@owens-pineda.com,N/A,,United States,,False,Free Trial,2024-09-24
C000770,A00179,Lars-Göran,Davis,lars-göran.davis@petersson.com,IT Security Manager,Blocker,United States,,False,Content Download,2026-07-29
C000771,A01870,Molly,Jonsson,molly.jonsson@weimer.com,Director of Data Platform,Champion,United States,,False,Event,2026-05-26
C000772,A01870,Monika,Thompson,monika.thompson@weimer.com,Chief Data Officer,Economic Buyer,United States,,False,Webinar,2023-09-18
C000773,A00061,Garrett,Meyer,garrett.meyer@striebitz.com,Senior Data Engineer,User,Canada,,False,Paid Search,2026-04-10
C000774,A01134,James,van Dalem,james.van dalem@francis-thomas.com,Data Engineering Manager,User,Netherlands,Legitimate Interest,False,Partner,2025-12-23
C000775,A00371,Alwin,Simpson,alwin.simpson@galvan-combs.com,Head of Data Platform,Champion,United Kingdom,Legitimate Interest,False,Content Download,2025-09-23
C000776,A01204,George,Wheeler,george.wheeler@berg.com,CISO,Blocker,Germany,Legitimate Interest,False,Event,2024-04-24
C000777,A01048,Elise,Freeman,elise.freeman@nunez-nichols.com,ceo ,,United States,,False,Free Trial,2026-06-21
C000778,A00312,Megan,Williams,megan.williams@junken.com,ceo ,,United States,,False,Webinar,2024-09-09
C000779,A01107,Ashley,Heidrich,ashley.heidrich@ottosson.com,Staff Data Engineer,User,Sweden,Legitimate Interest,False,Webinar,2023-09-24
C000780,A00718,Aina,Russell,aina.russell@liu.com,Head of Data Platform,Champion,Canada,,True,Paid Search,2026-04-01
C000781,A01201,Kevin,Mentzel,kevin.mentzel@jackson.com,Head of Data Engineering,Champion,Norway,Legitimate Interest,True,Free Trial,2026-04-22
C000782,A00510,Kyara,Ritter,kyara.ritter@valdez-schwartz.com,Staff Data Engineer,User,Belgium,Legitimate Interest,False,Event,2026-06-21
C000783,A00618,Gilda,Recers,gilda.recers@bailey-byrne.com,Chief Data Officer,Economic Buyer,Germany,Legitimate Interest,False,Event,2025-07-06
C000784,A00213,Valentin,Carey,valentin.carey@eriksson.com,Senior Data Engineer,User,Germany,Legitimate Interest,False,Event,2026-05-16
C000785,A01125,Ingeborg,Pohl,ingeborg.pohl@van.com,Data Engineering Manager,User,Switzerland,Legitimate Interest,False,Webinar,2026-08-22
C000786,A00611,Viktor,Striebitz,viktor.striebitz@kraushaar.com,Staff Data Engineer,User,United States,,False,Referral,2025-06-11
C000787,A00585,Ingrid,Hernandez,ingrid.hernandez@sullivan.com,Head of Data Platform,Champion,United States,,False,Event,2026-01-30
C000788,A01885,Nienke,Knowles,nienke.knowles@preiß.com,Analytics Engineer,User,United States,,False,SDR Outbound,2025-08-14
C000789,A00037,Susan,Boogaerts,susan.boogaerts@williams.com,VP Data & Analytics,Economic Buyer,United States,,False,Paid Search,2026-04-09
C000790,A00225,Melissa,Wolfsdr,melissa.wolfsdr@godfrey.com,Chief Data Officer,Economic Buyer,United States,,False,Paid Search,2025-10-13
C000791,A01731,Craig,Wall,craig.wall@bergström.com,Chief Data Officer,Economic Buyer,United Kingdom,Legitimate Interest,False,Event,2025-04-09
C000792,A00933,Floortje,Sheppard,floortje.sheppard@royal.com,VP Data & Analytics,Economic Buyer,Belgium,Legitimate Interest,False,Partner,2026-02-14
C000793,A01178,Matilda,van der Berg,matilda.van der berg@williams.com,VP Data & Analytics,Economic Buyer,United States,,False,SDR Outbound,2026-02-02
C000794,A00529,Arthur,Kabus,arthur.kabus@microsoft.com,ceo ,,United States,,False,Paid Search,2025-04-03
C000795,A00946,Elize,Schenk,elize.schenk@caldwell.com,Analytics Engineer,User,United Kingdom,Legitimate Interest,False,SDR Outbound,2025-09-20
C000796,A00745,Hans-Hinrich,Riley,hans-hinrich.riley@sanchez.com,data guy,,United States,,False,Content Download,2026-02-19
C000797,A01858,Marta,Bergström,marta.bergström@banks.com,Data Engineering Manager,User,Switzerland,Legitimate Interest,False,Event,2025-01-23
C000798,A01786,Dina,Hövel,dina.hövel@clarke-ramirez.com,Analytics Engineer,User,Ireland,,False,SDR Outbound,2026-09-07
C000799,A01703,Tara,Jonkman,tara.jonkman@hampton.com,Chief Data Officer,Economic Buyer,United States,,False,Webinar,2024-06-13
C000800,A01696,Jade,Norris,jade.norris@fuentes.com,Staff Data Engineer,User,Germany,Legitimate Interest,False,Content Download,2025-10-02
C000801,A00134,Emilie,Malmgren,emilie.malmgren@barton.com,Chief Information Officer,Economic Buyer,Norway,Legitimate Interest,False,Partner,2026-04-05
C000802,A00270,Zlatko,Bolzmann,zlatko.bolzmann@garrison-thomas.com,-,,United States,,False,Partner,2024-05-12
C000803,A00790,Alexandros,Brisee,alexandros.brisee@van.com,Analytics Engineer,User,United States,,False,Paid Search,2026-02-26
C000804,A00886,Lawrence,Bergström,lawrence.bergström@porter.com,Director of Data Platform,Champion,United States,,False,Referral,2025-11-13
C000805,A01615,Mika,Jordan,mika.jordan@beckmann.com,Chief Data Officer,Economic Buyer,Belgium,Legitimate Interest,False,Event,2026-07-03
C000806,A00243,Brendan,Dodd,brendan.dodd@wunderink.com,IT Security Manager,Blocker,United States,,False,Event,2026-08-25
C000807,A01465,Liliane,Malmqvist,liliane.malmqvist@bohnbach.com,Chief Information Officer,Economic Buyer,United States,,False,Webinar,2026-08-25
C000808,A00426,Gunnar,Reeves,gunnar.reeves@owens-holmes.com,Head of Data Engineering,Champion,United States,,False,Free Trial,2025-05-17
C000809,A01077,Dominic,Everde,dominic.everde@green.com,Senior Data Engineer,User,Belgium,Legitimate Interest,False,Webinar,2025-09-27
C000810,A01159,Heinz-Otto,Kennedy,heinz-otto.kennedy@dahlström.com,ceo ,,United States,,False,SDR Outbound,2025-07-12
C000811,A00999,Jacek,van Breugel,jacek.van breugel@mentzel.com,VP Data,Economic Buyer,Switzerland,Legitimate Interest,False,Referral,2026-07-24
C000812,A00193,Yasmine,Orozco,yasmine.orozco@van.com,intern,,United Kingdom,Legitimate Interest,False,Webinar,2025-08-20
C000813,A01117,Dolores,Gerlach,dolores.gerlach@royal.com,Staff Data Engineer,User,United Kingdom,Legitimate Interest,False,Event,2024-06-25
C000814,A01347,Simon,Sager,simon.sager@koninklijke.com,VP Data & Analytics,Economic Buyer,United States,,False,Partner,2024-04-11
C000815,A01047,Jill,Smith,jill.smith@nyrstar.com,intern,,Sweden,Legitimate Interest,False,Partner,2026-06-26
C000816,A01459,Chloë,Hodgson,chloë.hodgson@phillipsen.com,IT Security Manager,Blocker,Germany,Legitimate Interest,False,Content Download,2026-02-26
C000817,A01111,Kenneth,van der Spaendonck,kenneth.van der spaendonck@taylor.com,Head of Data Engineering,Champion,United Kingdom,Legitimate Interest,False,Content Download,2025-09-17
C000818,A00939,Nicola,Gerrits,nicola.gerrits@higgins.com,Staff Data Engineer,User,United Kingdom,,False,Paid Search,2026-09-13
C000819,A00858,Kerry,Timmerman,kerry.timmerman@graham.com,Head of Data Engineering,Champion,Germany,Legitimate Interest,False,Event,2025-11-28
C000820,A01635,Saga,Mosemann,saga.mosemann@lopez-johnson.com,Head of Data Platform,Champion,Germany,Legitimate Interest,False,Paid Search,2024-10-21
C000821,A01006,Stanislaus,van Boven,stanislaus.van boven@söderholm.com,Data Engineering Manager,User,United States,,False,Partner,2025-08-17
C000822,A00316,Valentijn,Gaines,valentijn.gaines@van.com,CISO,Blocker,United States,,False,Free Trial,2026-08-19
C000823,A01803,Susan,Freshour,susan.freshour@rasmussen.com,Head of Data Platform,Champion,Denmark,Legitimate Interest,False,Webinar,2026-09-25
C000824,A00230,Jayne,Zimmer,jayne.zimmer@eriksson.com,Data Engineering Manager,User,Denmark,Legitimate Interest,False,SDR Outbound,2026-05-11
C000825,A01349,Kimberley,Holmström,kimberley.holmström@jensen.com,"Director, Data Engineering",Champion,Sweden,Legitimate Interest,False,Free Trial,2026-01-21
C000826,A01808,Anna,Sjödin,anna.sjödin@kelly-ball.com,Head of Procurement,Blocker,Denmark,Legitimate Interest,False,Webinar,2024-11-20
C000827,A01424,Karina,Hollander,karina.hollander@price-watson.com,IT Security Manager,Blocker,United Kingdom,,False,Free Trial,2026-09-22
C000828,A00786,Isabelle,Ford,isabelle.ford@gotthard.com,Analytics Engineer,User,Netherlands,Legitimate Interest,False,Content Download,2026-06-15
C000829,A00873,Thomas,Miller,thomas.miller@koninklijke.com,Senior Data Engineer,User,Switzerland,Legitimate Interest,False,SDR Outbound,2024-10-02
C000830,A01534,Marita,Cook,marita.cook@gilbert.com,Head of Data Engineering,Champion,United States,,False,Event,2025-08-31
C000831,A01330,Lynn,Jonsson,lynn.jonsson@alm.com,Staff Data Engineer,User,Germany,Legitimate Interest,False,Webinar,2024-07-20
C000832,A00013,Nina,Martinez,nina.martinez@harper-atkinson.com,Head of Data Platform,Champion,Denmark,Legitimate Interest,False,Content Download,2026-02-05
C000833,A00240,Evelina,Miles,evelina.miles@roberts.com,"Director, Data Engineering",Champion,Canada,,False,Free Trial,2025-10-04
C000834,A00499,Fredrik,Jaceps,fredrik.jaceps@rfs.com,Head of Data Engineering,Champion,United States,,False,Partner,2026-02-02
C000835,A01856,Frances,Hodgson,frances.hodgson@johansson.com,Analytics Engineer,User,Sweden,Legitimate Interest,False,Content Download,2026-03-26
C000836,A00896,Irmengard,Shaffer,irmengard.shaffer@fischer.com,Chief Information Officer,Economic Buyer,United States,,False,Content Download,2026-02-19
C000837,A00162,Gun-Britt,Jones,gun-britt.jones@eberth.com,Senior Data Engineer,User,United States,,False,Event,2026-04-17
C000838,A00429,Rachael,Meyer,rachael.meyer@o'brien-stanley.com,Staff Data Engineer,User,United States,,False,Event,2025-12-31
C000839,A01590,Dennis,Wells,dennis.wells@wulff.com,DATA ENG,,Belgium,Legitimate Interest,True,Free Trial,2025-10-31
C000840,A00951,Stig,Howe,stig.howe@stey.com,intern,,Denmark,Legitimate Interest,False,Content Download,2026-08-21
C000841,A00280,Rouven,Le Marec,rouven.le marec@franklin-jones.com,Data Engineering Manager,User,Sweden,Legitimate Interest,False,Content Download,2025-12-03
C000842,A00120,Janice,Schmidtke,janice.schmidtke@bell-robinson.com,Senior Data Engineer,User,United States,,False,Free Trial,2025-03-17
C000843,A01313,Nikki,Bergström,nikki.bergström@anderberg.com,Senior Data Engineer,User,Germany,Legitimate Interest,False,Event,2023-09-13
C000844,A01114,Heather,Lopez,heather.lopez@powell.com,CISO,Blocker,Switzerland,Legitimate Interest,False,Partner,2026-09-02
C000845,A01991,Ronald,Nordström,ronald.nordström@beyer.com,DATA ENG,,Germany,Legitimate Interest,False,Webinar,2025-10-23
C000846,A01424,Isak,Slagmolen,isak.slagmolen@price-watson.com,Senior Data Engineer,User,United Kingdom,,False,SDR Outbound,2025-12-19
C000847,A00055,Gloria,Haley,gloria.haley@keudel.com,N/A,,Canada,,True,Paid Search,2026-06-25
C000848,A00697,Rick,Krein,rick.krein@noble.com,Chief Information Officer,Economic Buyer,United States,,False,SDR Outbound,2025-10-05
C000849,A01906,Jet,Marshall,jet.marshall@campbell.com,Director of Data Platform,Champion,United States,,False,Referral,2026-06-06
C000850,A01794,Jake,Campbell,jake.campbell@pasman.com,VP Data & Analytics,Economic Buyer,Canada,,True,SDR Outbound,2024-11-01
C000851,A00470,Anne,Carpenter,anne.carpenter@eriksson.com,"Director, Data Engineering",Champion,Canada,,False,Paid Search,2026-07-09
C000852,A01478,Deanna,Johansson,deanna.johansson@coleman.com,Staff Data Engineer,User,United States,,False,Referral,2026-06-19
C000853,A00856,Virginia,Jones,virginia.jones@thompson-joyce.com,Staff Data Engineer,User,United States,,False,Event,2026-10-08
C000854,A01112,Mason,Holden,mason.holden@glover.com,Staff Data Engineer,User,United States,,False,Webinar,2026-03-02
C000855,A00020,Alida,Eliasson,alida.eliasson@dennis.com,Head of Procurement,Blocker,United States,,False,SDR Outbound,2026-09-26
C000856,A01630,Per,Thompson,per.thompson@hayward-hamilton.com,Senior Data Engineer,User,Canada,,False,Content Download,2026-05-25
C000857,A01926,Jay,Hedberg,jay.hedberg@östman.com,Analytics Engineer,User,United Kingdom,Legitimate Interest,False,SDR Outbound,2026-08-13
C000858,A00199,Ricky,Kreusel,ricky.kreusel@lynch.com,Chief Information Officer,Economic Buyer,United States,,False,Partner,2026-04-06
C000859,A00648,Sabrina,de Graaf,sabrina.de graaf@vikström.com,Head of Data Engineering,Champion,United States,,True,Webinar,2026-09-16
C000860,A00695,Evelien,Allen,evelien.allen@davis.com,Staff Data Engineer,User,United Kingdom,Legitimate Interest,False,SDR Outbound,2026-02-19
C000861,A00701,Kerstin,Folkesson,kerstin.folkesson@beck-banks.com,Chief Information Officer,Economic Buyer,United Kingdom,Legitimate Interest,False,SDR Outbound,2024-11-13
C000862,A01435,Dajana,Hellgren,dajana.hellgren@gröttner.com,Staff Data Engineer,User,United States,,False,SDR Outbound,2026-04-05
C000863,A01642,Maj,Williams,maj.williams@bennett.com,ceo ,,Belgium,Legitimate Interest,False,Referral,2024-12-24
C000864,A01222,Dale,Ortega,dale.ortega@weimer.com,VP Data,Economic Buyer,Canada,,False,Free Trial,2025-11-26
C000865,A00049,Sophie,Veenstra,sophie.veenstra@wright.com,Senior Data Engineer,User,United States,,False,Referral,2026-04-23
C000866,A00089,Frank,Yoder,frank.yoder@marklund.com,Senior Data Engineer,User,United States,,False,Free Trial,2026-08-01
C000867,A00736,Jacqueline,Dennenberg,jacqueline.dennenberg@olsson.com,-,,United States,,False,Content Download,2026-10-03
C000868,A01033,Cheryl,Johnson,cheryl.johnson@reed.com,VP Data & Analytics,Economic Buyer,Sweden,Legitimate Interest,False,Referral,2026-07-17
C000869,A01768,Scott,auch Schlauchin,scott.auch schlauchin@persson.com,VP Data,Economic Buyer,Ireland,Legitimate Interest,False,Content Download,2025-12-24
C000870,A01896,Sandra,Dörr,sandra.dörr@aertsz.com,Data Engineering Manager,User,United States,,False,Free Trial,2024-03-31
C000871,A00544,Rowan,Scott,rowan.scott@jensen.com,Head of Data Engineering,Champion,United States,,False,SDR Outbound,2025-04-14
C000872,A01432,Astrid,Smith,astrid.smith@hansson.com,Staff Data Engineer,User,United States,,False,Referral,2025-02-15
C000873,A00080,Ize,Hecker,ize.hecker@segebahn.com,"Director, Data Engineering",Champion,United Kingdom,Legitimate Interest,True,Referral,2026-06-29
C000874,A01318,Shaun,van der Heiden,shaun.van der heiden@cole-johnson.com,Chief Data Officer,Economic Buyer,United States,,False,Partner,2026-02-06
C000875,A01720,Nicholas,Andersen,nicholas.andersen@rodriguez-taylor.com,Manager,,Switzerland,Legitimate Interest,False,Free Trial,2026-08-27
C000876,A00147,James,Lawrence,james.lawrence@atzler.com,Director of Data Platform,Champion,United States,,False,SDR Outbound,2026-09-11
C000877,A00620,Lea,van der Stael de Jonge,lea.van der stael de jonge@steenbeek.com,CISO,Blocker,United States,,False,SDR Outbound,2026-03-27
C000878,A01757,Matthew,Karlsson,matthew.karlsson@henry.com,N/A,,Belgium,Legitimate Interest,False,Paid Search,2026-08-29
C000879,A00727,Alexandra,van Wijland,alexandra.van wijland@johansson.com,Senior Data Engineer,User,United Kingdom,Legitimate Interest,False,Paid Search,2026-04-23
C000880,A01363,Olaf,Strandberg,olaf.strandberg@powell.com,VP Data & Analytics,Economic Buyer,United States,,False,Paid Search,2026-05-03
C000881,A01706,Joseph,van Dagsburg,joseph.van dagsburg@turner.com,Chief Data Officer,Economic Buyer,United States,,False,Event,2025-12-17
C000882,A00314,Norah,Carroll,norah.carroll@kent-wilson.com,Director of Data Platform,Champion,United States,,False,Event,2025-11-30
C000883,A00027,Georgia,Ditschlerin,georgia.ditschlerin@ahlgren.com,Head of Procurement,Blocker,United Kingdom,Legitimate Interest,False,Partner,2026-01-21
C000884,A01902,Victor,Guzman,victor.guzman@kelly.com,Staff Data Engineer,User,Belgium,Legitimate Interest,False,Paid Search,2026-08-04
C000885,A01296,Anatoli,Perry,anatoli.perry@weeks.com,Analytics Engineer,User,Canada,,False,Event,2026-06-26
C000886,A01526,Sophia,Krebs,sophia.krebs@dawson.com,Chief Data Officer,Economic Buyer,United States,,False,Content Download,2026-03-29
C000887,A01578,Cetin,Morgan,cetin.morgan@lindner.com,Data Engineering Manager,User,United States,,False,Free Trial,2024-03-03
C000888,A00683,Amanda,Davis,amanda.davis@bell-chambers.com,Manager,,Germany,Legitimate Interest,False,Partner,2025-03-30
C000889,A00742,Agnes,Coret-Coredo,agnes.coret-coredo@zijlemans.com,Chief Data Officer,Economic Buyer,United States,,False,Referral,2025-10-11
C000890,A00636,Harriet,Aguilar,harriet.aguilar@döring.com,test,,United Kingdom,Legitimate Interest,False,Partner,2026-07-20
C000891,A01063,Genoveva,Johnson,genoveva.johnson@gumprich.com,Senior Data Engineer,User,Germany,Legitimate Interest,False,Content Download,2025-08-25
C000892,A00735,Luke,Shepherd,luke.shepherd@crawford.com,Head of Data Engineering,Champion,Germany,Legitimate Interest,False,Referral,2025-08-06
C000893,A01542,Donald,Persson,donald.persson@van.com,"Director, Data Engineering",Champion,Netherlands,Legitimate Interest,True,Content Download,2026-09-15
C000894,A00766,Stefanie,Young,stefanie.young@koninklijke.com,Head of Data Platform,Champion,United Kingdom,Legitimate Interest,False,Free Trial,2026-06-09
C000895,A01092,Linda,Strömberg,linda.strömberg@king.com,Data Engineering Manager,User,United States,,True,Event,2026-09-15
C000896,A00390,Michael,Dodson,michael.dodson@smits.com,Chief Information Officer,Economic Buyer,Ireland,Legitimate Interest,False,Referral,2026-02-06
C000897,A00218,Jeanette,Clay,jeanette.clay@lozano.com,Head of Data Platform,Champion,United Kingdom,Legitimate Interest,False,Referral,2026-05-07
C000898,A01173,Tara,Dixon,tara.dixon@koninklijke.com,CISO,Blocker,Ireland,Legitimate Interest,False,SDR Outbound,2025-12-07
C000899,A01333,Dalton,van de Noordmark,dalton.van de noordmark@otto.com,VP Data & Analytics,Economic Buyer,Ireland,Legitimate Interest,False,Paid Search,2026-02-04
C000900,A00545,Francesca,Losekann,francesca.losekann@fry.com,VP Data,Economic Buyer,United States,,False,Content Download,2023-12-11
C000901,A00987,Mick,Brown,mick.brown@rehorst.com,Analytics Engineer,User,United States,,False,Webinar,2026-10-04
C000902,A01012,Anthony,Wilkinson,anthony.wilkinson@higgins.com,VP Data,Economic Buyer,Netherlands,,False,Free Trial,2026-05-30
C000903,A00449,Janna,Tran,janna.tran@hagberg.com,Data Engineering Manager,User,Denmark,Legitimate Interest,False,Webinar,2026-09-28
C000904,A00467,Paul,Hofman,paul.hofman@zijlmans.com,Senior Data Engineer,User,United States,,False,Free Trial,2026-04-19
C000905,A01806,Jinthe,van der Velden,jinthe.van der velden@camacho.com,Chief Information Officer,Economic Buyer,United States,,False,Free Trial,2026-02-28
C000906,A01549,Connor,Hendriks,connor.hendriks@booth-wheeler.com,Chief Data Officer,Economic Buyer,Germany,Legitimate Interest,False,Paid Search,2025-08-23
C000907,A00240,Valentina,Kitzmann,valentina.kitzmann@roberts.com,"Director, Data Engineering",Champion,Canada,,False,Webinar,2025-03-24
C000908,A00470,Glenn,Cornelisse,glenn.cornelisse@eriksson.com,Data Engineering Manager,User,Canada,,False,Free Trial,2026-09-26
C000909,A01707,Dale,Chapman,dale.chapman@mora.com,Staff Data Engineer,User,Ireland,Legitimate Interest,False,Free Trial,2026-08-19
C000910,A00631,Amy,Larsson,amy.larsson@lindahl.com,intern,,United States,,False,Free Trial,2026-10-03
C000911,A00107,Morgan,Cartwright,morgan.cartwright@taylor.com,Data Engineering Manager,User,United States,,False,Partner,2026-04-03
C000912,A01875,Brian,Lamotte,brian.lamotte@schleich.com,Analytics Engineer,User,United States,,True,SDR Outbound,2026-09-25
C000913,A01468,Aziz,Killer,aziz.killer@guerrero.com,IT Security Manager,Blocker,United States,,False,Referral,2025-11-07
C000914,A00995,Emma,Turner,emma.turner@nilsson.com,Senior Data Engineer,User,United States,,False,Partner,2026-05-02
C000915,A00074,Lynda,van Orleans,lynda.van orleans@staude.com,Staff Data Engineer,User,Ireland,Legitimate Interest,False,SDR Outbound,2025-04-30
C000916,A01706,Diane,Wright,diane.wright@turner.com,Head of Data Platform,Champion,United States,,False,SDR Outbound,2026-08-09
C000917,A00711,Jan,Hartmann,jan.hartmann@ahlqvist.com,Staff Data Engineer,User,United States,,False,Partner,2024-12-20
C000918,A01506,Joëlle,Kobelt,joëlle.kobelt@riggs-coffey.com,"Director, Data Engineering",Champion,United States,,False,SDR Outbound,2024-06-07
C000919,A01354,Lennart,Hill,lennart.hill@kolster.com,Analytics Engineer,User,Canada,,False,Webinar,2026-05-21
C000920,A01827,Marco,Karlsson,marco.karlsson@hayward.com,"Director, Data Engineering",Champion,Germany,Legitimate Interest,False,Webinar,2026-09-25
C000921,A01029,Michael,van Santen,michael.van santen@jeppsson.com,Data Engineering Manager,User,Netherlands,Legitimate Interest,False,Webinar,2026-03-13
C000922,A01291,Dagobert,Walker,dagobert.walker@säuberlich.com,-,,United States,,False,Event,2026-09-29
C000923,A01487,Johan,Eliasson,johan.eliasson@jansson.com,data guy,,Germany,Legitimate Interest,False,Referral,2025-04-29
C000924,A01593,Isabelle,Fowler,isabelle.fowler@richards-brown.com,Staff Data Engineer,User,United States,,False,Webinar,2024-07-15
C000925,A01440,Amelia,van Hoevel en van Zwindrecht,amelia.van hoevel en van zwindrecht@tlustek.com,Data Engineering Manager,User,Switzerland,Legitimate Interest,False,Partner,2026-08-30
C000926,A01751,Andrew,Nelson,andrew.nelson@koninklijke.com,"Director, Data Engineering",Champion,Sweden,Legitimate Interest,False,Paid Search,2025-11-12
C000927,A01112,Patrik,Brown,patrik.brown@glover.com,Head of Data Engineering,Champion,United States,,False,SDR Outbound,2024-08-13
C000928,A00830,Patrik,Roy,patrik.roy@juncken.com,Data Engineering Manager,User,United States,,False,Webinar,2026-09-08
C000929,A01584,Tim,Walker,tim.walker@preston.com,IT Security Manager,Blocker,United States,,False,SDR Outbound,2025-01-17
C000930,A00863,Joey,van der Kint,joey.van der kint@jorlink.com,Head of Procurement,Blocker,United Kingdom,Legitimate Interest,False,Free Trial,2025-07-10
C000931,A00888,Donna,Weaver,donna.weaver@buck-holland.com,Senior Data Engineer,User,United Kingdom,Legitimate Interest,False,SDR Outbound,2026-04-06
C000932,A01137,Tania,Kent,tania.kent@klm.com,Senior Data Engineer,User,United Kingdom,Legitimate Interest,False,Event,2025-05-24
C000933,A01398,Sophie,Weller,sophie.weller@lehmann.com,Head of Procurement,Blocker,Canada,,False,SDR Outbound,2025-06-16
C000934,A00047,Jim,Peterson,jim.peterson@miller.com,Senior Data Engineer,User,Germany,Legitimate Interest,False,Paid Search,2026-07-26
C000935,A01308,Simon,Coret-Coredo,simon.coret-coredo@larsson.com,"Director, Data Engineering",Champion,United States,,False,Content Download,2025-05-28
C000936,A00229,Angela,Reinhardt,angela.reinhardt@john.com,Senior Data Engineer,User,United Kingdom,Legitimate Interest,False,Referral,2023-12-04
C000937,A00615,Teun,Nilsson,teun.nilsson@white-hodgson.com,Staff Data Engineer,User,Canada,,False,Paid Search,2026-01-25
C000938,A01801,Karl,van Maasgouw,karl.van maasgouw@shaw-cross.com,VP Data,Economic Buyer,United States,,False,SDR Outbound,2026-08-05
C000939,A00745,Wayne,Campbell,wayne.campbell@sanchez.com,-,,United States,,False,Webinar,2026-01-22
C000940,A01149,Detlev,Vaughan,detlev.vaughan@frye.com,Analytics Engineer,User,United States,,False,Paid Search,2026-08-20
C000941,A01320,Miguel,Issa,miguel.issa@nette.com,"Director, Data Engineering",Champion,United States,,False,Referral,2024-07-26
C000942,A00030,Kurt,Sorgatz,kurt.sorgatz@hudson.com,Senior Data Engineer,User,United States,,False,Event,2025-10-07
C000943,A00145,Lieschen,Ahmed,lieschen.ahmed@neuschäfer.com,Head of Data Engineering,Champion,United States,,False,Free Trial,2023-10-16
C000944,A00440,Catherine,Hettner,catherine.hettner@briemer.com,Chief Information Officer,Economic Buyer,Canada,,False,Referral,2026-06-30
C000945,A01101,Louise,Bellemans,louise.bellemans@berry.com,Data Engineering Manager,User,Denmark,Legitimate Interest,False,Webinar,2026-08-07
C000946,A00203,Alex,Brandon,alex.brandon@nette.com,Analytics Engineer,User,United States,,False,Referral,2026-07-30
C000947,A01383,Wolf-Dietrich,Engman,wolf-dietrich.engman@lindquist.com,intern,,United States,,True,SDR Outbound,2026-01-09
C000948,A01753,Bethany,Hill,bethany.hill@garza.com,Staff Data Engineer,User,United States,,False,SDR Outbound,2025-06-08
C000949,A01362,Annette,Alexander,annette.alexander@johansson.com,x,,United Kingdom,Legitimate Interest,False,SDR Outbound,2024-09-08
C000950,A00671,Kreszenz,Heser,kreszenz.heser@berglund.com,Chief Data Officer,Economic Buyer,Ireland,Legitimate Interest,False,Event,2026-07-04
C000951,A00233,Hamza,Yates,hamza.yates@williams.com,Data Engineering Manager,User,United Kingdom,Legitimate Interest,False,Event,2026-05-07
C000952,A00795,Marian,Hall,marian.hall@brown-frey.com,Analytics Engineer,User,Canada,,False,Paid Search,2026-08-27
C000953,A00103,Jack,Samuelsson,jack.samuelsson@andersson.com,VP Data & Analytics,Economic Buyer,United States,,False,SDR Outbound,2025-12-07
C000954,A00437,Markus,Nilsson,markus.nilsson@häring.com,-,,Netherlands,Legitimate Interest,False,Paid Search,2025-11-08
C000955,A00632,Stephanie,Hertrampf,stephanie.hertrampf@olsson.com,ceo ,,Germany,Legitimate Interest,False,Paid Search,2025-09-05
C000956,A01248,Erika,Reuter,erika.reuter@svensson.com,VP Data,Economic Buyer,United States,,False,Partner,2026-03-15
C000957,A01016,Caroline,Dörr,caroline.dörr@bloch.com,Senior Data Engineer,User,Switzerland,Legitimate Interest,False,Paid Search,2025-11-20
C000958,A00083,William,Dixon,william.dixon@royal.com,Manager,,United States,,False,Free Trial,2026-09-25
C000959,A01236,Dennis,Rudolph,dennis.rudolph@vaughan-williams.com,Analytics Engineer,User,United States,,False,Paid Search,2026-09-09
C000960,A01364,Marit,Driessen,marit.driessen@linschoten.com,Director of Data Platform,Champion,United Kingdom,Legitimate Interest,False,Webinar,2025-01-14
C000961,A01133,Nova,Fechner,nova.fechner@dennenberg.com,Staff Data Engineer,User,United States,,False,Free Trial,2026-06-03
C000962,A01241,Mark,Käster,mark.käster@klingelhöfer.com,Chief Data Officer,Economic Buyer,United States,,False,Paid Search,2024-03-22
C000963,A00628,Renske,Möchlichen,renske.möchlichen@ns.com,VP Data & Analytics,Economic Buyer,Canada,,False,Event,2025-11-22
C000964,A01394,Elvira,Martin,elvira.martin@svensson.com,ceo ,,Sweden,Legitimate Interest,False,Partner,2026-08-28
C000965,A00519,Kelly,Walker,kelly.walker@davis-williams.com,Director of Data Platform,Champion,United Kingdom,Legitimate Interest,False,Event,2024-09-06
C000966,A01506,Daniel,Mann,daniel.mann@riggs-coffey.com,"Director, Data Engineering",Champion,United States,,False,Event,2025-10-11
C000967,A00761,Ingeborg,Olsson,ingeborg.olsson@white.com,Analytics Engineer,User,United States,,False,Event,2024-01-08
C000968,A00245,Teresa,Lamb,teresa.lamb@marchal.com,Head of Data Platform,Champion,United Kingdom,Legitimate Interest,False,Paid Search,2026-04-10
C000969,A01237,Andreas,Palmer,andreas.palmer@murray.com,Head of Data Engineering,Champion,Ireland,Legitimate Interest,False,Webinar,2025-12-22
C000970,A01069,Stephanie,Armstrong,stephanie.armstrong@webster.com,Data Engineering Manager,User,Switzerland,Legitimate Interest,False,Partner,2026-03-15
C000971,A00247,Elisabeth,van der Mast,elisabeth.van der mast@hübel.com,Data Engineering Manager,User,Netherlands,Legitimate Interest,False,Content Download,2025-04-29
C000972,A00233,Melanie,Palmgren,melanie.palmgren@williams.com,"Director, Data Engineering",Champion,United Kingdom,Legitimate Interest,False,Event,2026-01-09
C000973,A00405,Torgny,Karlsson,torgny.karlsson@walsh.com,Staff Data Engineer,User,United Kingdom,Legitimate Interest,False,Paid Search,2024-09-02
C000974,A01621,Julius,Lee,julius.lee@andersson.com,VP Data,Economic Buyer,Netherlands,Legitimate Interest,False,Content Download,2025-05-11
C000975,A01009,Sieglinde,Mills,sieglinde.mills@banks-walsh.com,Analytics Engineer,User,Germany,Legitimate Interest,False,Webinar,2026-05-14
C000976,A00599,Herrmann,Tins,herrmann.tins@werner.com,VP Data & Analytics,Economic Buyer,Netherlands,Legitimate Interest,False,Partner,2025-11-08
C000977,A00317,Heather,van 't Houteveen,heather.van 't houteveen@lorch.com,Chief Data Officer,Economic Buyer,Norway,Legitimate Interest,False,Webinar,2026-09-11
C000978,A00239,Daniel,Römer,daniel.römer@mcgee.com,Senior Data Engineer,User,Sweden,Legitimate Interest,False,SDR Outbound,2026-08-25
C000979,A00733,Carl,Söding,carl.söding@salazar-brown.com,data guy,,Netherlands,Legitimate Interest,False,Referral,2026-07-31
C000980,A01127,Eva,Patterson,eva.patterson@kaul.com,Chief Information Officer,Economic Buyer,Germany,Legitimate Interest,False,Webinar,2025-11-15
C000981,A00182,Kyan,Petersson,kyan.petersson@microsoft.com,Analytics Engineer,User,Germany,Legitimate Interest,False,Webinar,2026-09-14
C000982,A01721,Shannon,Russell,shannon.russell@hövel.com,test,,Switzerland,Legitimate Interest,False,Content Download,2026-08-31
C000983,A01526,Isis,Malmström,isis.malmström@dawson.com,Senior Data Engineer,User,United States,,False,SDR Outbound,2025-09-09
C000984,A01023,Karl,Karge,karl.karge@björk.com,Staff Data Engineer,User,Switzerland,Legitimate Interest,False,Free Trial,2026-04-29
C000985,A00341,Erkan,Ortiz,erkan.ortiz@smith.com,Data Engineering Manager,User,United States,,False,Paid Search,2026-07-29
C000986,A01391,Vega,Jörgensen,vega.jörgensen@chaney-martin.com,"Director, Data Engineering",Champion,Germany,Legitimate Interest,False,Partner,2026-02-04
C000987,A00577,Jeremy,Beekman,jeremy.beekman@magnusson.com,CISO,Blocker,Ireland,Legitimate Interest,False,Content Download,2026-07-18
C000988,A01744,Trevor,Roose,trevor.roose@cole-farrell.com,Head of Data Platform,Champion,United States,,False,Partner,2026-05-27
C000989,A01781,Idun,Goedhart,idun.goedhart@holmes-smith.com,Data Engineering Manager,User,United States,,False,Webinar,2025-07-18
C000990,A01061,Joshua,Blewanus,joshua.blewanus@einarsson.com,Staff Data Engineer,User,United States,,False,Webinar,2025-05-30
C000991,A00053,Liam,Lewis,liam.lewis@ellis.com,Analytics Engineer,User,United Kingdom,Legitimate Interest,False,Webinar,2025-09-17
C000992,A01236,Nina,Willems,nina.willems@vaughan-williams.com,Director of Data Platform,Champion,United States,,False,Partner,2026-05-04
C000993,A01229,Joanne,Eriksson,joanne.eriksson@davis.com,Chief Information Officer,Economic Buyer,United States,,False,Webinar,2026-05-11
C000994,A01950,Ernst,Kallert,ernst.kallert@morgan.com,Head of Data Platform,Champion,Germany,Legitimate Interest,True,Event,2026-09-20
C000995,A01158,Diana,Mcknight,diana.mcknight@koninklijke.com,"Director, Data Engineering",Champion,Canada,,False,Content Download,2026-04-05
C000996,A01358,Charles,Meister,charles.meister@mårtensson.com,"Director, Data Engineering",Champion,United Kingdom,Legitimate Interest,False,Content Download,2025-05-10
C000997,A00666,Fenne,van Eck,fenne.van eck@löfgren.com,Senior Data Engineer,User,Belgium,Legitimate Interest,False,Webinar,2024-08-16
C000998,A00229,Kati,Hulskes,kati.hulskes@john.com,Head of Data Platform,Champion,United Kingdom,Legitimate Interest,False,Webinar,2026-05-11
C000999,A00379,Joan,Asp,joan.asp@hazenveld.com,Chief Data Officer,Economic Buyer,United Kingdom,Legitimate Interest,False,Free Trial,2025-08-03
C001000,A00372,Brittney,Steuer,brittney.steuer@etzler.com,"Director, Data Engineering",Champion,United States,,True,Free Trial,2025-03-31
C001001,A00116,Ruben,Mangold,ruben.mangold@menzis.com,VP Data & Analytics,Economic Buyer,United Kingdom,Legitimate Interest,False,SDR Outbound,2026-09-22
C001002,A00128,Natasha,Frisk,natasha.frisk@hernandez.com,Director of Data Platform,Champion,United States,,False,Referral,2026-10-02
C001003,A01480,Jesse,Vos,jesse.vos@brown.com,Head of Data Engineering,Champion,United Kingdom,Legitimate Interest,True,Paid Search,2023-10-18
C001004,A00914,Anne,Lind,anne.lind@girschner.com,Chief Data Officer,Economic Buyer,Netherlands,Legitimate Interest,False,Paid Search,2025-10-07
C001005,A01033,Maurits,Kraus,maurits.kraus@reed.com,Data Engineering Manager,User,Sweden,Legitimate Interest,False,Content Download,2026-06-09
C001006,A01296,Kathy,Watson,kathy.watson@weeks.com,VP Data,Economic Buyer,Canada,,False,SDR Outbound,2026-06-14
C001007,A01375,Lisa,Crawford,lisa.crawford@pruschke.com,Senior Data Engineer,User,Germany,Legitimate Interest,False,Webinar,2026-02-18
C001008,A00577,Christin,Haglund,christin.haglund@magnusson.com,Senior Data Engineer,User,Ireland,Legitimate Interest,False,Content Download,2026-06-14
C001009,A01610,Kasimir,Iqbal,kasimir.iqbal@seifert.com,Chief Information Officer,Economic Buyer,Germany,Legitimate Interest,False,SDR Outbound,2026-03-26
C001010,A00440,Zenon,Neuteboom,zenon.neuteboom@briemer.com,CISO,Blocker,Canada,,False,Paid Search,2026-09-05
C001011,A01418,Gerard,auch Schlauchin,gerard.auch schlauchin@vincent.com,Analytics Engineer,User,United States,,True,Partner,2025-03-27
C001012,A01202,Sandra,Faust,sandra.faust@zuniga.com,Data Engineering Manager,User,United States,,False,Event,2025-12-07
C001013,A01054,Jamie,Nyman,jamie.nyman@royal.com,Data Engineering Manager,User,Germany,Legitimate Interest,False,Event,2024-08-03
C001014,A01599,Carmen,Moyer,carmen.moyer@lloyd-harris.com,CISO,Blocker,Sweden,Legitimate Interest,False,Event,2023-05-14
C001015,A00006,Anna,Bailey,anna.bailey@holm.com,Analytics Engineer,User,United States,,False,Event,2026-03-14
C001016,A01623,Mike,Rudolph,mike.rudolph@nieuwstraten.com,x,,Netherlands,Legitimate Interest,False,Free Trial,2025-07-30
C001017,A00086,Kiki,van den Heuvel,kiki.van den heuvel@månsson.com,Head of Data Platform,Champion,United Kingdom,Legitimate Interest,False,Paid Search,2025-08-04
C001018,A01905,Sandra,Dörschner,sandra.dörschner@oliver-clark.com,Manager,,United States,,False,Free Trial,2026-09-16
C001019,A00932,Sean,van Venrooy,sean.van venrooy@bergström.com,"Director, Data Engineering",Champion,Germany,Legitimate Interest,False,SDR Outbound,2025-09-15
C001020,A00671,Dierk,Turner,dierk.turner@berglund.com,ceo ,,Ireland,Legitimate Interest,False,Content Download,2026-07-07
C001021,A01258,Tanya,Garner,tanya.garner@riehl.com,Senior Data Engineer,User,United States,,False,Free Trial,2026-10-04
C001022,A00782,Keith,Franke,keith.franke@franklin.com,VP Data & Analytics,Economic Buyer,Germany,Legitimate Interest,False,Event,2026-06-04
C001023,A00997,Michal,van de Weterink,michal.van de weterink@kraus.com,Senior Data Engineer,User,United States,,False,Referral,2026-08-10
C001024,A01377,Jasmine,Bender,jasmine.bender@kriens.com,Data Engineering Manager,User,Germany,Legitimate Interest,False,Webinar,2025-05-17
C001025,A01058,Elias,Hall,elias.hall@kling.com,Analytics Engineer,User,Belgium,Legitimate Interest,False,Referral,2025-11-02
C001026,A00812,Ester,Avery,ester.avery@hassan.com,Head of Data Platform,Champion,United States,,False,Referral,2025-03-14
C001027,A00096,John,Hultgren,john.hultgren@weitzel.com,Head of Data Platform,Champion,Ireland,Legitimate Interest,False,Partner,2026-08-05
C001028,A01705,Ellie,Phillips,ellie.phillips@andersson.com,"Director, Data Engineering",Champion,United Kingdom,Legitimate Interest,False,Referral,2023-11-20
C001029,A00324,Danielle,Hunter,danielle.hunter@dennis.com,Head of Data Platform,Champion,United States,,False,Partner,2026-08-17
C001030,A01115,Francisco,Thomson,francisco.thomson@veen.com,Director of Data Platform,Champion,Denmark,Legitimate Interest,False,SDR Outbound,2024-08-25
C001031,A01124,Stephanie,Harper,stephanie.harper@royal.com,Data Engineering Manager,User,United Kingdom,Legitimate Interest,False,Free Trial,2024-12-02
C001032,A01679,Travis,Ekström,travis.ekström@striebitz.com,test,,United States,,False,SDR Outbound,2026-08-12
C001033,A01694,Ian,Room,ian.room@pettersson.com,Head of Data Platform,Champion,United Kingdom,Legitimate Interest,False,Partner,2025-10-04
C001034,A00878,Otto,Eriksson,otto.eriksson@gardiner.com,Analytics Engineer,User,Switzerland,Legitimate Interest,False,Free Trial,2025-10-22
C001035,A00220,Yusuf,Magnusson,yusuf.magnusson@süßebier.com,Head of Data Engineering,Champion,Switzerland,Legitimate Interest,False,SDR Outbound,2026-09-05
C001036,A01823,Clifford,Gardiner,clifford.gardiner@ali.com,Staff Data Engineer,User,United States,,False,Content Download,2026-08-11
C001037,A00406,Zakaria,Wilson,zakaria.wilson@wilkins.com,Chief Information Officer,Economic Buyer,United States,,False,Free Trial,2025-07-23
C001038,A01271,Victor,Robinson,victor.robinson@royal.com,"Director, Data Engineering",Champion,Denmark,Legitimate Interest,False,Content Download,2025-03-02
C001039,A01799,Siegfried,Verbeeck,siegfried.verbeeck@jönsson.com,Head of Data Engineering,Champion,United States,,False,Free Trial,2025-10-21
C001040,A01523,Cheryl,Hellevoort,cheryl.hellevoort@mustafa.com,Staff Data Engineer,User,Canada,,False,Partner,2026-08-29
C001041,A00364,Gillian,Speer,gillian.speer@sjöberg.com,"Director, Data Engineering",Champion,Belgium,Legitimate Interest,False,Webinar,2026-07-24
C001042,A00623,Michael,Hoppenbrouwer,michael.hoppenbrouwer@verbeek.com,Data Engineering Manager,User,Netherlands,Legitimate Interest,False,Event,2025-09-13
C001043,A00575,Mila,van Allemanië,mila.van allemanië@goddard.com,Senior Data Engineer,User,Netherlands,Legitimate Interest,False,SDR Outbound,2026-09-10
C001044,A01215,Matthew,Heuser,matthew.heuser@hussain-wilkinson.com,Chief Information Officer,Economic Buyer,United States,,False,Webinar,2026-06-28
C001045,A01411,Jerry,Dachgelder,jerry.dachgelder@hanna.com,Senior Data Engineer,User,United Kingdom,Legitimate Interest,False,Content Download,2026-07-29
C001046,A01127,Katja,Steuer,katja.steuer@kaul.com,Chief Information Officer,Economic Buyer,Germany,Legitimate Interest,False,Free Trial,2023-11-21
C001047,A01372,Sami,van Geest,sami.van geest@stenström.com,Director of Data Platform,Champion,United States,,False,Free Trial,2025-09-24
C001048,A01750,Sep,Bloch,sep.bloch@jonsson.com,Head of Data Engineering,Champion,Switzerland,Legitimate Interest,False,Paid Search,2026-09-15
C001049,A01306,Zeki,Cook,zeki.cook@olsson.com,"Director, Data Engineering",Champion,United Kingdom,Legitimate Interest,False,Paid Search,2024-06-21
C001050,A01768,Kyle,Mulder,kyle.mulder@persson.com,Chief Information Officer,Economic Buyer,Ireland,Legitimate Interest,False,Paid Search,2025-09-27
C001051,A00306,Maria,Ekman,maria.ekman@eaton.com,Staff Data Engineer,User,United States,,False,Event,2025-11-15
C001052,A00451,Stacie,Lindqvist,stacie.lindqvist@wagner-levy.com,CISO,Blocker,Germany,Legitimate Interest,False,Free Trial,2026-09-23
C001053,A00118,Rachael,Ali,rachael.ali@google.com,Staff Data Engineer,User,United States,,False,Content Download,2024-05-17
C001054,A00717,Leah,Deleon,leah.deleon@foster.com,Staff Data Engineer,User,United States,,False,Free Trial,2025-01-02
C001055,A00386,Siegrun,Wilms,siegrun.wilms@kaul.com,Head of Data Platform,Champion,United States,,False,SDR Outbound,2026-02-16
C001056,A01458,Björn,Stone,björn.stone@patel-morales.com,Data Engineering Manager,User,United Kingdom,Legitimate Interest,False,Paid Search,2025-05-01
C001057,A01086,Antonietta,Robinson,antonietta.robinson@walker.com,Data Engineering Manager,User,United States,,False,Referral,2025-05-11
C001058,A00039,Per,Harris,per.harris@house.com,VP Data & Analytics,Economic Buyer,Belgium,Legitimate Interest,False,Partner,2025-05-04
C001059,A00094,Karen,Lehmann,karen.lehmann@jones.com,Analytics Engineer,User,Ireland,Legitimate Interest,False,Webinar,2026-08-31
C001060,A00688,Andrea,Singh,andrea.singh@koch.com,Chief Information Officer,Economic Buyer,United Kingdom,Legitimate Interest,False,Free Trial,2026-02-25
C001061,A01873,Megan,Berg,megan.berg@marsh-kirby.com,Senior Data Engineer,User,Sweden,Legitimate Interest,False,Free Trial,2025-07-05
C001062,A01401,Lotte,Broeders,lotte.broeders@koninklijke.com,Chief Information Officer,Economic Buyer,United States,,False,SDR Outbound,2024-02-29
C001063,A01066,Lawrence,Barth,lawrence.barth@mende.com,N/A,,United States,,False,SDR Outbound,2026-01-17
C001064,A01766,Julia,Hancock,julia.hancock@gutknecht.com,x,,Switzerland,Legitimate Interest,False,Event,2026-07-05
C001065,A00407,Lisa,de Wit,lisa.de wit@holthuis.com,Data Engineering Manager,User,United Kingdom,Legitimate Interest,False,Webinar,2025-08-02
C001066,A00830,Mathew,Jones,mathew.jones@juncken.com,Data Engineering Manager,User,United States,,False,Paid Search,2026-09-21
C001067,A01565,Inger,Bertho,inger.bertho@stolze.com,Chief Data Officer,Economic Buyer,United Kingdom,Legitimate Interest,False,Content Download,2025-10-27
C001068,A01245,Julia,Lindholm,julia.lindholm@ariens.com,data guy,,Ireland,Legitimate Interest,False,Webinar,2023-10-08
C001069,A00501,Neil,Oskarsson,neil.oskarsson@nicholls.com,Director of Data Platform,Champion,United States,,False,Event,2025-01-31
C001070,A00110,Lynda,Ziegert,lynda.ziegert@goodwin-lawrence.com,Head of Procurement,Blocker,United States,,False,SDR Outbound,2024-04-28
C001071,A00734,Silvio,Nordström,silvio.nordström@brown.com,"Director, Data Engineering",Champion,Germany,,False,Free Trial,2026-07-09
C001072,A00857,Kamil,Martens,kamil.martens@clarke.com,Head of Data Platform,Champion,United States,,False,Referral,2024-02-25
C001073,A00866,Joseph,Johnsson,joseph.johnsson@damen.com,VP Data & Analytics,Economic Buyer,United Kingdom,Legitimate Interest,False,Webinar,2025-12-13
C001074,A00746,Stefan,Walker,stefan.walker@fischer.com,Head of Data Platform,Champion,Sweden,Legitimate Interest,False,Paid Search,2026-04-02
C001075,A00976,Daphne,Nette,daphne.nette@achmea.com,Senior Data Engineer,User,United States,,False,Event,2026-01-01
C001076,A00769,Serpil,Karlsson,serpil.karlsson@dussen.com,Senior Data Engineer,User,United States,,False,Free Trial,2025-12-01
C001077,A00630,Amir,de Plantard,amir.de plantard@davison.com,Director of Data Platform,Champion,United States,,False,Partner,2026-06-25
C001078,A01689,Kläre,Nilsson,kläre.nilsson@reinhardt.com,Senior Data Engineer,User,Ireland,Legitimate Interest,False,Content Download,2026-09-17
C001079,A00069,Kian,Wiberg,kian.wiberg@broeckx.com,IT Security Manager,Blocker,United States,,False,Event,2026-08-06
C001080,A01785,Liv,Williams,liv.williams@moore.com,Chief Information Officer,Economic Buyer,Sweden,Legitimate Interest,False,Event,2026-04-27
C001081,A01520,Demi,Day,demi.day@karlsson.com,VP Data,Economic Buyer,United States,,False,Content Download,2026-04-24
C001082,A01387,Friedrich,Davis,friedrich.davis@larsson.com,Senior Data Engineer,User,United States,,False,SDR Outbound,2025-11-24
C001083,A01756,Gavin,Pratt,gavin.pratt@killer.com,Senior Data Engineer,User,Canada,,False,Free Trial,2025-10-25
C001084,A00935,Donald,Pettersson,donald.pettersson@wilson.com,Staff Data Engineer,User,Netherlands,Legitimate Interest,False,Content Download,2026-10-06
C001085,A01507,Inger,Näslund,inger.näslund@pettersson.com,Head of Data Platform,Champion,United States,,False,SDR Outbound,2026-08-21
C001086,A00447,Katrina,Langern,katrina.langern@dougherty-lin.com,Staff Data Engineer,User,United States,,False,Partner,2026-10-04
C001087,A00023,Johanne,Flantz,johanne.flantz@mitchell.com,"Director, Data Engineering",Champion,United States,,False,Event,2023-11-05
C001088,A01390,Marc,Lindgren,marc.lindgren@gustafsson.com,Senior Data Engineer,User,Canada,,False,Event,2026-01-22
C001089,A00277,Joseph,Mitchell,joseph.mitchell@seifert.com,Staff Data Engineer,User,Germany,Legitimate Interest,False,Webinar,2026-07-03
C001090,A00098,Cato,Timmerman,cato.timmerman@sanchez.com,Data Engineering Manager,User,Switzerland,Legitimate Interest,True,SDR Outbound,2026-08-11
C001091,A00478,Danny,van Roijen,danny.van roijen@moberg.com,Chief Data Officer,Economic Buyer,United States,,False,Event,2026-01-16
C001092,A01041,Annika,Morse,annika.morse@douglas.com,VP Data,Economic Buyer,Norway,Legitimate Interest,False,Free Trial,2026-01-02
C001093,A01798,Jill,Bennett,jill.bennett@apollo.com,Analytics Engineer,User,Norway,Legitimate Interest,False,Paid Search,2025-10-02
C001094,A01562,Fernando,Martin,fernando.martin@wilson.com,Staff Data Engineer,User,Canada,,False,Webinar,2026-10-05
C001095,A00704,Noortje,Williams,noortje.williams@woods.com,"Director, Data Engineering",Champion,Denmark,Legitimate Interest,False,Event,2026-09-12
C001096,A01763,Aimée,Johnson,aimée.johnson@hammar.com,VP Data & Analytics,Economic Buyer,United States,,False,Webinar,2024-12-01
C001097,A00380,Vincent,Johansson,vincent.johansson@alfredsson.com,Head of Data Platform,Champion,United States,,False,SDR Outbound,2025-07-28
C001098,A00392,Kenneth,Spaan,kenneth.spaan@kruschwitz.com,-,,United Kingdom,Legitimate Interest,False,Referral,2025-12-23
C001099,A01903,Annedore,Schmiedecke,annedore.schmiedecke@smith.com,Director of Data Platform,Champion,Netherlands,Legitimate Interest,False,Content Download,2026-03-23
C001100,A00205,Carla,Dale,carla.dale@norman.com,Senior Data Engineer,User,Ireland,Legitimate Interest,False,Free Trial,2026-06-11
C001101,A00012,Greta,Tran,greta.tran@hornig.com,Senior Data Engineer,User,Germany,Legitimate Interest,False,Content Download,2025-02-26
C001102,A01664,Annaliese,Eriksson,annaliese.eriksson@luna.com,Director of Data Platform,Champion,Switzerland,Legitimate Interest,False,Content Download,2024-07-13
C001103,A00444,Julius,Weinhold,julius.weinhold@ehlert.com,Director of Data Platform,Champion,United States,,False,Free Trial,2025-11-13
C001104,A00457,Roger,Nilsson,roger.nilsson@peter.com,Senior Data Engineer,User,Germany,Legitimate Interest,False,Referral,2026-09-15
C001105,A00696,Alexander,Lindau,alexander.lindau@garcia.com,Head of Data Platform,Champion,Germany,Legitimate Interest,False,Paid Search,2026-05-08
C001106,A01225,Kieran,Dirksen,kieran.dirksen@royal.com,Analytics Engineer,User,Netherlands,Legitimate Interest,False,Webinar,2024-08-11
C001107,A01648,Larry,Ryan,larry.ryan@khalil.com,"Director, Data Engineering",Champion,United States,,False,Paid Search,2025-12-26
C001108,A01152,Amanda,Dehmel,amanda.dehmel@van.com,x,,Norway,Legitimate Interest,False,Paid Search,2025-05-24
C001109,A00013,Colleen,Bylund,colleen.bylund@harper-atkinson.com,Head of Data Engineering,Champion,Denmark,Legitimate Interest,False,Referral,2026-10-06
C001110,A01660,Fabienne,Sjölund,fabienne.sjölund@sundberg.com,-,,Belgium,,False,Content Download,2025-09-19
C001111,A01518,Ester,Reilly,ester.reilly@hethur.com,Data Engineering Manager,User,United States,,False,SDR Outbound,2025-03-30
C001112,A00547,Karsten,Stuivenberg,karsten.stuivenberg@steckel.com,"Director, Data Engineering",Champion,United States,,False,Free Trial,2024-06-05
C001113,A00488,Emine,Reijers,emine.reijers@davies.com,x,,Netherlands,Legitimate Interest,False,Referral,2026-09-08
C001114,A00441,Anna,Hamilton,anna.hamilton@sanderson-hall.com,Head of Data Platform,Champion,Germany,Legitimate Interest,False,Webinar,2026-07-11
C001115,A01171,Timothy,White,timothy.white@verbeeck.com,IT Security Manager,Blocker,Germany,Legitimate Interest,False,Paid Search,2024-10-15
C001116,A00537,Carla,Martinez,carla.martinez@eriksson.com,"Director, Data Engineering",Champion,United States,,False,Free Trial,2026-09-24
C001117,A00529,Caroline,Verheij,caroline.verheij@microsoft.com,Staff Data Engineer,User,United States,,False,Webinar,2025-07-11
C001118,A00754,Katrin,Lindholm,katrin.lindholm@scholtz.com,Head of Procurement,Blocker,Norway,Legitimate Interest,True,Event,2026-01-05
C001119,A01691,Eva,Mens,eva.mens@holmström.com,Director of Data Platform,Champion,Germany,Legitimate Interest,False,Content Download,2026-09-02
C001120,A01436,Paul,Scott,paul.scott@juncken.com,Senior Data Engineer,User,Norway,Legitimate Interest,False,Paid Search,2024-05-14
C001121,A00916,Sarah,Borg,sarah.borg@bohlander.com,Director of Data Platform,Champion,United States,,False,SDR Outbound,2026-05-13
C001122,A01648,Alice,Morris,alice.morris@khalil.com,Analytics Engineer,User,United States,,False,Referral,2025-08-26
C001123,A00468,Derrick,van Buuren,derrick.van buuren@silva-robles.com,Chief Data Officer,Economic Buyer,United States,,False,Content Download,2024-10-14
C001124,A01230,Nick,Otto,nick.otto@waardeloo.com,Analytics Engineer,User,Germany,Legitimate Interest,False,Event,2026-08-28
C001125,A01806,John,de Graaf,john.de graaf@camacho.com,Head of Data Engineering,Champion,United States,,False,Referral,2026-04-28
C001126,A00731,Jolie,Willems van Lier,jolie.willems van lier@mälzer.com,intern,,Canada,,False,Free Trial,2026-08-29
C001127,A00805,Mechthilde,Hall,mechthilde.hall@brown.com,"Director, Data Engineering",Champion,United States,,False,Webinar,2025-05-21
C001128,A00598,Nicole,Nolan,nicole.nolan@cook.com,Head of Procurement,Blocker,United States,,False,Webinar,2024-02-20
C001129,A01553,Ingelore,Gray,ingelore.gray@gustavsson.com,data guy,,Germany,Legitimate Interest,False,Paid Search,2023-09-13
C001130,A01188,Stefan,Stolze,stefan.stolze@allen.com,Staff Data Engineer,User,United States,,False,Free Trial,2024-06-05
C001131,A01245,Angela,"Werl-Arnsberg, van","angela.werl-arnsberg, van@ariens.com",Analytics Engineer,User,Ireland,Legitimate Interest,False,Free Trial,2024-04-20
C001132,A01990,Peter,Mohaupt,peter.mohaupt@heyne.com,IT Security Manager,Blocker,United States,,False,SDR Outbound,2026-10-08
C001133,A00241,Jadwiga,Mijsberg,jadwiga.mijsberg@wende.com,Head of Procurement,Blocker,Germany,Legitimate Interest,False,Webinar,2026-03-02
C001134,A00816,Barbro,Cooper,barbro.cooper@gierschner.com,VP Data & Analytics,Economic Buyer,United Kingdom,Legitimate Interest,False,SDR Outbound,2026-04-08
C001135,A00430,Mark,Williams,mark.williams@may-reynolds.com,Staff Data Engineer,User,United Kingdom,Legitimate Interest,False,Free Trial,2026-08-04
C001136,A01987,Ingemar,Göransson,ingemar.göransson@neureuther.com,"Director, Data Engineering",Champion,Netherlands,Legitimate Interest,False,Content Download,2024-12-13
C001137,A01561,Rhonda,Paffrath,rhonda.paffrath@carr-conley.com,Head of Data Platform,Champion,Switzerland,Legitimate Interest,False,Event,2024-06-22
C001138,A01761,Catherine,Holland,catherine.holland@ström.com,Head of Data Engineering,Champion,United States,,False,Referral,2026-10-06
C001139,A00723,Senna,Forbes,senna.forbes@royal.com,Staff Data Engineer,User,Germany,Legitimate Interest,False,SDR Outbound,2025-09-05
C001140,A01527,Kamil,Maddox,kamil.maddox@hultgren.com,Data Engineering Manager,User,United States,,False,Event,2026-08-19
C001141,A00652,Michelle,van Holland,michelle.van holland@bolnbach.com,Head of Procurement,Blocker,United States,,False,Free Trial,2024-10-30
C001142,A00363,Jesper,van der Spaendonck,jesper.van der spaendonck@johansson.com,Data Engineering Manager,User,United States,,False,Webinar,2026-02-24
C001143,A00394,Benjamin,Salazar,benjamin.salazar@zahn.com,data guy,,Norway,Legitimate Interest,False,Referral,2025-05-15
C001144,A01760,Diana,Taylor,diana.taylor@nguyen.com,Head of Data Engineering,Champion,United States,,False,Webinar,2025-11-19
C001145,A00070,Jake,Henric van den Nuwenhuse,jake.henric van den nuwenhuse@klemt.com,Analytics Engineer,User,Switzerland,Legitimate Interest,False,Referral,2026-09-06
C001146,A00042,Scott,Edwards,scott.edwards@baker-bowers.com,Senior Data Engineer,User,United States,,False,Referral,2025-06-26
C001147,A01428,Lars,Waters,lars.waters@koninklijke.com,Chief Information Officer,Economic Buyer,United Kingdom,Legitimate Interest,False,Paid Search,2025-05-11
C001148,A00958,Marvin,Tröst,marvin.tröst@hehl.com,CISO,Blocker,Canada,,False,Referral,2026-01-20
C001149,A00759,Kate,Plath,kate.plath@haering.com,Head of Data Engineering,Champion,United Kingdom,Legitimate Interest,False,SDR Outbound,2026-06-14
C001150,A00753,Shelia,van Beek,shelia.van beek@gonzalez-elliott.com,Analytics Engineer,User,Germany,Legitimate Interest,False,Paid Search,2026-03-06
C001151,A01827,Calvin,Borg,calvin.borg@hayward.com,N/A,,Germany,Legitimate Interest,False,Partner,2026-09-20
C001152,A01031,Denis,Williams,denis.williams@klingelhöfer.com,Head of Data Platform,Champion,Germany,Legitimate Interest,True,Event,2026-01-03
C001153,A01413,Ehrentraud,Holmes,ehrentraud.holmes@lee.com,Senior Data Engineer,User,United Kingdom,Legitimate Interest,False,Event,2026-01-25
C001154,A00920,Jesper,Collins,jesper.collins@bcc.com,"Director, Data Engineering",Champion,United States,,False,Free Trial,2026-02-12
C001155,A01658,Niklas,Mohaupt,niklas.mohaupt@short.com,Head of Data Engineering,Champion,United States,,False,SDR Outbound,2026-02-06
C001156,A01605,Malin,Knight,malin.knight@brievingh.com,Staff Data Engineer,User,Sweden,Legitimate Interest,True,Content Download,2026-03-08
C001157,A01600,Dex,Hardin,dex.hardin@watson.com,N/A,,United States,,False,Partner,2025-02-12
C001158,A01286,Nicholas,Stephens,nicholas.stephens@jacob.com,VP Data & Analytics,Economic Buyer,United States,,False,Paid Search,2026-05-23
C001159,A01490,Katie,Robinson,katie.robinson@cross.com,IT Security Manager,Blocker,United States,,False,Webinar,2026-01-03
C001160,A01249,Veit,Wiley,veit.wiley@newman-miles.com,Senior Data Engineer,User,United Kingdom,Legitimate Interest,False,Free Trial,2025-10-01
C001161,A00935,Mohammad,Morris,mohammad.morris@wilson.com,-,,Netherlands,Legitimate Interest,False,Partner,2026-10-05
C001162,A00401,Dylan,Gray,dylan.gray@matthäi.com,Staff Data Engineer,User,United States,,False,Content Download,2024-01-04
C001163,A00212,Hans Georg,Etzold,hans georg.etzold@thanel.com,Senior Data Engineer,User,United States,,False,Partner,2024-12-03
C001164,A01294,Marcus,Lee,marcus.lee@van.com,Analytics Engineer,User,United States,,False,Free Trial,2025-08-04
C001165,A01115,Regina,Williamson,regina.williamson@veen.com,Data Engineering Manager,User,Denmark,Legitimate Interest,False,Paid Search,2024-12-29
C001166,A01797,Joerg,Rotteveel,joerg.rotteveel@jarvis.com,Data Engineering Manager,User,United Kingdom,Legitimate Interest,False,Paid Search,2026-08-19
C001167,A00483,Tracy,Holm,tracy.holm@stichting.com,Head of Procurement,Blocker,United States,,False,SDR Outbound,2026-02-15
C001168,A00613,Sven,Sims,sven.sims@jans.com,x,,United States,,False,Free Trial,2025-11-17
C001169,A01915,Paul,Larsson,paul.larsson@van.com,Chief Information Officer,Economic Buyer,United Kingdom,Legitimate Interest,False,SDR Outbound,2026-09-27
C001170,A00247,Pepijn,Hänel,pepijn.hänel@hübel.com,Head of Data Engineering,Champion,Netherlands,Legitimate Interest,False,Event,2025-07-07
C001171,A01522,Hildegard,Larsson,hildegard.larsson@smith.com,Analytics Engineer,User,United Kingdom,Legitimate Interest,False,Event,2026-06-26
C001172,A00375,Dimitrios,Olsson,dimitrios.olsson@smith.com,Director of Data Platform,Champion,United States,,False,Free Trial,2026-03-21
C001173,A00184,Heinz-Josef,Robbrechts Bruijne,heinz-josef.robbrechts bruijne@andersson.com,VP Data & Analytics,Economic Buyer,United States,,False,SDR Outbound,2026-07-11
C001174,A01298,Sandra,Magnusson,sandra.magnusson@riley.com,"Director, Data Engineering",Champion,United Kingdom,Legitimate Interest,False,Event,2025-12-30
C001175,A01287,Alice,Jones,alice.jones@brown-fuller.com,Staff Data Engineer,User,Sweden,Legitimate Interest,True,Referral,2024-05-13
C001176,A00046,Pero,Hussein,pero.hussein@woods.com,VP Data & Analytics,Economic Buyer,Belgium,Legitimate Interest,False,Referral,2026-01-10
C001177,A01469,Meja,Tintzmann,meja.tintzmann@isaksson.com,Analytics Engineer,User,United States,,False,Content Download,2026-09-26
C001178,A01664,Crystal,Moore,crystal.moore@luna.com,Senior Data Engineer,User,Switzerland,Legitimate Interest,False,Webinar,2026-03-17
C001179,A00691,Noud,Seifert,noud.seifert@stichting.com,Senior Data Engineer,User,Ireland,Legitimate Interest,False,Event,2026-09-24
C001180,A00266,Jacob,Jäkel,jacob.jäkel@andersson.com,Head of Data Engineering,Champion,Germany,Legitimate Interest,False,Partner,2026-05-19
C001181,A00284,Jade,Danielsson,jade.danielsson@curtis.com,Staff Data Engineer,User,United Kingdom,Legitimate Interest,False,Referral,2026-08-16
C001182,A01547,Scott,Johansson,scott.johansson@aronsson.com,CISO,Blocker,Denmark,Legitimate Interest,False,Webinar,2026-06-27
C001183,A00738,Hanna,van Northeim,hanna.van northeim@drubin.com,"Director, Data Engineering",Champion,United States,,False,Partner,2026-02-08
C001184,A00097,Howard,Schinke,howard.schinke@gumprich.com,CISO,Blocker,Germany,Legitimate Interest,False,Event,2026-08-16
C001185,A00582,Wulf,Steenbakkers,wulf.steenbakkers@hethur.com,VP Data & Analytics,Economic Buyer,United States,,False,Referral,2026-07-20
C001186,A01727,Tara,Miller,tara.miller@de.com,"Director, Data Engineering",Champion,United States,,False,SDR Outbound,2025-11-01
C001187,A01455,Elias,Sanders,elias.sanders@read-butler.com,CISO,Blocker,United Kingdom,Legitimate Interest,False,SDR Outbound,2025-10-22
C001188,A01151,Peter,Martin,peter.martin@hunt-hale.com,"Director, Data Engineering",Champion,United States,,False,Partner,2024-07-27
C001189,A00104,Clifford,Wallin,clifford.wallin@van.com,Chief Data Officer,Economic Buyer,United States,,False,Free Trial,2026-03-10
C001190,A01857,Ingvar,Nygren,ingvar.nygren@davis-oneill.com,Senior Data Engineer,User,Sweden,Legitimate Interest,True,Paid Search,2025-12-10
C001191,A00853,Cheryl,Zirme,cheryl.zirme@van.com,Chief Data Officer,Economic Buyer,United States,,False,SDR Outbound,2026-09-29
C001192,A01749,Tara,Zorbach,tara.zorbach@leonard.com,Head of Data Engineering,Champion,Germany,Legitimate Interest,False,Webinar,2025-12-30
C001193,A01011,Denis,de Ruiter,denis.de ruiter@marshall.com,Analytics Engineer,User,United Kingdom,Legitimate Interest,False,Paid Search,2026-10-03
C001194,A01705,Kelly,Hopkins,kelly.hopkins@andersson.com,Staff Data Engineer,User,United Kingdom,Legitimate Interest,False,Partner,2025-02-13
C001195,A01608,Kyle,Jäntsch,kyle.jäntsch@doherty.com,Data Engineering Manager,User,United States,,False,SDR Outbound,2024-07-21
C001196,A01088,Jack,Williams,jack.williams@tlustek.com,Staff Data Engineer,User,Denmark,Legitimate Interest,False,Referral,2025-05-14
C001197,A01703,Carl,Rehn,carl.rehn@hampton.com,Head of Procurement,Blocker,United States,,False,Partner,2025-02-13
C001198,A00377,Adem,Klomp Jan,adem.klomp jan@jacobi.com,Data Engineering Manager,User,United States,,False,Content Download,2026-09-09
C001199,A00915,Eckhard,van der Ven,eckhard.van der ven@cook-hatfield.com,Analytics Engineer,User,Austria,Legitimate Interest,False,Partner,2026-08-21
C001200,A00360,Jet,Walker,jet.walker@van.com,Senior Data Engineer,User,United States,,False,Event,2026-04-05
C001201,A01222,Merel,Peters,merel.peters@weimer.com,Staff Data Engineer,User,Canada,,False,Partner,2026-04-18
C001202,A01878,Paul,Wiek,paul.wiek@royal.com,Head of Data Platform,Champion,United States,,False,Free Trial,2026-03-26
C001203,A01469,Tracey,Holzapfel,tracey.holzapfel@isaksson.com,-,,United States,,False,Partner,2026-09-21
C001204,A01959,Esila,van der Laan,esila.van der laan@van.com,Chief Information Officer,Economic Buyer,Ireland,Legitimate Interest,False,Free Trial,2026-06-20
C001205,A02000,Michael,Andersson,michael.andersson@jennings.com,Chief Information Officer,Economic Buyer,Belgium,Legitimate Interest,False,Free Trial,2025-03-22
C001206,A01679,Harald,Connolly,harald.connolly@striebitz.com,ceo ,,United States,,True,SDR Outbound,2026-08-01
C001207,A01079,Alina,Bishop,alina.bishop@salomonsson.com,Data Engineering Manager,User,United States,,False,Free Trial,2025-10-04
C001208,A01725,Sara,Brewer,sara.brewer@dorsman.com,VP Data & Analytics,Economic Buyer,United Kingdom,Legitimate Interest,False,Event,2026-04-04
C001209,A00982,Dawn,Thomas,dawn.thomas@malone.com,Senior Data Engineer,User,Canada,,False,Paid Search,2023-12-05
C001210,A00795,Sönke,Morgan,sönke.morgan@brown-frey.com,N/A,,Canada,,False,Event,2026-05-18
C001211,A00286,Diane,Kirby,diane.kirby@kuhl.com,Senior Data Engineer,User,Belgium,Legitimate Interest,False,SDR Outbound,2026-04-01
C001212,A01959,Isis,Bouhuizen,isis.bouhuizen@van.com,Senior Data Engineer,User,Ireland,Legitimate Interest,False,Webinar,2026-04-17
C001213,A00623,Veronica,Lambregt,veronica.lambregt@verbeek.com,Director of Data Platform,Champion,Netherlands,Legitimate Interest,False,Partner,2025-05-12
C001214,A00911,Patricia,Pettersson,patricia.pettersson@koninklijke.com,Analytics Engineer,User,Netherlands,Legitimate Interest,False,Free Trial,2026-09-24
C001215,A01572,Maartje,Reed,maartje.reed@goddard.com,Head of Data Platform,Champion,Sweden,Legitimate Interest,False,Partner,2026-03-01
C001216,A01908,Diana,Barents,diana.barents@andersson.com,Analytics Engineer,User,Germany,Legitimate Interest,False,Event,2026-09-17
C001217,A00657,Stanley,Allen,stanley.allen@hellberg.com,CISO,Blocker,United States,,False,Free Trial,2026-02-24
C001218,A00888,Jasmijn,Backer,jasmijn.backer@buck-holland.com,Head of Procurement,Blocker,United Kingdom,Legitimate Interest,False,Free Trial,2026-08-14
C001219,A01151,Helena,van Breugel,helena.van breugel@hunt-hale.com,Head of Data Platform,Champion,United States,,False,Event,2025-12-31
C001220,A01064,Kevin,Weihmann,kevin.weihmann@tran.com,Head of Data Platform,Champion,United States,,False,Referral,2026-01-08
C001221,A00774,Cassandra,van de Biesenbos,cassandra.van de biesenbos@ellis.com,Staff Data Engineer,User,Austria,Legitimate Interest,False,SDR Outbound,2025-10-23
C001222,A00639,Lidwina,Vertoor,lidwina.vertoor@mitschke.com,test,,United States,,False,Paid Search,2025-09-18
C001223,A01937,Therése,Floyd,therése.floyd@fraser-harris.com,Senior Data Engineer,User,United States,,False,Paid Search,2025-04-01
C001224,A01542,Bente,Ernst,bente.ernst@van.com,Senior Data Engineer,User,Netherlands,Legitimate Interest,False,Webinar,2026-06-10
C001225,A01959,Thomas,Trommler,thomas.trommler@van.com,Staff Data Engineer,User,Ireland,Legitimate Interest,False,Paid Search,2026-03-15
C001226,A01534,Karl,Persson,karl.persson@gilbert.com,Data Engineering Manager,User,United States,,False,Referral,2025-02-26
C001227,A01117,Thomas,Marshall,thomas.marshall@royal.com,Manager,,United Kingdom,Legitimate Interest,False,Free Trial,2025-05-27
C001228,A00371,David,van Landen,david.van landen@galvan-combs.com,Director of Data Platform,Champion,United Kingdom,Legitimate Interest,False,Webinar,2025-01-06
C001229,A00664,Berend,Månsson,berend.månsson@wolffel.com,Director of Data Platform,Champion,United States,,False,Referral,2025-09-08
C001230,A00646,Simon,Steuer,simon.steuer@wilson.com,Data Engineering Manager,User,United States,,False,Referral,2026-02-24
C001231,A00614,Krista,Daniels,krista.daniels@nohlmans.com,IT Security Manager,Blocker,United States,,False,Webinar,2025-10-19
C001232,A01344,Billy,Lindau,billy.lindau@hall.com,Analytics Engineer,User,United States,,False,SDR Outbound,2024-03-28
C001233,A01408,Sean,Schuster,sean.schuster@verschuere.com,Director of Data Platform,Champion,Germany,Legitimate Interest,True,Event,2026-06-26
C001234,A00261,Caitlin,Wagenknecht,caitlin.wagenknecht@stumpf.com,Senior Data Engineer,User,Germany,Legitimate Interest,False,Paid Search,2026-04-23
C001235,A01526,Amanda,Postma,amanda.postma@dawson.com,Data Engineering Manager,User,United States,,False,Content Download,2025-03-25
C001236,A01654,Graham,Bengtsson,graham.bengtsson@mendoza.com,Head of Data Platform,Champion,United States,,False,Event,2024-09-14
C001237,A00506,Ashleigh,van Dokkum,ashleigh.van dokkum@holden.com,Senior Data Engineer,User,United States,,False,Referral,2026-04-13
C001238,A00727,Murat,Phillipsen,murat.phillipsen@johansson.com,Senior Data Engineer,User,United Kingdom,Legitimate Interest,False,Content Download,2024-12-26
C001239,A00089,Birgitta,Jones,birgitta.jones@marklund.com,Chief Information Officer,Economic Buyer,United States,,False,Referral,2026-06-01
C001240,A01990,Arnim,John,arnim.john@heyne.com,Senior Data Engineer,User,United States,,False,Paid Search,2026-10-03
C001241,A01395,Patrick,Morgan,patrick.morgan@kramer.com,Chief Information Officer,Economic Buyer,Denmark,Legitimate Interest,False,Paid Search,2024-03-14
C001242,A00947,Sigismund,Billung,sigismund.billung@nilsson.com,Data Engineering Manager,User,Germany,Legitimate Interest,False,Free Trial,2024-05-30
C001243,A01888,Douglas,Copeland,douglas.copeland@jarl.com,Head of Procurement,Blocker,Netherlands,Legitimate Interest,False,Referral,2025-10-17
C001244,A01004,Yasmin,Leon,yasmin.leon@freeman.com,Head of Data Engineering,Champion,United Kingdom,Legitimate Interest,False,SDR Outbound,2025-09-12
C001245,A00334,Kennet,Schmiedt,kennet.schmiedt@göransson.com,Analytics Engineer,User,Canada,,False,SDR Outbound,2026-04-07
C001246,A01958,Anna,Garner,anna.garner@short-powell.com,VP Data & Analytics,Economic Buyer,Belgium,Legitimate Interest,False,Free Trial,2023-05-13
C001247,A00254,Nicholas,Moenen,nicholas.moenen@svanberg.com,Head of Data Platform,Champion,United States,,False,Content Download,2025-12-20
C001248,A00125,Mart,White,mart.white@stichting.com,Senior Data Engineer,User,United States,,False,SDR Outbound,2026-05-12
C001249,A00153,Cassandra,Davies,cassandra.davies@henningsson.com,Analytics Engineer,User,United States,,False,Webinar,2026-09-01
C001250,A01619,Adem,Meijer,adem.meijer@reyes.com,"Director, Data Engineering",Champion,United States,,False,Partner,2025-07-01
C001251,A00045,Kimberly,Robertson,kimberly.robertson@kvist.com,"Director, Data Engineering",Champion,United States,,False,Partner,2026-10-02
C001252,A00139,Esmee,Dietz,esmee.dietz@van.com,Head of Procurement,Blocker,United States,,False,SDR Outbound,2024-12-16
C001253,A01221,Eric,Fletcher,eric.fletcher@van.com,"Director, Data Engineering",Champion,United Kingdom,,False,Partner,2026-09-17
C001254,A01672,Philip,Gunnarsson,philip.gunnarsson@andersson.com,Staff Data Engineer,User,United States,,False,Content Download,2026-05-13
C001255,A00151,Madeleine,Johansson,madeleine.johansson@marshall-rogers.com,Analytics Engineer,User,Netherlands,Legitimate Interest,False,Content Download,2025-09-14
C001256,A01747,Mattias,van Ommeren,mattias.van ommeren@crawford-webster.com,Data Engineering Manager,User,United States,,False,Paid Search,2026-06-14
C001257,A01105,Alexander,Juncken,alexander.juncken@jenkins-jones.com,Staff Data Engineer,User,Netherlands,Legitimate Interest,False,Content Download,2026-03-07
C001258,A00586,Marie-Louise,Karels,marie-louise.karels@andersson.com,Analytics Engineer,User,Belgium,Legitimate Interest,False,Free Trial,2024-07-31
C001259,A01010,Naomi,Merkx,naomi.merkx@hermann.com,Analytics Engineer,User,Germany,Legitimate Interest,False,SDR Outbound,2026-10-08
C001260,A01039,Hedda,Rek,hedda.rek@bonilla.com,Director of Data Platform,Champion,United States,,False,Free Trial,2026-02-19
C001261,A00887,Bastiaan,Wennberg,bastiaan.wennberg@martin.com,Director of Data Platform,Champion,United States,,False,Paid Search,2026-09-04
C001262,A01142,Daphne,Carsten,daphne.carsten@kroker.com,"Director, Data Engineering",Champion,United Kingdom,Legitimate Interest,False,Event,2024-12-12
C001263,A01415,Melanie,Jähn,melanie.jähn@taylor.com,Senior Data Engineer,User,United States,,False,Event,2025-05-13
C001264,A00602,Karolina,Mentzel,karolina.mentzel@de.com,data guy,,Switzerland,Legitimate Interest,False,SDR Outbound,2026-09-19
C001265,A00303,Bas,Johnson,bas.johnson@webster-duncan.com,Data Engineering Manager,User,Germany,Legitimate Interest,False,Free Trial,2024-04-07
C001266,A01743,Sara,Rosemann,sara.rosemann@ali.com,VP Data,Economic Buyer,United States,,False,Content Download,2026-03-01
C001267,A00454,Stef,Potter,stef.potter@anderson-baker.com,Director of Data Platform,Champion,Ireland,,False,Referral,2026-06-26
C001268,A00119,Brigitta,Ouwel,brigitta.ouwel@royal.com,Staff Data Engineer,User,United States,,False,Webinar,2024-02-22
C001269,A00383,Selina,Björklund,selina.björklund@putz.com,"Director, Data Engineering",Champion,United Kingdom,Legitimate Interest,False,Content Download,2025-07-12
C001270,A00727,Siv,Davis,siv.davis@johansson.com,Head of Data Engineering,Champion,United Kingdom,Legitimate Interest,False,Event,2024-03-10
C001271,A00546,Phillip,Duncan,phillip.duncan@van.com,Analytics Engineer,User,United States,,False,Partner,2025-10-29
C001272,A00217,Sam,van der Ven,sam.van der ven@schmidt.com,Head of Data Platform,Champion,United Kingdom,Legitimate Interest,False,Partner,2026-02-13
C001273,A01821,Pim,Fletcher,pim.fletcher@paulsson.com,Staff Data Engineer,User,Germany,Legitimate Interest,False,Free Trial,2026-02-15
C001274,A00442,Lars,Schuchhardt,lars.schuchhardt@fechner.com,Data Engineering Manager,User,United States,,False,Referral,2026-01-18
C001275,A00917,Elizabeth,Paffrath,elizabeth.paffrath@hill-juarez.com,Head of Data Engineering,Champion,United States,,False,SDR Outbound,2025-09-17
C001276,A00136,Anna,Taylor,anna.taylor@patberg.com,Staff Data Engineer,User,Canada,,False,SDR Outbound,2026-02-28
C001277,A01221,Lina,Sestig,lina.sestig@van.com,Analytics Engineer,User,United Kingdom,Legitimate Interest,False,Referral,2026-09-23
C001278,A01131,Jason,Matthews,jason.matthews@arnold-burgess.com,Analytics Engineer,User,Sweden,Legitimate Interest,False,Free Trial,2026-04-26
C001279,A01364,Amanda,Wiek,amanda.wiek@linschoten.com,Head of Data Platform,Champion,United Kingdom,Legitimate Interest,False,Partner,2024-06-29
C001280,A00596,Ilse,Richardson,ilse.richardson@håkansson.com,CISO,Blocker,United States,,False,Free Trial,2024-09-03
C001281,A00478,Patrick,van Bergen,patrick.van bergen@moberg.com,Chief Data Officer,Economic Buyer,United States,,False,Referral,2025-05-18
C001282,A01527,Jonas,Montgomery,jonas.montgomery@hultgren.com,ceo ,,United States,,False,Webinar,2026-06-27
C001283,A00904,Kathryn,Karlsson,kathryn.karlsson@hawkins.com,Analytics Engineer,User,United States,,False,Free Trial,2026-06-15
C001284,A00334,Carol,Blaak,carol.blaak@göransson.com,Head of Data Engineering,Champion,Canada,,False,Content Download,2025-11-14
C001285,A00855,Ekaterina,Thompson,ekaterina.thompson@strid.com,"Director, Data Engineering",Champion,United States,,False,SDR Outbound,2024-06-16
C001286,A01095,Janne,Crane,janne.crane@ooms.com,Data Engineering Manager,User,Germany,Legitimate Interest,False,Free Trial,2026-07-03
C001287,A00211,Julia,van de Ven,julia.van de ven@dkg.com,ceo ,,Canada,,False,Paid Search,2025-01-24
C001288,A01587,Shaun,Zuidweg,shaun.zuidweg@thompson.com,Senior Data Engineer,User,Switzerland,Legitimate Interest,False,Referral,2026-02-01
C001289,A01818,Clive,Mansvelt,clive.mansvelt@edwards.com,Head of Procurement,Blocker,Belgium,Legitimate Interest,False,Content Download,2024-10-16
C001290,A01784,Franjo,Bolzmann,franjo.bolzmann@honeywell.com,Director of Data Platform,Champion,United States,,False,Free Trial,2024-01-11
C001291,A01705,Jamie,van Laar,jamie.van laar@andersson.com,Head of Data Platform,Champion,United Kingdom,Legitimate Interest,False,Paid Search,2023-12-30
C001292,A00035,Lydia,Johansson,lydia.johansson@hering.com,Head of Procurement,Blocker,United States,,False,Paid Search,2025-01-10
C001293,A01833,Edward,van Wijk,edward.van wijk@stey.com,Senior Data Engineer,User,United States,,False,Free Trial,2026-07-26
C001294,A01222,Linda,Freudenberger,linda.freudenberger@weimer.com,Chief Information Officer,Economic Buyer,Canada,,False,Referral,2025-09-28
C001295,A00968,Bethany,Smith,bethany.smith@claesdr.com,Analytics Engineer,User,United Kingdom,Legitimate Interest,False,Content Download,2025-06-22
C001296,A00850,Evelyn,van den Eijssel,evelyn.van den eijssel@king.com,"Director, Data Engineering",Champion,United Kingdom,Legitimate Interest,False,SDR Outbound,2025-07-09
C001297,A01205,Ninthe,Draaisma,ninthe.draaisma@huynh.com,Head of Data Engineering,Champion,United States,,False,Partner,2026-02-15
C001298,A01445,Veerle,Trubin,veerle.trubin@anderson.com,Staff Data Engineer,User,United States,,False,SDR Outbound,2025-09-02
C001299,A00537,Erik,Lundqvist,erik.lundqvist@eriksson.com,ceo ,,United States,,False,SDR Outbound,2026-08-27
C001300,A00093,Inga-Lill,van Praagh,inga-lill.van praagh@lövgren.com,Senior Data Engineer,User,Ireland,Legitimate Interest,False,Free Trial,2024-10-20
C001301,A00083,Kelly,Briere,kelly.briere@royal.com,Head of Data Platform,Champion,United States,,False,SDR Outbound,2024-10-13
C001302,A00890,Roger,Lundberg,roger.lundberg@kohl.com,x,,Canada,,False,Webinar,2025-08-04
C001303,A01660,Thijn,Garcia,thijn.garcia@sundberg.com,Senior Data Engineer,User,Belgium,Legitimate Interest,False,Content Download,2024-07-23
C001304,A00803,Katja,Nylander,katja.nylander@wells.com,Chief Data Officer,Economic Buyer,United Kingdom,Legitimate Interest,False,Referral,2026-07-25
C001305,A00208,Jennifer,Lehmann,jennifer.lehmann@sager.com,Staff Data Engineer,User,Denmark,Legitimate Interest,False,Partner,2024-10-25
C001306,A01328,Frieder,Coles,frieder.coles@washington-harper.com,Senior Data Engineer,User,Sweden,Legitimate Interest,False,Free Trial,2026-06-12
C001307,A00179,Arthur,Rivera,arthur.rivera@petersson.com,Director of Data Platform,Champion,United States,,False,Webinar,2026-05-20
C001308,A00541,Stephen,Pieters,stephen.pieters@gordon.com,Staff Data Engineer,User,United States,,False,Content Download,2024-01-13
C001309,A01262,Miroslaw,Stroh,miroslaw.stroh@hammarström.com,Data Engineering Manager,User,Germany,Legitimate Interest,False,Paid Search,2024-05-08
C001310,A01573,Niels,Rijcken,niels.rijcken@täsche.com,Head of Procurement,Blocker,Norway,Legitimate Interest,True,Partner,2026-05-28
C001311,A01619,Lars,Juarez,lars.juarez@reyes.com,Analytics Engineer,User,United States,,False,Free Trial,2026-06-06
C001312,A01784,Zoe,Bauer,zoe.bauer@honeywell.com,Data Engineering Manager,User,United States,,False,Referral,2024-10-07
C001313,A00048,Lauren,Holm,lauren.holm@baldwin-ball.com,Staff Data Engineer,User,United States,,False,Paid Search,2026-07-27
C001314,A00717,Leonhard,Swift,leonhard.swift@foster.com,IT Security Manager,Blocker,United States,,False,Event,2026-02-17
C001315,A00377,Willibald,Spanhaak,willibald.spanhaak@jacobi.com,CISO,Blocker,United States,,False,Webinar,2026-07-13
C001316,A01209,Annette,Lane,annette.lane@blixt.com,Staff Data Engineer,User,Ireland,Legitimate Interest,False,Partner,2026-07-22
C001317,A01222,Natalia,Riem,natalia.riem@weimer.com,Head of Data Engineering,Champion,Canada,,False,Webinar,2025-11-18
C001318,A01154,Matthew,Jackson,matthew.jackson@harrison.com,x,,United States,,False,Referral,2026-03-24
C001319,A00813,Fiona,Green,fiona.green@hope.com,Senior Data Engineer,User,United States,,False,Webinar,2025-09-03
C001320,A00640,Jessica,Jansson,jessica.jansson@karlsson.com,Senior Data Engineer,User,United States,,True,Free Trial,2025-10-12
C001321,A00821,Maud,Seifert,maud.seifert@robinson-thompson.com,Staff Data Engineer,User,Netherlands,Legitimate Interest,False,Content Download,2026-08-18
C001322,A00090,Kate,Haglund,kate.haglund@edman.com,-,,Sweden,Legitimate Interest,False,Content Download,2025-11-13
C001323,A01118,Pirmin,Krabbe,pirmin.krabbe@reijers.com,Staff Data Engineer,User,Canada,,False,Partner,2025-01-26
C001324,A00968,Vidar,de Gruijl,vidar.de gruijl@claesdr.com,Head of Data Engineering,Champion,United Kingdom,Legitimate Interest,False,SDR Outbound,2026-06-08
C001325,A00999,Elizabeth,Peterson,elizabeth.peterson@mentzel.com,Staff Data Engineer,User,Switzerland,Legitimate Interest,False,Partner,2026-09-25
C001326,A00047,Harri,Burrows,harri.burrows@miller.com,Chief Information Officer,Economic Buyer,Germany,Legitimate Interest,False,Content Download,2026-08-16
C001327,A00928,Kristin,Santos,kristin.santos@hassan.com,Staff Data Engineer,User,Belgium,Legitimate Interest,False,Paid Search,2025-12-22
C001328,A00884,Alexandra,Bakker,alexandra.bakker@morris-holmes.com,"Director, Data Engineering",Champion,United States,,False,SDR Outbound,2025-03-09
C001329,A01056,Matilda,Evans,matilda.evans@röhrdanz.com,Manager,,United Kingdom,Legitimate Interest,False,Event,2024-07-18
C001330,A00532,Raymond,Crane,raymond.crane@nilsson.com,"Director, Data Engineering",Champion,Sweden,Legitimate Interest,False,Webinar,2026-01-24
C001331,A00010,Bo,Wahlström,bo.wahlström@royal.com,IT Security Manager,Blocker,Norway,Legitimate Interest,False,Partner,2025-08-12
C001332,A00698,Maria,Griffin,maria.griffin@shell.com,Senior Data Engineer,User,United Kingdom,Legitimate Interest,False,Free Trial,2023-12-11
C001333,A00535,Jörgen,Warmer,jörgen.warmer@stichting.com,Data Engineering Manager,User,Canada,,False,SDR Outbound,2026-06-22
C001334,A00840,Hollie,Wilson,hollie.wilson@colon-weber.com,-,,Germany,Legitimate Interest,False,SDR Outbound,2023-10-23
C001335,A01990,Jim,Krause,jim.krause@heyne.com,VP Data,Economic Buyer,United States,,False,Webinar,2026-10-07
C001336,A00303,Birgid,Conradi,birgid.conradi@webster-duncan.com,Staff Data Engineer,User,Germany,,False,Paid Search,2024-08-09
C001337,A00085,Philip,Bishop,philip.bishop@thomas-williams.com,"Director, Data Engineering",Champion,United States,,False,Referral,2026-09-30
C001338,A01096,Jared,Grant,jared.grant@gashi.com,VP Data & Analytics,Economic Buyer,United States,,False,Referral,2025-07-26
C001339,A00280,Ulrik,Herrera,ulrik.herrera@franklin-jones.com,Staff Data Engineer,User,Sweden,Legitimate Interest,False,Paid Search,2024-10-24
C001340,A01180,Luis,Gonzalez,luis.gonzalez@van.com,"Director, Data Engineering",Champion,United States,,True,Referral,2025-12-02
C001341,A00825,Scott,Mahieu,scott.mahieu@cruz.com,Head of Data Engineering,Champion,Germany,Legitimate Interest,False,Paid Search,2024-05-07
C001342,A01486,Amy,Anderson,amy.anderson@liljegren.com,Head of Data Platform,Champion,United States,,False,Partner,2025-09-08
C001343,A01054,Cathleen,Perkins,cathleen.perkins@royal.com,Senior Data Engineer,User,Germany,Legitimate Interest,False,Event,2025-06-26
C001344,A00763,Jennifer,Luitgardis van Neustrië,jennifer.luitgardis van neustrië@karlsson.com,Manager,,United States,,False,Content Download,2025-01-18
C001345,A00551,Linnea,Nyman,linnea.nyman@austin-moore.com,VP Data & Analytics,Economic Buyer,Switzerland,Legitimate Interest,False,Paid Search,2024-05-08
C001346,A00600,Johnathan,Sas,johnathan.sas@essent.com,Head of Procurement,Blocker,United States,,False,Referral,2024-01-30
C001347,A01027,Fien,Mills,fien.mills@hermansson.com,Senior Data Engineer,User,Denmark,Legitimate Interest,False,Paid Search,2025-04-06
C001348,A01096,Anna,Seidel,anna.seidel@gashi.com,Data Engineering Manager,User,United States,,False,Referral,2024-05-14
C001349,A00355,Josef,Eriksson,josef.eriksson@pettersson.com,"Director, Data Engineering",Champion,Germany,Legitimate Interest,False,Event,2026-04-21
C001350,A01217,Halina,Karlsson,halina.karlsson@yates-harper.com,Staff Data Engineer,User,United States,,False,Referral,2026-10-06
C001351,A01495,Finn,Jones,finn.jones@hansson.com,Senior Data Engineer,User,United States,,False,Webinar,2026-03-26
C001352,A00430,Rose,Johnsson,rose.johnsson@may-reynolds.com,Analytics Engineer,User,United Kingdom,Legitimate Interest,False,Content Download,2026-04-16
C001353,A00997,Antony,Hodges,antony.hodges@kraus.com,-,,United States,,False,Referral,2026-05-09
C001354,A01332,Dominik,Wagenvoort,dominik.wagenvoort@sutton-kelly.com,Senior Data Engineer,User,United Kingdom,Legitimate Interest,False,Paid Search,2025-10-28
C001355,A00075,Louise,Marsh,louise.marsh@walsh-harrison.com,Staff Data Engineer,User,United States,,False,SDR Outbound,2025-10-30
C001356,A00497,Allan,Otto,allan.otto@anders.com,Data Engineering Manager,User,United Kingdom,Legitimate Interest,False,Referral,2024-11-10
C001357,A01059,Marek,Jonasson,marek.jonasson@cox.com,Data Engineering Manager,User,United Kingdom,Legitimate Interest,False,Partner,2025-11-02
C001358,A01188,Susann,Eliasson,susann.eliasson@allen.com,Head of Procurement,Blocker,United States,,False,Webinar,2024-09-05
C001359,A01235,Brandon,Lucas,brandon.lucas@heymans.com,Data Engineering Manager,User,United States,,False,Free Trial,2026-10-05
C001360,A00422,Lois,Davis,lois.davis@lindskog.com,Data Engineering Manager,User,United States,,False,Webinar,2026-10-08
C001361,A00866,Eva,Plath,eva.plath@damen.com,Analytics Engineer,User,United Kingdom,Legitimate Interest,False,Content Download,2025-08-24
C001362,A00273,Helena,Olsson,helena.olsson@alexandersson.com,CISO,Blocker,Norway,Legitimate Interest,False,Content Download,2023-10-27
C001363,A00940,Heribert,Mude,heribert.mude@gonzalez-gonzalez.com,Head of Data Platform,Champion,United States,,False,Partner,2026-07-29
C001364,A00866,Pawel,Rogers,pawel.rogers@damen.com,Data Engineering Manager,User,United Kingdom,Legitimate Interest,False,Free Trial,2025-04-03
C001365,A00425,Marit,Mende,marit.mende@hofman.com,data guy,,United States,,False,Free Trial,2026-08-01
C001366,A00729,Simon,Israelsson,simon.israelsson@westman.com,Staff Data Engineer,User,United States,,False,Event,2025-01-26
C001367,A00145,Adam,Coenen,adam.coenen@neuschäfer.com,Analytics Engineer,User,United States,,False,Event,2026-03-10
C001368,A00306,Quinn,Simpson,quinn.simpson@eaton.com,Head of Data Engineering,Champion,United States,,False,Referral,2024-05-06
C001369,A01116,Ali,Martin,ali.martin@moreno.com,Director of Data Platform,Champion,Germany,Legitimate Interest,False,Event,2026-09-11
C001370,A00012,Klaus-Werner,Barth,klaus-werner.barth@hornig.com,Staff Data Engineer,User,Germany,Legitimate Interest,False,Event,2026-04-15
C001371,A01082,Stanislaus,Verbeek,stanislaus.verbeek@sullivan.com,Analytics Engineer,User,United States,,False,Event,2025-04-25
C001372,A01356,Barbro,Roberts,barbro.roberts@hartung.com,Analytics Engineer,User,Canada,,False,Referral,2025-12-24
C001373,A01271,Aina,Döring,aina.döring@royal.com,Senior Data Engineer,User,Denmark,Legitimate Interest,False,Content Download,2024-10-05
C001374,A00120,John,Ullrich,john.ullrich@bell-robinson.com,Staff Data Engineer,User,United States,,False,Webinar,2026-02-20
C001375,A01183,Suze,Johnsson,suze.johnsson@cervantes.com,Data Engineering Manager,User,United States,,False,Content Download,2025-02-23
C001376,A01773,Kimberly,van Schweinfurt,kimberly.van schweinfurt@sjöholm.com,CISO,Blocker,Canada,,False,Free Trial,2026-03-13
C001377,A00638,Leonard,Lindberg,leonard.lindberg@lind.com,IT Security Manager,Blocker,Germany,Legitimate Interest,True,Free Trial,2026-03-04
C001378,A00386,Craig,Hofmann,craig.hofmann@kaul.com,Senior Data Engineer,User,United States,,False,Paid Search,2026-04-15
C001379,A00528,Olof,Dörschner,olof.dörschner@koninklijke.com,"Director, Data Engineering",Champion,United States,,False,Free Trial,2025-08-26
C001380,A00002,Hugo,Nguyen,hugo.nguyen@heuser.com,Senior Data Engineer,User,Germany,Legitimate Interest,True,Partner,2025-10-13
C001381,A01053,Megan,Cameron,megan.cameron@moore-robinson.com,Head of Procurement,Blocker,United States,,False,SDR Outbound,2026-03-17
C001382,A01926,Leo,Moore,leo.moore@östman.com,data guy,,United Kingdom,Legitimate Interest,False,Paid Search,2026-09-01
C001383,A01647,Liam,Ruppersberger,liam.ruppersberger@finke.com,Senior Data Engineer,User,United States,,False,Paid Search,2026-04-13
C001384,A00641,Karin,Roht,karin.roht@spier.com,IT Security Manager,Blocker,Sweden,Legitimate Interest,False,Free Trial,2026-09-10
C001385,A00827,Lise-Lott,Taylor,lise-lott.taylor@royal.com,Head of Data Engineering,Champion,United Kingdom,Legitimate Interest,False,Referral,2026-05-08
C001386,A00022,Monica,Klingelhöfer,monica.klingelhöfer@forsgren.com,VP Data,Economic Buyer,Canada,,False,Content Download,2025-11-15
C001387,A00124,Leah,Gallagher,leah.gallagher@wesack.com,VP Data & Analytics,Economic Buyer,United States,,True,Webinar,2026-04-29
C001388,A01823,Koen,Wooning,koen.wooning@ali.com,Head of Data Platform,Champion,United States,,False,Content Download,2026-08-03
C001389,A00956,Hans-Uwe,Hermighausen,hans-uwe.hermighausen@kpn.com,Head of Procurement,Blocker,United States,,False,Webinar,2025-08-01
C001390,A00420,Johanna,Taylor,johanna.taylor@smith.com,data guy,,Norway,Legitimate Interest,False,Paid Search,2026-09-09
C001391,A00544,Thijmen,van Schevinghuizen,thijmen.van schevinghuizen@jensen.com,Staff Data Engineer,User,United States,,False,Partner,2026-09-25
C001392,A01631,Marie,Durham,marie.durham@clark-kennedy.com,Head of Data Platform,Champion,Switzerland,Legitimate Interest,False,Webinar,2024-12-28
C001393,A01045,Olov,Johansson,olov.johansson@lidström.com,Staff Data Engineer,User,Germany,Legitimate Interest,False,Content Download,2026-08-31
C001394,A00297,Susan,Zobel,susan.zobel@hecker.com,Head of Data Engineering,Champion,United States,,True,Partner,2026-04-20
C001395,A00917,William,Hansson,william.hansson@hill-juarez.com,IT Security Manager,Blocker,United States,,False,Partner,2025-06-30
C001396,A00195,Jessica,Backlund,jessica.backlund@wernecke.com,Data Engineering Manager,User,United States,,False,Content Download,2025-02-08
C001397,A01945,Kristina,Bäck,kristina.bäck@mitchell.com,Head of Procurement,Blocker,United States,,False,Free Trial,2026-08-04
C001398,A01227,Margareta,Berry,margareta.berry@danielsson.com,VP Data,Economic Buyer,Canada,,False,Content Download,2026-04-17
C001399,A01346,Evie,Mitchell,evie.mitchell@beard-gutierrez.com,x,,Belgium,Legitimate Interest,False,Partner,2024-09-04
C001400,A01494,Marit,Mohaupt,marit.mohaupt@johnson.com,Head of Data Engineering,Champion,Sweden,Legitimate Interest,False,Referral,2026-01-19
C001401,A01461,Pleun,Brooks,pleun.brooks@olsson.com,Data Engineering Manager,User,United States,,False,Event,2024-05-05
C001402,A00229,Hunter,Hedberg,hunter.hedberg@john.com,"Director, Data Engineering",Champion,United Kingdom,Legitimate Interest,False,Referral,2026-05-02
C001403,A01031,Kristina,Bierstraten,kristina.bierstraten@klingelhöfer.com,Data Engineering Manager,User,Germany,Legitimate Interest,False,SDR Outbound,2025-04-03
C001404,A01459,Elin,Albers,elin.albers@phillipsen.com,VP Data & Analytics,Economic Buyer,Germany,Legitimate Interest,False,Referral,2026-09-02
C001405,A00318,Madelene,Smith,madelene.smith@nilsson.com,Staff Data Engineer,User,United States,,False,Paid Search,2025-05-07
C001406,A00276,Slobodan,Smith,slobodan.smith@broekhoven.com,Analytics Engineer,User,Belgium,Legitimate Interest,False,SDR Outbound,2024-05-14
C001407,A01573,Fiona,Reichmann,fiona.reichmann@täsche.com,Staff Data Engineer,User,Norway,Legitimate Interest,False,Event,2025-04-03
C001408,A01998,Helena,Moran,helena.moran@vikström.com,Head of Data Engineering,Champion,United States,,False,Event,2026-06-10
C001409,A00301,Pernilla,Broberg,pernilla.broberg@jakobsson.com,"Director, Data Engineering",Champion,Netherlands,Legitimate Interest,False,Webinar,2026-04-11
C001410,A01743,Russell,Girschner,russell.girschner@ali.com,Chief Data Officer,Economic Buyer,United States,,False,Event,2026-06-13
C001411,A01076,Anthony,Söderlund,anthony.söderlund@riley.com,Senior Data Engineer,User,Germany,Legitimate Interest,False,Free Trial,2026-09-02
C001412,A01075,Kimberly,Hellgren,kimberly.hellgren@atkinson.com,Head of Data Platform,Champion,Sweden,Legitimate Interest,False,Referral,2023-05-03
C001413,A00705,Mark,Hein,mark.hein@karlsson.com,Senior Data Engineer,User,Ireland,Legitimate Interest,False,Free Trial,2024-11-25
C001414,A00377,Reece,Fröhlich,reece.fröhlich@jacobi.com,Head of Data Engineering,Champion,United States,,False,Content Download,2026-06-28
C001415,A01791,Marinus,Hudson,marinus.hudson@hahn-ramsey.com,Data Engineering Manager,User,United States,,True,SDR Outbound,2026-05-07
C001416,A01986,Owen,Taylor,owen.taylor@hernandez.com,Head of Data Engineering,Champion,United States,,False,Free Trial,2024-12-03
C001417,A01483,Giovanni,Blom,giovanni.blom@rockwell.com,IT Security Manager,Blocker,Ireland,Legitimate Interest,False,SDR Outbound,2026-07-16
C001418,A01897,Noor,Palmer,noor.palmer@jackson.com,Director of Data Platform,Champion,Germany,Legitimate Interest,False,Event,2025-04-29
C001419,A01107,Tijmen,Mangel,tijmen.mangel@ottosson.com,Director of Data Platform,Champion,Sweden,Legitimate Interest,True,Free Trial,2026-05-05
C001420,A00393,Jessica,Persson,jessica.persson@erlandsson.com,VP Data & Analytics,Economic Buyer,Denmark,Legitimate Interest,False,Partner,2026-03-15
C001421,A00659,Tanya,Sundström,tanya.sundström@asplund.com,test,,United Kingdom,Legitimate Interest,True,Free Trial,2025-11-18
C001422,A01946,Erik,O'Neill,erik.o'neill@jacobs.com,Data Engineering Manager,User,United States,,False,Webinar,2025-08-18
C001423,A01903,Lara,Hermansson,lara.hermansson@smith.com,VP Data,Economic Buyer,Netherlands,Legitimate Interest,False,SDR Outbound,2025-07-10
C001424,A00140,Selim,Kelly,selim.kelly@fransson.com,Director of Data Platform,Champion,Ireland,Legitimate Interest,False,Webinar,2026-04-10
C001425,A00582,Lauren,Müller,lauren.müller@hethur.com,Director of Data Platform,Champion,United States,,False,Event,2026-10-06
C001426,A01850,Andrea,Duffy,andrea.duffy@totwiller.com,Senior Data Engineer,User,Ireland,Legitimate Interest,False,Paid Search,2025-10-09
C001427,A00056,Adrian,de Werd,adrian.de werd@kirby-williams.com,Manager,,United Kingdom,Legitimate Interest,False,Event,2024-12-20
C001428,A01433,Michael,Bolzmann,michael.bolzmann@miranda.com,Director of Data Platform,Champion,United States,,False,Free Trial,2024-07-23
C001429,A00817,Tara,Hein,tara.hein@fry.com,Data Engineering Manager,User,Germany,Legitimate Interest,False,Content Download,2026-08-11
C001430,A01349,Debra,van Nes,debra.van nes@jensen.com,Staff Data Engineer,User,Sweden,Legitimate Interest,False,Partner,2025-06-05
C001431,A00877,Stephanie,Vollbrecht,stephanie.vollbrecht@van.com,Director of Data Platform,Champion,United States,,False,Content Download,2026-03-14
C001432,A00996,Baptist,Baker,baptist.baker@sandoval-obrien.com,Staff Data Engineer,User,United States,,False,Webinar,2025-04-19
C001433,A00348,Anna,Anderson,anna.anderson@sölzer.com,Staff Data Engineer,User,Sweden,Legitimate Interest,False,Content Download,2024-01-08
C001434,A01692,Bradley,Bresé,bradley.bresé@lloyd.com,Analytics Engineer,User,Sweden,Legitimate Interest,False,Referral,2026-02-20
C001435,A01376,Caitlyn,Taylor,caitlyn.taylor@de.com,Data Engineering Manager,User,United Kingdom,Legitimate Interest,False,Partner,2026-07-03
C001436,A01416,Peer,Jensen,peer.jensen@johansson.com,Data Engineering Manager,User,Germany,Legitimate Interest,False,Event,2026-06-08
C001437,A00073,Samantha,Coleman,samantha.coleman@jennings-pratt.com,Staff Data Engineer,User,United States,,False,Free Trial,2026-09-05
C001438,A01246,Susanne,Owen,susanne.owen@jonsson.com,Senior Data Engineer,User,United States,,False,Free Trial,2026-05-22
C001439,A01892,Kristin,Jimenez,kristin.jimenez@mcdowell-evans.com,Director of Data Platform,Champion,United States,,False,SDR Outbound,2026-09-04
C001440,A00561,Ronald,Hettner,ronald.hettner@mohaupt.com,Head of Procurement,Blocker,United States,,False,Content Download,2026-06-26
C001441,A00330,Martin,Rivera,martin.rivera@johansson.com,Analytics Engineer,User,Ireland,Legitimate Interest,False,Free Trial,2026-08-06
C001442,A00522,Beau,Johnston,beau.johnston@larsson.com,Analytics Engineer,User,United States,,False,Referral,2024-07-17
C001443,A01833,Amber,Nilsson,amber.nilsson@stey.com,Head of Procurement,Blocker,United States,,False,Partner,2026-08-10
C001444,A01971,Charles,Smith,charles.smith@black-lee.com,Director of Data Platform,Champion,United States,,False,Free Trial,2024-03-14
C001445,A01945,Colin,Dijkstra,colin.dijkstra@mitchell.com,Analytics Engineer,User,United States,,False,Webinar,2025-07-08
C001446,A00551,Tanya,van Beeck,tanya.van beeck@austin-moore.com,"Director, Data Engineering",Champion,Switzerland,Legitimate Interest,False,Webinar,2025-06-07
C001447,A01538,Stefan,Persson,stefan.persson@aalts.com,Chief Information Officer,Economic Buyer,United States,,False,Referral,2026-07-14
C001448,A00274,Larry,Riem,larry.riem@demmendaal.com,Staff Data Engineer,User,United Kingdom,Legitimate Interest,False,Paid Search,2025-05-08
C001449,A00458,Brandon,Holmberg,brandon.holmberg@petersson.com,Head of Data Platform,Champion,Canada,,False,Partner,2025-11-16
C001450,A01858,Eva,Woods,eva.woods@banks.com,Data Engineering Manager,User,Switzerland,Legitimate Interest,False,SDR Outbound,2026-01-21
C001451,A01453,Ingemar,Lewis,ingemar.lewis@metz.com,Staff Data Engineer,User,United States,,False,Webinar,2025-04-07
C001452,A00041,Eric,Paul,eric.paul@konings.com,Data Engineering Manager,User,United States,,False,Event,2025-12-07
C001453,A00968,Matthias,Berg,matthias.berg@claesdr.com,VP Data,Economic Buyer,United Kingdom,,False,Event,2025-06-13
C001454,A00586,Tony,Elliott,tony.elliott@andersson.com,Director of Data Platform,Champion,Belgium,Legitimate Interest,False,Event,2024-07-25
C001455,A01597,Mattias,van den Eijssel,mattias.van den eijssel@carroll.com,"Director, Data Engineering",Champion,United States,,False,Referral,2024-06-22
C001456,A01551,Britt-Marie,Wesack,britt-marie.wesack@fowler.com,"Director, Data Engineering",Champion,Sweden,Legitimate Interest,False,SDR Outbound,2025-04-10
C001457,A01667,Toby,de Bruijn,toby.de bruijn@anderson.com,"Director, Data Engineering",Champion,Netherlands,Legitimate Interest,False,SDR Outbound,2026-02-12
C001458,A01822,Rosemary,Adkins,rosemary.adkins@kreusel.com,N/A,,United States,,False,Paid Search,2025-07-29
C001459,A00840,Fien,Bauer,fien.bauer@colon-weber.com,Chief Data Officer,Economic Buyer,Germany,Legitimate Interest,False,Free Trial,2024-03-31
C001460,A00658,Stephen,Thomson,stephen.thomson@persson.com,Analytics Engineer,User,Canada,,False,Referral,2026-01-24
C001461,A01598,Shaun,Vastenhouw,shaun.vastenhouw@baker.com,Manager,,United States,,False,Webinar,2026-07-23
C001462,A00890,Ashley,Waltrade Walderade,ashley.waltrade walderade@kohl.com,-,,Canada,,False,Free Trial,2024-11-17
C001463,A00750,Teresa,Jansson,teresa.jansson@roberts.com,CISO,Blocker,Sweden,Legitimate Interest,False,Referral,2024-02-03
C001464,A01278,Sandra,Forsberg,sandra.forsberg@sparks.com,Analytics Engineer,User,United States,,True,Free Trial,2026-09-01
C001465,A00283,Gerrit,Sölzer,gerrit.sölzer@de.com,Head of Data Engineering,Champion,United States,,False,Event,2025-10-08
C001466,A00239,Paulina,Gotthard,paulina.gotthard@mcgee.com,Staff Data Engineer,User,Sweden,Legitimate Interest,False,Referral,2024-03-30
C001467,A00618,Mirco,van der Velde,mirco.van der velde@bailey-byrne.com,Staff Data Engineer,User,Germany,Legitimate Interest,False,SDR Outbound,2025-07-18
C001468,A00290,Iris,Barnett,iris.barnett@de.com,Data Engineering Manager,User,United States,,False,Paid Search,2026-04-25
C001469,A00486,Konstanze,Forsberg,konstanze.forsberg@finch.com,Chief Data Officer,Economic Buyer,United States,,False,Event,2025-03-31
C001470,A00086,Slawomir,Oconnell,slawomir.oconnell@månsson.com,-,,United Kingdom,Legitimate Interest,False,Paid Search,2026-03-13
C001471,A00370,Neil,Simpson,neil.simpson@turner-patel.com,Senior Data Engineer,User,United States,,False,Event,2026-04-26
C001472,A00295,David,Eberth,david.eberth@moss.com,Head of Data Platform,Champion,United Kingdom,Legitimate Interest,False,Paid Search,2026-10-08
C001473,A01439,Leonhard,van Egisheim,leonhard.van egisheim@berg.com,Head of Procurement,Blocker,United States,,False,Paid Search,2026-07-25
C001474,A00494,Vera,Burch,vera.burch@andrews.com,Head of Data Engineering,Champion,Ireland,Legitimate Interest,False,Content Download,2024-09-23
C001475,A00187,Henrik,Ek,henrik.ek@sauer.com,Senior Data Engineer,User,United States,,False,Referral,2025-09-10
C001476,A00517,Andrew,Hunter,andrew.hunter@karlsson.com,x,,United Kingdom,Legitimate Interest,False,Event,2024-04-09
C001477,A00131,Anneli,Olsson,anneli.olsson@oconnell.com,Analytics Engineer,User,United States,,False,Event,2023-11-07
C001478,A01436,Maria,Andersson,maria.andersson@juncken.com,VP Data & Analytics,Economic Buyer,Norway,Legitimate Interest,False,Webinar,2024-02-10
C001479,A01158,Olavi,Faulkner,olavi.faulkner@koninklijke.com,"Director, Data Engineering",Champion,Canada,,False,Event,2026-03-14
C001480,A00843,Göran,Spencer,göran.spencer@tamsma.com,CISO,Blocker,Ireland,Legitimate Interest,False,Event,2026-04-29
C001481,A00329,Heather,Eriksson,heather.eriksson@mazars.com,Data Engineering Manager,User,United States,,False,Event,2026-07-24
C001482,A01792,Sheila,Johansson,sheila.johansson@clark.com,Head of Data Platform,Champion,United Kingdom,Legitimate Interest,False,Content Download,2026-04-14
C001483,A01112,Ricky,Haley,ricky.haley@glover.com,CISO,Blocker,United States,,False,Event,2025-03-24
C001484,A00986,Melle,van den Nieuwenhuijsen,melle.van den nieuwenhuijsen@vasquez.com,Chief Information Officer,Economic Buyer,United States,,False,Event,2025-10-23
C001485,A00363,Puk,van Mare,puk.van mare@johansson.com,Senior Data Engineer,User,United States,,False,Free Trial,2024-05-14
C001486,A00375,Franz-Peter,Ackermann,franz-peter.ackermann@smith.com,Chief Information Officer,Economic Buyer,United States,,False,Event,2026-09-14
C001487,A01969,John,Martinsson,john.martinsson@hellström.com,Data Engineering Manager,User,United States,,False,Event,2025-05-02
C001488,A00944,Molly,Wahlberg,molly.wahlberg@van.com,CISO,Blocker,Canada,,False,Content Download,2025-08-21
C001489,A01876,Karina,Connor,karina.connor@king-lee.com,Senior Data Engineer,User,Germany,Legitimate Interest,False,Event,2025-03-04
C001490,A00954,Norman,Klomp Jan,norman.klomp jan@mangold.com,VP Data,Economic Buyer,United States,,False,Referral,2026-08-29
C001491,A01107,Sebastiaan,Edvardsson,sebastiaan.edvardsson@ottosson.com,Director of Data Platform,Champion,Sweden,Legitimate Interest,False,Event,2024-11-04
C001492,A00834,Christopher,Robson,christopher.robson@van.com,Head of Procurement,Blocker,Denmark,Legitimate Interest,False,Partner,2026-08-10
C001493,A01984,Fridolin,Hoeks,fridolin.hoeks@svensson.com,"Director, Data Engineering",Champion,Netherlands,Legitimate Interest,False,Event,2026-04-13
C001494,A00376,Signe,Martin,signe.martin@singh.com,Senior Data Engineer,User,Germany,Legitimate Interest,True,Referral,2025-06-30
C001495,A00302,Ellie,Wesack,ellie.wesack@moreno.com,Senior Data Engineer,User,Sweden,Legitimate Interest,False,Free Trial,2023-11-06
C001496,A01180,Aldo,Meyer,aldo.meyer@van.com,Analytics Engineer,User,United States,,False,Webinar,2024-02-09
C001497,A01965,Ebbe,Johnsson,ebbe.johnsson@patberg.com,Head of Data Engineering,Champion,United States,,False,Paid Search,2026-03-11
C001498,A00320,Merijn,Weaver,merijn.weaver@pettersson.com,CISO,Blocker,United States,,False,Free Trial,2025-12-13
C001499,A01578,Tage,Beard,tage.beard@lindner.com,CISO,Blocker,United States,,False,Free Trial,2026-07-23
C001500,A01578,Paulina,Benthin,paulina.benthin@lindner.com,Head of Data Platform,Champion,United States,,False,Partner,2024-06-20
C001501,A00406,Michelle,Dowerg,michelle.dowerg@wilkins.com,Staff Data Engineer,User,United States,,False,Event,2025-04-20
C001502,A00769,Thijmen,Carlsson,thijmen.carlsson@dussen.com,VP Data & Analytics,Economic Buyer,United States,,False,Event,2026-09-27
C001503,A00473,Linde,Hecker,linde.hecker@williams.com,Analytics Engineer,User,United States,,False,Partner,2026-09-05
C001504,A01792,Edgar,Wahlberg,edgar.wahlberg@clark.com,Head of Data Platform,Champion,United Kingdom,Legitimate Interest,False,Paid Search,2026-02-23
C001505,A01917,Ilja,van Dongen,ilja.van dongen@wood-jones.com,Chief Data Officer,Economic Buyer,Norway,Legitimate Interest,False,Partner,2026-08-29
C001506,A00613,Brian,Grimes,brian.grimes@jans.com,Staff Data Engineer,User,United States,,False,Partner,2025-12-22
C001507,A00703,Mercedes,Hermann,mercedes.hermann@lynch-campbell.com,Director of Data Platform,Champion,United States,,False,Webinar,2026-02-23
C001508,A00484,Mattias,Klemm,mattias.klemm@moses-miller.com,Senior Data Engineer,User,Netherlands,Legitimate Interest,False,Free Trial,2026-07-16
C001509,A00912,Alexander,Peters,alexander.peters@chambers.com,VP Data & Analytics,Economic Buyer,Denmark,Legitimate Interest,False,SDR Outbound,2026-09-15
C001510,A00079,Åke,Johansson,åke.johansson@koninklijke.com,Head of Data Engineering,Champion,United States,,False,SDR Outbound,2026-01-21
C001511,A01978,Edwin,de Bruin,edwin.de bruin@ortmann.com,Head of Data Platform,Champion,Belgium,Legitimate Interest,False,Paid Search,2023-04-01
C001512,A00407,Anita,Broeders,anita.broeders@holthuis.com,Head of Procurement,Blocker,United Kingdom,Legitimate Interest,False,Free Trial,2024-12-01
C001513,A01720,Elias,Johnston,elias.johnston@rodriguez-taylor.com,"Director, Data Engineering",Champion,Switzerland,Legitimate Interest,False,Event,2026-08-08
C001514,A00741,Tammy,Evans,tammy.evans@gibson-ward.com,Chief Information Officer,Economic Buyer,United States,,False,SDR Outbound,2026-08-08
C001515,A00667,Roland,Briere,roland.briere@yara.com,Head of Data Engineering,Champion,Netherlands,Legitimate Interest,False,Webinar,2023-03-20
C001516,A00033,Frieda,van Laon,frieda.van laon@aalberts.com,Data Engineering Manager,User,United States,,False,Event,2026-09-23
C001517,A00723,Maria,Bentley,maria.bentley@royal.com,Director of Data Platform,Champion,Germany,Legitimate Interest,False,Webinar,2025-11-01
C001518,A00085,Isabella,Robinson,isabella.robinson@thomas-williams.com,VP Data,Economic Buyer,United States,,False,Content Download,2024-03-14
C001519,A00924,Peter,Dippel,peter.dippel@smith.com,Staff Data Engineer,User,Ireland,Legitimate Interest,False,Webinar,2026-07-25
C001520,A00923,Songül,Boers,songül.boers@grein.com,Head of Data Platform,Champion,United States,,True,Content Download,2026-03-27
C001521,A00669,Myrthe,Klemt,myrthe.klemt@höfig.com,VP Data & Analytics,Economic Buyer,Ireland,Legitimate Interest,False,Event,2025-12-23
C001522,A00166,Nikolaj,White,nikolaj.white@morales.com,Head of Data Engineering,Champion,United States,,False,Paid Search,2025-07-06
C001523,A01692,Mark,Wilmsen,mark.wilmsen@lloyd.com,Analytics Engineer,User,Sweden,Legitimate Interest,False,Referral,2024-04-20
C001524,A01417,Rhys,Olsson,rhys.olsson@larsson.com,Director of Data Platform,Champion,United States,,False,SDR Outbound,2026-07-23
C001525,A00737,Elvira,"Werl-Arnsberg, van","elvira.werl-arnsberg, van@weiß.com",Head of Procurement,Blocker,Belgium,Legitimate Interest,False,Partner,2026-03-26
C001526,A01264,Dawn,Cook,dawn.cook@howell.com,N/A,,Norway,Legitimate Interest,False,Referral,2025-09-24
C001527,A00550,Anna,Saunders,anna.saunders@jones.com,-,,United Kingdom,Legitimate Interest,False,SDR Outbound,2026-08-29
C001528,A00912,Edelbert,Fowler,edelbert.fowler@chambers.com,VP Data & Analytics,Economic Buyer,Denmark,Legitimate Interest,False,Content Download,2026-09-20
C001529,A01901,Elvira,Lensen,elvira.lensen@bates.com,Head of Data Engineering,Champion,United States,,False,Webinar,2026-08-18
C001530,A00756,Joshua,Trommler,joshua.trommler@hutchinson.com,Senior Data Engineer,User,United States,,False,Content Download,2025-06-23
C001531,A00742,Pieter,Mangold,pieter.mangold@zijlemans.com,Staff Data Engineer,User,United States,,False,Content Download,2024-08-26
C001532,A01277,Katharine,Schofield,katharine.schofield@interfood.com,Data Engineering Manager,User,United Kingdom,Legitimate Interest,False,Paid Search,2023-10-30
C001533,A01463,Alexei,Lopez,alexei.lopez@bergman.com,Head of Data Platform,Champion,United States,,False,SDR Outbound,2026-03-09
C001534,A01015,Sibilla,Nilsson,sibilla.nilsson@hughes-frye.com,Head of Procurement,Blocker,Switzerland,Legitimate Interest,False,Event,2024-10-04
C001535,A01484,Lennart,Knutsson,lennart.knutsson@ljungberg.com,Chief Information Officer,Economic Buyer,United States,,False,Paid Search,2026-07-21
C001536,A00668,Fay,Gonzalez,fay.gonzalez@armstrong.com,Senior Data Engineer,User,United States,,False,Partner,2025-09-24
C001537,A01257,Jennifer,Roose,jennifer.roose@hill.com,Head of Data Platform,Champion,United States,,False,Partner,2026-07-28
C001538,A01806,Maurice,Henriksson,maurice.henriksson@camacho.com,Senior Data Engineer,User,United States,,False,Content Download,2026-02-18
C001539,A00393,Emma,Kirk,emma.kirk@erlandsson.com,Senior Data Engineer,User,Denmark,Legitimate Interest,False,Free Trial,2025-09-20
C001540,A00740,Elfriede,Westerberg,elfriede.westerberg@joseph-ray.com,Analytics Engineer,User,United States,,False,Webinar,2026-05-04
C001541,A00819,Helmuth,Brisee,helmuth.brisee@lundin.com,Staff Data Engineer,User,United Kingdom,Legitimate Interest,True,Event,2026-09-27
C001542,A01855,Lorraine,King,lorraine.king@van.com,VP Data & Analytics,Economic Buyer,Sweden,,False,Paid Search,2025-12-07
C001543,A00038,Andres,Neuzerling,andres.neuzerling@pearson.com,Analytics Engineer,User,United Kingdom,Legitimate Interest,False,SDR Outbound,2023-09-08
C001544,A00801,Duncan,Williams,duncan.williams@baum.com,Director of Data Platform,Champion,United States,,False,Event,2025-01-28
C001545,A00175,Jacob,Phillips,jacob.phillips@otto.com,N/A,,Austria,Legitimate Interest,False,SDR Outbound,2024-07-24
C001546,A00725,Meredith,van Enschot,meredith.van enschot@baker.com,Head of Data Engineering,Champion,Germany,Legitimate Interest,False,Paid Search,2026-07-09
C001547,A01874,Cornelia,Östlund,cornelia.östlund@burns.com,Data Engineering Manager,User,United States,,False,Free Trial,2024-11-30
C001548,A00051,Amy,Baker,amy.baker@hettner.com,"Director, Data Engineering",Champion,United Kingdom,Legitimate Interest,False,Referral,2025-05-20
C001549,A01048,Peter,Skoglund,peter.skoglund@nunez-nichols.com,Head of Data Engineering,Champion,United States,,False,Webinar,2026-07-05
C001550,A00780,Leah,Trapp,leah.trapp@willis.com,Analytics Engineer,User,United Kingdom,Legitimate Interest,False,Content Download,2026-08-15
C001551,A01996,Magarete,Losekann,magarete.losekann@scholz.com,Chief Data Officer,Economic Buyer,Switzerland,Legitimate Interest,False,Referral,2026-09-27
C001552,A01263,Ottokar,Newton,ottokar.newton@hopkins.com,Chief Data Officer,Economic Buyer,United States,,False,Partner,2025-02-16
C001553,A01778,Cosimo,Storey,cosimo.storey@morris.com,Head of Procurement,Blocker,Belgium,Legitimate Interest,False,Partner,2025-07-29
C001554,A00032,Shannon,Björk,shannon.björk@hopkins.com,"Director, Data Engineering",Champion,United States,,False,SDR Outbound,2026-01-14
C001555,A00960,Ida,Haglund,ida.haglund@kpmg.com,"Director, Data Engineering",Champion,United States,,False,Free Trial,2024-07-31
C001556,A00460,Johan,Trupp,johan.trupp@nyman.com,Director of Data Platform,Champion,Norway,Legitimate Interest,False,SDR Outbound,2026-05-15
C001557,A00467,Louise,Hall,louise.hall@zijlmans.com,CISO,Blocker,United States,,False,Webinar,2026-06-03
C001558,A00553,Malin,van Engeland,malin.van engeland@kabus.com,Analytics Engineer,User,Germany,Legitimate Interest,False,Paid Search,2026-08-22
C001559,A00757,Ella,Die Bont,ella.die bont@johnson-weaver.com,VP Data,Economic Buyer,United States,,False,Paid Search,2026-08-15
C001560,A00091,Daniel,Johansson,daniel.johansson@pearce.com,Director of Data Platform,Champion,United States,,False,Free Trial,2026-05-10
C001561,A01505,Paula,Joosten,paula.joosten@farrell-hill.com,IT Security Manager,Blocker,United States,,False,Event,2026-08-10
C001562,A01849,Evelyn,Blevins,evelyn.blevins@johann.com,"Director, Data Engineering",Champion,United States,,False,Webinar,2026-09-16
C001563,A01363,Cathrin,Vogt,cathrin.vogt@powell.com,VP Data,Economic Buyer,United States,,True,Event,2026-08-09
C001564,A01296,Jennifer,van Dokkum,jennifer.van dokkum@weeks.com,Data Engineering Manager,User,Canada,,False,Partner,2026-08-03
C001565,A00776,Hannah,Adams,hannah.adams@watson.com,Staff Data Engineer,User,United States,,False,Paid Search,2025-08-06
C001566,A01047,Astrid,Kabus,astrid.kabus@nyrstar.com,Senior Data Engineer,User,Sweden,Legitimate Interest,False,Webinar,2026-07-29
C001567,A01215,Shirley,Söderström,shirley.söderström@hussain-wilkinson.com,Data Engineering Manager,User,United States,,False,Paid Search,2026-07-01
C001568,A00956,Sheila,Haglund,sheila.haglund@kpn.com,Head of Data Engineering,Champion,United States,,False,Partner,2023-07-07
C001569,A01571,Tara,Joseph,tara.joseph@amalrada.com,Head of Data Engineering,Champion,Germany,Legitimate Interest,False,SDR Outbound,2023-11-06
C001570,A01514,Cäcilie,Hampton,cäcilie.hampton@ho-cole.com,Data Engineering Manager,User,United Kingdom,Legitimate Interest,False,Paid Search,2025-08-30
C001571,A01722,Christina,Jensen,christina.jensen@andersson.com,Senior Data Engineer,User,Austria,Legitimate Interest,False,SDR Outbound,2026-03-23
C001572,A00449,Gordon,Robinson,gordon.robinson@hagberg.com,Data Engineering Manager,User,Denmark,Legitimate Interest,False,Partner,2026-07-02
C001573,A00903,Jeremy,Banks,jeremy.banks@jacob.com,VP Data,Economic Buyer,Denmark,Legitimate Interest,False,Partner,2025-11-07
C001574,A01423,Kayleigh,Rivera,kayleigh.rivera@gutierrez-crawford.com,Analytics Engineer,User,United States,,False,Event,2026-04-27
C001575,A00174,Sophia,Nilsson,sophia.nilsson@gustafsson.com,Analytics Engineer,User,United States,,False,Content Download,2023-07-27
C001576,A01972,Maartje,de Grunt,maartje.de grunt@dippel.com,-,,United States,,False,Content Download,2026-09-14
C001577,A00038,Ibrahim,Gnatz,ibrahim.gnatz@pearson.com,Data Engineering Manager,User,United Kingdom,Legitimate Interest,False,Paid Search,2023-09-08
C001578,A01211,Larry,Goddard,larry.goddard@lundin.com,IT Security Manager,Blocker,United States,,False,Referral,2026-09-15
C001579,A00073,Alicia,Lopez,alicia.lopez@jennings-pratt.com,Analytics Engineer,User,United States,,False,Content Download,2026-09-23
C001580,A00522,Jort,Parsons,jort.parsons@larsson.com,Data Engineering Manager,User,United States,,False,Event,2026-06-22
C001581,A00148,Matthew,Warren,matthew.warren@asplund.com,Head of Data Platform,Champion,United States,,False,Event,2024-02-14
C001582,A01458,Natasha,Hendrix,natasha.hendrix@patel-morales.com,Staff Data Engineer,User,United Kingdom,Legitimate Interest,False,Free Trial,2026-01-09
C001583,A00660,Felicia,Jackson,felicia.jackson@hardy-patel.com,Head of Data Platform,Champion,United Kingdom,Legitimate Interest,False,Referral,2026-04-29
C001584,A00420,Alexander,Kraus,alexander.kraus@smith.com,x,,Norway,Legitimate Interest,False,Webinar,2024-06-06
C001585,A01123,Andrzej,Larsson,andrzej.larsson@koninklijke.com,Analytics Engineer,User,United States,,False,SDR Outbound,2025-10-30
C001586,A01790,Stephanie,Woods,stephanie.woods@mosley-powers.com,Senior Data Engineer,User,United Kingdom,Legitimate Interest,False,Paid Search,2025-11-27
C001587,A01055,Joep,Engström,joep.engström@vollbrecht.com,Staff Data Engineer,User,Netherlands,Legitimate Interest,False,Referral,2023-11-09
C001588,A01359,Dusan,Foster,dusan.foster@bmc.com,"Director, Data Engineering",Champion,Sweden,Legitimate Interest,False,Paid Search,2025-09-20
C001589,A00263,Hans,Lafleur,hans.lafleur@striebitz.com,Director of Data Platform,Champion,Germany,Legitimate Interest,False,Referral,2024-08-02
C001590,A00943,Gabriel,Booden,gabriel.booden@benthin.com,Data Engineering Manager,User,United States,,False,Webinar,2025-05-08
C001591,A01285,Arne,Skoglund,arne.skoglund@larson-holmes.com,DATA ENG,,Canada,,False,Partner,2026-01-04
C001592,A01498,Lindsay,Hornich,lindsay.hornich@kennedy.com,"Director, Data Engineering",Champion,United States,,False,Content Download,2025-07-08
C001593,A00517,Michael,Wright,michael.wright@karlsson.com,Data Engineering Manager,User,United Kingdom,Legitimate Interest,True,SDR Outbound,2026-08-12
C001594,A00410,Oliver,Louws,oliver.louws@wiek.com,Staff Data Engineer,User,United Kingdom,Legitimate Interest,False,Paid Search,2026-02-23
C001595,A01463,Gunnar,Svensson,gunnar.svensson@bergman.com,x,,United States,,False,Event,2024-11-17
C001596,A00612,Sofia,Pettersson,sofia.pettersson@lennartsson.com,Chief Information Officer,Economic Buyer,Denmark,Legitimate Interest,False,Free Trial,2025-02-06
C001597,A00671,Sylvie,Barnett,sylvie.barnett@berglund.com,Data Engineering Manager,User,Ireland,Legitimate Interest,False,Content Download,2026-06-17
C001598,A01402,Matthew,Faust,matthew.faust@ruppert.com,intern,,Canada,,False,Referral,2026-02-27
C001599,A01955,Abigail,James,abigail.james@nilsson.com,Head of Data Engineering,Champion,United Kingdom,Legitimate Interest,False,Partner,2026-03-10
C001600,A00584,Michael,Glasses,michael.glasses@richardson-baker.com,CISO,Blocker,United States,,False,Event,2026-04-15
C001601,A00416,Dag,Putz,dag.putz@van.com,Senior Data Engineer,User,United States,,False,Partner,2025-10-29
C001602,A00764,Britt,Karlsson,britt.karlsson@bradley.com,Staff Data Engineer,User,United States,,False,Free Trial,2026-02-23
C001603,A01113,Ellinor,Jungfer,ellinor.jungfer@gordon.com,Data Engineering Manager,User,Switzerland,Legitimate Interest,False,Partner,2024-03-04
C001604,A00808,Lucy,Harris,lucy.harris@edwards-bell.com,Staff Data Engineer,User,Sweden,Legitimate Interest,False,Content Download,2025-06-13
C001605,A00842,Seth,de Graaf,seth.de graaf@dawson.com,CISO,Blocker,Canada,,False,Paid Search,2025-12-26
C001606,A01024,Tracy,Groenestein,tracy.groenestein@owens-pineda.com,-,,United States,,False,Partner,2026-09-03
C001607,A01885,Camilla,de Koning,camilla.de koning@preiß.com,test,,United States,,False,Content Download,2026-04-16
C001608,A00783,Alena,Winkler,alena.winkler@dunlap.com,-,,Germany,Legitimate Interest,False,Webinar,2024-10-11
C001609,A00987,Allison,Lopez,allison.lopez@rehorst.com,Head of Data Platform,Champion,United States,,False,Event,2026-09-22
C001610,A00169,Kurt,Norén,kurt.norén@olsson.com,Director of Data Platform,Champion,Denmark,Legitimate Interest,False,Free Trial,2026-06-10
C001611,A01842,Anna,Warmer,anna.warmer@wagner-james.com,intern,,United States,,False,Partner,2024-01-08
C001612,A00085,Amanda,Rasmussen,amanda.rasmussen@thomas-williams.com,Chief Data Officer,Economic Buyer,United States,,False,Webinar,2026-04-08
C001613,A01649,Jonas,Renner,jonas.renner@velazquez-mack.com,Staff Data Engineer,User,Canada,,False,Webinar,2026-08-23
C001614,A00294,Madison,van de Plas,madison.van de plas@döhn.com,IT Security Manager,Blocker,United States,,False,SDR Outbound,2026-07-31
C001615,A00605,Margaretha,Holmqvist,margaretha.holmqvist@black.com,Data Engineering Manager,User,United States,,False,Content Download,2024-08-27
C001616,A00798,Renee,Bryant,renee.bryant@andersson.com,Chief Data Officer,Economic Buyer,United States,,False,Partner,2026-09-20
C001617,A01933,Ross,Briemer,ross.briemer@berg.com,Director of Data Platform,Champion,Ireland,Legitimate Interest,False,Referral,2025-08-17
C001618,A00738,Olivia,Bradshaw,olivia.bradshaw@drubin.com,Senior Data Engineer,User,United States,,False,Partner,2026-06-22
C001619,A00377,Alfred,Matthews,alfred.matthews@jacobi.com,Staff Data Engineer,User,United States,,False,Webinar,2026-07-23
C001620,A00368,Sandra,Strong,sandra.strong@velasquez.com,Manager,,United States,,False,SDR Outbound,2026-10-06
C001621,A01761,Hans D.,Oemencs,hans d..oemencs@ström.com,VP Data,Economic Buyer,United States,,False,Webinar,2026-09-27
C001622,A02000,Sina,Brouwer,sina.brouwer@jennings.com,Director of Data Platform,Champion,Belgium,Legitimate Interest,False,Paid Search,2026-01-29
C001623,A00330,Patrick,Eriksson,patrick.eriksson@johansson.com,Data Engineering Manager,User,Ireland,Legitimate Interest,False,Content Download,2025-02-07
C001624,A01571,Raphaela,Texier,raphaela.texier@amalrada.com,Chief Information Officer,Economic Buyer,Germany,Legitimate Interest,False,Referral,2023-04-27
C001625,A01955,Hilary,Lange,hilary.lange@nilsson.com,"Director, Data Engineering",Champion,United Kingdom,Legitimate Interest,False,Webinar,2026-08-16
C001626,A00770,Robert,de Graaf,robert.de graaf@herbert-pritchard.com,Senior Data Engineer,User,United States,,False,Webinar,2024-09-30
C001627,A01845,Mercedes,Warren,mercedes.warren@eigenwillig.com,Chief Data Officer,Economic Buyer,United Kingdom,Legitimate Interest,False,Content Download,2026-09-27
C001628,A00784,Luca,Ahmad,luca.ahmad@williams.com,CISO,Blocker,United States,,False,Content Download,2026-10-04
C001629,A01848,Berend,Horrocks,berend.horrocks@holzapfel.com,Director of Data Platform,Champion,Germany,Legitimate Interest,False,Referral,2026-01-06
C001630,A00122,Steven,Wilson,steven.wilson@patterson.com,VP Data,Economic Buyer,Ireland,Legitimate Interest,False,Free Trial,2026-04-20
C001631,A00497,Colin,Wilkinson,colin.wilkinson@anders.com,Senior Data Engineer,User,United Kingdom,Legitimate Interest,False,Free Trial,2024-04-09
C001632,A00512,Douglas,Scuylenborchs,douglas.scuylenborchs@olsson.com,Analytics Engineer,User,United States,,False,Content Download,2026-06-12
C001633,A01398,Lars,Forsberg,lars.forsberg@lehmann.com,Data Engineering Manager,User,Canada,,True,Partner,2025-11-20
C001634,A00588,Ralph,Giles,ralph.giles@dehmel.com,Head of Data Engineering,Champion,Germany,Legitimate Interest,False,Paid Search,2026-05-02
C001635,A01833,Margareta,Clarke,margareta.clarke@stey.com,Head of Data Platform,Champion,United States,,False,Event,2026-06-18
C001636,A01277,Taylor,Rodriguez,taylor.rodriguez@interfood.com,Head of Procurement,Blocker,United Kingdom,Legitimate Interest,False,SDR Outbound,2024-02-19
C001637,A00923,Marissa,Short,marissa.short@grein.com,VP Data & Analytics,Economic Buyer,United States,,False,Event,2026-07-03
C001638,A00446,John,Holmqvist,john.holmqvist@hentschel.com,x,,United Kingdom,Legitimate Interest,False,SDR Outbound,2025-07-08
C001639,A01835,Angela,Olsen,angela.olsen@cherry-young.com,-,,United States,,False,SDR Outbound,2025-04-28
C001640,A00919,Karin,Read,karin.read@mendez.com,Head of Data Engineering,Champion,United Kingdom,Legitimate Interest,False,SDR Outbound,2026-07-24
C001641,A00357,Aziz,Ahmed,aziz.ahmed@broman.com,Head of Data Platform,Champion,Canada,,False,Partner,2026-06-08
C001642,A00703,Maurice,Gertz,maurice.gertz@lynch-campbell.com,Analytics Engineer,User,United States,,False,Event,2025-11-26
C001643,A01432,Vincent,Poole,vincent.poole@hansson.com,Data Engineering Manager,User,United States,,False,Referral,2025-04-18
C001644,A00844,Peter,May,peter.may@engie.com,Manager,,United States,,False,SDR Outbound,2024-08-19
C001645,A01007,Björn,Johnson,björn.johnson@van.com,IT Security Manager,Blocker,United States,,False,Free Trial,2025-11-18
C001646,A01100,Gerti,Blokland,gerti.blokland@wade.com,Staff Data Engineer,User,United Kingdom,Legitimate Interest,False,Referral,2026-07-11
C001647,A00578,Collin,Foster,collin.foster@moreno.com,Head of Data Engineering,Champion,Austria,Legitimate Interest,False,SDR Outbound,2025-02-19
C001648,A00350,Brigitte,Wilkins,brigitte.wilkins@lundkvist.com,Senior Data Engineer,User,Norway,Legitimate Interest,False,Paid Search,2026-09-18
C001649,A00338,Björn,Cohen,björn.cohen@van.com,Staff Data Engineer,User,United States,,False,Partner,2026-04-12
C001650,A00277,Anne,Ali,anne.ali@seifert.com,DATA ENG,,Germany,Legitimate Interest,False,Free Trial,2025-06-30
C001651,A01342,Danny,Bender,danny.bender@trapp.com,-,,United States,,False,Free Trial,2026-07-26
C001652,A00642,Stuart,Bailey,stuart.bailey@guerra.com,Director of Data Platform,Champion,Belgium,Legitimate Interest,False,Webinar,2026-05-27
C001653,A01262,Anna,Heribert van Laon,anna.heribert van laon@hammarström.com,Chief Data Officer,Economic Buyer,Germany,Legitimate Interest,False,SDR Outbound,2025-04-10
C001654,A01209,Teresa,Elliott,teresa.elliott@blixt.com,IT Security Manager,Blocker,Ireland,Legitimate Interest,False,Paid Search,2025-09-10
C001655,A01522,Andrew,de Jong,andrew.de jong@smith.com,Head of Data Engineering,Champion,United Kingdom,Legitimate Interest,False,Free Trial,2026-08-25
C001656,A00026,Heide-Marie,Höglund,heide-marie.höglund@smith-spencer.com,Data Engineering Manager,User,Norway,Legitimate Interest,False,Paid Search,2025-05-15
C001657,A01268,Jill,Prins,jill.prins@andersson.com,CISO,Blocker,United Kingdom,Legitimate Interest,False,Webinar,2024-12-24
C001658,A00060,Fabienne,van Oudewater,fabienne.van oudewater@franzén.com,"Director, Data Engineering",Champion,Canada,,False,Event,2026-06-12
C001659,A00699,Sandra,Sjögren,sandra.sjögren@huijzing.com,IT Security Manager,Blocker,United Kingdom,Legitimate Interest,False,SDR Outbound,2023-09-07
C001660,A01387,Gareth,Schweitzer,gareth.schweitzer@larsson.com,Analytics Engineer,User,United States,,False,Free Trial,2025-12-25
C001661,A01064,Charlotte,Fritsch,charlotte.fritsch@tran.com,Data Engineering Manager,User,United States,,True,Paid Search,2025-04-19
C001662,A00557,Johanna,Reynolds,johanna.reynolds@vermeulen.com,Head of Data Platform,Champion,United States,,False,Referral,2024-02-16
C001663,A01763,Friedrich,Stevens,friedrich.stevens@hammar.com,data guy,,United States,,False,Paid Search,2024-09-04
C001664,A00678,Margot,Hofman,margot.hofman@jansdr.com,Head of Data Platform,Champion,United States,,False,SDR Outbound,2024-11-14
C001665,A00811,Hartmuth,van Bovene,hartmuth.van bovene@bush-bates.com,Head of Data Platform,Champion,United States,,False,Free Trial,2024-03-25
C001666,A01918,Tyler,van Gent,tyler.van gent@van.com,CISO,Blocker,Ireland,Legitimate Interest,False,Referral,2026-08-07
C001667,A00024,Victor,Kallert,victor.kallert@koninklijke.com,CISO,Blocker,United States,,False,Referral,2024-09-04
C001668,A01182,Gisela,Huisman,gisela.huisman@jakobsson.com,ceo ,,United States,,False,Paid Search,2026-09-17
C001669,A00543,Jan,Edwards,jan.edwards@jacobi.com,Data Engineering Manager,User,United States,,False,Referral,2026-07-13
C001670,A01813,Ingemar,Holm,ingemar.holm@hale.com,Senior Data Engineer,User,Germany,Legitimate Interest,False,Content Download,2026-03-04
C001671,A01151,Ceylin,de Bruijn,ceylin.de bruijn@hunt-hale.com,"Director, Data Engineering",Champion,United States,,False,Free Trial,2025-01-01
C001672,A00879,Heinrich,Jansen,heinrich.jansen@johnson.com,Chief Data Officer,Economic Buyer,Sweden,,True,Event,2024-09-27
C001673,A01948,Fedde,Löfgren,fedde.löfgren@stichting.com,VP Data,Economic Buyer,Germany,Legitimate Interest,False,Content Download,2025-01-05
C001674,A01720,Sarah,Jansson,sarah.jansson@rodriguez-taylor.com,Head of Data Platform,Champion,Switzerland,Legitimate Interest,False,SDR Outbound,2025-02-14
C001675,A00429,Charlie,Rohleder,charlie.rohleder@o'brien-stanley.com,Staff Data Engineer,User,United States,,False,Referral,2025-10-29
C001676,A01824,Katy,van den Brink,katy.van den brink@lindskog.com,Chief Information Officer,Economic Buyer,United States,,False,Referral,2026-06-20
C001677,A01037,Job,Bleijenberg,job.bleijenberg@johansson.com,"Director, Data Engineering",Champion,Denmark,Legitimate Interest,False,Free Trial,2025-05-16
C001678,A01529,Emma,Marklund,emma.marklund@chavez.com,Staff Data Engineer,User,United States,,False,Free Trial,2026-06-28
C001679,A01264,Julie,Olsen,julie.olsen@howell.com,Data Engineering Manager,User,Norway,Legitimate Interest,False,Content Download,2024-04-22
C001680,A01986,Elin,Hayes,elin.hayes@hernandez.com,VP Data & Analytics,Economic Buyer,United States,,False,Content Download,2023-10-27
C001681,A01265,Waldemar,Taylor,waldemar.taylor@higgins.com,Head of Procurement,Blocker,United States,,False,Partner,2024-09-08
C001682,A00795,Holly,Schmidt,holly.schmidt@brown-frey.com,Data Engineering Manager,User,Canada,,False,Webinar,2025-12-18
C001683,A01461,Anna,Lowe,anna.lowe@olsson.com,Senior Data Engineer,User,United States,,False,Paid Search,2025-10-08
C001684,A01889,Christopher,Mora,christopher.mora@sauer.com,Staff Data Engineer,User,United States,,True,Content Download,2025-10-30
C001685,A01693,Martin,Edwards,martin.edwards@james.com,Staff Data Engineer,User,Canada,,False,Event,2025-04-16
C001686,A00970,Hansjörg,Hayward,hansjörg.hayward@flores-rivera.com,ceo ,,United States,,False,Partner,2024-09-11
C001687,A00037,Melissa,Cox,melissa.cox@williams.com,Senior Data Engineer,User,United States,,False,Free Trial,2024-09-07
C001688,A01521,Cordula,van Oirschot,cordula.van oirschot@atzler.com,Senior Data Engineer,User,Sweden,Legitimate Interest,False,Webinar,2025-11-27
C001689,A00990,Hulda,Harris,hulda.harris@wernecke.com,Director of Data Platform,Champion,United States,,False,Referral,2026-09-14
C001690,A00391,Leah,Hutchinson,leah.hutchinson@blackwell.com,Data Engineering Manager,User,United States,,False,Content Download,2026-01-15
C001691,A01330,Ben,Hendriks,ben.hendriks@alm.com,Data Engineering Manager,User,Germany,Legitimate Interest,False,Event,2025-11-18
C001692,A01495,Monica,Klerks,monica.klerks@hansson.com,Head of Data Platform,Champion,United States,,False,Referral,2026-09-15
C001693,A00082,Annie,Schouten,annie.schouten@hunt.com,VP Data & Analytics,Economic Buyer,Canada,,False,Free Trial,2025-07-15
C001694,A01732,Geoffrey,Walker,geoffrey.walker@wilms.com,Data Engineering Manager,User,Netherlands,Legitimate Interest,False,SDR Outbound,2024-03-07
C001695,A00189,Katelyn,Shaw,katelyn.shaw@koninklijke.com,DATA ENG,,United States,,False,Free Trial,2026-09-25
C001696,A00088,Ruben,Kriens,ruben.kriens@malmberg.com,Director of Data Platform,Champion,United States,,False,Partner,2026-09-04
C001697,A01963,Brenda,Mans,brenda.mans@eriksson.com,Data Engineering Manager,User,United States,,False,Referral,2025-08-15
C001698,A01358,Birgitta,Bernaards,birgitta.bernaards@mårtensson.com,Head of Data Engineering,Champion,United Kingdom,Legitimate Interest,False,Webinar,2024-11-28
C001699,A01580,Tara,Hedman,tara.hedman@cox.com,Senior Data Engineer,User,United States,,False,Free Trial,2026-07-25
C001700,A01382,Detlef,Bohnbach,detlef.bohnbach@ahmed.com,Chief Data Officer,Economic Buyer,Germany,Legitimate Interest,False,Partner,2025-03-02
C001701,A01735,Barry,Gustafsson,barry.gustafsson@stichting.com,test,,United Kingdom,Legitimate Interest,False,Event,2026-08-04
C001702,A00412,Sarah,Griffiths,sarah.griffiths@fitzgerald.com,CISO,Blocker,Belgium,Legitimate Interest,False,Paid Search,2025-04-25
C001703,A00190,Ashleigh,Hornich,ashleigh.hornich@ali-hughes.com,"Director, Data Engineering",Champion,Norway,Legitimate Interest,False,Paid Search,2026-09-03
C001704,A00530,Michael,Beernink,michael.beernink@löfgren.com,Data Engineering Manager,User,Ireland,Legitimate Interest,False,Event,2026-04-05
C001705,A01806,Marie,Krabbe,marie.krabbe@camacho.com,Chief Data Officer,Economic Buyer,United States,,False,Paid Search,2025-12-18
C001706,A01222,Miroslawa,Gröttner,miroslawa.gröttner@weimer.com,Senior Data Engineer,User,Canada,,False,Content Download,2026-10-01
C001707,A00723,Lars,Strömberg,lars.strömberg@royal.com,Manager,,Germany,,False,Paid Search,2025-03-24
C001708,A01922,Tracy,Barnett,tracy.barnett@granath.com,Analytics Engineer,User,Austria,Legitimate Interest,False,Webinar,2026-05-26
C001709,A00423,Beth,Hesse,beth.hesse@sanders-love.com,Data Engineering Manager,User,United States,,False,Content Download,2026-02-16
C001710,A01918,Thom,Benthin,thom.benthin@van.com,Staff Data Engineer,User,Ireland,Legitimate Interest,False,Paid Search,2026-09-05
C001711,A00836,Karola,Estey,karola.estey@bolton.com,Head of Data Engineering,Champion,United Kingdom,Legitimate Interest,False,Event,2025-10-31
C001712,A00751,Bianka,Anderson,bianka.anderson@van.com,IT Security Manager,Blocker,Belgium,Legitimate Interest,False,Event,2025-07-28
C001713,A01068,Alexander,Ali,alexander.ali@sullivan.com,Analytics Engineer,User,United States,,False,Content Download,2026-03-20
C001714,A01309,Jort,de Gruijter,jort.de gruijter@phillips.com,Analytics Engineer,User,United States,,False,Paid Search,2026-06-11
C001715,A01861,Ben,Textor,ben.textor@verhaar.com,CISO,Blocker,United States,,True,Partner,2026-06-06
C001716,A01718,Noud,Peukert,noud.peukert@bayer.com,DATA ENG,,United Kingdom,Legitimate Interest,False,Paid Search,2024-11-25
C001717,A01613,Sil,Eigenwillig,sil.eigenwillig@stevenson.com,Staff Data Engineer,User,Netherlands,Legitimate Interest,False,Paid Search,2026-07-09
C001718,A01742,Irmengard,Rohleder,irmengard.rohleder@royal.com,Analytics Engineer,User,United States,,False,Event,2026-04-27
C001719,A00803,Wendy,Hethur,wendy.hethur@wells.com,Senior Data Engineer,User,United Kingdom,Legitimate Interest,False,Webinar,2026-06-17
C001720,A01365,Robin,Trujillo,robin.trujillo@interfood.com,Staff Data Engineer,User,United States,,False,Partner,2023-08-06
C001721,A01537,Nathalie,Stenström,nathalie.stenström@luna.com,Senior Data Engineer,User,United States,,False,Referral,2026-07-24
C001722,A00905,Lisa,Sanchez,lisa.sanchez@smith.com,Senior Data Engineer,User,United States,,False,Referral,2025-09-25
C001723,A01263,Karen,Moore,karen.moore@hopkins.com,Data Engineering Manager,User,United States,,False,Paid Search,2026-01-14
C001724,A00535,Nicholas,Smith,nicholas.smith@stichting.com,x,,Canada,,False,Partner,2023-11-15
C001725,A00913,Jill,Schönland,jill.schönland@floraholland.com,Chief Information Officer,Economic Buyer,Denmark,Legitimate Interest,False,Webinar,2026-04-04
C001726,A00863,Eric,Verheuvel,eric.verheuvel@jorlink.com,CISO,Blocker,United Kingdom,Legitimate Interest,False,Webinar,2025-12-17
C001727,A00518,Cheyenne,Padilla,cheyenne.padilla@leach.com,Staff Data Engineer,User,United Kingdom,Legitimate Interest,False,SDR Outbound,2026-08-29
C001728,A01666,Jonathan,Green,jonathan.green@morgan.com,Data Engineering Manager,User,Germany,Legitimate Interest,False,Free Trial,2026-09-29
C001729,A01816,Adam,Kelly,adam.kelly@williams.com,Head of Procurement,Blocker,United States,,False,SDR Outbound,2026-05-29
C001730,A01826,Paul,Edström,paul.edström@williamson-burke.com,Director of Data Platform,Champion,United States,,False,Event,2024-01-08
C001731,A01290,Lindsey,Lensen,lindsey.lensen@stichting.com,"Director, Data Engineering",Champion,Belgium,Legitimate Interest,False,Webinar,2026-08-20
C001732,A00667,Max,Sandell,max.sandell@yara.com,"Director, Data Engineering",Champion,Netherlands,Legitimate Interest,False,SDR Outbound,2026-04-02
C001733,A01691,Scott,Ahlberg,scott.ahlberg@holmström.com,Analytics Engineer,User,Germany,,False,SDR Outbound,2025-11-08
C001734,A00832,Joe,Fechner,joe.fechner@tucker.com,Chief Data Officer,Economic Buyer,Ireland,Legitimate Interest,False,Content Download,2025-04-01
C001735,A00703,Britt,Harrison,britt.harrison@lynch-campbell.com,-,,United States,,False,Free Trial,2025-12-24
C001736,A01859,Jacob,Wernecke,jacob.wernecke@lindberg.com,intern,,United Kingdom,Legitimate Interest,False,Webinar,2026-07-30
C001737,A01041,Ben,Spiker,ben.spiker@douglas.com,Head of Procurement,Blocker,Norway,Legitimate Interest,False,Partner,2025-11-11
C001738,A00656,Rikard,Harloff,rikard.harloff@haglund.com,DATA ENG,,United States,,False,Event,2026-10-02
C001739,A00025,Luc,Wähner,luc.wähner@post.com,IT Security Manager,Blocker,United States,,False,SDR Outbound,2026-08-31
C001740,A01518,Melanie,Pena,melanie.pena@hethur.com,Head of Data Engineering,Champion,United States,,True,Webinar,2025-04-10
C001741,A01491,Karl-Otto,Collins,karl-otto.collins@plath.com,Director of Data Platform,Champion,United States,,False,Referral,2025-08-23
C001742,A00705,Troy,Harvey,troy.harvey@karlsson.com,Staff Data Engineer,User,Ireland,Legitimate Interest,False,Referral,2024-01-26
C001743,A00331,Daniel,Bakker,daniel.bakker@mans.com,Senior Data Engineer,User,United States,,False,Paid Search,2023-11-19
C001744,A00643,Lucas,Thanel,lucas.thanel@webster-murphy.com,VP Data,Economic Buyer,United Kingdom,Legitimate Interest,False,SDR Outbound,2025-04-13
C001745,A00818,Felicia,Carroll,felicia.carroll@dahlström.com,test,,Germany,Legitimate Interest,False,SDR Outbound,2025-05-31
C001746,A01753,Toni,Weimer,toni.weimer@garza.com,Head of Data Engineering,Champion,United States,,False,Partner,2023-12-04
C001747,A00501,Rik,Steenbakkers,rik.steenbakkers@nicholls.com,Manager,,United States,,False,Paid Search,2026-01-15
C001748,A00255,Mohamed,Östlund,mohamed.östlund@royal.com,Senior Data Engineer,User,United States,,False,SDR Outbound,2025-10-04
C001749,A00194,Julian,Carlsson,julian.carlsson@lieshout.com,Head of Data Engineering,Champion,Canada,,True,Referral,2026-08-25
C001750,A01404,Sahin,van Leeuwen,sahin.van leeuwen@lundberg.com,Director of Data Platform,Champion,Austria,Legitimate Interest,False,Webinar,2025-03-24
C001751,A01508,Stefania,van Loon,stefania.van loon@van.com,Staff Data Engineer,User,Netherlands,Legitimate Interest,False,Referral,2025-09-12
C001752,A01411,Tristan,Sanders,tristan.sanders@hanna.com,Head of Data Platform,Champion,United Kingdom,Legitimate Interest,False,Partner,2026-09-08
C001753,A00873,Sten,Marks,sten.marks@koninklijke.com,Senior Data Engineer,User,Switzerland,Legitimate Interest,False,Content Download,2025-04-19
C001754,A01808,Ralf-Dieter,Matthews,ralf-dieter.matthews@kelly-ball.com,Head of Data Platform,Champion,Denmark,Legitimate Interest,False,Referral,2024-10-30
C001755,A01317,Ryan,Hayes,ryan.hayes@karz.com,Chief Information Officer,Economic Buyer,Germany,Legitimate Interest,False,Referral,2025-05-19
C001756,A00082,Charlie,Smith,charlie.smith@hunt.com,Head of Data Platform,Champion,Canada,,False,Partner,2024-08-04
C001757,A01753,James,Kallert,james.kallert@garza.com,Head of Data Engineering,Champion,United States,,False,Free Trial,2026-03-02
C001758,A00311,Daniel,de Mol,daniel.de mol@wilms.com,IT Security Manager,Blocker,United States,,False,Partner,2026-07-09
C001759,A01465,Leon,Friberg,leon.friberg@bohnbach.com,Head of Data Platform,Champion,United States,,False,Content Download,2026-07-31
C001760,A01481,Holly,Nilsson,holly.nilsson@griffith.com,Analytics Engineer,User,Germany,Legitimate Interest,False,Free Trial,2024-05-21
C001761,A00057,Thomas,Jones,thomas.jones@gustafsson.com,Staff Data Engineer,User,Germany,Legitimate Interest,False,Free Trial,2026-08-14
C001762,A01062,Michael,Jones,michael.jones@lundmark.com,Data Engineering Manager,User,Sweden,,False,Referral,2025-05-28
C001763,A00038,Ilona,Slaetsdochter,ilona.slaetsdochter@pearson.com,"Director, Data Engineering",Champion,United Kingdom,Legitimate Interest,True,Content Download,2024-08-03
C001764,A00806,Damian,Söderlund,damian.söderlund@hill.com,"Director, Data Engineering",Champion,Ireland,Legitimate Interest,False,Paid Search,2024-11-17
C001765,A00562,Helen,Bartels,helen.bartels@heß.com,x,,Germany,Legitimate Interest,False,Partner,2026-05-27
C001766,A01445,Eva-Maria,Cook,eva-maria.cook@anderson.com,Chief Data Officer,Economic Buyer,United States,,False,Content Download,2025-08-27
C001767,A01036,Hedi,Johansson,hedi.johansson@granberg.com,Analytics Engineer,User,Sweden,Legitimate Interest,False,SDR Outbound,2025-08-31
C001768,A00190,Carol,Grahn,carol.grahn@ali-hughes.com,Staff Data Engineer,User,Norway,Legitimate Interest,False,SDR Outbound,2026-06-11
C001769,A00718,Maja,Charlton,maja.charlton@liu.com,Analytics Engineer,User,Canada,,False,Paid Search,2025-09-14
C001770,A00118,Casper,West,casper.west@google.com,Chief Information Officer,Economic Buyer,United States,,False,Referral,2024-09-18
C001771,A00113,Loek,Curtis,loek.curtis@daf.com,Analytics Engineer,User,United States,,False,Partner,2025-03-02
C001772,A00876,Terry,Schotte,terry.schotte@kemp.com,Head of Data Engineering,Champion,United States,,False,Webinar,2025-05-10
C001773,A01119,Mikael,Thanel,mikael.thanel@abbott.com,Analytics Engineer,User,United Kingdom,Legitimate Interest,False,SDR Outbound,2025-09-12
C001774,A00434,Scott,Zänker,scott.zänker@johnson.com,Senior Data Engineer,User,Belgium,Legitimate Interest,False,Partner,2023-05-08
C001775,A00157,Therese,Walters,therese.walters@schacht.com,Senior Data Engineer,User,United States,,False,Partner,2024-08-03
C001776,A00832,John,Jones,john.jones@tucker.com,Data Engineering Manager,User,Ireland,Legitimate Interest,False,Content Download,2025-07-21
C001777,A00267,Pleun,Edwards,pleun.edwards@greenwood.com,Staff Data Engineer,User,Norway,Legitimate Interest,False,Partner,2024-02-03
C001778,A01764,Patrick,Johnson,patrick.johnson@leonard.com,Chief Data Officer,Economic Buyer,United States,,False,Paid Search,2026-04-25
C001779,A01967,Allison,Rouwenhorst,allison.rouwenhorst@evans-doyle.com,intern,,United States,,False,Webinar,2026-03-04
C001780,A01027,Shannon,James,shannon.james@hermansson.com,"Director, Data Engineering",Champion,Denmark,Legitimate Interest,False,Webinar,2026-07-19
C001781,A00133,Ingetraud,Evans,ingetraud.evans@elberts.com,Staff Data Engineer,User,United States,,False,Partner,2023-12-18
C001782,A01820,Thomas,Parkinson,thomas.parkinson@risma.com,Manager,,United States,,False,Paid Search,2026-07-30
C001783,A00510,Nuri,Jonsson,nuri.jonsson@valdez-schwartz.com,Analytics Engineer,User,Belgium,Legitimate Interest,False,Partner,2023-06-28
C001784,A01865,Abdul,Neureuther,abdul.neureuther@de.com,"Director, Data Engineering",Champion,United States,,False,Event,2025-02-16
C001785,A00168,Edda,Ekholm,edda.ekholm@wilson.com,Head of Data Engineering,Champion,Austria,Legitimate Interest,False,Content Download,2025-04-18
C001786,A01296,Jodie,Bergström,jodie.bergström@weeks.com,Analytics Engineer,User,Canada,,False,Paid Search,2026-09-27
C001787,A01845,Jill,Norris,jill.norris@eigenwillig.com,Staff Data Engineer,User,United Kingdom,,False,Webinar,2026-03-09
C001788,A00398,Lars,van Breukeleveen,lars.van breukeleveen@royal.com,Data Engineering Manager,User,United Kingdom,Legitimate Interest,False,Content Download,2026-03-16
C001789,A00100,Kenneth,Connor,kenneth.connor@stage.com,VP Data,Economic Buyer,Norway,Legitimate Interest,False,Partner,2026-08-29
C001790,A00826,Anthony,Engels,anthony.engels@van.com,"Director, Data Engineering",Champion,Sweden,Legitimate Interest,False,Webinar,2026-04-17
C001791,A01667,Vittorio,Williams,vittorio.williams@anderson.com,Senior Data Engineer,User,Netherlands,Legitimate Interest,False,Free Trial,2023-02-28
C001792,A00369,Cornelia,Wright,cornelia.wright@brown-shaw.com,Senior Data Engineer,User,United States,,False,Referral,2025-01-26
C001793,A01989,Ekkehart,Meyer,ekkehart.meyer@small-lewis.com,Head of Data Engineering,Champion,Belgium,,False,Paid Search,2024-03-24
C001794,A00601,Hans-Theo,Johansson,hans-theo.johansson@kohl.com,Staff Data Engineer,User,Germany,Legitimate Interest,False,Paid Search,2026-09-18
C001795,A01706,Kate,Stanley,kate.stanley@turner.com,Analytics Engineer,User,United States,,False,Free Trial,2026-08-19
C001796,A01337,David,Rohleder,david.rohleder@lindskog.com,data guy,,United Kingdom,Legitimate Interest,False,Partner,2026-10-03
C001797,A00654,Rick,Saunders,rick.saunders@gunpf.com,Data Engineering Manager,User,United States,,False,Webinar,2026-09-03
C001798,A01506,Charlotte,Fuller,charlotte.fuller@riggs-coffey.com,data guy,,United States,,False,Event,2024-01-19
C001799,A00027,Riza,Rose,riza.rose@ahlgren.com,CISO,Blocker,United Kingdom,,False,Paid Search,2024-02-05
C001800,A01178,Dawn,Rosemann,dawn.rosemann@williams.com,Head of Data Platform,Champion,United States,,False,Event,2026-09-30
C001801,A00978,Arne,Andersson,arne.andersson@ekstrand.com,Director of Data Platform,Champion,Netherlands,Legitimate Interest,False,Partner,2025-01-14
C001802,A00611,Jean,Mcintosh,jean.mcintosh@kraushaar.com,ceo ,,United States,,False,Webinar,2025-10-23
C001803,A00749,Derek,Mills,derek.mills@watson.com,Data Engineering Manager,User,United States,,False,Content Download,2026-10-07
C001804,A00964,Colin,Klemm,colin.klemm@pena-smith.com,Analytics Engineer,User,Germany,Legitimate Interest,False,Referral,2025-11-10
C001805,A00718,Danny,Walter,danny.walter@liu.com,Manager,,Canada,,False,Partner,2024-12-07
C001806,A00571,Travis,Andersson,travis.andersson@etzold.com,Analytics Engineer,User,Belgium,Legitimate Interest,False,Paid Search,2026-02-26
C001807,A00315,Frederique,Ketel,frederique.ketel@persson.com,Data Engineering Manager,User,United States,,False,Paid Search,2026-08-06
C001808,A01463,Lova,Patterson,lova.patterson@bergman.com,N/A,,United States,,False,Event,2024-05-28
C001809,A00494,Kathryn,Heidrich,kathryn.heidrich@andrews.com,Data Engineering Manager,User,Ireland,Legitimate Interest,False,Referral,2025-11-02
C001810,A00266,William,Anderberg,william.anderberg@andersson.com,Chief Data Officer,Economic Buyer,Germany,Legitimate Interest,False,Free Trial,2026-03-31
C001811,A00952,Catherine,Williams,catherine.williams@york.com,Senior Data Engineer,User,United States,,False,Referral,2026-06-26
C001812,A00147,Carl,Knight,carl.knight@atzler.com,VP Data & Analytics,Economic Buyer,United States,,False,Referral,2026-07-05
C001813,A00122,Reimer,Berendse,reimer.berendse@patterson.com,Senior Data Engineer,User,Ireland,Legitimate Interest,False,Webinar,2026-07-24
C001814,A00119,Karin,Bleijenberg,karin.bleijenberg@royal.com,Senior Data Engineer,User,United States,,False,Referral,2024-09-14
C001815,A01642,Charlotte,Williams,charlotte.williams@bennett.com,Data Engineering Manager,User,Belgium,Legitimate Interest,False,Paid Search,2025-08-29
C001816,A01669,Anton,Jackson,anton.jackson@ortiz.com,N/A,,Germany,Legitimate Interest,False,Referral,2024-11-22
C001817,A01297,Michael,Perkins,michael.perkins@lindau.com,Staff Data Engineer,User,United Kingdom,Legitimate Interest,False,Event,2026-06-10
C001818,A00566,Aneta,Simmons,aneta.simmons@smith.com,VP Data,Economic Buyer,United States,,False,Referral,2026-08-13
C001819,A01956,Paula,Herman,paula.herman@johnson.com,VP Data & Analytics,Economic Buyer,United Kingdom,Legitimate Interest,False,Event,2026-09-02
C001820,A01995,Lars,Holst,lars.holst@ey.com,Senior Data Engineer,User,United States,,False,Partner,2024-07-06
C001821,A00227,Jasper,Mitchell,jasper.mitchell@howard-jordan.com,VP Data,Economic Buyer,United States,,True,Free Trial,2026-09-03
C001822,A00475,Mesut,Mills,mesut.mills@sjöberg.com,Data Engineering Manager,User,United Kingdom,,False,SDR Outbound,2026-06-26
C001823,A00580,René,Santos,rené.santos@bell.com,Head of Data Platform,Champion,Ireland,Legitimate Interest,False,SDR Outbound,2026-05-08
C001824,A00330,Bart,van de Wal,bart.van de wal@johansson.com,Staff Data Engineer,User,Ireland,Legitimate Interest,False,Free Trial,2024-05-07
C001825,A00316,Joël,Clark,joël.clark@van.com,Head of Data Engineering,Champion,United States,,False,Paid Search,2026-04-07
C001826,A00167,Maaike,Newton,maaike.newton@månsson.com,Staff Data Engineer,User,United Kingdom,Legitimate Interest,False,Content Download,2025-10-07
C001827,A01436,Marc,Nordgren,marc.nordgren@juncken.com,VP Data,Economic Buyer,Norway,Legitimate Interest,False,Free Trial,2026-09-22
C001828,A01959,Marlies,Shah,marlies.shah@van.com,Chief Data Officer,Economic Buyer,Ireland,Legitimate Interest,False,Webinar,2026-07-24
C001829,A00626,Oswin,Claesdr,oswin.claesdr@murray.com,Head of Data Engineering,Champion,United States,,False,Partner,2024-11-24
C001830,A01367,Kirsty,Harloff,kirsty.harloff@bloch.com,Head of Data Platform,Champion,United States,,False,Event,2026-09-27
C001831,A00086,Anders,Robinson,anders.robinson@månsson.com,Director of Data Platform,Champion,United Kingdom,Legitimate Interest,True,Paid Search,2026-01-06
C001832,A00108,Brett,Knight,brett.knight@neureuther.com,Data Engineering Manager,User,Netherlands,Legitimate Interest,False,Paid Search,2025-09-03
C001833,A01410,Juliette,Mielcarek,juliette.mielcarek@jäntsch.com,VP Data,Economic Buyer,Canada,,False,Event,2025-04-20
C001834,A00125,Esther,Wall,esther.wall@stichting.com,Staff Data Engineer,User,United States,,False,SDR Outbound,2025-03-26
C001835,A01073,Daphne,Green,daphne.green@pettersson.com,data guy,,United States,,False,Referral,2024-11-24
C001836,A01905,Martin,Berggren,martin.berggren@oliver-clark.com,Senior Data Engineer,User,United States,,False,Content Download,2026-09-24
C001837,A00888,Melissa,Andersson,melissa.andersson@buck-holland.com,Staff Data Engineer,User,United Kingdom,Legitimate Interest,False,SDR Outbound,2026-03-24
C001838,A01397,Stacey,Turner,stacey.turner@garner.com,Head of Data Engineering,Champion,United States,,False,Event,2023-11-04
C001839,A01802,Kayleigh,Wahlström,kayleigh.wahlström@trubin.com,DATA ENG,,United Kingdom,Legitimate Interest,False,Free Trial,2025-03-11
C001840,A00191,Brian,Berry,brian.berry@van.com,Head of Data Platform,Champion,Ireland,Legitimate Interest,False,SDR Outbound,2026-08-22
C001841,A01934,Lara,Bruder,lara.bruder@gruijl.com,Analytics Engineer,User,Austria,Legitimate Interest,False,Paid Search,2026-05-24
C001842,A00825,Sergej,Evans,sergej.evans@cruz.com,VP Data & Analytics,Economic Buyer,Germany,Legitimate Interest,False,Event,2026-07-17
C001843,A01442,Rachel,Faust,rachel.faust@kemp.com,-,,Germany,Legitimate Interest,False,Content Download,2026-08-30
C001844,A00481,Urs,O'Neill,urs.o'neill@koninklijke.com,Head of Data Platform,Champion,United States,,False,Referral,2026-04-08
C001845,A00076,Nicole,Kuit,nicole.kuit@van.com,Analytics Engineer,User,United Kingdom,Legitimate Interest,False,Event,2026-05-01
C001846,A00087,Daniel,Murphy,daniel.murphy@bohnbach.com,"Director, Data Engineering",Champion,United States,,False,Paid Search,2026-02-27
C001847,A00463,Hanna,Hiller,hanna.hiller@blomgren.com,Senior Data Engineer,User,Denmark,Legitimate Interest,False,Free Trial,2026-10-06
C001848,A01051,Jacqueline,Dekker,jacqueline.dekker@christoph.com,Chief Information Officer,Economic Buyer,Ireland,Legitimate Interest,False,Partner,2026-08-09
C001849,A01502,Robin,Sanders,robin.sanders@austermühle.com,Chief Information Officer,Economic Buyer,United States,,False,Free Trial,2026-01-04
C001850,A01549,Bas,Jimenez,bas.jimenez@booth-wheeler.com,Senior Data Engineer,User,Germany,Legitimate Interest,False,Referral,2024-11-28
C001851,A01131,Stan,Page,stan.page@arnold-burgess.com,Data Engineering Manager,User,Sweden,Legitimate Interest,False,Referral,2026-08-13
C001852,A00220,Mathilda,Chung,mathilda.chung@süßebier.com,Head of Data Engineering,Champion,Switzerland,Legitimate Interest,False,Webinar,2026-07-20
C001853,A01448,Inge,Tschentscher,inge.tschentscher@geldens.com,Analytics Engineer,User,United States,,False,Event,2026-05-10
C001854,A01412,Joshua,Barth,joshua.barth@ullrich.com,intern,,United States,,False,Webinar,2026-08-01
C001855,A01524,Viviane,Henry,viviane.henry@abbott.com,Data Engineering Manager,User,Canada,,True,Event,2026-06-07
C001856,A01826,Maja,Forbes,maja.forbes@williamson-burke.com,Staff Data Engineer,User,United States,,False,Content Download,2024-03-27
C001857,A01327,Morgan,van Spreuwel,morgan.van spreuwel@de.com,Senior Data Engineer,User,United States,,False,Content Download,2026-06-06
C001858,A01437,Anthony,Knappe,anthony.knappe@schakelaar.com,-,,United States,,False,Free Trial,2026-03-16
C001859,A01444,Carly,van Noordeloos,carly.van noordeloos@brown-simmons.com,Staff Data Engineer,User,Germany,Legitimate Interest,False,SDR Outbound,2026-10-01
C001860,A00928,Göran,van der Dussen,göran.van der dussen@hassan.com,Head of Data Platform,Champion,Belgium,Legitimate Interest,False,Free Trial,2026-06-19
C001861,A00083,Anna,Wähner,anna.wähner@royal.com,Staff Data Engineer,User,United States,,False,Paid Search,2025-08-04
C001862,A00282,Rudolph,Jackson,rudolph.jackson@nilsson.com,Data Engineering Manager,User,Germany,Legitimate Interest,True,Content Download,2026-08-19
C001863,A00555,Volkhard,Wilms,volkhard.wilms@phillips.com,Director of Data Platform,Champion,United Kingdom,Legitimate Interest,False,Paid Search,2026-06-10
C001864,A01718,Gebhard,van der Pol,gebhard.van der pol@bayer.com,Analytics Engineer,User,United Kingdom,Legitimate Interest,False,Webinar,2025-04-14
C001865,A00785,Rafael,Françoise,rafael.françoise@mammoet.com,Senior Data Engineer,User,Canada,,False,Webinar,2026-02-02
C001866,A00098,Karl,Ross,karl.ross@sanchez.com,Head of Procurement,Blocker,Switzerland,Legitimate Interest,False,Paid Search,2025-03-16
C001867,A01514,Frederike,van Haspengouw,frederike.van haspengouw@ho-cole.com,VP Data & Analytics,Economic Buyer,United Kingdom,Legitimate Interest,False,Webinar,2025-11-29
C001868,A01199,Maria,Ball,maria.ball@luna.com,Chief Information Officer,Economic Buyer,United States,,False,Webinar,2025-07-14
C001869,A01444,Amanda,Anderson,amanda.anderson@brown-simmons.com,Data Engineering Manager,User,Germany,Legitimate Interest,True,Event,2026-06-22
C001870,A01654,Elisabeth,Barton,elisabeth.barton@mendoza.com,Staff Data Engineer,User,United States,,False,Referral,2025-09-29
C001871,A00390,Folke,West,folke.west@smits.com,Analytics Engineer,User,Ireland,Legitimate Interest,False,Referral,2026-04-30
C001872,A01123,Daniël,Heerkens,daniël.heerkens@koninklijke.com,Staff Data Engineer,User,United States,,False,SDR Outbound,2025-07-29
C001873,A00318,Anna,Berg,anna.berg@nilsson.com,Director of Data Platform,Champion,United States,,False,Event,2025-07-06
C001874,A00582,Jonathan,Malmgren,jonathan.malmgren@hethur.com,"Director, Data Engineering",Champion,United States,,False,Free Trial,2026-09-03
C001875,A01769,Julian,Niemeier,julian.niemeier@lindblom.com,Senior Data Engineer,User,United States,,False,Event,2024-06-20
C001876,A01299,Mark,Rogge,mark.rogge@strijker.com,Staff Data Engineer,User,Netherlands,Legitimate Interest,False,Partner,2025-08-04
C001877,A00253,Anouk,Momberg,anouk.momberg@jennings-young.com,Senior Data Engineer,User,United States,,False,Paid Search,2026-01-20
C001878,A00969,Niklas,Guit,niklas.guit@baker.com,"Director, Data Engineering",Champion,United States,,False,Partner,2026-04-30
C001879,A00751,Ruth,Ketting,ruth.ketting@van.com,Director of Data Platform,Champion,Belgium,Legitimate Interest,False,Free Trial,2024-11-18
C001880,A00786,David,Paulsson,david.paulsson@gotthard.com,Analytics Engineer,User,Netherlands,Legitimate Interest,False,Paid Search,2026-06-18
C001881,A01759,Jack,Neal,jack.neal@kallert.com,IT Security Manager,Blocker,United States,,False,Paid Search,2026-08-29
C001882,A00696,Immo,Stinis,immo.stinis@garcia.com,Senior Data Engineer,User,Germany,Legitimate Interest,False,Webinar,2026-10-08
C001883,A01708,Joanna,Lynn,joanna.lynn@danielsson.com,VP Data,Economic Buyer,Switzerland,Legitimate Interest,False,SDR Outbound,2026-09-22
C001884,A01069,Peter,Johnson,peter.johnson@webster.com,Chief Information Officer,Economic Buyer,Switzerland,,False,Webinar,2026-01-14
C001885,A00088,Jamie,Jones,jamie.jones@malmberg.com,DATA ENG,,United States,,False,Event,2026-09-03
C001886,A01025,Tessa,Henderson,tessa.henderson@mcfarland.com,test,,Sweden,Legitimate Interest,False,SDR Outbound,2026-09-21
C001887,A00727,Gesche,Arts,gesche.arts@johansson.com,Analytics Engineer,User,United Kingdom,Legitimate Interest,False,SDR Outbound,2024-06-05
C001888,A00160,Leopold,de Bruijn,leopold.de bruijn@trommler.com,Data Engineering Manager,User,United States,,False,Content Download,2025-12-25
C001889,A01528,Leon,van Opper-Lotharingen,leon.van opper-lotharingen@lopez.com,Analytics Engineer,User,Canada,,False,Partner,2026-10-05
C001890,A01560,Cecilia,Borman,cecilia.borman@chen.com,CISO,Blocker,Germany,Legitimate Interest,False,Event,2024-07-13
C001891,A00975,Muhammed,Becker,muhammed.becker@mcgee-smith.com,Analytics Engineer,User,Canada,,False,Paid Search,2026-05-12
C001892,A00158,Hildegund,de Hoog,hildegund.de hoog@granberg.com,Data Engineering Manager,User,United States,,False,Partner,2023-10-28
C001893,A00845,Katarina,Wever,katarina.wever@segebahn.com,Analytics Engineer,User,Denmark,Legitimate Interest,False,Webinar,2025-07-02
C001894,A00685,Ayoub,Bresé,ayoub.bresé@gilbert.com,Senior Data Engineer,User,Germany,Legitimate Interest,False,Content Download,2026-08-09
C001895,A00393,Linde,Wells,linde.wells@erlandsson.com,Staff Data Engineer,User,Denmark,Legitimate Interest,False,Event,2026-06-05
C001896,A01401,Dan,Wood,dan.wood@koninklijke.com,Data Engineering Manager,User,United States,,False,Free Trial,2023-12-25
C001897,A01427,Shawn,Hendriks,shawn.hendriks@lips.com,Chief Information Officer,Economic Buyer,United States,,False,Content Download,2026-04-02
C001898,A01595,Vera,Morris,vera.morris@patel-murphy.com,Director of Data Platform,Champion,United States,,False,Content Download,2026-08-10
C001899,A01230,Klara,Mol,klara.mol@waardeloo.com,Head of Data Platform,Champion,Germany,Legitimate Interest,False,SDR Outbound,2026-09-01
C001900,A00305,Richard,Sutton,richard.sutton@melander.com,Chief Information Officer,Economic Buyer,United Kingdom,Legitimate Interest,False,Partner,2026-09-25
C001901,A01174,Maria,Walls,maria.walls@bakker.com,N/A,,Sweden,Legitimate Interest,False,Free Trial,2026-03-16
C001902,A01441,Collin,Dahlqvist,collin.dahlqvist@henschel.com,Analytics Engineer,User,United States,,False,Referral,2024-05-20
C001903,A00397,Herta,Ibrahim,herta.ibrahim@stichting.com,Senior Data Engineer,User,Netherlands,Legitimate Interest,False,Webinar,2024-05-29
C001904,A01167,Emma,King,emma.king@hoppenbrouwer.com,Data Engineering Manager,User,United States,,False,Event,2025-03-30
C001905,A00831,Helen,Kuipers,helen.kuipers@peterson.com,Senior Data Engineer,User,Sweden,Legitimate Interest,False,Paid Search,2025-10-25
C001906,A00442,Mehmet,Thomas,mehmet.thomas@fechner.com,Head of Procurement,Blocker,United States,,False,Free Trial,2026-06-20
C001907,A00029,Melker,Mcdaniel,melker.mcdaniel@young.com,VP Data,Economic Buyer,Sweden,Legitimate Interest,False,Paid Search,2026-05-05
C001908,A01595,James,Potters,james.potters@patel-murphy.com,IT Security Manager,Blocker,United States,,False,Content Download,2026-07-17
C001909,A00392,Paul,Clements,paul.clements@kruschwitz.com,Data Engineering Manager,User,United Kingdom,Legitimate Interest,False,Content Download,2024-06-18
C001910,A01784,Kevin,Cook,kevin.cook@honeywell.com,Data Engineering Manager,User,United States,,False,SDR Outbound,2025-12-30
C001911,A01341,Margareta,Edwards,margareta.edwards@molin.com,Data Engineering Manager,User,United Kingdom,Legitimate Interest,False,Paid Search,2026-01-27
C001912,A01720,Craig,Clarke,craig.clarke@rodriguez-taylor.com,Head of Data Engineering,Champion,Switzerland,Legitimate Interest,False,Event,2025-12-18
C001913,A00290,Berit,van Voorst,berit.van voorst@de.com,Analytics Engineer,User,United States,,False,Content Download,2026-10-07
C001914,A00906,Lore,Bezemer,lore.bezemer@lyons.com,Head of Procurement,Blocker,United States,,False,SDR Outbound,2025-02-10
C001915,A00008,Mathilda,Schuster,mathilda.schuster@walsh.com,Data Engineering Manager,User,United States,,False,Partner,2025-07-31
C001916,A01909,Einar,Bosch,einar.bosch@verkade.com,Analytics Engineer,User,Netherlands,Legitimate Interest,False,Partner,2024-04-28
C001917,A00650,Sükrü,Nilsson,sükrü.nilsson@mahieu.com,Chief Information Officer,Economic Buyer,United Kingdom,Legitimate Interest,False,Partner,2025-04-16
C001918,A01077,Cameron,Stadelmann,cameron.stadelmann@green.com,CISO,Blocker,Belgium,Legitimate Interest,False,Content Download,2025-05-31
C001919,A00114,William,van de Leemput,william.van de leemput@mccarthy-moran.com,N/A,,Netherlands,Legitimate Interest,False,Event,2026-10-08
C001920,A00804,Ashley,Johnson,ashley.johnson@stichting.com,Head of Data Engineering,Champion,United States,,False,Webinar,2025-11-12
C001921,A00278,Ashley,Williams,ashley.williams@b&s.com,DATA ENG,,Ireland,Legitimate Interest,False,SDR Outbound,2026-04-16
C001922,A01338,Olov,Müller,olov.müller@kathagen.com,CISO,Blocker,United States,,False,Event,2024-04-30
C001923,A01166,Tara,Jackson,tara.jackson@van.com,VP Data,Economic Buyer,United States,,False,Partner,2026-08-29
C001924,A00490,Anita,Howell,anita.howell@jacobs.com,Director of Data Platform,Champion,Germany,Legitimate Interest,True,Webinar,2024-07-24
C001925,A01067,Frank,Aschman,frank.aschman@sauer.com,Staff Data Engineer,User,United Kingdom,Legitimate Interest,False,Free Trial,2026-07-06
C001926,A00473,Bruno,Olsson,bruno.olsson@williams.com,Director of Data Platform,Champion,United States,,False,Paid Search,2026-08-11
C001927,A00274,Alicia,Sauer,alicia.sauer@demmendaal.com,Senior Data Engineer,User,United Kingdom,Legitimate Interest,False,Event,2023-11-25
C001928,A00987,Alexander,Newton,alexander.newton@rehorst.com,Data Engineering Manager,User,United States,,False,SDR Outbound,2026-09-29
C001929,A01777,Catherine,Barrett,catherine.barrett@holm.com,Analytics Engineer,User,United States,,False,Webinar,2025-07-29
C001930,A01732,Wout,Miltenburg,wout.miltenburg@wilms.com,Chief Information Officer,Economic Buyer,Netherlands,Legitimate Interest,False,Paid Search,2024-07-13
C001931,A00701,Gerald,Lundell,gerald.lundell@beck-banks.com,Data Engineering Manager,User,United Kingdom,Legitimate Interest,False,Paid Search,2024-12-06
C001932,A01175,Maria,Thomas,maria.thomas@koninklijke.com,"Director, Data Engineering",Champion,United Kingdom,Legitimate Interest,False,Free Trial,2025-08-17
C001933,A01457,Denise,Taylor,denise.taylor@seip.com,Head of Procurement,Blocker,United States,,False,Free Trial,2025-08-03
C001934,A00642,Tim,Knight,tim.knight@guerra.com,Data Engineering Manager,User,Belgium,Legitimate Interest,False,Webinar,2026-05-20
C001935,A00350,Kayleigh,Wolzak,kayleigh.wolzak@lundkvist.com,CISO,Blocker,Norway,Legitimate Interest,False,Partner,2026-01-24
C001936,A00126,Marcus,Cosman,marcus.cosman@ryan.com,N/A,,United States,,False,SDR Outbound,2026-07-16
C001937,A01051,Berend,Zahn,berend.zahn@christoph.com,Head of Data Platform,Champion,Ireland,Legitimate Interest,False,Referral,2026-10-07
C001938,A00343,Bart,Davies,bart.davies@lange.com,Data Engineering Manager,User,United States,,False,Free Trial,2025-07-10
C001939,A01710,Reinhold,Niermann,reinhold.niermann@keudel.com,Head of Data Platform,Champion,Canada,,False,Referral,2025-05-25
C001940,A00574,Catherine,Thorén,catherine.thorén@gutierrez.com,Head of Data Platform,Champion,United States,,False,Paid Search,2024-01-05
C001941,A00622,Marie,Smith,marie.smith@wähner.com,VP Data & Analytics,Economic Buyer,United States,,False,Referral,2024-09-22
C001942,A00340,Lars-Erik,Reynolds,lars-erik.reynolds@haas-miller.com,Head of Procurement,Blocker,United States,,False,Free Trial,2025-11-07
C001943,A00522,Robert,Asplund,robert.asplund@larsson.com,"Director, Data Engineering",Champion,United States,,False,Content Download,2025-08-02
C001944,A01661,Jemma,Wood,jemma.wood@van.com,Chief Data Officer,Economic Buyer,Germany,Legitimate Interest,False,SDR Outbound,2026-10-02
C001945,A01049,Mats,Vrancken,mats.vrancken@nyman.com,Staff Data Engineer,User,Sweden,Legitimate Interest,False,Event,2026-09-09
C001946,A01128,Mary,Lindholm,mary.lindholm@hendrikse.com,Senior Data Engineer,User,Switzerland,Legitimate Interest,False,Paid Search,2026-06-30
C001947,A01497,Nadeschda,van de Ven,nadeschda.van de ven@gustafsson.com,"Director, Data Engineering",Champion,United Kingdom,Legitimate Interest,False,Free Trial,2025-05-12
C001948,A00667,Sami,Niklasson,sami.niklasson@yara.com,Staff Data Engineer,User,Netherlands,Legitimate Interest,False,Partner,2023-03-05
C001949,A01867,Christina,Blom,christina.blom@booker-douglas.com,Senior Data Engineer,User,United Kingdom,Legitimate Interest,False,Free Trial,2023-05-11
C001950,A01677,Dino,Wagenvoort,dino.wagenvoort@hubbard.com,Staff Data Engineer,User,Canada,,False,Content Download,2025-07-12
C001951,A01864,Anette,King,anette.king@hernandez-miller.com,Data Engineering Manager,User,Switzerland,Legitimate Interest,False,Paid Search,2025-10-13
C001952,A01407,Sylvana,Hövel,sylvana.hövel@charles.com,Staff Data Engineer,User,United Kingdom,Legitimate Interest,False,Partner,2026-01-02
C001953,A01067,Amanda,Junitz,amanda.junitz@sauer.com,Analytics Engineer,User,United Kingdom,Legitimate Interest,False,SDR Outbound,2026-07-18
C001954,A01252,Anna,Stone,anna.stone@conway.com,"Director, Data Engineering",Champion,United Kingdom,Legitimate Interest,False,Paid Search,2026-09-29
C001955,A00631,Hans-Joachim,Pohl,hans-joachim.pohl@lindahl.com,test,,United States,,False,Content Download,2026-09-20
C001956,A00521,Mathijs,Scheuermann,mathijs.scheuermann@anderson-perry.com,Staff Data Engineer,User,Germany,Legitimate Interest,False,Webinar,2026-07-01
C001957,A01384,Isabella,Read,isabella.read@fox.com,x,,United States,,False,SDR Outbound,2025-01-07
C001958,A01101,Charlene,Grein Groth,charlene.grein groth@berry.com,Director of Data Platform,Champion,Denmark,Legitimate Interest,False,Referral,2026-06-04
C001959,A01178,Ingrid,Larsson,ingrid.larsson@williams.com,Staff Data Engineer,User,United States,,False,Content Download,2026-07-19
C001960,A00027,Bethany,Karlsson,bethany.karlsson@ahlgren.com,CISO,Blocker,United Kingdom,Legitimate Interest,False,Paid Search,2025-06-29
C001961,A00126,Jenny,Schweitzer,jenny.schweitzer@ryan.com,Staff Data Engineer,User,United States,,False,SDR Outbound,2026-08-05
C001962,A01948,Russell,Olsson,russell.olsson@stichting.com,Head of Data Platform,Champion,Germany,Legitimate Interest,False,Event,2024-09-05
C001963,A00778,Hans-Dieter,de Bruijn,hans-dieter.de bruijn@brown.com,ceo ,,Norway,Legitimate Interest,False,Free Trial,2025-07-15
C001964,A01565,Deborah,Sas,deborah.sas@stolze.com,VP Data,Economic Buyer,United Kingdom,Legitimate Interest,True,Content Download,2025-11-29
C001965,A00986,Thomas,Fiebig,thomas.fiebig@vasquez.com,Head of Procurement,Blocker,United States,,False,Referral,2025-08-31
C001966,A01104,Edeltraut,King,edeltraut.king@schuurmans.com,"Director, Data Engineering",Champion,Germany,Legitimate Interest,False,SDR Outbound,2024-04-05
C001967,A01832,Mare,Åberg,mare.åberg@baxter-foster.com,"Director, Data Engineering",Champion,United States,,False,Paid Search,2026-07-24
C001968,A01615,Carl,Oderwald,carl.oderwald@beckmann.com,Head of Data Platform,Champion,Belgium,Legitimate Interest,False,Paid Search,2026-09-13
C001969,A00416,Sophie,Lindahl,sophie.lindahl@van.com,"Director, Data Engineering",Champion,United States,,False,Paid Search,2025-12-04
C001970,A00061,Angelica,Johansson,angelica.johansson@striebitz.com,Chief Data Officer,Economic Buyer,Canada,,False,Webinar,2025-12-30
C001971,A00339,Bernd,van Stralen,bernd.van stralen@vikström.com,"Director, Data Engineering",Champion,United States,,False,Event,2025-09-03
C001972,A01660,Elias,de Kale,elias.de kale@sundberg.com,Senior Data Engineer,User,Belgium,Legitimate Interest,False,Paid Search,2026-06-24
C001973,A01661,Ernst-August,Farrell,ernst-august.farrell@van.com,intern,,Germany,Legitimate Interest,False,Partner,2026-03-06
C001974,A00110,Kira,Williams,kira.williams@goodwin-lawrence.com,Staff Data Engineer,User,United States,,False,Free Trial,2026-07-03
C001975,A00375,Joshua,Kjellberg,joshua.kjellberg@smith.com,VP Data,Economic Buyer,United States,,False,Referral,2026-07-11
C001976,A00387,Lewis,Mathol,lewis.mathol@moss.com,Head of Data Engineering,Champion,United Kingdom,Legitimate Interest,False,Referral,2026-10-07
C001977,A00091,Patricia,Andersson,patricia.andersson@pearce.com,Staff Data Engineer,User,United States,,False,Partner,2026-08-27
C001978,A01002,Matthew,Nilsson,matthew.nilsson@engman.com,Head of Data Platform,Champion,Germany,Legitimate Interest,False,Content Download,2026-09-27
C001979,A00934,Stefano,Wilson,stefano.wilson@malm.com,-,,United States,,False,Paid Search,2025-07-22
C001980,A01019,Christina,Rohleder,christina.rohleder@olsson.com,Analytics Engineer,User,United States,,False,SDR Outbound,2025-08-03
C001981,A00232,Melissa,Hayes,melissa.hayes@santana-byrd.com,Staff Data Engineer,User,Norway,Legitimate Interest,False,Referral,2026-05-20
C001982,A00938,Carina,Thompson,carina.thompson@ljungberg.com,VP Data,Economic Buyer,Canada,,True,Referral,2025-12-05
C001983,A01747,Joël,Lindström,joël.lindström@crawford-webster.com,Senior Data Engineer,User,United States,,False,Referral,2026-02-13
C001984,A01180,George,Nordqvist,george.nordqvist@van.com,Head of Data Engineering,Champion,United States,,False,Referral,2024-08-09
C001985,A01110,Mara,Hoes,mara.hoes@hakker.com,Data Engineering Manager,User,United States,,False,SDR Outbound,2026-07-10
C001986,A01498,John,Mulder,john.mulder@kennedy.com,Senior Data Engineer,User,United States,,False,Content Download,2025-03-09
C001987,A00465,Kelly,Carlsson,kelly.carlsson@kallert.com,Analytics Engineer,User,United States,,False,Webinar,2025-04-04
C001988,A00742,Gerald,Döring,gerald.döring@zijlemans.com,Analytics Engineer,User,United States,,False,Partner,2026-04-20
C001989,A00874,John,Lübs,john.lübs@axelsson.com,Head of Data Platform,Champion,United States,,False,Paid Search,2026-01-07
C001990,A00205,Maria,van Ginneke,maria.van ginneke@norman.com,Head of Procurement,Blocker,Ireland,Legitimate Interest,False,SDR Outbound,2024-09-22
C001991,A00904,Dale,Boone,dale.boone@hawkins.com,Head of Data Engineering,Champion,United States,,False,Event,2026-01-21
C001992,A00099,Joy,van Geffen,joy.van geffen@johansson.com,VP Data,Economic Buyer,Canada,,False,Partner,2026-04-18
C001993,A00160,Jacqueline,Nyberg,jacqueline.nyberg@trommler.com,ceo ,,United States,,False,Event,2025-08-01
C001994,A01728,Amber,Haering,amber.haering@moberg.com,Analytics Engineer,User,United States,,False,Referral,2026-10-05
C001995,A00345,Ties,Hedlund,ties.hedlund@davis-gregory.com,Head of Procurement,Blocker,Netherlands,Legitimate Interest,False,Content Download,2024-11-30
C001996,A00801,Victor,Ibrahim,victor.ibrahim@baum.com,Staff Data Engineer,User,United States,,False,Free Trial,2026-09-10
C001997,A01492,Evelien,Patel,evelien.patel@eriksson.com,Senior Data Engineer,User,United States,,False,Referral,2026-10-07
C001998,A00507,Carolyn,Koster,carolyn.koster@albers.com,Staff Data Engineer,User,Austria,Legitimate Interest,False,Webinar,2023-09-30
C001999,A00330,Julian,McLean,julian.mclean@johansson.com,Data Engineering Manager,User,Ireland,Legitimate Interest,False,Partner,2025-11-24
C002000,A00749,Mart,Edwards,mart.edwards@watson.com,Senior Data Engineer,User,United States,,False,Event,2026-10-08
C002001,A01000,Jessica,Sjödin,jessica.sjödin@royal.com,Data Engineering Manager,User,United States,,False,SDR Outbound,2026-03-11
C002002,A00204,Glenda,Eriksson,glenda.eriksson@de.com,Director of Data Platform,Champion,United States,,False,Content Download,2024-07-13
C002003,A01221,Shaun,Price,shaun.price@van.com,"Director, Data Engineering",Champion,United Kingdom,Legitimate Interest,False,Free Trial,2026-07-20
C002004,A00169,Oskar,Bertho,oskar.bertho@olsson.com,CISO,Blocker,Denmark,Legitimate Interest,False,Partner,2025-09-21
C002005,A00023,Ties,van Bruchem,ties.van bruchem@mitchell.com,Head of Data Engineering,Champion,United States,,False,Free Trial,2023-08-09
C002006,A01364,Samuel,Hein,samuel.hein@linschoten.com,Head of Data Platform,Champion,United Kingdom,Legitimate Interest,False,Paid Search,2024-10-23
C002007,A00200,Pasquale,Naser,pasquale.naser@larsson.com,Senior Data Engineer,User,United Kingdom,Legitimate Interest,False,Partner,2026-01-19
C002008,A00657,Leslie,Davis,leslie.davis@hellberg.com,Head of Data Platform,Champion,United States,,False,Webinar,2025-07-18
C002009,A01262,Christina,Baker,christina.baker@hammarström.com,Head of Data Platform,Champion,Germany,Legitimate Interest,False,SDR Outbound,2024-05-04
C002010,A00443,Rayan,Hodges,rayan.hodges@juncken.com,CISO,Blocker,Netherlands,Legitimate Interest,False,Referral,2026-05-14
C002011,A00050,Jasmine,Green,jasmine.green@karlsson.com,Head of Data Platform,Champion,Austria,Legitimate Interest,False,Free Trial,2025-05-10
C002012,A01502,Bengt,Fox,bengt.fox@austermühle.com,"Director, Data Engineering",Champion,United States,,False,Event,2024-09-06
C002013,A00233,Torsten,Harris,torsten.harris@williams.com,VP Data,Economic Buyer,United Kingdom,,False,Event,2026-07-14
C002014,A00057,Mathijs,Wilson,mathijs.wilson@gustafsson.com,Senior Data Engineer,User,Germany,Legitimate Interest,False,Partner,2026-08-01
C002015,A01435,Guiseppe,Andersson,guiseppe.andersson@gröttner.com,"Director, Data Engineering",Champion,United States,,False,Event,2025-12-22
C002016,A00428,Christine,Lönn,christine.lönn@hoelen.com,Head of Data Platform,Champion,Ireland,Legitimate Interest,False,Event,2026-08-07
C002017,A01617,Gerard,Johnsson,gerard.johnsson@lidén.com,Analytics Engineer,User,Netherlands,Legitimate Interest,False,SDR Outbound,2026-10-02
C002018,A01416,Quinty,Smith,quinty.smith@johansson.com,Senior Data Engineer,User,Germany,Legitimate Interest,False,Free Trial,2026-06-07
C002019,A00845,Mandy,Jones,mandy.jones@segebahn.com,Head of Data Engineering,Champion,Denmark,Legitimate Interest,False,Partner,2026-09-21
C002020,A00181,Joseph,Wilkinson,joseph.wilkinson@reuter.com,Data Engineering Manager,User,United States,,False,Event,2024-10-25
C002021,A00063,Chloë,Ullrich,chloë.ullrich@davids.com,Head of Data Engineering,Champion,United States,,False,SDR Outbound,2023-08-04
C002022,A00500,Carl,Svensson,carl.svensson@jones.com,IT Security Manager,Blocker,Ireland,Legitimate Interest,False,Content Download,2026-07-31
C002023,A00876,John,Geißler,john.geißler@kemp.com,Director of Data Platform,Champion,United States,,False,Webinar,2025-03-23
C002024,A01944,Anika,Mason,anika.mason@stadelmann.com,DATA ENG,,United States,,False,Partner,2026-09-06
C002025,A01298,Phillip,Parker,phillip.parker@riley.com,Data Engineering Manager,User,United Kingdom,Legitimate Interest,False,SDR Outbound,2026-08-30
C002026,A00680,Wayne,Taylor,wayne.taylor@renner.com,Senior Data Engineer,User,United States,,False,Partner,2026-06-04
C002027,A01775,Christiana,Misicher,christiana.misicher@reichmann.com,Data Engineering Manager,User,United Kingdom,Legitimate Interest,False,Event,2025-07-01
C002028,A01502,Sandra,Ellis,sandra.ellis@austermühle.com,Senior Data Engineer,User,United States,,False,Event,2025-05-27
C002029,A01426,Shaun,Nyman,shaun.nyman@williams.com,Analytics Engineer,User,Germany,Legitimate Interest,False,SDR Outbound,2024-01-16
C002030,A01450,Tonya,Savage,tonya.savage@onvz.com,Head of Data Engineering,Champion,Ireland,Legitimate Interest,False,Content Download,2025-05-01
C002031,A00714,Aylin,de Roo,aylin.de roo@wheeler.com,Chief Information Officer,Economic Buyer,Sweden,Legitimate Interest,False,Event,2026-01-14
C002032,A01993,Anna,van den Velde,anna.van den velde@mülichen.com,Staff Data Engineer,User,Sweden,,False,Content Download,2026-09-11
C002033,A00646,Victoria,Henriksson,victoria.henriksson@wilson.com,Analytics Engineer,User,United States,,False,Free Trial,2025-10-26
C002034,A00888,Britt-Marie,Puig,britt-marie.puig@buck-holland.com,Analytics Engineer,User,United Kingdom,Legitimate Interest,False,Content Download,2026-04-18
C002035,A01124,Sandra,Heath,sandra.heath@royal.com,Data Engineering Manager,User,United Kingdom,,False,Event,2024-03-21
C002036,A00024,Guus,Clark,guus.clark@koninklijke.com,Analytics Engineer,User,United States,,False,SDR Outbound,2025-06-29
C002037,A01329,Yasmin,Drub,yasmin.drub@gonzalez.com,Head of Data Engineering,Champion,United States,,False,Event,2024-02-11
C002038,A00983,Mila,de Bruin,mila.de bruin@kelly-schultz.com,Senior Data Engineer,User,United States,,False,Free Trial,2026-01-28
C002039,A01824,Peter-Michael,Edwards,peter-michael.edwards@lindskog.com,Senior Data Engineer,User,United States,,True,Webinar,2026-07-03
C002040,A01820,Andrew,Williams,andrew.williams@risma.com,Data Engineering Manager,User,United States,,False,Event,2026-06-22
C002041,A00712,Barbara,Olsson,barbara.olsson@hamann.com,Staff Data Engineer,User,United States,,False,Webinar,2026-08-22
C002042,A01981,Francesca,Kroker,francesca.kroker@lowe.com,Staff Data Engineer,User,United States,,False,Free Trial,2026-02-25
C002043,A00269,Patrick,Lester,patrick.lester@zirme.com,Staff Data Engineer,User,United States,,False,Free Trial,2023-11-20
C002044,A01372,Luca,de Vroege,luca.de vroege@stenström.com,VP Data,Economic Buyer,United States,,False,Referral,2026-06-27
C002045,A01675,Joy,de Backer,joy.de backer@simons.com,Senior Data Engineer,User,United States,,False,SDR Outbound,2025-12-03
C002046,A01394,Gillian,Sanderson,gillian.sanderson@svensson.com,Data Engineering Manager,User,Sweden,Legitimate Interest,False,Partner,2026-01-23
C002047,A00354,John,Bartlett,john.bartlett@doyle.com,VP Data,Economic Buyer,United States,,False,Referral,2025-05-04
C002048,A01557,Kenneth,Bell,kenneth.bell@svensson.com,Data Engineering Manager,User,Netherlands,Legitimate Interest,False,SDR Outbound,2026-08-13
C002049,A01711,Pippa,Elsenaar,pippa.elsenaar@otto.com,Head of Procurement,Blocker,Austria,Legitimate Interest,False,Referral,2025-06-15
C002050,A00576,Lennart,Larsson,lennart.larsson@murphy.com,Director of Data Platform,Champion,Canada,,False,Event,2024-07-29
C002051,A01360,Sarah,Dirven,sarah.dirven@moss.com,Senior Data Engineer,User,Canada,,False,Webinar,2026-08-19
C002052,A01347,Maximilian,Kemp,maximilian.kemp@koninklijke.com,DATA ENG,,United States,,False,SDR Outbound,2026-03-24
C002053,A01097,Göran,Thomas,göran.thomas@trupp.com,IT Security Manager,Blocker,United States,,False,Free Trial,2026-04-15
C002054,A01970,Klas,Hicks,klas.hicks@blomkvist.com,Senior Data Engineer,User,United States,,False,SDR Outbound,2025-04-06
C002055,A01276,Olof,der Kijnder,olof.der kijnder@winters.com,Data Engineering Manager,User,Ireland,Legitimate Interest,False,Free Trial,2026-04-17
C002056,A00881,Ludwina,Johansson,ludwina.johansson@mitschke.com,Head of Data Platform,Champion,Norway,Legitimate Interest,False,Content Download,2026-03-11
C002057,A00411,Matti,Birnbaum,matti.birnbaum@owen.com,Head of Procurement,Blocker,United Kingdom,Legitimate Interest,False,Partner,2024-06-18
C002058,A01588,Carolina,van Soest,carolina.van soest@jacobson.com,Senior Data Engineer,User,United States,,False,Event,2026-05-29
C002059,A01684,Linn,Andersson,linn.andersson@stichting.com,Analytics Engineer,User,United States,,False,Content Download,2025-11-10
C002060,A01271,Ingrid,Karlsson,ingrid.karlsson@royal.com,Chief Information Officer,Economic Buyer,Denmark,Legitimate Interest,False,Partner,2026-01-15
C002061,A01023,Gemma,Speer,gemma.speer@björk.com,Data Engineering Manager,User,Switzerland,Legitimate Interest,False,Referral,2026-07-16
C002062,A00934,Kiki,Fechner,kiki.fechner@malm.com,Staff Data Engineer,User,United States,,False,Free Trial,2025-04-12
C002063,A00166,Dominic,Jensen,dominic.jensen@morales.com,Data Engineering Manager,User,United States,,False,Free Trial,2023-11-11
C002064,A00070,Richard,Thomas,richard.thomas@klemt.com,Data Engineering Manager,User,Switzerland,Legitimate Interest,False,Webinar,2026-09-25
C002065,A00630,Aleksander,Chamberlain,aleksander.chamberlain@davison.com,Chief Data Officer,Economic Buyer,United States,,False,Paid Search,2026-03-26
C002066,A00440,Inge,Pugh,inge.pugh@briemer.com,Head of Data Platform,Champion,Canada,,False,Content Download,2026-07-26
C002067,A00168,Karl,Savage,karl.savage@wilson.com,CISO,Blocker,Austria,Legitimate Interest,False,SDR Outbound,2024-12-06
C002068,A01973,Frank,Baker,frank.baker@microsoft.com,Data Engineering Manager,User,United States,,False,Content Download,2026-09-20
C002069,A01371,Lois,Robinson,lois.robinson@lambers.com,IT Security Manager,Blocker,United States,,False,Partner,2025-06-05
C002070,A00538,Ellie,Heijmans,ellie.heijmans@johnson.com,Analytics Engineer,User,United Kingdom,Legitimate Interest,False,Event,2024-10-15
C002071,A00057,Elizabeth,Schmiedt,elizabeth.schmiedt@gustafsson.com,Senior Data Engineer,User,Germany,Legitimate Interest,False,Paid Search,2026-08-15
C002072,A00556,Mirjana,Rijcken,mirjana.rijcken@andersson.com,ceo ,,United States,,False,Event,2026-07-27
C002073,A01457,Aurora,Schüler,aurora.schüler@seip.com,Manager,,United States,,False,Partner,2024-10-18
C002074,A01186,Annelies,King,annelies.king@bärer.com,Chief Information Officer,Economic Buyer,United Kingdom,Legitimate Interest,False,Content Download,2026-07-15
C002075,A00709,Anita,Scheibe,anita.scheibe@richardson-evans.com,Staff Data Engineer,User,United Kingdom,Legitimate Interest,False,Free Trial,2025-07-15
C002076,A01332,Eric,Hamilton,eric.hamilton@sutton-kelly.com,Director of Data Platform,Champion,United Kingdom,Legitimate Interest,False,Webinar,2025-09-01
C002077,A01338,Matthäus,Gustafsson,matthäus.gustafsson@kathagen.com,Data Engineering Manager,User,United States,,False,Webinar,2024-11-09
C002078,A00772,Bradley,Gustafsson,bradley.gustafsson@textor.com,Senior Data Engineer,User,United Kingdom,Legitimate Interest,False,Event,2025-09-04
C002079,A00626,Eitel,Duffy,eitel.duffy@murray.com,Director of Data Platform,Champion,United States,,False,SDR Outbound,2025-11-04
C002080,A00151,Frederick,Keijser,frederick.keijser@marshall-rogers.com,Analytics Engineer,User,Netherlands,Legitimate Interest,False,Content Download,2026-09-24
C002081,A01833,Heidi,Holm,heidi.holm@stey.com,Head of Procurement,Blocker,United States,,False,Free Trial,2026-07-27
C002082,A01447,Sten,Hansson,sten.hansson@reed.com,Senior Data Engineer,User,United States,,False,Free Trial,2026-04-15
C002083,A01223,John,Jonsson,john.jonsson@jarl.com,Director of Data Platform,Champion,United States,,False,Content Download,2025-01-01
C002084,A00866,Kimberly,Graham,kimberly.graham@damen.com,Staff Data Engineer,User,United Kingdom,Legitimate Interest,False,Event,2025-11-01
C002085,A01070,Jan,van Northeim,jan.van northeim@koninklijke.com,Director of Data Platform,Champion,Germany,Legitimate Interest,False,Referral,2025-12-24
C002086,A00259,Matthew,Drubin,matthew.drubin@lindberg.com,Analytics Engineer,User,United Kingdom,Legitimate Interest,False,Webinar,2026-04-11
C002087,A01359,Hubert,van Veen,hubert.van veen@bmc.com,Staff Data Engineer,User,Sweden,Legitimate Interest,False,Referral,2025-05-23
C002088,A00624,Elize,Stevenson,elize.stevenson@knappe.com,Chief Data Officer,Economic Buyer,Germany,Legitimate Interest,False,Content Download,2026-08-13
C002089,A00256,Mitchell,Morrison,mitchell.morrison@williams.com,Director of Data Platform,Champion,United States,,False,Partner,2026-08-30
C002090,A00963,Tom,Anderson,tom.anderson@coca-cola.com,Chief Data Officer,Economic Buyer,Netherlands,Legitimate Interest,False,Referral,2026-03-22
C002091,A00263,Oskar,Garcia,oskar.garcia@striebitz.com,Director of Data Platform,Champion,Germany,Legitimate Interest,False,Free Trial,2025-03-28
C002092,A00950,Laura,Hernandez,laura.hernandez@li.com,Senior Data Engineer,User,Netherlands,Legitimate Interest,False,Free Trial,2025-11-04
C002093,A00009,Adriana,Michael,adriana.michael@vinci.com,Staff Data Engineer,User,United States,,False,Free Trial,2024-11-23
C002094,A01710,Lee,Ruiz,lee.ruiz@keudel.com,CISO,Blocker,Canada,,False,SDR Outbound,2025-11-06
C002095,A00527,Dennis,Stiebitz,dennis.stiebitz@miller.com,Head of Procurement,Blocker,United States,,False,Webinar,2026-04-04
C002096,A00054,Gitta,Axelsson,gitta.axelsson@medina.com,Staff Data Engineer,User,United States,,False,SDR Outbound,2026-01-08
C002097,A00057,Dylan,Ditschlerin,dylan.ditschlerin@gustafsson.com,Analytics Engineer,User,Germany,,False,Webinar,2026-07-29
C002098,A00286,Wendy,Mcneil,wendy.mcneil@kuhl.com,CISO,Blocker,Belgium,Legitimate Interest,False,Content Download,2026-07-10
C002099,A00358,Abbas,Pearson,abbas.pearson@van.com,test,,United States,,False,Webinar,2025-12-18
C002100,A01289,Maya,Hagendoorn,maya.hagendoorn@svensson.com,Head of Data Engineering,Champion,United States,,False,Content Download,2025-08-03
C002101,A00579,Denise,Schmiedt,denise.schmiedt@ali.com,Senior Data Engineer,User,United States,,False,SDR Outbound,2026-05-02
C002102,A00161,Carl,Granström,carl.granström@thomas-holloway.com,VP Data,Economic Buyer,United Kingdom,Legitimate Interest,False,Content Download,2026-09-27
C002103,A01290,Steven,Franke,steven.franke@stichting.com,VP Data & Analytics,Economic Buyer,Belgium,Legitimate Interest,False,Referral,2026-09-29
C002104,A01346,Daniel,Ericsson,daniel.ericsson@beard-gutierrez.com,"Director, Data Engineering",Champion,Belgium,Legitimate Interest,False,Referral,2023-09-18
C002105,A01840,Anton,Vink,anton.vink@mude.com,Head of Procurement,Blocker,Netherlands,Legitimate Interest,False,Free Trial,2024-11-12
C002106,A01013,Annette,van Henegouwen,annette.van henegouwen@nordström.com,Director of Data Platform,Champion,United Kingdom,Legitimate Interest,False,SDR Outbound,2026-08-07
C002107,A01453,Urszula,Gustavsson,urszula.gustavsson@metz.com,Analytics Engineer,User,United States,,False,Free Trial,2026-03-18
C002108,A00512,Sten,James,sten.james@olsson.com,Staff Data Engineer,User,United States,,False,Partner,2025-10-21
C002109,A01916,Gitta,Häring,gitta.häring@thanel.com,Head of Data Platform,Champion,Belgium,Legitimate Interest,False,Event,2024-04-05
C002110,A01989,Bethany,Campbell,bethany.campbell@small-lewis.com,Data Engineering Manager,User,Belgium,Legitimate Interest,False,Partner,2026-01-19
C002111,A00089,Christopher,Sjöberg,christopher.sjöberg@marklund.com,Data Engineering Manager,User,United States,,False,Partner,2026-09-15
C002112,A00359,Raymond,Holthuis,raymond.holthuis@morrison-mitchell.com,Chief Data Officer,Economic Buyer,Ireland,,False,Partner,2026-10-06
C002113,A00087,Liam,Winkler,liam.winkler@bohnbach.com,Director of Data Platform,Champion,United States,,False,SDR Outbound,2026-06-27
C002114,A01148,Heiderose,Sager,heiderose.sager@karlsson.com,Analytics Engineer,User,Ireland,Legitimate Interest,False,Webinar,2025-07-16
C002115,A01988,Hayley,van 't Houteveen,hayley.van 't houteveen@leonard.com,intern,,United States,,False,Content Download,2024-08-15
C002116,A01869,Sarah,Nilsson,sarah.nilsson@roberts.com,Head of Procurement,Blocker,United States,,False,Content Download,2026-04-09
C002117,A00233,Tania,Bowen,tania.bowen@williams.com,Senior Data Engineer,User,United Kingdom,Legitimate Interest,False,SDR Outbound,2026-07-02
C002118,A00228,Michael,Lonen,michael.lonen@ali.com,Senior Data Engineer,User,Germany,Legitimate Interest,False,Event,2025-12-19
C002119,A01035,Celal,Johnson,celal.johnson@de.com,Staff Data Engineer,User,United States,,False,Partner,2024-12-12
C002120,A00018,Reinhard,Cartwright,reinhard.cartwright@hickman.com,Head of Data Platform,Champion,United States,,False,Content Download,2026-07-12
C002121,A01142,Inaya,Veenstra,inaya.veenstra@kroker.com,intern,,United Kingdom,Legitimate Interest,False,Event,2025-09-17
C002122,A01602,Hugo,Weinhage,hugo.weinhage@jones.com,IT Security Manager,Blocker,United States,,False,Paid Search,2026-05-10
C002123,A01990,Inaya,Weitzel,inaya.weitzel@heyne.com,Analytics Engineer,User,United States,,False,Referral,2026-10-05
C002124,A00741,Maria,Bailey,maria.bailey@gibson-ward.com,Staff Data Engineer,User,United States,,False,Partner,2026-05-08
C002125,A01292,Tony,Geldens,tony.geldens@davids.com,Staff Data Engineer,User,Netherlands,Legitimate Interest,True,Partner,2025-03-08
C002126,A00084,Nova,Finke,nova.finke@de.com,Analytics Engineer,User,Norway,Legitimate Interest,False,Paid Search,2026-05-17
C002127,A00091,Nicole,Lewis,nicole.lewis@pearce.com,Data Engineering Manager,User,United States,,False,Free Trial,2026-08-08
C002128,A00550,Veerle,Gutknecht,veerle.gutknecht@jones.com,Staff Data Engineer,User,United Kingdom,Legitimate Interest,False,Free Trial,2026-07-08
C002129,A00484,Helen,Townsend,helen.townsend@moses-miller.com,Data Engineering Manager,User,Netherlands,Legitimate Interest,False,Content Download,2026-09-07
C002130,A00076,Ingelore,Schmiedecke,ingelore.schmiedecke@van.com,Senior Data Engineer,User,United Kingdom,,False,Paid Search,2025-06-26
C002131,A00605,Michel,Garcia,michel.garcia@black.com,Analytics Engineer,User,United States,,False,Referral,2026-06-30
C002132,A00323,Ivar,Ross,ivar.ross@kade.com,Chief Data Officer,Economic Buyer,Belgium,Legitimate Interest,False,Event,2024-07-29
C002133,A01201,Kristoffer,van der Heiden,kristoffer.van der heiden@jackson.com,IT Security Manager,Blocker,Norway,Legitimate Interest,False,Referral,2026-04-12
C002134,A00825,Eivor,Ek,eivor.ek@cruz.com,-,,Germany,Legitimate Interest,False,Event,2026-05-13
C002135,A01517,Spencer,Larsson,spencer.larsson@schmidt.com,Analytics Engineer,User,United States,,False,Referral,2024-03-02
C002136,A01936,Yvonne,Brouwer,yvonne.brouwer@carlsson.com,Head of Data Platform,Champion,Netherlands,,False,Partner,2025-10-11
C002137,A00447,Meik,Russell,meik.russell@dougherty-lin.com,Director of Data Platform,Champion,United States,,False,Referral,2026-07-31
C002138,A01181,Thomas,van Loon,thomas.van loon@jacob.com,VP Data & Analytics,Economic Buyer,United Kingdom,Legitimate Interest,False,Partner,2025-12-22
C002139,A01263,Birgitta,Schäfer,birgitta.schäfer@hopkins.com,Head of Data Platform,Champion,United States,,False,Webinar,2026-10-02
C002140,A01039,Barbara,Jacob,barbara.jacob@bonilla.com,Head of Data Platform,Champion,United States,,False,SDR Outbound,2025-08-14
C002141,A01091,Lisa,Erlandsson,lisa.erlandsson@söding.com,Analytics Engineer,User,United Kingdom,Legitimate Interest,False,Partner,2026-08-19
C002142,A01839,Adam,Eriksson,adam.eriksson@andersson.com,intern,,Germany,Legitimate Interest,False,Webinar,2026-10-07
C002143,A01239,Barbara,Frost,barbara.frost@schuchhardt.com,Analytics Engineer,User,United States,,False,Event,2026-07-13
C002144,A01239,Boaz,Lang,boaz.lang@schuchhardt.com,test,,United States,,False,Content Download,2026-01-24
C002145,A01117,Antonietta,Söderberg,antonietta.söderberg@royal.com,Chief Data Officer,Economic Buyer,United Kingdom,Legitimate Interest,False,Content Download,2026-01-10
C002146,A01549,Warren,Wilmsen,warren.wilmsen@booth-wheeler.com,Staff Data Engineer,User,Germany,Legitimate Interest,False,Event,2025-03-05
C002147,A01123,Eva,Mijsberg,eva.mijsberg@koninklijke.com,Staff Data Engineer,User,United States,,False,Referral,2026-09-16
C002148,A01417,Ester,Zahn,ester.zahn@larsson.com,Data Engineering Manager,User,United States,,False,Event,2026-03-24
C002149,A00645,Melissa,Vergeer,melissa.vergeer@stichting.com,Head of Data Platform,Champion,Germany,Legitimate Interest,False,SDR Outbound,2026-02-23
C002150,A00602,Janice,Brown,janice.brown@de.com,Staff Data Engineer,User,Switzerland,Legitimate Interest,False,Partner,2026-10-01
C002151,A00528,Daniel,Seifert,daniel.seifert@koninklijke.com,Chief Information Officer,Economic Buyer,United States,,True,Free Trial,2024-10-08
C002152,A01394,Catherine,Garcia,catherine.garcia@svensson.com,Chief Information Officer,Economic Buyer,Sweden,Legitimate Interest,False,SDR Outbound,2023-07-10
C002153,A00769,Gunther,Steckel,gunther.steckel@dussen.com,Staff Data Engineer,User,United States,,False,Free Trial,2025-05-30
C002154,A01306,Senol,Howe,senol.howe@olsson.com,Analytics Engineer,User,United Kingdom,Legitimate Interest,False,Referral,2026-05-02
C002155,A00192,Ben,Dietz,ben.dietz@junitz.com,Data Engineering Manager,User,Sweden,Legitimate Interest,False,Partner,2025-03-10
C002156,A00188,Lorenz,Möller,lorenz.möller@van.com,Staff Data Engineer,User,United Kingdom,Legitimate Interest,False,Webinar,2025-07-17
C002157,A01020,Charles,Wong,charles.wong@gierschner.com,Analytics Engineer,User,United States,,False,Paid Search,2026-10-07
C002158,A00244,Stephanie,Osborne,stephanie.osborne@walker.com,Staff Data Engineer,User,United States,,False,Paid Search,2025-03-18
C002159,A00876,Walli,Clark,walli.clark@kemp.com,Head of Procurement,Blocker,United States,,False,Paid Search,2025-07-16
C002160,A00656,Nout,Mason,nout.mason@haglund.com,Analytics Engineer,User,United States,,False,Free Trial,2026-06-22
C002161,A00846,Tomas,Olson,tomas.olson@d'.com,Staff Data Engineer,User,United Kingdom,Legitimate Interest,False,Paid Search,2025-06-30
C002162,A00022,Lars,Kelly,lars.kelly@forsgren.com,Data Engineering Manager,User,Canada,,False,Partner,2024-03-17
C002163,A00656,Michael,Lind,michael.lind@haglund.com,Senior Data Engineer,User,United States,,False,Paid Search,2026-06-23
C002164,A00848,Signe,Bartlett,signe.bartlett@mohaupt.com,Analytics Engineer,User,Canada,,False,Content Download,2026-10-03
C002165,A01037,Linnea,Gay,linnea.gay@johansson.com,Staff Data Engineer,User,Denmark,Legitimate Interest,False,Paid Search,2025-02-14
C002166,A00014,Jacob,Fritsch,jacob.fritsch@wiek.com,Staff Data Engineer,User,Sweden,Legitimate Interest,False,Event,2025-10-14
C002167,A01617,Lisa,Einarsson,lisa.einarsson@lidén.com,Senior Data Engineer,User,Netherlands,Legitimate Interest,False,SDR Outbound,2026-09-24
C002168,A00732,Ansgar,Krebs,ansgar.krebs@smith.com,IT Security Manager,Blocker,United Kingdom,Legitimate Interest,False,Partner,2026-04-07
C002169,A00290,Faas,Olsson,faas.olsson@de.com,Data Engineering Manager,User,United States,,False,SDR Outbound,2026-01-26
C002170,A00039,Jurre,Bates,jurre.bates@house.com,Head of Data Platform,Champion,Belgium,Legitimate Interest,False,Free Trial,2025-12-10
C002171,A00668,Liz,Norén,liz.norén@armstrong.com,Staff Data Engineer,User,United States,,False,Content Download,2026-03-02
C002172,A01769,Theresa,Lee,theresa.lee@lindblom.com,Senior Data Engineer,User,United States,,False,Free Trial,2025-08-24
C002173,A01025,Dana,de Keijser,dana.de keijser@mcfarland.com,CISO,Blocker,Sweden,Legitimate Interest,False,Webinar,2026-08-10
C002174,A01743,Franca,Gumprich,franca.gumprich@ali.com,VP Data,Economic Buyer,United States,,False,Webinar,2023-10-18
C002175,A01309,Benjamin,Harper,benjamin.harper@phillips.com,Director of Data Platform,Champion,United States,,False,Webinar,2026-08-28
C002176,A00817,Alfons,Seip,alfons.seip@fry.com,Manager,,Germany,Legitimate Interest,False,Webinar,2026-08-11
C002177,A00401,Senol,Montes,senol.montes@matthäi.com,Analytics Engineer,User,United States,,False,Partner,2026-06-03
C002178,A01717,David,Watts,david.watts@langevoort.com,Manager,,Denmark,Legitimate Interest,False,Free Trial,2026-08-05
C002179,A00362,Anita,Watkins,anita.watkins@johansson.com,Data Engineering Manager,User,United States,,False,Partner,2024-11-07
C002180,A01648,Aimée,Östberg,aimée.östberg@khalil.com,Head of Data Engineering,Champion,United States,,False,Event,2026-10-08
C002181,A00773,Ernst-Dieter,Persson,ernst-dieter.persson@engdahl.com,Analytics Engineer,User,Sweden,Legitimate Interest,False,Free Trial,2026-08-06
C002182,A01106,Ismail,Reising,ismail.reising@mosley.com,Senior Data Engineer,User,United Kingdom,Legitimate Interest,False,Webinar,2024-09-19
C002183,A01238,Mehmet,Trevino,mehmet.trevino@åberg.com,ceo ,,United Kingdom,Legitimate Interest,False,Paid Search,2026-09-22
C002184,A00093,Sheila,Booth,sheila.booth@lövgren.com,data guy,,Ireland,Legitimate Interest,False,Event,2026-04-21
C002185,A01631,Jan,Karge,jan.karge@clark-kennedy.com,ceo ,,Switzerland,Legitimate Interest,False,Event,2025-06-04
C002186,A01922,Damian,Holm,damian.holm@granath.com,Director of Data Platform,Champion,Austria,Legitimate Interest,False,Event,2026-07-19
C002187,A00359,Mike,Ladeck,mike.ladeck@morrison-mitchell.com,Data Engineering Manager,User,Ireland,Legitimate Interest,False,Partner,2026-04-09
C002188,A01835,Anthony,Junken,anthony.junken@cherry-young.com,CISO,Blocker,United States,,False,Referral,2024-12-30
C002189,A01632,Colin,Begum,colin.begum@reynolds.com,Staff Data Engineer,User,United States,,True,SDR Outbound,2025-07-14
C002190,A01583,Christina,Cox,christina.cox@watts.com,Staff Data Engineer,User,United States,,False,Referral,2026-09-24
C002191,A01304,Theresa,Junck,theresa.junck@duncan-williams.com,Senior Data Engineer,User,Belgium,Legitimate Interest,False,Referral,2026-07-28
C002192,A00575,Ian,Jackson,ian.jackson@goddard.com,VP Data,Economic Buyer,Netherlands,Legitimate Interest,False,Free Trial,2026-09-13
C002193,A00685,Jesse,Jockel,jesse.jockel@gilbert.com,Analytics Engineer,User,Germany,Legitimate Interest,True,Free Trial,2026-05-09
C002194,A01395,Julia,Cain,julia.cain@kramer.com,Senior Data Engineer,User,Denmark,Legitimate Interest,False,Webinar,2023-07-13
C002195,A01484,Saga,Gustafsson,saga.gustafsson@ljungberg.com,Senior Data Engineer,User,United States,,False,Free Trial,2025-10-27
C002196,A00151,Emmy,Woodard,emmy.woodard@marshall-rogers.com,VP Data & Analytics,Economic Buyer,Netherlands,Legitimate Interest,False,Free Trial,2026-06-07
C002197,A00853,Larry,Geldens,larry.geldens@van.com,Director of Data Platform,Champion,United States,,False,Webinar,2025-10-02
C002198,A01783,Julius,Taylor,julius.taylor@hall-moore.com,Analytics Engineer,User,United States,,False,Content Download,2026-02-11
C002199,A00102,Stacy,Abrahamsson,stacy.abrahamsson@robinson-brock.com,Senior Data Engineer,User,Norway,Legitimate Interest,False,Event,2026-08-10
C002200,A01861,Berend,Wolters,berend.wolters@verhaar.com,N/A,,United States,,False,SDR Outbound,2025-12-23
C002201,A00941,Carlijn,Baker,carlijn.baker@gutknecht.com,Analytics Engineer,User,Netherlands,,False,SDR Outbound,2026-10-08
C002202,A00899,Sara,Reeves,sara.reeves@jimenez.com,Staff Data Engineer,User,Germany,Legitimate Interest,False,Paid Search,2026-08-08
C002203,A01524,Jeffrey,Nilsson,jeffrey.nilsson@abbott.com,Chief Data Officer,Economic Buyer,Canada,,False,Referral,2026-06-02
C002204,A01924,Crystal,Ruiz,crystal.ruiz@hughes.com,Chief Data Officer,Economic Buyer,United States,,False,Partner,2026-09-24
C002205,A01779,Leslie,Eriksson,leslie.eriksson@tauw.com,Data Engineering Manager,User,Switzerland,Legitimate Interest,False,Webinar,2026-08-21
C002206,A01732,Adam,Sjöberg,adam.sjöberg@wilms.com,Head of Data Engineering,Champion,Netherlands,Legitimate Interest,False,Webinar,2023-09-05
C002207,A00200,Lena,Hughes,lena.hughes@larsson.com,CISO,Blocker,United Kingdom,Legitimate Interest,False,Paid Search,2026-09-17
C002208,A00934,Darren,Meyer,darren.meyer@malm.com,IT Security Manager,Blocker,United States,,False,Partner,2024-10-14
C002209,A01279,Eva,Mason,eva.mason@royal.com,Senior Data Engineer,User,United States,,False,Event,2026-07-02
C002210,A01531,Moritz,Gibbons,moritz.gibbons@kranz.com,Senior Data Engineer,User,United Kingdom,Legitimate Interest,False,Referral,2026-06-08
C002211,A01804,Rickard,Gunnarsson,rickard.gunnarsson@lowery.com,Senior Data Engineer,User,United States,,False,Paid Search,2024-12-16
C002212,A00150,Amber,Mann,amber.mann@geldens.com,Analytics Engineer,User,Austria,Legitimate Interest,False,Content Download,2024-07-06
C002213,A00710,Friederike,Karlsson,friederike.karlsson@janssen.com,test,,United States,,True,Partner,2026-07-29
C002214,A00188,Richard,Morris,richard.morris@van.com,Head of Data Platform,Champion,United Kingdom,Legitimate Interest,False,Referral,2025-10-28
C002215,A00341,Melissa,Bradley,melissa.bradley@smith.com,Head of Data Platform,Champion,United States,,False,Paid Search,2026-08-13
C002216,A00739,Erik,Daniels,erik.daniels@roman-nelson.com,Analytics Engineer,User,United States,,False,Webinar,2026-09-29
C002217,A00634,Jerry,Morris,jerry.morris@seifert.com,Chief Data Officer,Economic Buyer,United States,,False,Event,2026-06-26
C002218,A01087,Gabriella,Arnold,gabriella.arnold@briere.com,CISO,Blocker,United States,,False,Partner,2025-12-03
C002219,A00719,Veronika,Andrews,veronika.andrews@gilbert.com,x,,Germany,Legitimate Interest,False,SDR Outbound,2026-09-25
C002220,A01397,Jamie,Gutierrez,jamie.gutierrez@garner.com,"Director, Data Engineering",Champion,United States,,False,Referral,2024-01-06
C002221,A01086,Harri,Jeggij,harri.jeggij@walker.com,Senior Data Engineer,User,United States,,False,Partner,2025-06-03
C002222,A00783,Eileen,Melton,eileen.melton@dunlap.com,Senior Data Engineer,User,Germany,Legitimate Interest,False,Content Download,2024-04-07
C002223,A01097,Zita,de Groot,zita.de groot@trupp.com,Chief Information Officer,Economic Buyer,United States,,True,Event,2026-07-20
C002224,A00759,Frida,Marchand,frida.marchand@haering.com,Director of Data Platform,Champion,United Kingdom,Legitimate Interest,False,Partner,2024-06-30
C002225,A00191,Russell,Wilcken,russell.wilcken@van.com,"Director, Data Engineering",Champion,Ireland,Legitimate Interest,False,Event,2026-09-16
C002226,A00672,Rosie,Jones,rosie.jones@näslund.com,Staff Data Engineer,User,Sweden,Legitimate Interest,False,Free Trial,2026-08-01
C002227,A00172,Tadeusz,King,tadeusz.king@kelly.com,Chief Information Officer,Economic Buyer,Germany,Legitimate Interest,False,Content Download,2026-05-02
C002228,A01632,Victor,Long,victor.long@reynolds.com,IT Security Manager,Blocker,United States,,False,Referral,2026-01-02
C002229,A01085,Kaitlin,Gunnarsson,kaitlin.gunnarsson@berger.com,Data Engineering Manager,User,Germany,Legitimate Interest,False,Referral,2025-01-14
C002230,A01262,Felix,Faust,felix.faust@hammarström.com,VP Data,Economic Buyer,Germany,Legitimate Interest,False,Free Trial,2025-12-09
C002231,A00978,Karl-Hermann,Pickering,karl-hermann.pickering@ekstrand.com,"Director, Data Engineering",Champion,Netherlands,Legitimate Interest,False,Content Download,2025-08-02
C002232,A01310,Thomas,Andersson,thomas.andersson@ruppert.com,Chief Data Officer,Economic Buyer,United States,,False,Content Download,2025-05-28
C002233,A00902,Philip,Seifert,philip.seifert@wilkinson.com,Staff Data Engineer,User,United Kingdom,Legitimate Interest,False,Paid Search,2026-05-16
C002234,A01237,Barbara,Holmes,barbara.holmes@murray.com,Chief Data Officer,Economic Buyer,Ireland,Legitimate Interest,False,Free Trial,2025-06-13
C002235,A01490,Meike,de Lange,meike.de lange@cross.com,Analytics Engineer,User,United States,,False,SDR Outbound,2026-07-13
C002236,A01993,Goran,Muijs,goran.muijs@mülichen.com,Analytics Engineer,User,Sweden,Legitimate Interest,False,Content Download,2026-07-26
C002237,A00910,Rosa,Brown,rosa.brown@andersson.com,Senior Data Engineer,User,Denmark,,False,SDR Outbound,2026-03-08
C002238,A00448,Leah,de Jager,leah.de jager@kloppert.com,IT Security Manager,Blocker,Canada,,False,Content Download,2026-09-16
C002239,A00704,Lynn,Lundin,lynn.lundin@woods.com,Head of Data Platform,Champion,Denmark,Legitimate Interest,False,Referral,2026-09-10
C002240,A00035,Jamie,Ullmann,jamie.ullmann@hering.com,Staff Data Engineer,User,United States,,False,Free Trial,2026-10-01
C002241,A01371,Anne-Rose,Stumpf,anne-rose.stumpf@lambers.com,Head of Data Platform,Champion,United States,,False,SDR Outbound,2025-04-23
C002242,A01316,Joseph,Paulsson,joseph.paulsson@brown.com,Analytics Engineer,User,Sweden,Legitimate Interest,False,Free Trial,2025-07-05
C002243,A00837,Aron,Bradley,aron.bradley@magnusson.com,Staff Data Engineer,User,United States,,True,Free Trial,2026-05-30
C002244,A01596,John,Herrmann,john.herrmann@evans.com,Data Engineering Manager,User,United States,,False,Free Trial,2025-07-30
C002245,A01038,Aimee,Said,aimee.said@carsten.com,Director of Data Platform,Champion,United States,,False,Referral,2025-08-08
C002246,A01948,Lily,Svensson,lily.svensson@stichting.com,Staff Data Engineer,User,Germany,Legitimate Interest,False,Referral,2025-11-06
C002247,A00053,Zoey,Abrahamsson,zoey.abrahamsson@ellis.com,Staff Data Engineer,User,United Kingdom,,False,Paid Search,2026-05-19
C002248,A00101,Mark,Johansson,mark.johansson@lynch.com,VP Data,Economic Buyer,United States,,False,Webinar,2026-07-24
C002249,A00368,Abdullah,Luboch,abdullah.luboch@velasquez.com,Chief Data Officer,Economic Buyer,United States,,False,Referral,2026-09-22
C002250,A01200,Raymond,Ullmann,raymond.ullmann@thies.com,CISO,Blocker,United Kingdom,Legitimate Interest,False,Free Trial,2026-05-08
C002251,A00367,Luc,Schaaf,luc.schaaf@peukert.com,Head of Data Engineering,Champion,Belgium,Legitimate Interest,False,Webinar,2025-05-19
C002252,A00103,Teresa,Wilmont,teresa.wilmont@andersson.com,Director of Data Platform,Champion,United States,,False,Paid Search,2025-06-13
C002253,A01790,Noah,Ek,noah.ek@mosley-powers.com,DATA ENG,,United Kingdom,Legitimate Interest,False,Paid Search,2026-03-01
C002254,A00042,Victor,Hodge,victor.hodge@baker-bowers.com,Head of Data Engineering,Champion,United States,,False,SDR Outbound,2026-08-13
C002255,A00706,Wieland,Kent,wieland.kent@dominguez.com,Staff Data Engineer,User,Canada,,False,Content Download,2026-09-15
C002256,A00766,Koen,Beijring,koen.beijring@koninklijke.com,Head of Data Engineering,Champion,United Kingdom,Legitimate Interest,False,Partner,2026-02-08
C002257,A01970,Dakota,Wilson,dakota.wilson@blomkvist.com,VP Data & Analytics,Economic Buyer,United States,,False,Free Trial,2025-09-06
C002258,A01186,Jamie,van der Laarse,jamie.van der laarse@bärer.com,Analytics Engineer,User,United Kingdom,Legitimate Interest,False,Partner,2026-05-08
C002259,A01580,Curtis,Johansson,curtis.johansson@cox.com,Senior Data Engineer,User,United States,,True,Free Trial,2026-08-31
C002260,A00490,Ross,Lloyd,ross.lloyd@jacobs.com,Head of Procurement,Blocker,Germany,Legitimate Interest,False,Partner,2024-10-25
C002261,A00756,Benjamin,Hull,benjamin.hull@hutchinson.com,Analytics Engineer,User,United States,,False,Event,2023-12-02
C002262,A00781,Giel,Seifert,giel.seifert@orr.com,Head of Data Platform,Champion,United Kingdom,Legitimate Interest,False,Content Download,2024-08-17
C002263,A00566,Marie,Green,marie.green@smith.com,Senior Data Engineer,User,United States,,False,Referral,2026-03-08
C002264,A00673,Molly,Davis,molly.davis@åslund.com,Analytics Engineer,User,United Kingdom,Legitimate Interest,False,Partner,2025-12-28
C002265,A01717,Lissi,Kling,lissi.kling@langevoort.com,data guy,,Denmark,Legitimate Interest,False,Free Trial,2026-09-19
C002266,A00588,Samuel,Scherms,samuel.scherms@dehmel.com,Staff Data Engineer,User,Germany,Legitimate Interest,False,SDR Outbound,2026-09-15
C002267,A00652,Göran,Howe,göran.howe@bolnbach.com,Director of Data Platform,Champion,United States,,False,Webinar,2025-01-22
C002268,A00039,Marit,Coles,marit.coles@house.com,Chief Data Officer,Economic Buyer,Belgium,Legitimate Interest,False,SDR Outbound,2025-07-16
C002269,A00410,Eckhard,Gordon,eckhard.gordon@wiek.com,Analytics Engineer,User,United Kingdom,Legitimate Interest,False,Free Trial,2025-02-18
C002270,A01001,Beverley,Ackermann,beverley.ackermann@walter.com,DATA ENG,,United States,,False,Referral,2026-08-20
C002271,A00808,Jente,Klemm,jente.klemm@edwards-bell.com,"Director, Data Engineering",Champion,Sweden,Legitimate Interest,False,Event,2025-02-01
C002272,A00547,Cornelia,Payne,cornelia.payne@steckel.com,Analytics Engineer,User,United States,,False,Free Trial,2024-09-05
C002273,A00585,Tina,Alm,tina.alm@sullivan.com,Senior Data Engineer,User,United States,,False,Free Trial,2025-06-01
C002274,A00224,Hans-Josef,Fuller,hans-josef.fuller@weinhold.com,"Director, Data Engineering",Champion,United States,,True,Paid Search,2026-08-29
C002275,A01332,Jordan,Chapman,jordan.chapman@sutton-kelly.com,Head of Data Engineering,Champion,United Kingdom,Legitimate Interest,False,SDR Outbound,2025-07-18
C002276,A00169,Joe,Harris,joe.harris@olsson.com,Chief Data Officer,Economic Buyer,Denmark,Legitimate Interest,False,Referral,2026-01-24
C002277,A01655,Dorothy,Hurst,dorothy.hurst@johnson-williamson.com,Head of Data Engineering,Champion,United Kingdom,Legitimate Interest,False,SDR Outbound,2024-11-15
C002278,A00248,David,Owen,david.owen@mccarty-taylor.com,DATA ENG,,Norway,Legitimate Interest,False,Referral,2025-09-07
C002279,A01026,Martha,Keltenie,martha.keltenie@gilbert.com,Head of Data Platform,Champion,United Kingdom,Legitimate Interest,False,Content Download,2026-03-24
C002280,A01437,Martha,Jones,martha.jones@schakelaar.com,data guy,,United States,,False,Event,2025-12-28
C002281,A00801,George,Patel,george.patel@baum.com,Analytics Engineer,User,United States,,False,Webinar,2026-06-11
C002282,A00809,Fedde,Duran,fedde.duran@barkholz.com,Head of Data Engineering,Champion,United Kingdom,Legitimate Interest,False,Partner,2025-03-27
C002283,A00818,Liam,Allan,liam.allan@dahlström.com,Staff Data Engineer,User,Germany,Legitimate Interest,False,Webinar,2026-05-06
C002284,A01198,Kyan,Phillips,kyan.phillips@wallin.com,Chief Information Officer,Economic Buyer,United States,,False,Partner,2025-08-12
C002285,A01382,Inga,Thulin,inga.thulin@ahmed.com,Data Engineering Manager,User,Germany,Legitimate Interest,False,Partner,2025-10-21
C002286,A01591,Matilda,Åberg,matilda.åberg@dippel.com,CISO,Blocker,Norway,Legitimate Interest,False,Paid Search,2026-08-04
C002287,A01007,Jason,Karlström,jason.karlström@van.com,Senior Data Engineer,User,United States,,False,Event,2025-10-26
C002288,A01285,Jesper,van Bunschoten,jesper.van bunschoten@larson-holmes.com,Director of Data Platform,Champion,Canada,,False,Free Trial,2026-05-30
C002289,A01523,Kathryn,Schokman,kathryn.schokman@mustafa.com,VP Data & Analytics,Economic Buyer,Canada,,False,Event,2026-09-24
C002290,A01201,Johan,Engberg,johan.engberg@jackson.com,Senior Data Engineer,User,Norway,Legitimate Interest,False,SDR Outbound,2026-02-08
C002291,A01432,James,Kohl,james.kohl@hansson.com,Staff Data Engineer,User,United States,,False,Referral,2026-04-11
C002292,A01798,Tomas,Baxter,tomas.baxter@apollo.com,VP Data,Economic Buyer,Norway,Legitimate Interest,False,Webinar,2024-12-20
C002293,A00939,Laura,Hutchinson,laura.hutchinson@higgins.com,VP Data,Economic Buyer,United Kingdom,Legitimate Interest,False,Partner,2025-04-11
C002294,A00665,Beth,Thorén,beth.thorén@luster.com,Director of Data Platform,Champion,United States,,False,Referral,2024-09-18
C002295,A00598,Ann,Hulst,ann.hulst@cook.com,Data Engineering Manager,User,United States,,False,Partner,2026-08-30
C002296,A00569,April,Sjöberg,april.sjöberg@söderlund.com,Head of Data Engineering,Champion,United States,,False,Partner,2026-06-30
C002297,A01718,Cameron,Romero,cameron.romero@bayer.com,ceo ,,United Kingdom,Legitimate Interest,False,Paid Search,2026-07-28
C002298,A01912,Anna,Allen,anna.allen@nilsson.com,Senior Data Engineer,User,United States,,False,Webinar,2026-03-04
C002299,A01813,Christer,Knutsson,christer.knutsson@hale.com,Head of Procurement,Blocker,Germany,Legitimate Interest,False,Referral,2026-05-26
C002300,A01049,Johannes,Rogner,johannes.rogner@nyman.com,Senior Data Engineer,User,Sweden,Legitimate Interest,False,Content Download,2026-09-04
C002301,A00297,Antony,Patterson,antony.patterson@hecker.com,"Director, Data Engineering",Champion,United States,,False,Free Trial,2026-05-30
C002302,A00090,Bradley,Harrison,bradley.harrison@edman.com,Head of Data Platform,Champion,Sweden,Legitimate Interest,False,Paid Search,2026-09-27
C002303,A01957,April,Johansson,april.johansson@lachmann.com,VP Data & Analytics,Economic Buyer,United States,,False,Referral,2026-10-04
C002304,A00022,Juul,Aronsson,juul.aronsson@forsgren.com,"Director, Data Engineering",Champion,Canada,,False,Referral,2026-04-21
C002305,A00113,Veli,Davies,veli.davies@daf.com,Head of Data Platform,Champion,United States,,False,Content Download,2025-09-16
C002306,A00151,Ansgar,Cannon,ansgar.cannon@marshall-rogers.com,Analytics Engineer,User,Netherlands,Legitimate Interest,False,Referral,2026-04-11
C002307,A00845,Kimberly,Roy,kimberly.roy@segebahn.com,Staff Data Engineer,User,Denmark,Legitimate Interest,False,Event,2025-07-17
C002308,A00874,Christopher,Reed,christopher.reed@axelsson.com,IT Security Manager,Blocker,United States,,False,Paid Search,2026-07-25
C002309,A00517,Christer,Jones,christer.jones@karlsson.com,Senior Data Engineer,User,United Kingdom,Legitimate Interest,False,SDR Outbound,2026-02-13
C002310,A00083,Scott,Lundqvist,scott.lundqvist@royal.com,Analytics Engineer,User,United States,,False,SDR Outbound,2025-02-20
C002311,A00058,Kristin,Andersson,kristin.andersson@svensson.com,Chief Information Officer,Economic Buyer,United States,,False,Free Trial,2024-01-22
C002312,A00946,Jay,Kramer,jay.kramer@caldwell.com,Senior Data Engineer,User,United Kingdom,Legitimate Interest,False,SDR Outbound,2026-02-25
C002313,A01528,Laura,Lundquist,laura.lundquist@lopez.com,VP Data & Analytics,Economic Buyer,Canada,,False,Referral,2026-10-05
C002314,A00893,Johannes,Cunningham,johannes.cunningham@linde.com,VP Data,Economic Buyer,Canada,,False,Webinar,2024-08-01
C002315,A00021,Grace,Kristensson,grace.kristensson@björk.com,N/A,,Canada,,False,Paid Search,2026-06-17
C002316,A01688,Adina,Sundin,adina.sundin@stolze.com,Data Engineering Manager,User,Austria,Legitimate Interest,False,Event,2025-10-03
C002317,A01721,Edward,Otto,edward.otto@hövel.com,IT Security Manager,Blocker,Switzerland,Legitimate Interest,False,Event,2026-09-01
C002318,A01600,Kristine,Kramer,kristine.kramer@watson.com,VP Data,Economic Buyer,United States,,False,Event,2025-12-13
C002319,A01857,Berat,Johansson,berat.johansson@davis-oneill.com,Director of Data Platform,Champion,Sweden,Legitimate Interest,False,Event,2025-01-08
C002320,A00120,Bradley,Smith,bradley.smith@bell-robinson.com,Analytics Engineer,User,United States,,False,SDR Outbound,2024-07-06
C002321,A01155,Rena,Owens,rena.owens@reising.com,Analytics Engineer,User,United States,,False,Paid Search,2025-11-23
C002322,A00284,Diether,Ullrich,diether.ullrich@curtis.com,IT Security Manager,Blocker,United Kingdom,Legitimate Interest,False,Content Download,2026-08-31
C002323,A00084,Lage,Gibbons,lage.gibbons@de.com,Data Engineering Manager,User,Norway,Legitimate Interest,False,Paid Search,2026-08-26
C002324,A01278,Erik,Jurrijens,erik.jurrijens@sparks.com,Analytics Engineer,User,United States,,False,Free Trial,2026-05-30
C002325,A00956,Angelika,Scott,angelika.scott@kpn.com,Senior Data Engineer,User,United States,,False,Paid Search,2023-08-01
C002326,A00031,Gesche,Diaz,gesche.diaz@agruniekrijnvallei.com,Data Engineering Manager,User,Canada,,False,Webinar,2025-03-31
C002327,A00519,Melissa,Broeckx,melissa.broeckx@davis-williams.com,Data Engineering Manager,User,United Kingdom,Legitimate Interest,False,SDR Outbound,2024-02-14
C002328,A01496,Inga,Chotzen,inga.chotzen@beier.com,Data Engineering Manager,User,United States,,False,SDR Outbound,2026-09-11
C002329,A00222,Julian,Craig,julian.craig@vallin.com,Chief Data Officer,Economic Buyer,United States,,False,Referral,2025-08-17
C002330,A01100,Astrid,Henriksson,astrid.henriksson@wade.com,VP Data & Analytics,Economic Buyer,United Kingdom,Legitimate Interest,False,Referral,2026-06-29
C002331,A01594,Kelsey,Danielsson,kelsey.danielsson@moet.com,Analytics Engineer,User,United States,,False,SDR Outbound,2026-01-31
C002332,A00693,Bruce,Hebert,bruce.hebert@koninklijke.com,Director of Data Platform,Champion,United Kingdom,Legitimate Interest,False,Referral,2026-03-26
C002333,A00172,Luca,Bergström,luca.bergström@kelly.com,Chief Data Officer,Economic Buyer,Germany,Legitimate Interest,False,Referral,2026-05-22
C002334,A00643,Nadja,Green,nadja.green@webster-murphy.com,Analytics Engineer,User,United Kingdom,Legitimate Interest,False,Paid Search,2025-08-27
C002335,A01974,Violetta,French,violetta.french@coleman.com,Director of Data Platform,Champion,Netherlands,Legitimate Interest,False,Free Trial,2026-03-22
C002336,A00581,Alyssa,Lewis,alyssa.lewis@lucas.com,VP Data & Analytics,Economic Buyer,United States,,False,Webinar,2026-10-03
C002337,A00194,Julie,Hill,julie.hill@lieshout.com,Head of Procurement,Blocker,Canada,,False,Referral,2026-07-14
C002338,A00651,Ricardo,Nash,ricardo.nash@ibrahim.com,Analytics Engineer,User,United States,,False,Paid Search,2026-07-04
C002339,A00259,Donald,Speijer,donald.speijer@lindberg.com,VP Data,Economic Buyer,United Kingdom,Legitimate Interest,False,Referral,2025-07-08
C002340,A01600,Zoe,Lundmark,zoe.lundmark@watson.com,data guy,,United States,,False,Paid Search,2023-08-27
C002341,A01806,Rupert,Freudenberger,rupert.freudenberger@camacho.com,Director of Data Platform,Champion,United States,,False,Event,2026-02-14
C002342,A00221,John,Huijben,john.huijben@vergeer.com,"Director, Data Engineering",Champion,Germany,Legitimate Interest,False,SDR Outbound,2026-05-25
C002343,A00090,Irmtrud,Johansson,irmtrud.johansson@edman.com,-,,Sweden,Legitimate Interest,False,Paid Search,2026-02-02
C002344,A00741,Kyle,Carsten,kyle.carsten@gibson-ward.com,Head of Data Platform,Champion,United States,,False,Free Trial,2024-11-07
C002345,A01734,Norah,Short,norah.short@stahr.com,VP Data,Economic Buyer,United States,,False,SDR Outbound,2025-11-11
C002346,A00800,Traudel,Kisman,traudel.kisman@wright.com,Analytics Engineer,User,United Kingdom,Legitimate Interest,False,Partner,2026-05-15
C002347,A00861,Traudl,Wernecke,traudl.wernecke@mielcarek.com,Senior Data Engineer,User,United States,,False,Content Download,2026-04-23
C002348,A00350,Nuran,Lopez,nuran.lopez@lundkvist.com,CISO,Blocker,Norway,Legitimate Interest,False,Webinar,2026-06-16
C002349,A00785,Frances,Karge,frances.karge@mammoet.com,Head of Procurement,Blocker,Canada,,False,Event,2026-03-30
C002350,A00412,Gerd,Gröttner,gerd.gröttner@fitzgerald.com,Manager,,Belgium,Legitimate Interest,False,Event,2025-01-09
C002351,A00135,Elizabeth,de Graaf,elizabeth.de graaf@patton.com,Head of Data Engineering,Champion,United States,,False,Event,2026-04-18
C002352,A00675,Sami,Hoffmann,sami.hoffmann@christoph.com,VP Data,Economic Buyer,United States,,False,Partner,2024-06-07
C002353,A00589,Britt,Karlsson,britt.karlsson@eriksson.com,Director of Data Platform,Champion,United States,,False,Content Download,2025-12-25
C002354,A00315,Kelsey,Richardson,kelsey.richardson@persson.com,CISO,Blocker,United States,,False,Referral,2026-02-20
C002355,A01291,Harriet,Dahlgren,harriet.dahlgren@säuberlich.com,"Director, Data Engineering",Champion,United States,,False,Partner,2025-08-12
C002356,A01203,Mehdi,Hall,mehdi.hall@andersson.com,Senior Data Engineer,User,United States,,False,Free Trial,2025-11-19
C002357,A00820,Emily,Bender,emily.bender@verhoeven.com,Data Engineering Manager,User,United States,,False,Webinar,2026-01-26
C002358,A01266,Heidelore,Kaiser,heidelore.kaiser@avr.com,Senior Data Engineer,User,United States,,False,Free Trial,2025-03-31
C002359,A01597,Ignaz,Bell,ignaz.bell@carroll.com,Data Engineering Manager,User,United States,,False,Event,2025-12-28
C002360,A00459,Owen,Finch,owen.finch@north.com,Analytics Engineer,User,United Kingdom,Legitimate Interest,False,Free Trial,2025-03-26
C002361,A00497,Cäcilia,Trommler,cäcilia.trommler@anders.com,Head of Data Engineering,Champion,United Kingdom,Legitimate Interest,False,SDR Outbound,2025-07-14
C002362,A00950,Ralph,Gough,ralph.gough@li.com,Senior Data Engineer,User,Netherlands,,False,Content Download,2025-08-15
C002363,A00170,Christopher,Johansson,christopher.johansson@bluewater.com,Chief Information Officer,Economic Buyer,Belgium,Legitimate Interest,False,Partner,2026-07-11
C002364,A00751,Juul,Stephens,juul.stephens@van.com,Staff Data Engineer,User,Belgium,Legitimate Interest,False,Content Download,2025-02-15
C002365,A01382,Tuva,Wright,tuva.wright@ahmed.com,Staff Data Engineer,User,Germany,Legitimate Interest,True,SDR Outbound,2026-06-22
C002366,A00272,Valerie,Macdonald,valerie.macdonald@smith.com,Senior Data Engineer,User,United States,,False,Event,2026-09-18
C002367,A00714,Henner,Khan,henner.khan@wheeler.com,Staff Data Engineer,User,Sweden,Legitimate Interest,False,SDR Outbound,2026-04-10
C002368,A01391,Jennifer,Hull,jennifer.hull@chaney-martin.com,Staff Data Engineer,User,Germany,Legitimate Interest,False,Event,2025-11-14
C002369,A00606,Karin,Verbruggen,karin.verbruggen@klingelhöfer.com,Senior Data Engineer,User,United States,,False,Free Trial,2026-05-21
C002370,A01457,Duuk,van Wijland,duuk.van wijland@seip.com,VP Data,Economic Buyer,United States,,False,Event,2025-11-04
C002371,A01559,Lize,Nilsson,lize.nilsson@eriksson.com,x,,United Kingdom,Legitimate Interest,False,Partner,2025-08-05
C002372,A00138,Marie,Buck,marie.buck@yu-reid.com,Analytics Engineer,User,United States,,False,SDR Outbound,2025-06-26
C002373,A00505,Richard,Willis,richard.willis@kühnert.com,Staff Data Engineer,User,United Kingdom,Legitimate Interest,False,Free Trial,2026-07-04
C002374,A01756,Leyla,Heerkens,leyla.heerkens@killer.com,Data Engineering Manager,User,Canada,,False,Webinar,2026-05-05
C002375,A00941,Erik,Karlsson,erik.karlsson@gutknecht.com,Chief Information Officer,Economic Buyer,Netherlands,Legitimate Interest,False,Referral,2026-10-01
C002376,A01364,John,Verschuere,john.verschuere@linschoten.com,Senior Data Engineer,User,United Kingdom,Legitimate Interest,False,Content Download,2025-06-20
C002377,A00364,Floor,Roosenboom,floor.roosenboom@sjöberg.com,Director of Data Platform,Champion,Belgium,Legitimate Interest,False,Partner,2026-05-19
C002378,A00303,Marie-Luise,Bergstrand,marie-luise.bergstrand@webster-duncan.com,"Director, Data Engineering",Champion,Germany,Legitimate Interest,False,SDR Outbound,2026-05-05
C002379,A00268,Sarah,Khan,sarah.khan@clark.com,"Director, Data Engineering",Champion,United States,,False,Partner,2025-05-19
C002380,A01746,Deborah,Schmidt,deborah.schmidt@hawkins.com,Analytics Engineer,User,United Kingdom,Legitimate Interest,False,Paid Search,2025-05-10
C002381,A00446,Frank-Peter,Jones,frank-peter.jones@hentschel.com,Senior Data Engineer,User,United Kingdom,Legitimate Interest,False,Referral,2025-08-25
C002382,A00837,Börje,Pitts,börje.pitts@magnusson.com,Staff Data Engineer,User,United States,,False,Free Trial,2026-06-17
C002383,A01450,Lars,Gustafsson,lars.gustafsson@onvz.com,Head of Data Platform,Champion,Ireland,Legitimate Interest,False,Event,2024-02-21
C002384,A01155,Patricia,Jonsson,patricia.jonsson@reising.com,Analytics Engineer,User,United States,,False,Partner,2026-07-12
C002385,A01781,Brenda,Luitgardis van Neustrië,brenda.luitgardis van neustrië@holmes-smith.com,Analytics Engineer,User,United States,,False,Paid Search,2025-06-30
C002386,A01598,Charles,Jenkins,charles.jenkins@baker.com,Head of Data Engineering,Champion,United States,,False,Referral,2026-06-30
C002387,A00718,Gabriel,Price,gabriel.price@liu.com,Data Engineering Manager,User,Canada,,True,SDR Outbound,2024-06-28
C002388,A01892,Miguel,Ellis,miguel.ellis@mcdowell-evans.com,ceo ,,United States,,False,Paid Search,2025-08-11
C002389,A00083,Jonathan,Dominguez,jonathan.dominguez@royal.com,-,,United States,,False,Paid Search,2023-07-31
C002390,A00371,Folkert,Klasson,folkert.klasson@galvan-combs.com,Senior Data Engineer,User,United Kingdom,Legitimate Interest,False,Referral,2023-10-26
C002391,A00331,Maria,Strickland,maria.strickland@mans.com,Data Engineering Manager,User,United States,,False,Event,2025-11-12
C002392,A00527,Ian,de Roos,ian.de roos@miller.com,"Director, Data Engineering",Champion,United States,,False,SDR Outbound,2026-04-15
C002393,A00357,Thomas,Stone,thomas.stone@broman.com,DATA ENG,,Canada,,False,Partner,2026-08-02
C002394,A01354,Darren,Pugh,darren.pugh@kolster.com,Head of Data Engineering,Champion,Canada,,False,Partner,2025-05-15
C002395,A00783,Sheila,Gardiner,sheila.gardiner@dunlap.com,Senior Data Engineer,User,Germany,Legitimate Interest,False,SDR Outbound,2025-01-09
C002396,A01976,Abigail,Evans,abigail.evans@putz.com,Staff Data Engineer,User,Canada,,False,Referral,2026-06-18
C002397,A01943,Phileine,Axelsson,phileine.axelsson@trubin.com,Staff Data Engineer,User,United States,,False,Free Trial,2025-12-01
C002398,A01178,Paul,Dubois,paul.dubois@williams.com,Head of Data Engineering,Champion,United States,,False,Content Download,2026-03-05
C002399,A01659,Thea,Spencer,thea.spencer@foster.com,ceo ,,United Kingdom,Legitimate Interest,True,Event,2024-09-03
C002400,A00073,Charlie,Karge,charlie.karge@jennings-pratt.com,Director of Data Platform,Champion,United States,,False,Paid Search,2026-06-07
C002401,A01313,Berndt,van de Pol,berndt.van de pol@anderberg.com,Analytics Engineer,User,Germany,Legitimate Interest,False,Free Trial,2024-11-23
C002402,A01138,Henrik,Bergkvist,henrik.bergkvist@begum.com,Head of Procurement,Blocker,United States,,False,Webinar,2025-08-15
C002403,A01221,Teun,Lundmark,teun.lundmark@van.com,Data Engineering Manager,User,United Kingdom,Legitimate Interest,False,Free Trial,2026-07-18
C002404,A00486,Brenda,Robinson,brenda.robinson@finch.com,VP Data,Economic Buyer,United States,,False,Partner,2026-07-18
C002405,A01477,Klaus Dieter,Wilson,klaus dieter.wilson@ohra.com,Senior Data Engineer,User,Sweden,Legitimate Interest,False,Paid Search,2025-02-18
C002406,A01011,Rosina,Adolfsson,rosina.adolfsson@marshall.com,VP Data & Analytics,Economic Buyer,United Kingdom,Legitimate Interest,True,Free Trial,2026-10-03
C002407,A00225,Veronica,Ward,veronica.ward@godfrey.com,Senior Data Engineer,User,United States,,False,Event,2026-05-20
C002408,A01573,Lesley,Nordin,lesley.nordin@täsche.com,Head of Data Engineering,Champion,Norway,Legitimate Interest,False,Event,2025-10-29
C002409,A01280,Evert,Lewis,evert.lewis@johansson.com,Data Engineering Manager,User,Germany,Legitimate Interest,False,SDR Outbound,2025-08-06
C002410,A00303,Elisa,Brown,elisa.brown@webster-duncan.com,Chief Information Officer,Economic Buyer,Germany,Legitimate Interest,False,Event,2024-05-11
C002411,A00978,Tony,Obrien,tony.obrien@ekstrand.com,Director of Data Platform,Champion,Netherlands,Legitimate Interest,False,Content Download,2025-03-23
C002412,A00256,William,Lind,william.lind@williams.com,Senior Data Engineer,User,United States,,False,Free Trial,2026-09-19
C002413,A00070,Linda,Ruppersberger,linda.ruppersberger@klemt.com,Head of Data Engineering,Champion,Switzerland,Legitimate Interest,False,Referral,2026-09-13
C002414,A00570,Andrew,Reimes,andrew.reimes@asr.com,Analytics Engineer,User,Germany,Legitimate Interest,False,Webinar,2026-05-14
C002415,A00940,Linnea,van Boven,linnea.van boven@gonzalez-gonzalez.com,VP Data & Analytics,Economic Buyer,United States,,False,Webinar,2026-04-24
C002416,A00609,Birgitta,Spiker,birgitta.spiker@gomez.com,Staff Data Engineer,User,Denmark,Legitimate Interest,False,Event,2024-10-26
C002417,A00890,Ellen,Norman,ellen.norman@kohl.com,Data Engineering Manager,User,Canada,,False,Content Download,2025-10-14
C002418,A01532,Dex,Gustafsson,dex.gustafsson@heser.com,Chief Data Officer,Economic Buyer,United States,,False,Event,2025-11-30
C002419,A01374,Kristina,Håkansson,kristina.håkansson@hunter.com,VP Data,Economic Buyer,Norway,Legitimate Interest,False,Free Trial,2024-07-16
C002420,A00116,Jörgen,Rosemann,jörgen.rosemann@menzis.com,CISO,Blocker,United Kingdom,Legitimate Interest,False,Paid Search,2026-09-27
C002421,A00525,Kelly,Skog,kelly.skog@svensson.com,Senior Data Engineer,User,Germany,,False,SDR Outbound,2026-08-23
C002422,A00270,Elisa,Watson,elisa.watson@garrison-thomas.com,Senior Data Engineer,User,United States,,False,Event,2024-03-03
C002423,A00274,Raymond,Bryant,raymond.bryant@demmendaal.com,Data Engineering Manager,User,United Kingdom,Legitimate Interest,False,Free Trial,2024-05-02
C002424,A01197,Billy,Russell,billy.russell@koninklijke.com,Staff Data Engineer,User,Germany,Legitimate Interest,False,Paid Search,2026-05-12
C002425,A01761,Seth,Larsson,seth.larsson@ström.com,Chief Data Officer,Economic Buyer,United States,,False,Event,2026-09-30
C002426,A01281,Ricky,Branch,ricky.branch@rask.com,data guy,,United States,,False,Event,2025-07-09
C002427,A01692,Jari,Hendriks,jari.hendriks@lloyd.com,Head of Data Platform,Champion,Sweden,Legitimate Interest,False,Paid Search,2024-05-12
C002428,A01636,Lisa,Booden,lisa.booden@berry.com,Head of Data Engineering,Champion,Sweden,Legitimate Interest,False,SDR Outbound,2026-05-27
C002429,A01357,Jesse,Gordon,jesse.gordon@collins.com,Head of Data Engineering,Champion,Norway,Legitimate Interest,False,Free Trial,2024-08-18
C002430,A00529,Maria,Engström,maria.engström@microsoft.com,Analytics Engineer,User,United States,,False,Free Trial,2025-12-24
C002431,A00994,Mona,Sutton,mona.sutton@pettersson.com,Chief Information Officer,Economic Buyer,United States,,False,Event,2023-10-26
C002432,A01970,Filip,Nyström,filip.nyström@blomkvist.com,Head of Data Platform,Champion,United States,,False,Partner,2025-11-14
C002433,A00898,Mariola,Merritt,mariola.merritt@royal.com,"Director, Data Engineering",Champion,Canada,,False,Webinar,2026-03-23
C002434,A00362,Pippa,Jarvis,pippa.jarvis@johansson.com,"Director, Data Engineering",Champion,United States,,False,SDR Outbound,2025-10-31
C002435,A01181,Ebba,Becker,ebba.becker@jacob.com,Senior Data Engineer,User,United Kingdom,Legitimate Interest,False,Referral,2025-05-29
C002436,A01771,Linnea,Stevenson,linnea.stevenson@colon.com,"Director, Data Engineering",Champion,Sweden,Legitimate Interest,True,Paid Search,2025-01-18
C002437,A01493,Beatrice,Williams,beatrice.williams@hagberg.com,ceo ,,Switzerland,Legitimate Interest,False,Content Download,2025-07-23
C002438,A01763,Domenico,Håkansson,domenico.håkansson@hammar.com,"Director, Data Engineering",Champion,United States,,False,Event,2023-04-09
C002439,A01090,Owen,Duivenvoorden,owen.duivenvoorden@larsson.com,Senior Data Engineer,User,Ireland,Legitimate Interest,False,Free Trial,2026-09-07
C002440,A00676,Stephen,Jonsson,stephen.jonsson@barker.com,Head of Data Engineering,Champion,Canada,,False,SDR Outbound,2026-06-27
C002441,A01391,Dylano,Perkins,dylano.perkins@chaney-martin.com,Staff Data Engineer,User,Germany,Legitimate Interest,False,SDR Outbound,2024-08-04
C002442,A01754,Marcus,Weitzel,marcus.weitzel@weihmann.com,Chief Information Officer,Economic Buyer,United States,,False,Content Download,2025-07-05
C002443,A01887,Johnathan,O'Donnell,johnathan.o'donnell@svensson.com,Data Engineering Manager,User,United States,,False,Free Trial,2023-06-06
C002444,A01273,Carlijn,Smith,carlijn.smith@yu.com,Head of Data Platform,Champion,United States,,True,Content Download,2026-06-20
C002445,A01526,Mirja,Franzén,mirja.franzén@dawson.com,"Director, Data Engineering",Champion,United States,,False,Content Download,2026-06-01
C002446,A00061,Melissa,Jones,melissa.jones@striebitz.com,Head of Data Platform,Champion,Canada,,False,Event,2026-05-18
C002447,A01910,David,Contreras,david.contreras@norberg.com,VP Data,Economic Buyer,United Kingdom,Legitimate Interest,False,Event,2024-09-19
C002448,A01674,Simon,de Koning,simon.de koning@moore.com,Head of Procurement,Blocker,Germany,Legitimate Interest,False,SDR Outbound,2026-03-02
C002449,A00169,Yesenia,Bass,yesenia.bass@olsson.com,Chief Information Officer,Economic Buyer,Denmark,Legitimate Interest,False,Paid Search,2026-07-18
C002450,A01859,Amelia,Tucker,amelia.tucker@lindberg.com,Analytics Engineer,User,United Kingdom,Legitimate Interest,False,Paid Search,2025-10-19
C002451,A00121,Molly,Bauer,molly.bauer@sundberg.com,Senior Data Engineer,User,United Kingdom,Legitimate Interest,False,Event,2026-01-31
C002452,A01224,Sierra,van der Brink,sierra.van der brink@griffiths-murphy.com,Chief Information Officer,Economic Buyer,United States,,False,SDR Outbound,2026-02-16
C002453,A01309,Cheryl,Butte,cheryl.butte@phillips.com,Data Engineering Manager,User,United States,,False,Content Download,2026-08-05
C002454,A01794,Etta,Andersson,etta.andersson@pasman.com,Head of Data Platform,Champion,Canada,,False,Free Trial,2025-07-03
C002455,A00074,Bert,le Luc,bert.le luc@staude.com,Director of Data Platform,Champion,Ireland,,False,Content Download,2026-04-23
C002456,A00424,Harriet,Ek,harriet.ek@avery.com,Staff Data Engineer,User,United Kingdom,Legitimate Interest,False,Partner,2026-06-18
C002457,A00430,Sofia,Jdotte,sofia.jdotte@may-reynolds.com,CISO,Blocker,United Kingdom,Legitimate Interest,False,Event,2026-06-18
C002458,A00990,Jessica,Todd,jessica.todd@wernecke.com,Senior Data Engineer,User,United States,,False,Paid Search,2026-09-16
C002459,A01900,Alf,van Formbach,alf.van formbach@stichting.com,Head of Data Engineering,Champion,United Kingdom,Legitimate Interest,False,SDR Outbound,2026-01-14
C002460,A00176,Esmee,Krein,esmee.krein@persson.com,Data Engineering Manager,User,Germany,Legitimate Interest,False,Free Trial,2026-08-28
C002461,A00842,Kevin,Janse,kevin.janse@dawson.com,"Director, Data Engineering",Champion,Canada,,False,Referral,2025-10-20
C002462,A01891,Linn,Huel,linn.huel@watts.com,"Director, Data Engineering",Champion,United Kingdom,Legitimate Interest,False,Content Download,2026-08-22
C002463,A00737,Felix,Peters,felix.peters@weiß.com,Data Engineering Manager,User,Belgium,Legitimate Interest,False,Referral,2024-05-04
C002464,A01694,Julie,van Ochten,julie.van ochten@pettersson.com,CISO,Blocker,United Kingdom,Legitimate Interest,False,Partner,2026-01-03
C002465,A01815,Senna,Hendrix,senna.hendrix@hansson.com,-,,Netherlands,Legitimate Interest,False,Paid Search,2026-08-12
C002466,A00798,Helen,Andersson,helen.andersson@andersson.com,"Director, Data Engineering",Champion,United States,,False,Free Trial,2026-10-07
C002467,A01331,Anatoli,van den Oever,anatoli.van den oever@kreusel.com,Senior Data Engineer,User,United States,,False,Event,2025-10-22
C002468,A01486,Kent,Ryan,kent.ryan@liljegren.com,Director of Data Platform,Champion,United States,,False,Referral,2026-08-20
C002469,A00920,Kyano,Pineda,kyano.pineda@bcc.com,Head of Data Engineering,Champion,United States,,False,Partner,2025-04-05
C002470,A01720,Oliver,Howell,oliver.howell@rodriguez-taylor.com,Senior Data Engineer,User,Switzerland,Legitimate Interest,False,Paid Search,2026-06-16
C002471,A00053,Fedde,van der Smeede,fedde.van der smeede@ellis.com,Director of Data Platform,Champion,United Kingdom,Legitimate Interest,False,Event,2026-04-30
C002472,A00266,Steven,Baker,steven.baker@andersson.com,Chief Data Officer,Economic Buyer,Germany,,False,Paid Search,2026-07-23
C002473,A01608,Josephine,Miller,josephine.miller@doherty.com,Staff Data Engineer,User,United States,,False,Paid Search,2026-09-18
C002474,A00249,David,Heerschop,david.heerschop@wood.com,Staff Data Engineer,User,Canada,,True,Content Download,2026-05-27
C002475,A01935,Mary,Mason,mary.mason@petersen.com,IT Security Manager,Blocker,United States,,False,Referral,2023-12-22
C002476,A00076,Franjo,van Voorhout,franjo.van voorhout@van.com,Data Engineering Manager,User,United Kingdom,Legitimate Interest,False,Paid Search,2025-05-08
C002477,A00082,Birgitta,Kohl,birgitta.kohl@hunt.com,Staff Data Engineer,User,Canada,,False,Event,2026-05-25
C002478,A00936,James,Eerden,james.eerden@tintzmann.com,Head of Procurement,Blocker,United States,,False,Webinar,2025-02-05
C002479,A01504,Lennart,Scheel,lennart.scheel@stichting.com,Head of Data Engineering,Champion,United States,,False,Webinar,2026-09-24
C002480,A01571,Jessica,Taylor,jessica.taylor@amalrada.com,CISO,Blocker,Germany,Legitimate Interest,False,Event,2023-11-16
C002481,A01472,Bela,Taylor,bela.taylor@lindqvist.com,Senior Data Engineer,User,Sweden,Legitimate Interest,False,Partner,2026-04-29
C002482,A00928,Angela,Dudley,angela.dudley@hassan.com,Manager,,Belgium,Legitimate Interest,False,Referral,2024-03-21
C002483,A00006,Ryan,Bloch,ryan.bloch@holm.com,N/A,,United States,,False,Event,2025-10-14
C002484,A01801,Alison,Richardson,alison.richardson@shaw-cross.com,CISO,Blocker,United States,,True,Webinar,2026-07-14
C002485,A01860,Raymond,Berggren,raymond.berggren@dahlin.com,Analytics Engineer,User,Netherlands,Legitimate Interest,False,Free Trial,2026-08-12
C002486,A00919,Gillian,van de Wiel,gillian.van de wiel@mendez.com,Staff Data Engineer,User,United Kingdom,Legitimate Interest,False,Paid Search,2026-07-10
C002487,A01318,Christian,Smith,christian.smith@cole-johnson.com,VP Data & Analytics,Economic Buyer,United States,,False,Event,2026-08-05
C002488,A01055,Ruth,Humphrey,ruth.humphrey@vollbrecht.com,Staff Data Engineer,User,Netherlands,Legitimate Interest,False,Paid Search,2026-01-13
C002489,A00810,Anna,Warner,anna.warner@svedberg.com,Analytics Engineer,User,United States,,False,Free Trial,2023-12-28
C002490,A01914,Elliot,Svensson,elliot.svensson@frank.com,Data Engineering Manager,User,Germany,Legitimate Interest,False,Webinar,2026-09-28
C002491,A00888,Jens,Larsson,jens.larsson@buck-holland.com,Chief Information Officer,Economic Buyer,United Kingdom,Legitimate Interest,False,Event,2026-07-31
C002492,A01406,Loes,Johansson,loes.johansson@johnson.com,Staff Data Engineer,User,United States,,False,Event,2026-03-14
C002493,A00305,Noa,Gardiner,noa.gardiner@melander.com,Director of Data Platform,Champion,United Kingdom,Legitimate Interest,False,Webinar,2026-07-12
C002494,A00828,Jonathan,Charles,jonathan.charles@kramer-lane.com,Senior Data Engineer,User,Denmark,Legitimate Interest,False,Free Trial,2026-07-08
C002495,A00621,Paige,Lange,paige.lange@eklund.com,Director of Data Platform,Champion,Germany,Legitimate Interest,False,Event,2026-08-23
C002496,A00775,Matthew,Nyberg,matthew.nyberg@stamrood.com,Staff Data Engineer,User,United States,,False,Paid Search,2024-01-20
C002497,A00049,Trevor,Lantz,trevor.lantz@wright.com,Head of Data Engineering,Champion,United States,,False,Paid Search,2026-07-14
C002498,A01996,Seth,Chavez,seth.chavez@scholz.com,Head of Data Platform,Champion,Switzerland,Legitimate Interest,False,Webinar,2026-10-08
C002499,A00479,Richard,Overeem,richard.overeem@edström.com,Staff Data Engineer,User,United States,,False,Event,2024-09-29
C002500,A00930,Anne,Taylor,anne.taylor@brown-wilson.com,Director of Data Platform,Champion,United Kingdom,Legitimate Interest,False,Content Download,2026-07-02
C002501,A01642,Michael,Bennett,michael.bennett@bennett.com,N/A,,Belgium,Legitimate Interest,False,Webinar,2025-01-25
C002502,A01436,Graham,Gardner,graham.gardner@juncken.com,"Director, Data Engineering",Champion,Norway,Legitimate Interest,False,Content Download,2025-08-01
C002503,A01630,Matthias,Hopkins,matthias.hopkins@hayward-hamilton.com,Analytics Engineer,User,Canada,,False,Paid Search,2026-03-10
C002504,A00265,Ize,Austermühle,ize.austermühle@davis-lewis.com,Staff Data Engineer,User,United Kingdom,Legitimate Interest,False,Event,2026-08-11
C002505,A01871,Auguste,Grondel,auguste.grondel@håkansson.com,Director of Data Platform,Champion,United Kingdom,Legitimate Interest,False,Free Trial,2026-07-13
C002506,A01640,Roy,Brandt,roy.brandt@patel-barber.com,Chief Data Officer,Economic Buyer,Denmark,Legitimate Interest,False,Referral,2026-02-05
C002507,A00187,Alexandra,Ford,alexandra.ford@sauer.com,VP Data & Analytics,Economic Buyer,United States,,False,Partner,2025-09-04
C002508,A01311,Filip,Jafari,filip.jafari@powers.com,Senior Data Engineer,User,Ireland,Legitimate Interest,False,Free Trial,2026-01-24
C002509,A01923,Lily,Vestin,lily.vestin@kuilenburg.com,Staff Data Engineer,User,United States,,False,SDR Outbound,2026-10-02
C002510,A01762,Cecilia,Heinz,cecilia.heinz@åkerlund.com,IT Security Manager,Blocker,Germany,Legitimate Interest,False,Webinar,2026-07-26
C002511,A01964,Fem,Kvist,fem.kvist@norberg.com,Analytics Engineer,User,Sweden,Legitimate Interest,False,Paid Search,2026-06-26
C002512,A00722,Maria,Clarke,maria.clarke@eigenwillig.com,"Director, Data Engineering",Champion,United States,,False,Free Trial,2026-03-05
C002513,A01320,Melissa,Bean,melissa.bean@nette.com,Data Engineering Manager,User,United States,,False,Partner,2026-05-29
C002514,A00951,Cheryl,Johansson,cheryl.johansson@stey.com,Head of Data Engineering,Champion,Denmark,Legitimate Interest,False,Partner,2025-10-06
C002515,A00784,Ingeborg,Patberg,ingeborg.patberg@williams.com,Staff Data Engineer,User,United States,,False,Paid Search,2026-10-01
C002516,A01536,Friederike,Jordan,friederike.jordan@beer.com,IT Security Manager,Blocker,United Kingdom,Legitimate Interest,False,Partner,2026-05-29
C002517,A01424,Mikael,Karlsson,mikael.karlsson@price-watson.com,Analytics Engineer,User,United Kingdom,Legitimate Interest,False,Event,2026-04-27
C002518,A00953,Deborah,Kensy,deborah.kensy@alvarado.com,CISO,Blocker,Switzerland,Legitimate Interest,False,Referral,2026-03-25
C002519,A01914,Femke,Karlsson,femke.karlsson@frank.com,Senior Data Engineer,User,Germany,Legitimate Interest,False,Paid Search,2025-05-17
C002520,A00842,Heather,Geerling,heather.geerling@dawson.com,Head of Procurement,Blocker,Canada,,True,Free Trial,2024-01-28
C002521,A00045,Stefania,Smith,stefania.smith@kvist.com,Head of Procurement,Blocker,United States,,False,Referral,2026-05-14
C002522,A00632,Peter,van Ooyen,peter.van ooyen@olsson.com,VP Data,Economic Buyer,Germany,Legitimate Interest,False,Content Download,2026-09-21
C002523,A01915,Sheila,Payne,sheila.payne@van.com,Data Engineering Manager,User,United Kingdom,Legitimate Interest,False,SDR Outbound,2026-09-25
C002524,A00297,Sven,Elsenaar,sven.elsenaar@hecker.com,Chief Information Officer,Economic Buyer,United States,,False,SDR Outbound,2026-08-28
C002525,A00102,Björn,van Vlaanderen,björn.van vlaanderen@robinson-brock.com,Data Engineering Manager,User,Norway,Legitimate Interest,False,Webinar,2026-10-05
C002526,A00131,Anna,van der Pluijm,anna.van der pluijm@oconnell.com,Data Engineering Manager,User,United States,,False,SDR Outbound,2026-05-10
C002527,A00400,Sara,Svanberg,sara.svanberg@harris.com,Data Engineering Manager,User,Denmark,Legitimate Interest,False,Referral,2026-08-29
C002528,A00845,Åke,Smart,åke.smart@segebahn.com,Analytics Engineer,User,Denmark,Legitimate Interest,False,Content Download,2026-02-14
C002529,A01058,Stanley,Lilja,stanley.lilja@kling.com,Director of Data Platform,Champion,Belgium,Legitimate Interest,True,Webinar,2024-12-28
C002530,A01525,Lena,Gibbs,lena.gibbs@mays.com,Chief Information Officer,Economic Buyer,Sweden,Legitimate Interest,False,Content Download,2025-10-01
C002531,A00278,Martin,Abdi,martin.abdi@b&s.com,Analytics Engineer,User,Ireland,Legitimate Interest,False,Event,2025-11-20
C002532,A01104,Jill,Connolly,jill.connolly@schuurmans.com,Data Engineering Manager,User,Germany,Legitimate Interest,False,Free Trial,2024-03-22
C002533,A00065,Rebekka,Alvarado,rebekka.alvarado@schweitzer.com,Analytics Engineer,User,United States,,False,Partner,2026-09-15
C002534,A00412,Kathi,de Grunt,kathi.de grunt@fitzgerald.com,Head of Data Engineering,Champion,Belgium,Legitimate Interest,True,Partner,2024-11-18
C002535,A01287,Melker,Bresse,melker.bresse@brown-fuller.com,Chief Data Officer,Economic Buyer,Sweden,Legitimate Interest,False,Content Download,2024-03-12
C002536,A01107,Emily,White,emily.white@ottosson.com,VP Data,Economic Buyer,Sweden,Legitimate Interest,False,SDR Outbound,2023-09-21
C002537,A01786,Hans,Köster,hans.köster@clarke-ramirez.com,Head of Data Engineering,Champion,Ireland,Legitimate Interest,False,Webinar,2024-10-10
C002538,A00043,Jan-Peter,McDonald,jan-peter.mcdonald@koninklijke.com,data guy,,United States,,False,Paid Search,2026-08-06
C002539,A00940,Tyler,Issa,tyler.issa@gonzalez-gonzalez.com,Data Engineering Manager,User,United States,,False,Webinar,2026-10-01
C002540,A00048,Jay,Gustafsson,jay.gustafsson@baldwin-ball.com,Analytics Engineer,User,United States,,False,Referral,2026-05-04
C002541,A00672,Ashleigh,Richardson,ashleigh.richardson@näslund.com,Senior Data Engineer,User,Sweden,Legitimate Interest,False,Webinar,2026-07-27
C002542,A00534,Margareta,Muller,margareta.muller@karlsson.com,CISO,Blocker,United Kingdom,Legitimate Interest,False,Event,2026-06-22
C002543,A00306,Janice,Svensson,janice.svensson@eaton.com,Staff Data Engineer,User,United States,,False,Free Trial,2026-09-10
C002544,A00924,Roy,Smith,roy.smith@smith.com,Staff Data Engineer,User,Ireland,Legitimate Interest,False,Referral,2026-09-15
C002545,A00043,Hans-Günter,Ohlsson,hans-günter.ohlsson@koninklijke.com,Senior Data Engineer,User,United States,,False,SDR Outbound,2026-09-07
C002546,A00357,Jip,Krebs,jip.krebs@broman.com,Head of Data Platform,Champion,Canada,,False,SDR Outbound,2026-08-27
C002547,A01015,Beverley,Ahmed,beverley.ahmed@hughes-frye.com,Chief Information Officer,Economic Buyer,Switzerland,Legitimate Interest,False,Referral,2023-12-19
C002548,A00972,Joel,Ward,joel.ward@hägg.com,VP Data & Analytics,Economic Buyer,United States,,False,Partner,2023-11-19
C002549,A01862,Kristina,Dobes,kristina.dobes@stiffel.com,Chief Data Officer,Economic Buyer,United States,,False,Content Download,2024-04-08
C002550,A01884,Leanne,Castro,leanne.castro@stichting.com,Staff Data Engineer,User,Belgium,Legitimate Interest,False,Webinar,2026-07-30
C002551,A00587,Rik,Bauer,rik.bauer@bruce-newman.com,VP Data,Economic Buyer,United States,,False,Event,2025-03-23
C002552,A01914,Anne,Krause,anne.krause@frank.com,Chief Data Officer,Economic Buyer,Germany,Legitimate Interest,False,Free Trial,2026-01-02
C002553,A00886,Mats,Hallin,mats.hallin@porter.com,Staff Data Engineer,User,United States,,False,Paid Search,2026-01-06
C002554,A01531,Livia,Heß,livia.heß@kranz.com,Director of Data Platform,Champion,United Kingdom,Legitimate Interest,False,Partner,2026-04-16
C002555,A00508,Thomas,Parkes,thomas.parkes@van.com,Data Engineering Manager,User,United States,,False,SDR Outbound,2026-06-05
C002556,A00744,Erik,Petersson,erik.petersson@yang.com,Data Engineering Manager,User,United Kingdom,Legitimate Interest,False,Referral,2025-07-13
C002557,A00798,Sara,Sloan,sara.sloan@andersson.com,Manager,,United States,,False,Content Download,2026-10-05
C002558,A01347,Viktor,Gonzalez,viktor.gonzalez@koninklijke.com,CISO,Blocker,United States,,False,Paid Search,2025-12-01
C002559,A00196,Constance,Phillips,constance.phillips@alewijnse.com,Head of Data Engineering,Champion,Switzerland,Legitimate Interest,False,Partner,2026-08-19
C002560,A00197,Christopher,Häring,christopher.häring@adams.com,Analytics Engineer,User,United States,,False,Free Trial,2026-01-08
C002561,A01722,Mike,Nguyen,mike.nguyen@andersson.com,Data Engineering Manager,User,Austria,Legitimate Interest,False,Paid Search,2026-03-30
C002562,A01078,Fedde,Junken,fedde.junken@gilbert-norman.com,Head of Procurement,Blocker,United States,,False,SDR Outbound,2024-11-10
C002563,A00160,Kenneth,Briggs,kenneth.briggs@trommler.com,VP Data & Analytics,Economic Buyer,United States,,False,SDR Outbound,2026-06-14
C002564,A01166,Elly,Warren,elly.warren@van.com,Staff Data Engineer,User,United States,,False,Free Trial,2023-08-01
C002565,A01813,Kaylee,Bengtsson,kaylee.bengtsson@hale.com,Analytics Engineer,User,Germany,Legitimate Interest,False,Webinar,2026-03-24
C002566,A01734,Tobias,Bien,tobias.bien@stahr.com,Data Engineering Manager,User,United States,,False,Partner,2024-10-13
C002567,A00021,Susan,Fischer,susan.fischer@björk.com,Analytics Engineer,User,Canada,,False,Webinar,2025-06-06
C002568,A01184,Justin,Johnson,justin.johnson@garner-green.com,Head of Data Platform,Champion,United States,,False,Referral,2025-05-13
C002569,A00541,Hans Dieter,de Heer,hans dieter.de heer@gordon.com,Senior Data Engineer,User,United States,,False,Paid Search,2025-12-15
C002570,A01101,Anna,Horton,anna.horton@berry.com,intern,,Denmark,Legitimate Interest,False,Content Download,2026-04-15
C002571,A00464,Torsten,Jacobs,torsten.jacobs@scott-cox.com,Data Engineering Manager,User,United States,,False,Content Download,2025-03-28
C002572,A00904,Lesley,Nelson,lesley.nelson@hawkins.com,Senior Data Engineer,User,United States,,False,Free Trial,2025-12-17
C002573,A01587,Damian,Karlsson,damian.karlsson@thompson.com,Analytics Engineer,User,Switzerland,Legitimate Interest,False,Referral,2026-02-10
C002574,A00602,Roman,Ball,roman.ball@de.com,Senior Data Engineer,User,Switzerland,Legitimate Interest,False,Webinar,2026-09-24
C002575,A00868,Brit,van Beek,brit.van beek@de.com,x,,United States,,False,Free Trial,2026-06-09
C002576,A01873,Stephanie,Karlsson,stephanie.karlsson@marsh-kirby.com,VP Data,Economic Buyer,Sweden,Legitimate Interest,False,Free Trial,2023-06-04
C002577,A01291,Bo,Scholten,bo.scholten@säuberlich.com,x,,United States,,True,Referral,2025-05-25
C002578,A00936,Nelly,Khan,nelly.khan@tintzmann.com,test,,United States,,False,Paid Search,2026-04-11
C002579,A01136,Anette,Weihmann,anette.weihmann@nilsson.com,Staff Data Engineer,User,Switzerland,Legitimate Interest,False,Webinar,2025-04-12
C002580,A00665,Aysel,Wagner,aysel.wagner@luster.com,VP Data & Analytics,Economic Buyer,United States,,False,SDR Outbound,2025-04-28
C002581,A01924,Roland,Junck,roland.junck@hughes.com,"Director, Data Engineering",Champion,United States,,False,Partner,2026-08-29
C002582,A00885,Lars-Göran,Björk,lars-göran.björk@krause.com,Staff Data Engineer,User,United Kingdom,Legitimate Interest,False,Event,2025-12-24
C002583,A00537,Monica,Burnett,monica.burnett@eriksson.com,Analytics Engineer,User,United States,,False,Referral,2026-09-03
C002584,A01786,Noah,Taylor,noah.taylor@clarke-ramirez.com,N/A,,Ireland,Legitimate Interest,False,SDR Outbound,2026-03-22
C002585,A01021,Nicole,Moore,nicole.moore@newman.com,VP Data,Economic Buyer,Ireland,Legitimate Interest,False,Content Download,2026-03-20
C002586,A01218,Pero,Grant,pero.grant@brooks.com,Analytics Engineer,User,United States,,False,Partner,2025-11-21
C002587,A00025,Liam,Clarke,liam.clarke@post.com,Analytics Engineer,User,United States,,False,Content Download,2024-07-25
C002588,A01888,Lauren,Bohnbach,lauren.bohnbach@jarl.com,Chief Data Officer,Economic Buyer,Netherlands,,False,Webinar,2026-05-18
C002589,A01776,Christopher,Karge,christopher.karge@svensson.com,VP Data & Analytics,Economic Buyer,United Kingdom,Legitimate Interest,False,Paid Search,2024-10-29
C002590,A01679,Beau,Eklöf,beau.eklöf@striebitz.com,Analytics Engineer,User,United States,,False,Event,2026-08-26
C002591,A00932,Cornelia,Richardson,cornelia.richardson@bergström.com,VP Data & Analytics,Economic Buyer,Germany,Legitimate Interest,False,Paid Search,2026-10-07
C002592,A00084,Laurenz,Pölitz,laurenz.pölitz@de.com,Senior Data Engineer,User,Norway,Legitimate Interest,False,Free Trial,2025-12-28
C002593,A00677,Elin,van Susa,elin.van susa@schmidt.com,Analytics Engineer,User,Germany,Legitimate Interest,False,Paid Search,2026-07-15
C002594,A01121,Dawn,Davison,dawn.davison@mills.com,Staff Data Engineer,User,Sweden,Legitimate Interest,False,Event,2025-08-22
C002595,A01704,Juliette,Seifert,juliette.seifert@rodriguez.com,Analytics Engineer,User,United States,,False,Paid Search,2025-12-13
C002596,A01514,James,Anderson,james.anderson@ho-cole.com,Staff Data Engineer,User,United Kingdom,Legitimate Interest,False,Paid Search,2024-06-13
C002597,A01907,Veronica,Bell,veronica.bell@marchand.com,IT Security Manager,Blocker,Austria,Legitimate Interest,False,Referral,2025-09-12
C002598,A00527,Hasan,Fox,hasan.fox@miller.com,CISO,Blocker,United States,,False,Paid Search,2026-06-08
C002599,A00960,Lindsey,Persson,lindsey.persson@kpmg.com,Senior Data Engineer,User,United States,,False,Paid Search,2025-08-17
C002600,A00708,Jillian,Lee,jillian.lee@archer-forster.com,ceo ,,United States,,False,Partner,2026-06-05
C002601,A00815,Marc,Bohlin,marc.bohlin@fox.com,test,,United States,,False,Partner,2025-08-22
C002602,A00062,Courtney,Backman,courtney.backman@niemeier.com,Head of Procurement,Blocker,United States,,False,SDR Outbound,2026-04-03
C002603,A00253,Lana,Mcclure,lana.mcclure@jennings-young.com,Director of Data Platform,Champion,United States,,False,Free Trial,2026-05-13
C002604,A00305,Josef,Niemeier,josef.niemeier@melander.com,data guy,,United Kingdom,Legitimate Interest,False,Partner,2026-09-29
C002605,A00117,Dennis,Johansson,dennis.johansson@strand.com,Chief Information Officer,Economic Buyer,United States,,False,SDR Outbound,2025-03-07
C002606,A01441,Amanda,die Bont,amanda.die bont@henschel.com,VP Data,Economic Buyer,United States,,False,Referral,2026-05-10
C002607,A00973,Helén,Laffray,helén.laffray@raet.com,Chief Information Officer,Economic Buyer,Netherlands,Legitimate Interest,False,Partner,2025-08-14
C002608,A01294,Bruce,van Loon,bruce.van loon@van.com,Analytics Engineer,User,United States,,False,Partner,2026-09-30
C002609,A00079,Johann,Rörricht,johann.rörricht@koninklijke.com,Senior Data Engineer,User,United States,,False,Webinar,2025-12-28
C002610,A01779,Yilmaz,Lamb,yilmaz.lamb@tauw.com,Chief Data Officer,Economic Buyer,Switzerland,Legitimate Interest,False,Event,2026-07-02
C002611,A00013,Sara,Faust,sara.faust@harper-atkinson.com,test,,Denmark,Legitimate Interest,False,Partner,2026-05-29
C002612,A01911,Conny,de Haas,conny.de haas@eaton.com,Staff Data Engineer,User,United States,,False,Webinar,2024-03-17
C002613,A01756,Jonas,Long,jonas.long@killer.com,Data Engineering Manager,User,Canada,,False,Event,2026-07-01
C002614,A01869,Maria,Hermans,maria.hermans@roberts.com,Chief Data Officer,Economic Buyer,United States,,False,Partner,2025-11-28
C002615,A01852,Jesse,Bryant,jesse.bryant@hernandez.com,Staff Data Engineer,User,United States,,False,Webinar,2024-07-21
C002616,A01145,Joe,Mol,joe.mol@hellgren.com,Data Engineering Manager,User,Denmark,Legitimate Interest,False,SDR Outbound,2026-04-29
C002617,A00460,Emma,Andrews,emma.andrews@nyman.com,Head of Data Platform,Champion,Norway,Legitimate Interest,False,Partner,2026-05-20
C002618,A01639,Mark,Nash,mark.nash@zobel.com,Analytics Engineer,User,Switzerland,Legitimate Interest,False,Partner,2026-06-13
C002619,A01591,Monica,Cox,monica.cox@dippel.com,Senior Data Engineer,User,Norway,Legitimate Interest,False,Free Trial,2026-05-01
C002620,A01355,Oliver,Verboom,oliver.verboom@hanson.com,Staff Data Engineer,User,Germany,Legitimate Interest,True,Referral,2026-01-22
C002621,A00077,Carl,Heinz,carl.heinz@stone-perry.com,Analytics Engineer,User,United States,,False,Paid Search,2025-09-16
C002622,A00017,Annelie,Wheeler,annelie.wheeler@svensson.com,Staff Data Engineer,User,Netherlands,Legitimate Interest,False,Paid Search,2026-09-16
C002623,A01427,Genoveva,Tintzmann,genoveva.tintzmann@lips.com,Senior Data Engineer,User,United States,,False,Free Trial,2025-05-07
C002624,A00687,Melissa,Eklund,melissa.eklund@norton.com,VP Data,Economic Buyer,Sweden,Legitimate Interest,False,Paid Search,2026-09-27
C002625,A00755,Sara,Lindau,sara.lindau@chan-page.com,DATA ENG,,United States,,False,Free Trial,2026-07-16
C002626,A00562,Tracy,van Velzen,tracy.van velzen@heß.com,VP Data,Economic Buyer,Germany,Legitimate Interest,False,Referral,2026-03-05
C002627,A00641,Shaun,Slagmolen,shaun.slagmolen@spier.com,IT Security Manager,Blocker,Sweden,Legitimate Interest,True,Event,2026-08-26
C002628,A00977,Michael,Hansson,michael.hansson@abbas.com,Senior Data Engineer,User,Canada,,False,Referral,2024-08-07
C002629,A01262,Cilly,Helmerhorst,cilly.helmerhorst@hammarström.com,ceo ,,Germany,Legitimate Interest,False,Event,2024-05-17
C002630,A01996,Katie,Petersson,katie.petersson@scholz.com,VP Data,Economic Buyer,Switzerland,Legitimate Interest,False,Paid Search,2026-08-29
C002631,A01013,Stefan,Bradshaw,stefan.bradshaw@nordström.com,data guy,,United Kingdom,Legitimate Interest,False,Referral,2026-03-20
C002632,A00424,Collin,Hartley,collin.hartley@avery.com,Head of Procurement,Blocker,United Kingdom,Legitimate Interest,False,Event,2026-09-17
C002633,A01746,Dorothy,Johnson,dorothy.johnson@hawkins.com,Data Engineering Manager,User,United Kingdom,Legitimate Interest,False,Paid Search,2026-05-06
C002634,A01445,Monica,Lewis,monica.lewis@anderson.com,Senior Data Engineer,User,United States,,False,Webinar,2025-12-25
C002635,A00328,Frederik,Torstensson,frederik.torstensson@bean.com,Manager,,Germany,Legitimate Interest,False,Partner,2025-05-20
C002636,A01384,Jonathan,Day,jonathan.day@fox.com,Chief Data Officer,Economic Buyer,United States,,False,Free Trial,2024-10-09
C002637,A01158,Dennis,Kruschwitz,dennis.kruschwitz@koninklijke.com,Data Engineering Manager,User,Canada,,False,Paid Search,2026-07-20
C002638,A01864,Amy,Thomas,amy.thomas@hernandez-miller.com,Analytics Engineer,User,Switzerland,Legitimate Interest,False,SDR Outbound,2025-08-21
C002639,A01581,Joseph,Jönsson,joseph.jönsson@welch-knowles.com,Head of Data Platform,Champion,Germany,Legitimate Interest,False,Referral,2024-03-06
C002640,A00455,Anne,Karlsson,anne.karlsson@kobelt.com,Data Engineering Manager,User,United States,,False,Paid Search,2026-01-31
C002641,A01709,Stefan,Faulkner,stefan.faulkner@thomas.com,Head of Data Engineering,Champion,United Kingdom,Legitimate Interest,False,Webinar,2025-09-29
C002642,A01665,Giuseppina,Hermansson,giuseppina.hermansson@athlon.com,IT Security Manager,Blocker,United States,,False,Content Download,2025-11-25
C002643,A01787,Kim,Issa,kim.issa@lundmark.com,Staff Data Engineer,User,United States,,False,Partner,2025-10-01
C002644,A00496,Lauren,Harris,lauren.harris@french-lopez.com,Analytics Engineer,User,United States,,False,SDR Outbound,2026-08-20
C002645,A00365,Zofia,Heinz,zofia.heinz@royal.com,Senior Data Engineer,User,Canada,,False,Content Download,2025-08-18
C002646,A00039,Guusje,Briggs,guusje.briggs@house.com,Head of Data Platform,Champion,Belgium,Legitimate Interest,False,Partner,2025-10-10
C002647,A01136,Martin,Dircken,martin.dircken@nilsson.com,Director of Data Platform,Champion,Switzerland,Legitimate Interest,False,Referral,2025-12-02
C002648,A01082,Martina,Watson,martina.watson@sullivan.com,"Director, Data Engineering",Champion,United States,,False,Content Download,2024-09-18
C002649,A00921,Matilda,Johnson,matilda.johnson@asml.com,Analytics Engineer,User,Germany,Legitimate Interest,False,Referral,2025-07-20
C002650,A00006,Carly,Carlsson,carly.carlsson@holm.com,-,,United States,,False,Event,2025-10-15
C002651,A01575,Johanna,Davis,johanna.davis@mende.com,DATA ENG,,United States,,False,Referral,2026-06-22
C002652,A01929,Lesley,Söding,lesley.söding@nollee.com,Data Engineering Manager,User,Germany,Legitimate Interest,False,SDR Outbound,2026-06-20
C002653,A01253,Håkan,Petersen,håkan.petersen@sutton-jones.com,Data Engineering Manager,User,United States,,False,Event,2026-03-22
C002654,A00635,Barbara,Feenstra,barbara.feenstra@terrell.com,"Director, Data Engineering",Champion,United States,,True,Partner,2025-01-01
C002655,A01649,Joyce,Karlsson,joyce.karlsson@velazquez-mack.com,Senior Data Engineer,User,Canada,,False,Free Trial,2023-06-25
C002656,A01457,Sylvia,Simmons,sylvia.simmons@seip.com,"Director, Data Engineering",Champion,United States,,False,SDR Outbound,2024-09-08
C002657,A01314,Derek,Clark,derek.clark@ljungberg.com,Chief Information Officer,Economic Buyer,Germany,,False,Referral,2026-09-24
C002658,A01617,Michelle,van 't Houteveen,michelle.van 't houteveen@lidén.com,Analytics Engineer,User,Netherlands,Legitimate Interest,False,Webinar,2026-10-07
C002659,A01061,Lieve,Collier,lieve.collier@einarsson.com,Data Engineering Manager,User,United States,,False,Webinar,2026-06-14
C002660,A00382,Katarzyna,Wilson,katarzyna.wilson@fletcher.com,Analytics Engineer,User,United States,,False,Partner,2024-10-02
C002661,A00713,Seth,Anderson,seth.anderson@richards-williams.com,IT Security Manager,Blocker,United States,,False,Event,2026-09-22
C002662,A00366,Luke,Williamson,luke.williamson@green.com,Head of Data Engineering,Champion,United Kingdom,Legitimate Interest,False,Event,2026-08-28
C002663,A00993,Sean,Speer,sean.speer@björkman.com,Analytics Engineer,User,United States,,False,Referral,2026-04-13
C002664,A00300,Karin,Ryan,karin.ryan@albers.com,CISO,Blocker,Canada,,False,Free Trial,2025-11-07
C002665,A00626,Johanna,Sims,johanna.sims@murray.com,Senior Data Engineer,User,United States,,False,SDR Outbound,2025-12-18
C002666,A01950,Håkan,Vial,håkan.vial@morgan.com,Senior Data Engineer,User,Germany,Legitimate Interest,False,SDR Outbound,2026-05-16
C002667,A00010,Paula,Guerrero,paula.guerrero@royal.com,Senior Data Engineer,User,Norway,Legitimate Interest,False,Paid Search,2026-07-22
C002668,A00450,Hannah,Wulf,hannah.wulf@karlsson.com,IT Security Manager,Blocker,United States,,False,Referral,2025-09-28
C002669,A01867,Edvin,Gierschner,edvin.gierschner@booker-douglas.com,Director of Data Platform,Champion,United Kingdom,Legitimate Interest,False,Content Download,2025-07-23
C002670,A00045,Christopher,Clarke,christopher.clarke@kvist.com,Chief Data Officer,Economic Buyer,United States,,False,Event,2025-05-31
C002671,A01916,Femke,Blomqvist,femke.blomqvist@thanel.com,DATA ENG,,Belgium,Legitimate Interest,False,Referral,2023-12-12
C002672,A01195,Natalie,Ray,natalie.ray@söding.com,Staff Data Engineer,User,Sweden,Legitimate Interest,False,Partner,2024-02-13
C002673,A00997,Franz,Anderson,franz.anderson@kraus.com,Senior Data Engineer,User,United States,,False,Webinar,2025-01-30
C002674,A00857,Hamza,Larsen,hamza.larsen@clarke.com,Staff Data Engineer,User,United States,,False,Paid Search,2026-07-21
C002675,A00253,Inge,Killer,inge.killer@jennings-young.com,Head of Data Engineering,Champion,United States,,True,Webinar,2026-07-31
C002676,A00113,Michelle,Cochran,michelle.cochran@daf.com,"Director, Data Engineering",Champion,United States,,False,Referral,2026-02-02
C002677,A01635,Linda,Edwards,linda.edwards@lopez-johnson.com,Staff Data Engineer,User,Germany,Legitimate Interest,False,Referral,2024-10-21
C002678,A01573,Charlotte,Marsh,charlotte.marsh@täsche.com,Director of Data Platform,Champion,Norway,Legitimate Interest,False,Free Trial,2026-03-29
C002679,A00282,Åke,Frank,åke.frank@nilsson.com,Analytics Engineer,User,Germany,Legitimate Interest,False,Webinar,2023-11-30
C002680,A00570,Sandra,Thomas,sandra.thomas@asr.com,"Director, Data Engineering",Champion,Germany,Legitimate Interest,False,Partner,2026-07-04
C002681,A00118,Diane,Rogner,diane.rogner@google.com,Senior Data Engineer,User,United States,,False,Partner,2024-06-10
C002682,A01150,Aurelia,Kraushaar,aurelia.kraushaar@nielsen.com,CISO,Blocker,United States,,False,Paid Search,2025-11-25
C002683,A00604,Klothilde,Kelly,klothilde.kelly@kramer.com,Staff Data Engineer,User,Denmark,Legitimate Interest,False,Referral,2025-02-08
C002684,A00837,Jordan,Beasley,jordan.beasley@magnusson.com,Staff Data Engineer,User,United States,,False,SDR Outbound,2026-09-24
C002685,A00649,Richard,Scott,richard.scott@hart.com,Analytics Engineer,User,United States,,False,Event,2026-02-22
C002686,A01647,Roberto,Schmiedecke,roberto.schmiedecke@finke.com,Head of Data Engineering,Champion,United States,,False,Content Download,2026-01-07
C002687,A00307,Catherine,Bevan,catherine.bevan@jensen.com,Senior Data Engineer,User,United States,,False,SDR Outbound,2026-02-03
C002688,A00338,Burckhard,Anderson,burckhard.anderson@van.com,VP Data & Analytics,Economic Buyer,United States,,False,Webinar,2025-08-17
C002689,A01270,Scott,Reynolds,scott.reynolds@grant-hurley.com,Analytics Engineer,User,United States,,False,Content Download,2025-09-27
C002690,A00499,Anders,Clarke,anders.clarke@rfs.com,data guy,,United States,,False,Content Download,2025-10-04
C002691,A00801,Anni,Peterson,anni.peterson@baum.com,Analytics Engineer,User,United States,,False,Referral,2024-06-09
C002692,A00526,Uschi,Mason,uschi.mason@shupe.com,Chief Data Officer,Economic Buyer,Switzerland,Legitimate Interest,False,SDR Outbound,2026-06-10
C002693,A00805,Jeffrey,Beckmann,jeffrey.beckmann@brown.com,Senior Data Engineer,User,United States,,False,Content Download,2025-09-15
C002694,A01149,Darren,Smith,darren.smith@frye.com,Analytics Engineer,User,United States,,False,Webinar,2025-11-23
C002695,A01839,Sevim,van Voorst,sevim.van voorst@andersson.com,"Director, Data Engineering",Champion,Germany,Legitimate Interest,False,Paid Search,2026-10-03
C002696,A00312,Märta,Zijlmans,märta.zijlmans@junken.com,Staff Data Engineer,User,United States,,False,Paid Search,2025-02-11
C002697,A01377,Puk,Scholtz,puk.scholtz@kriens.com,Senior Data Engineer,User,Germany,Legitimate Interest,False,SDR Outbound,2025-09-11
C002698,A01270,Nathan,Moberg,nathan.moberg@grant-hurley.com,Chief Information Officer,Economic Buyer,United States,,False,Partner,2026-08-30
C002699,A01671,Peer,Löffler,peer.löffler@lee.com,test,,United States,,True,Partner,2026-02-07
C002700,A00499,Louis,Naser,louis.naser@rfs.com,DATA ENG,,United States,,False,Referral,2026-09-26
C002701,A00085,Derrick,Misicher,derrick.misicher@thomas-williams.com,Data Engineering Manager,User,United States,,False,Content Download,2025-06-25
C002702,A01955,Abel,Williams,abel.williams@nilsson.com,Head of Procurement,Blocker,United Kingdom,Legitimate Interest,False,Content Download,2026-07-09
C002703,A01906,Kayla,Bergström,kayla.bergström@campbell.com,Head of Data Engineering,Champion,United States,,False,Paid Search,2026-09-18
C002704,A00761,Richard,Olykan,richard.olykan@white.com,Head of Procurement,Blocker,United States,,False,Content Download,2026-08-06
C002705,A00220,Shannon,Wiek,shannon.wiek@süßebier.com,CISO,Blocker,Switzerland,Legitimate Interest,False,Free Trial,2026-07-03
C002706,A00050,Tracy,van den Brand,tracy.van den brand@karlsson.com,Staff Data Engineer,User,Austria,Legitimate Interest,False,SDR Outbound,2026-06-19
C002707,A00806,Amy,Bengtsson,amy.bengtsson@hill.com,Director of Data Platform,Champion,Ireland,Legitimate Interest,False,Webinar,2025-11-04
C002708,A00530,Tino,Hernandez,tino.hernandez@löfgren.com,Staff Data Engineer,User,Ireland,Legitimate Interest,False,Referral,2026-08-19
C002709,A00128,Miranda,Mccann,miranda.mccann@hernandez.com,IT Security Manager,Blocker,United States,,False,Referral,2026-05-25
C002710,A00211,Steven,Buckley,steven.buckley@dkg.com,Head of Data Platform,Champion,Canada,,False,Referral,2024-12-07
C002711,A01283,Tristan,Wright,tristan.wright@emilsson.com,CISO,Blocker,Belgium,Legitimate Interest,False,Event,2026-09-08
C002712,A00341,Joy,Ross,joy.ross@smith.com,Data Engineering Manager,User,United States,,False,SDR Outbound,2026-05-22
C002713,A00862,Lisa,Klingelhöfer,lisa.klingelhöfer@dean.com,"Director, Data Engineering",Champion,Denmark,,False,Referral,2026-05-06
C002714,A01611,Sofia,Steenbakkers,sofia.steenbakkers@caldwell-martin.com,Senior Data Engineer,User,Ireland,Legitimate Interest,False,Paid Search,2025-11-02
C002715,A01249,Joanne,Clark,joanne.clark@newman-miles.com,DATA ENG,,United Kingdom,Legitimate Interest,False,SDR Outbound,2024-03-01
C002716,A01775,Peter,Cunningham,peter.cunningham@reichmann.com,Head of Data Platform,Champion,United Kingdom,Legitimate Interest,False,Content Download,2025-06-29
C002717,A01351,Damien,Samuelsson,damien.samuelsson@stroh.com,Data Engineering Manager,User,United Kingdom,,False,Partner,2026-06-13
C002718,A00112,Timm,van Dijk,timm.van dijk@stevens.com,Chief Data Officer,Economic Buyer,Canada,,False,Free Trial,2026-02-20
C002719,A01929,Karl,Harris,karl.harris@nollee.com,VP Data,Economic Buyer,Germany,Legitimate Interest,False,Paid Search,2026-06-01
C002720,A01093,Alan,Watkins,alan.watkins@koninklijke.com,Head of Procurement,Blocker,Norway,Legitimate Interest,True,Free Trial,2025-06-13
C002721,A01517,Lynda,Kisman,lynda.kisman@schmidt.com,Senior Data Engineer,User,United States,,False,Paid Search,2023-12-29
C002722,A01739,Senna,Mälzer,senna.mälzer@stichting.com,Director of Data Platform,Champion,United States,,False,Referral,2025-03-07
C002723,A00258,Ties,Ferguson,ties.ferguson@ibrahim.com,Head of Data Engineering,Champion,United Kingdom,Legitimate Interest,False,Referral,2026-07-07
C002724,A01965,Bo,Holden,bo.holden@patberg.com,Staff Data Engineer,User,United States,,False,Free Trial,2026-07-30
C002725,A01105,Arie,Brown,arie.brown@jenkins-jones.com,x,,Netherlands,Legitimate Interest,False,Partner,2025-09-04
C002726,A00371,Ron,van Buuren,ron.van buuren@galvan-combs.com,Head of Data Engineering,Champion,United Kingdom,Legitimate Interest,False,Event,2023-12-10
C002727,A01117,Lance,Schomber,lance.schomber@royal.com,Data Engineering Manager,User,United Kingdom,Legitimate Interest,False,SDR Outbound,2026-07-15
C002728,A01134,Anders,Pope,anders.pope@francis-thomas.com,Data Engineering Manager,User,Netherlands,Legitimate Interest,False,Referral,2025-06-19
C002729,A01980,Sergio,van Maasgouw,sergio.van maasgouw@sif.com,Head of Procurement,Blocker,Netherlands,Legitimate Interest,False,Content Download,2026-03-07
C002730,A00543,Robin,Smith,robin.smith@jacobi.com,Analytics Engineer,User,United States,,False,Free Trial,2025-11-12
C002731,A00575,Cosima,Dunn,cosima.dunn@goddard.com,Head of Data Platform,Champion,Netherlands,Legitimate Interest,False,Content Download,2026-09-11
C002732,A01973,Bo,Nyström,bo.nyström@microsoft.com,Senior Data Engineer,User,United States,,False,Webinar,2025-04-07
C002733,A01012,Christiana,Edwards,christiana.edwards@higgins.com,VP Data,Economic Buyer,Netherlands,Legitimate Interest,False,Free Trial,2025-11-16
C002734,A01712,Levi,Thomas,levi.thomas@karlsson.com,Analytics Engineer,User,United States,,False,Content Download,2026-05-27
C002735,A01162,Diana,Morton,diana.morton@evans.com,Analytics Engineer,User,Netherlands,Legitimate Interest,False,Webinar,2026-08-10
C002736,A00688,Frida,Persson,frida.persson@koch.com,Analytics Engineer,User,United Kingdom,Legitimate Interest,False,SDR Outbound,2024-12-05
C002737,A00612,Loes,Karlsson,loes.karlsson@lennartsson.com,Director of Data Platform,Champion,Denmark,Legitimate Interest,False,Paid Search,2026-05-22
C002738,A01648,Floortje,Miah,floortje.miah@khalil.com,Staff Data Engineer,User,United States,,False,Webinar,2025-02-13
C002739,A01014,Gillian,Johansson,gillian.johansson@leonard.com,Senior Data Engineer,User,Ireland,Legitimate Interest,False,Free Trial,2025-12-31
C002740,A00520,Lisa,Smits,lisa.smits@jackson.com,Analytics Engineer,User,United States,,False,Referral,2025-10-12
C002741,A00673,Robert,Gnodde,robert.gnodde@åslund.com,Data Engineering Manager,User,United Kingdom,Legitimate Interest,False,Partner,2025-07-30
C002742,A01151,Robin,Shupe,robin.shupe@hunt-hale.com,Staff Data Engineer,User,United States,,False,SDR Outbound,2026-06-21
C002743,A01928,Todd,Forslund,todd.forslund@persson.com,Head of Data Engineering,Champion,Netherlands,Legitimate Interest,False,Referral,2026-01-12
C002744,A01489,Clive,Mälzer,clive.mälzer@salz.com,Analytics Engineer,User,United States,,False,Event,2025-04-04
C002745,A01862,Rhys,Mattsson,rhys.mattsson@stiffel.com,Data Engineering Manager,User,United States,,False,Content Download,2025-05-31
C002746,A01228,Leif,Sundqvist,leif.sundqvist@eberth.com,Analytics Engineer,User,United States,,False,Partner,2026-09-26
C002747,A00404,Sture,Jones,sture.jones@royal.com,Director of Data Platform,Champion,United States,,False,Referral,2026-05-11
C002748,A01774,Guenter,Jansdr,guenter.jansdr@emanuelsson.com,Senior Data Engineer,User,United Kingdom,Legitimate Interest,False,Partner,2025-02-01
C002749,A00727,Jason,Robertson,jason.robertson@johansson.com,Head of Data Platform,Champion,United Kingdom,Legitimate Interest,False,Referral,2024-04-17
C002750,A01843,Margareta,Davis,margareta.davis@stichting.com,VP Data,Economic Buyer,United States,,False,Paid Search,2026-08-18
C002751,A00934,Mary,Mccoy,mary.mccoy@malm.com,Data Engineering Manager,User,United States,,False,Partner,2026-08-05
C002752,A00229,Donald,Söderlund,donald.söderlund@john.com,Head of Procurement,Blocker,United Kingdom,Legitimate Interest,False,SDR Outbound,2024-10-11
C002753,A01577,Joe,Larsson,joe.larsson@nilsson.com,Analytics Engineer,User,United Kingdom,Legitimate Interest,False,Webinar,2026-02-28
C002754,A00259,Alexandra,Johansson,alexandra.johansson@lindberg.com,Head of Data Platform,Champion,United Kingdom,Legitimate Interest,False,Paid Search,2026-06-27
C002755,A01611,Nathan,Daugherty,nathan.daugherty@caldwell-martin.com,Staff Data Engineer,User,Ireland,Legitimate Interest,False,Content Download,2025-06-04
C002756,A00914,Jessica,Karlsson,jessica.karlsson@girschner.com,Chief Information Officer,Economic Buyer,Netherlands,Legitimate Interest,False,Event,2025-09-14
C002757,A01914,Susanne,Andersson,susanne.andersson@frank.com,Staff Data Engineer,User,Germany,Legitimate Interest,False,Content Download,2025-05-26
C002758,A00918,Tara,Rippey,tara.rippey@miller.com,Staff Data Engineer,User,United Kingdom,Legitimate Interest,False,Free Trial,2025-05-11
C002759,A01041,Antonie,Walsh,antonie.walsh@douglas.com,Head of Data Engineering,Champion,Norway,Legitimate Interest,False,Content Download,2026-06-15
C002760,A00738,Shannon,Preiß,shannon.preiß@drubin.com,Analytics Engineer,User,United States,,False,Free Trial,2026-06-25
C002761,A00148,Isabelle,Bradshaw,isabelle.bradshaw@asplund.com,Data Engineering Manager,User,United States,,False,Webinar,2024-01-25
C002762,A00201,Yinthe,Holst,yinthe.holst@hall.com,CISO,Blocker,Belgium,Legitimate Interest,False,Partner,2025-04-01
C002763,A01887,Amber,Cain,amber.cain@svensson.com,Staff Data Engineer,User,United States,,True,Free Trial,2024-02-16
C002764,A01190,Aynur,Barnes,aynur.barnes@rfs.com,Head of Data Platform,Champion,United States,,False,Content Download,2025-09-01
C002765,A01767,Wilhelm,Poole,wilhelm.poole@lewis.com,Senior Data Engineer,User,United Kingdom,Legitimate Interest,False,SDR Outbound,2025-09-06
C002766,A01460,Roy,Fortuyn,roy.fortuyn@cooper-cook.com,Head of Data Engineering,Champion,United Kingdom,Legitimate Interest,False,SDR Outbound,2025-04-23
C002767,A00455,Dietlind,Geerling,dietlind.geerling@kobelt.com,Data Engineering Manager,User,United States,,False,SDR Outbound,2026-01-14
C002768,A00885,Sarah,Sköld,sarah.sköld@krause.com,test,,United Kingdom,Legitimate Interest,False,Free Trial,2024-11-07
C002769,A00665,Knut,Foster,knut.foster@luster.com,Data Engineering Manager,User,United States,,False,SDR Outbound,2025-08-09
C002770,A01578,Danique,Brandt,danique.brandt@lindner.com,Senior Data Engineer,User,United States,,True,SDR Outbound,2024-02-21
C002771,A00300,Elisa,Cadefau,elisa.cadefau@albers.com,Director of Data Platform,Champion,Canada,,False,Content Download,2024-03-26
C002772,A01618,Axel,Henriksson,axel.henriksson@nordgren.com,"Director, Data Engineering",Champion,United States,,True,Referral,2025-10-09
C002773,A00213,Jonathan,Tyler,jonathan.tyler@eriksson.com,"Director, Data Engineering",Champion,Germany,Legitimate Interest,False,Partner,2026-10-02
C002774,A01618,Finn,Loos,finn.loos@nordgren.com,"Director, Data Engineering",Champion,United States,,False,Partner,2025-08-12
C002775,A01552,Troy,Lundin,troy.lundin@jönsson.com,Analytics Engineer,User,United Kingdom,Legitimate Interest,False,Referral,2026-08-11
C002776,A01393,Holly,Steuer,holly.steuer@olsson.com,Analytics Engineer,User,Germany,Legitimate Interest,False,SDR Outbound,2025-11-07
C002777,A01610,Astrid,Ullrich,astrid.ullrich@seifert.com,Director of Data Platform,Champion,Germany,Legitimate Interest,False,Free Trial,2025-10-03
C002778,A00112,Quinn,Maxwell,quinn.maxwell@stevens.com,Senior Data Engineer,User,Canada,,False,Content Download,2026-10-07
C002779,A01448,Elisabeth,Lansink,elisabeth.lansink@geldens.com,Head of Data Platform,Champion,United States,,False,Paid Search,2026-06-01
C002780,A00227,Felizitas,Dyer,felizitas.dyer@howard-jordan.com,IT Security Manager,Blocker,United States,,False,Partner,2026-04-02
C002781,A00160,Jinthe,Schmidt,jinthe.schmidt@trommler.com,Senior Data Engineer,User,United States,,False,Webinar,2026-07-19
C002782,A01677,Sam,Eriksson,sam.eriksson@hubbard.com,Staff Data Engineer,User,Canada,,False,Event,2024-12-25
C002783,A01745,Sylwia,Johansson,sylwia.johansson@achmea.com,Data Engineering Manager,User,Belgium,Legitimate Interest,False,Partner,2025-05-19
C002784,A01490,Torsten,Hagberg,torsten.hagberg@cross.com,Head of Data Platform,Champion,United States,,False,SDR Outbound,2026-03-07
C002785,A01314,Scott,Moore,scott.moore@ljungberg.com,data guy,,Germany,Legitimate Interest,False,Free Trial,2026-08-28
C002786,A00752,Paul,Robinson,paul.robinson@christoph.com,Analytics Engineer,User,United States,,False,SDR Outbound,2026-02-04
C002787,A00626,Claudia,Mason,claudia.mason@murray.com,Data Engineering Manager,User,United States,,False,SDR Outbound,2025-02-23
C002788,A00771,Mart,Larsson,mart.larsson@moore.com,Analytics Engineer,User,Netherlands,Legitimate Interest,False,Paid Search,2024-01-16
C002789,A00488,Wayne,Wahlgren,wayne.wahlgren@davies.com,Senior Data Engineer,User,Netherlands,,False,Content Download,2026-08-08
C002790,A00392,Vincent,Jakobsson,vincent.jakobsson@kruschwitz.com,VP Data,Economic Buyer,United Kingdom,Legitimate Interest,False,Free Trial,2025-03-31
C002791,A01405,Johan,Beard,johan.beard@nilsson.com,Head of Data Engineering,Champion,United States,,False,Event,2025-09-29
C002792,A00393,Garry,van Parijs,garry.van parijs@erlandsson.com,Senior Data Engineer,User,Denmark,Legitimate Interest,False,SDR Outbound,2025-02-22
C002793,A01691,Kerry,Doesburg,kerry.doesburg@holmström.com,Data Engineering Manager,User,Germany,Legitimate Interest,False,Partner,2026-08-07
C002794,A01181,Arthur,Pettersson,arthur.pettersson@jacob.com,Senior Data Engineer,User,United Kingdom,Legitimate Interest,False,Referral,2026-05-15
C002795,A00167,Kevin,Watkins,kevin.watkins@månsson.com,CISO,Blocker,United Kingdom,Legitimate Interest,False,Paid Search,2026-07-19
C002796,A01951,Brenda,Evans,brenda.evans@long-carter.com,Head of Data Platform,Champion,United States,,False,Event,2026-04-23
C002797,A00208,Ella,Watkins,ella.watkins@sager.com,CISO,Blocker,Denmark,Legitimate Interest,False,Event,2025-01-25
C002798,A01351,Jane,Hall,jane.hall@stroh.com,Data Engineering Manager,User,United Kingdom,Legitimate Interest,False,Partner,2026-08-20
C002799,A01618,Juliette,'s Gravensande,juliette.'s gravensande@nordgren.com,VP Data,Economic Buyer,United States,,False,Free Trial,2024-01-03
C002800,A01559,Hans-Günter,Thomas,hans-günter.thomas@eriksson.com,Staff Data Engineer,User,United Kingdom,Legitimate Interest,False,Event,2025-09-24
C002801,A00294,Marijan,Karlsson,marijan.karlsson@döhn.com,Analytics Engineer,User,United States,,False,Event,2025-09-02
C002802,A01134,Noah,Kent,noah.kent@francis-thomas.com,Director of Data Platform,Champion,Netherlands,Legitimate Interest,False,Paid Search,2026-09-28
C002803,A01853,Semra,Weitzel,semra.weitzel@jones.com,N/A,,United States,,True,Content Download,2026-09-30
C002804,A00890,Agnes,Smith,agnes.smith@kohl.com,Senior Data Engineer,User,Canada,,False,SDR Outbound,2026-09-09
C002805,A00559,Dante,Seip,dante.seip@key.com,Staff Data Engineer,User,United States,,False,Content Download,2025-11-11
C002806,A00085,Morgan,Höfig,morgan.höfig@thomas-williams.com,Head of Data Engineering,Champion,United States,,False,Event,2026-01-22
C002807,A01726,Kristin,den Buytelaar,kristin.den buytelaar@aumann.com,Senior Data Engineer,User,United Kingdom,Legitimate Interest,False,Event,2024-07-09
C002808,A01217,Theodore,Diesbergen,theodore.diesbergen@yates-harper.com,"Director, Data Engineering",Champion,United States,,False,Paid Search,2026-05-25
C002809,A01234,Erik,Scheibe,erik.scheibe@harrison.com,Data Engineering Manager,User,Canada,,False,Free Trial,2026-05-29
C002810,A01343,Birgitta,Lundberg,birgitta.lundberg@johansson.com,Head of Data Engineering,Champion,United States,,False,Event,2025-09-28
C002811,A01598,Anna,Cline,anna.cline@baker.com,VP Data,Economic Buyer,United States,,False,Event,2026-08-22
C002812,A00900,Merle,Boman,merle.boman@verkade.com,Chief Information Officer,Economic Buyer,United States,,False,Partner,2024-08-21
C002813,A00065,Daniel,Sas,daniel.sas@schweitzer.com,VP Data,Economic Buyer,United States,,False,SDR Outbound,2026-09-08
C002814,A00965,Annabel,Cobb,annabel.cobb@lilja.com,x,,United States,,False,Free Trial,2025-11-03
C002815,A01182,Elwira,Bell,elwira.bell@jakobsson.com,CISO,Blocker,United States,,False,Referral,2026-08-27
C002816,A00263,Tara,Ritter,tara.ritter@striebitz.com,"Director, Data Engineering",Champion,Germany,Legitimate Interest,False,Webinar,2025-03-30
C002817,A00079,Fatima,Lindström,fatima.lindström@koninklijke.com,Staff Data Engineer,User,United States,,False,Event,2026-06-21
C002818,A00607,Amelia,Ivarsson,amelia.ivarsson@miller.com,Data Engineering Manager,User,Switzerland,Legitimate Interest,False,SDR Outbound,2025-10-01
C002819,A01697,Anneli,Patberg,anneli.patberg@koninklijke.com,Senior Data Engineer,User,United States,,False,SDR Outbound,2025-08-21
C002820,A00381,Dina,Stroh,dina.stroh@mahmood-richards.com,Staff Data Engineer,User,Canada,,False,SDR Outbound,2024-03-28
C002821,A01253,Mark,Forsberg,mark.forsberg@sutton-jones.com,Staff Data Engineer,User,United States,,False,Paid Search,2025-05-01
C002822,A00211,Magarete,Rodriguez,magarete.rodriguez@dkg.com,Staff Data Engineer,User,Canada,,True,Partner,2026-08-12
C002823,A01460,Ernst,Mohamed,ernst.mohamed@cooper-cook.com,Staff Data Engineer,User,United Kingdom,Legitimate Interest,False,Free Trial,2025-10-16
C002824,A01337,Megan,Wolters,megan.wolters@lindskog.com,Data Engineering Manager,User,United Kingdom,Legitimate Interest,False,Webinar,2024-09-10
C002825,A00082,Bethan,Brouwer,bethan.brouwer@hunt.com,"Director, Data Engineering",Champion,Canada,,False,Referral,2023-12-21
C002826,A01906,Enver,Wells,enver.wells@campbell.com,Analytics Engineer,User,United States,,False,SDR Outbound,2026-05-31
C002827,A01833,Janna,Perez,janna.perez@stey.com,Senior Data Engineer,User,United States,,False,SDR Outbound,2026-06-16
C002828,A01667,Anna,Persson,anna.persson@anderson.com,Data Engineering Manager,User,Netherlands,Legitimate Interest,False,Content Download,2024-03-17
C002829,A01540,Emily,Hering,emily.hering@van.com,Staff Data Engineer,User,United States,,False,Referral,2024-11-14
C002830,A00697,Zeynep,Spencer,zeynep.spencer@noble.com,Director of Data Platform,Champion,United States,,False,Webinar,2025-11-16
C002831,A01001,Karl,Scheuermann,karl.scheuermann@walter.com,Senior Data Engineer,User,United States,,False,Referral,2024-12-18
C002832,A01877,Nicholas,Williams,nicholas.williams@jönsson.com,VP Data & Analytics,Economic Buyer,Netherlands,Legitimate Interest,False,Webinar,2026-05-02
C002833,A01355,Emma,Gustafsson,emma.gustafsson@hanson.com,Head of Data Platform,Champion,Germany,Legitimate Interest,False,Partner,2025-10-26
C002834,A00589,Joel,Westerberg,joel.westerberg@eriksson.com,CISO,Blocker,United States,,False,Event,2025-11-19
C002835,A00686,Hans Jörg,Carter,hans jörg.carter@atos.com,CISO,Blocker,United States,,False,Content Download,2026-06-09
C002836,A01331,Robin,Zimmer,robin.zimmer@kreusel.com,Data Engineering Manager,User,United States,,False,Paid Search,2026-08-31
C002837,A00624,Eleonor,van Wallaert,eleonor.van wallaert@knappe.com,Data Engineering Manager,User,Germany,Legitimate Interest,False,Paid Search,2026-06-25
C002838,A00970,Boris,Zobel,boris.zobel@flores-rivera.com,IT Security Manager,Blocker,United States,,True,Content Download,2026-07-16
C002839,A01893,Luuk,Brown,luuk.brown@johansson.com,Manager,,United States,,False,Content Download,2026-07-06
C002840,A00633,Magnus,Woutersz,magnus.woutersz@lundh.com,Analytics Engineer,User,United States,,False,Referral,2026-08-21
C002841,A00352,Lina,Voortman,lina.voortman@ali.com,"Director, Data Engineering",Champion,United States,,False,Event,2024-08-30
C002842,A00369,Marie-Louise,Johansson,marie-louise.johansson@brown-shaw.com,VP Data,Economic Buyer,United States,,False,Partner,2024-12-09
C002843,A01603,Kristin,Hartung,kristin.hartung@post.com,Staff Data Engineer,User,Germany,Legitimate Interest,False,SDR Outbound,2023-11-26
C002844,A00225,Kathleen,Andersson,kathleen.andersson@godfrey.com,Head of Data Platform,Champion,United States,,True,Event,2024-11-04
C002845,A00503,Norman,Heser,norman.heser@morrison.com,Analytics Engineer,User,United Kingdom,Legitimate Interest,False,Event,2026-08-29
C002846,A01807,Nova,Huijben,nova.huijben@koninklijke.com,Senior Data Engineer,User,Germany,Legitimate Interest,False,Paid Search,2025-07-02
C002847,A01172,Samantha,Thies,samantha.thies@davidsson.com,Senior Data Engineer,User,United States,,False,Free Trial,2023-11-05
C002848,A00161,Bernward,Sanders,bernward.sanders@thomas-holloway.com,x,,United Kingdom,Legitimate Interest,False,Paid Search,2026-08-13
C002849,A01655,Dörte,Hellberg,dörte.hellberg@johnson-williamson.com,VP Data,Economic Buyer,United Kingdom,Legitimate Interest,False,SDR Outbound,2026-08-28
C002850,A00271,Albert,Knoers,albert.knoers@smith.com,Head of Data Platform,Champion,Belgium,Legitimate Interest,False,Content Download,2026-04-15
C002851,A01146,Terence,Wyatt,terence.wyatt@robson.com,Head of Procurement,Blocker,Switzerland,Legitimate Interest,False,Free Trial,2026-04-19
C002852,A01047,Alison,van Opper-Lotharingen,alison.van opper-lotharingen@nyrstar.com,Head of Procurement,Blocker,Sweden,Legitimate Interest,False,Content Download,2026-06-28
C002853,A00240,Milo,Hulskes,milo.hulskes@roberts.com,Senior Data Engineer,User,Canada,,False,SDR Outbound,2024-10-12
C002854,A01303,Elfie,Price,elfie.price@finke.com,Head of Data Platform,Champion,Belgium,Legitimate Interest,False,Partner,2025-06-01
C002855,A00502,Christian,Tröst,christian.tröst@rosenow.com,IT Security Manager,Blocker,United Kingdom,Legitimate Interest,False,Free Trial,2026-06-18
C002856,A01423,Christopher,Persson,christopher.persson@gutierrez-crawford.com,-,,United States,,False,Event,2023-12-16
C002857,A00834,Antje,Lundin,antje.lundin@van.com,Staff Data Engineer,User,Denmark,Legitimate Interest,False,Webinar,2026-06-28
C002858,A01720,Adam,Alexandersson,adam.alexandersson@rodriguez-taylor.com,Data Engineering Manager,User,Switzerland,Legitimate Interest,False,Free Trial,2026-05-22
C002859,A01449,Elize,Zhang,elize.zhang@collins-newman.com,Analytics Engineer,User,United States,,False,Event,2026-09-25
C002860,A00799,Joy,Hoogers,joy.hoogers@henriksson.com,Staff Data Engineer,User,United Kingdom,Legitimate Interest,False,Paid Search,2025-04-17
C002861,A00836,Jason,Whitehead,jason.whitehead@bolton.com,Data Engineering Manager,User,United Kingdom,Legitimate Interest,False,SDR Outbound,2026-06-14
C002862,A01767,Till,Galvan,till.galvan@lewis.com,"Director, Data Engineering",Champion,United Kingdom,Legitimate Interest,True,Paid Search,2025-04-27
C002863,A00887,Tilo,Turner,tilo.turner@martin.com,Chief Data Officer,Economic Buyer,United States,,False,Partner,2026-04-14
C002864,A01265,Lotte,Gehringer,lotte.gehringer@higgins.com,Senior Data Engineer,User,United States,,False,Content Download,2026-07-16
C002865,A01289,Damian,Elliott,damian.elliott@svensson.com,Senior Data Engineer,User,United States,,False,Content Download,2026-04-18
C002866,A01651,Alexander,Hill,alexander.hill@hansson.com,"Director, Data Engineering",Champion,United States,,False,SDR Outbound,2025-11-20
C002867,A01355,Catherine,Heidrich,catherine.heidrich@hanson.com,Data Engineering Manager,User,Germany,Legitimate Interest,False,Partner,2026-05-17
C002868,A01504,Pepijn,Nilsson,pepijn.nilsson@stichting.com,Analytics Engineer,User,United States,,False,Event,2026-09-21
C002869,A00523,Ben,Hellström,ben.hellström@scott-smith.com,Analytics Engineer,User,United States,,False,Free Trial,2026-01-20
C002870,A01383,Laura,Pieper,laura.pieper@lindquist.com,Analytics Engineer,User,United States,,False,Event,2026-09-08
C002871,A01457,Dylan,Lees,dylan.lees@seip.com,Staff Data Engineer,User,United States,,False,Partner,2025-12-31
C002872,A01232,Hanna,Heath,hanna.heath@miller-christensen.com,VP Data & Analytics,Economic Buyer,United States,,False,SDR Outbound,2026-06-09
C002873,A01362,Othmar,Biggen,othmar.biggen@johansson.com,N/A,,United Kingdom,Legitimate Interest,False,Referral,2024-10-14
C002874,A00873,Emma,Reijers,emma.reijers@koninklijke.com,N/A,,Switzerland,Legitimate Interest,False,Content Download,2025-05-18
C002875,A01023,Galina,Hörle,galina.hörle@björk.com,Data Engineering Manager,User,Switzerland,Legitimate Interest,False,Event,2025-11-09
C002876,A01811,Olaf,Taylor,olaf.taylor@verkade.com,Data Engineering Manager,User,United Kingdom,Legitimate Interest,False,Free Trial,2026-09-03
C002877,A00315,Daniel,Nash,daniel.nash@persson.com,IT Security Manager,Blocker,United States,,False,Event,2026-01-18
C002878,A00338,Maurits,Lindström,maurits.lindström@van.com,Chief Information Officer,Economic Buyer,United States,,True,Event,2025-03-08
C002879,A01549,Janna,Nord,janna.nord@booth-wheeler.com,Analytics Engineer,User,Germany,Legitimate Interest,False,Partner,2026-04-06
C002880,A00455,Shannon,Meeres,shannon.meeres@kobelt.com,Senior Data Engineer,User,United States,,False,Paid Search,2025-12-05
C002881,A01443,Rosie,Seidel,rosie.seidel@andersson.com,Analytics Engineer,User,Germany,Legitimate Interest,False,Event,2026-07-03
C002882,A00914,Wendy,Holland,wendy.holland@girschner.com,Head of Procurement,Blocker,Netherlands,Legitimate Interest,False,Paid Search,2025-06-11
C002883,A00345,Anna,Perry,anna.perry@davis-gregory.com,x,,Netherlands,Legitimate Interest,False,Paid Search,2024-05-23
C002884,A00222,Quinn,Pena,quinn.pena@vallin.com,Staff Data Engineer,User,United States,,False,Free Trial,2026-02-08
C002885,A00143,Laurie,Lawson,laurie.lawson@henk.com,Senior Data Engineer,User,United States,,False,SDR Outbound,2026-10-07
C002886,A01219,Victoria,Mason,victoria.mason@kolen.com,VP Data & Analytics,Economic Buyer,Belgium,Legitimate Interest,False,Referral,2026-08-04
C002887,A01039,Mattias,Rhodes,mattias.rhodes@bonilla.com,Chief Data Officer,Economic Buyer,United States,,False,Webinar,2024-01-20
C002888,A00165,Wilma,Rose,wilma.rose@smith.com,Staff Data Engineer,User,Switzerland,Legitimate Interest,False,Content Download,2024-12-07
C002889,A01260,Aina,Phillips,aina.phillips@olsson.com,CISO,Blocker,United States,,False,Event,2024-03-10
C002890,A00841,Mohamed,Wallace,mohamed.wallace@gerritsen.com,CISO,Blocker,United States,,False,Free Trial,2024-11-24
C002891,A01153,Austin,Robertson,austin.robertson@kranz.com,Head of Data Engineering,Champion,Netherlands,Legitimate Interest,False,Paid Search,2024-12-04
C002892,A01857,Tijn,van de Elzas,tijn.van de elzas@davis-oneill.com,Staff Data Engineer,User,Sweden,Legitimate Interest,False,Content Download,2024-10-12
C002893,A00906,Anja,Kirby,anja.kirby@lyons.com,Analytics Engineer,User,United States,,False,Referral,2025-04-07
C002894,A01162,H.-Dieter,Hermighausen,h.-dieter.hermighausen@evans.com,IT Security Manager,Blocker,Netherlands,,False,Partner,2026-08-28
C002895,A00315,Simona,Heß,simona.heß@persson.com,"Director, Data Engineering",Champion,United States,,False,Referral,2026-05-24
C002896,A00002,Stanislaus,Petersen,stanislaus.petersen@heuser.com,Staff Data Engineer,User,Germany,Legitimate Interest,False,SDR Outbound,2026-03-15
C002897,A01359,Eleanor,Stroh,eleanor.stroh@bmc.com,data guy,,Sweden,Legitimate Interest,False,Partner,2025-03-14
C002898,A00465,Thomas,Engman,thomas.engman@kallert.com,Head of Data Engineering,Champion,United States,,False,SDR Outbound,2024-10-25
C002899,A00276,Elias,Hendriks,elias.hendriks@broekhoven.com,Staff Data Engineer,User,Belgium,Legitimate Interest,False,SDR Outbound,2026-02-06
C002900,A00660,Erik,Johansson,erik.johansson@hardy-patel.com,Staff Data Engineer,User,United Kingdom,Legitimate Interest,False,Webinar,2026-09-02
C002901,A00388,Amanda,Renner,amanda.renner@persson.com,N/A,,United States,,False,Paid Search,2026-01-28
C002902,A01900,Maaike,Larsson,maaike.larsson@stichting.com,Analytics Engineer,User,United Kingdom,Legitimate Interest,False,Free Trial,2026-01-10
C002903,A01301,Elizabeth,Karlsson,elizabeth.karlsson@engström.com,Data Engineering Manager,User,United Kingdom,Legitimate Interest,False,SDR Outbound,2025-05-15
C002904,A01557,Hollie,Andersson,hollie.andersson@svensson.com,"Director, Data Engineering",Champion,Netherlands,Legitimate Interest,True,SDR Outbound,2026-08-04
C002905,A01941,Wolfgang,Nilsson,wolfgang.nilsson@pieters.com,intern,,Netherlands,Legitimate Interest,False,SDR Outbound,2026-10-08
C002906,A00342,Faas,Mende,faas.mende@woutersz.com,Staff Data Engineer,User,United States,,False,Free Trial,2026-09-30
C002907,A01008,Howard,Osterhoudt,howard.osterhoudt@thomas-santiago.com,Head of Data Engineering,Champion,United States,,False,SDR Outbound,2025-09-08
C002908,A00714,Lisa,Kristiansson,lisa.kristiansson@wheeler.com,IT Security Manager,Blocker,Sweden,Legitimate Interest,False,Content Download,2026-03-10
C002909,A01297,Josephine,Gertz,josephine.gertz@lindau.com,Staff Data Engineer,User,United Kingdom,Legitimate Interest,False,Content Download,2025-10-15
C002910,A00521,Franco,Holden,franco.holden@anderson-perry.com,Staff Data Engineer,User,Germany,Legitimate Interest,False,Webinar,2026-09-12
C002911,A00265,Jenna,Kok,jenna.kok@davis-lewis.com,Senior Data Engineer,User,United Kingdom,Legitimate Interest,False,Content Download,2026-09-19
C002912,A01487,John,Oskarsson,john.oskarsson@jansson.com,Analytics Engineer,User,Germany,Legitimate Interest,False,Referral,2024-07-03
C002913,A01284,Nathan,Karlsson,nathan.karlsson@meister.com,Staff Data Engineer,User,United States,,False,Content Download,2026-07-08
C002914,A00094,Selina,Curtis,selina.curtis@jones.com,Data Engineering Manager,User,Ireland,Legitimate Interest,False,Referral,2026-06-30
C002915,A00330,Jan,Lewis,jan.lewis@johansson.com,"Director, Data Engineering",Champion,Ireland,Legitimate Interest,False,SDR Outbound,2026-08-16
C002916,A01818,Paulina,Larsson,paulina.larsson@edwards.com,CISO,Blocker,Belgium,Legitimate Interest,False,Partner,2024-01-13
C002917,A00842,Mohammed,O'Neill,mohammed.o'neill@dawson.com,Senior Data Engineer,User,Canada,,False,Webinar,2025-06-21
C002918,A01281,Alexis,Jarvis,alexis.jarvis@rask.com,Data Engineering Manager,User,United States,,False,Webinar,2026-04-27
C002919,A01228,Allen,Höglund,allen.höglund@eberth.com,Analytics Engineer,User,United States,,False,Partner,2026-09-28
C002920,A00396,Ruben,Williams,ruben.williams@engie.com,Head of Data Engineering,Champion,United Kingdom,Legitimate Interest,False,SDR Outbound,2026-03-22
C002921,A00640,William,Mattsson,william.mattsson@karlsson.com,Analytics Engineer,User,United States,,False,SDR Outbound,2025-12-18
C002922,A00492,Nora,de Jonge,nora.de jonge@simonis.com,Head of Data Engineering,Champion,Germany,Legitimate Interest,False,Partner,2026-09-23
C002923,A01356,Alex,Meyers,alex.meyers@hartung.com,Analytics Engineer,User,Canada,,False,Referral,2025-12-15
C002924,A01895,Christine,Geldens,christine.geldens@hendrix.com,VP Data & Analytics,Economic Buyer,United Kingdom,Legitimate Interest,False,Paid Search,2026-07-05
C002925,A01171,Burkhard,Bartlett,burkhard.bartlett@verbeeck.com,Senior Data Engineer,User,Germany,Legitimate Interest,False,Partner,2024-10-03
C002926,A01500,Susanne,Seip,susanne.seip@washington-martinez.com,"Director, Data Engineering",Champion,Belgium,Legitimate Interest,False,Paid Search,2024-10-16
C002927,A00892,Jemma,Lawrence,jemma.lawrence@jacobsson.com,Chief Information Officer,Economic Buyer,Netherlands,Legitimate Interest,False,Content Download,2024-06-09
C002928,A00430,Kristi,Linke,kristi.linke@may-reynolds.com,VP Data & Analytics,Economic Buyer,United Kingdom,Legitimate Interest,False,Webinar,2026-07-09
C002929,A00048,Ellen,Saunders,ellen.saunders@baldwin-ball.com,Director of Data Platform,Champion,United States,,False,Paid Search,2026-06-16
C002930,A00322,Noa,Hagström,noa.hagström@karlsson.com,Data Engineering Manager,User,Canada,,False,Paid Search,2025-03-18
C002931,A00235,Austin,Hunter,austin.hunter@stichting.com,VP Data,Economic Buyer,United States,,False,SDR Outbound,2025-04-17
C002932,A00302,Stephen,Lathrope,stephen.lathrope@moreno.com,Analytics Engineer,User,Sweden,Legitimate Interest,False,Paid Search,2024-07-27
C002933,A01814,Mitchell,Jüttner,mitchell.jüttner@fisher-daniel.com,CISO,Blocker,United States,,False,Referral,2023-08-01
C002934,A01996,Osman,Rivera,osman.rivera@scholz.com,Director of Data Platform,Champion,Switzerland,Legitimate Interest,False,Paid Search,2026-09-25
C002935,A01320,Ryan,van Brenen,ryan.van brenen@nette.com,VP Data,Economic Buyer,United States,,False,Partner,2025-10-16
C002936,A01507,Ditmar,Smith,ditmar.smith@pettersson.com,Senior Data Engineer,User,United States,,False,Referral,2026-06-24
C002937,A01602,Sarah,Jacob,sarah.jacob@jones.com,Senior Data Engineer,User,United States,,False,Paid Search,2026-04-01
C002938,A00071,Jenna,Scott,jenna.scott@webb.com,VP Data & Analytics,Economic Buyer,United States,,False,Event,2026-07-14
C002939,A00001,Lindsey,Hanna,lindsey.hanna@hein.com,IT Security Manager,Blocker,United Kingdom,Legitimate Interest,False,SDR Outbound,2026-09-11
C002940,A00832,Fabiënne,Fransson,fabiënne.fransson@tucker.com,Analytics Engineer,User,Ireland,Legitimate Interest,False,Partner,2025-10-05
C002941,A00427,Tony,Lindström,tony.lindström@dawson.com,Director of Data Platform,Champion,Germany,Legitimate Interest,False,Referral,2026-08-18
C002942,A01710,Larissa,Näslund,larissa.näslund@keudel.com,Staff Data Engineer,User,Canada,,False,Webinar,2025-06-25
C002943,A00342,Sten,Eklund,sten.eklund@woutersz.com,Head of Data Platform,Champion,United States,,False,Webinar,2026-07-26
C002944,A00942,Frank,Nilsson,frank.nilsson@lange.com,"Director, Data Engineering",Champion,Canada,,False,Partner,2025-01-20
C002945,A01707,Elisabet,McCarthy,elisabet.mccarthy@mora.com,Director of Data Platform,Champion,Ireland,Legitimate Interest,False,Paid Search,2026-08-01
C002946,A00735,Loes,Rice,loes.rice@crawford.com,Senior Data Engineer,User,Germany,Legitimate Interest,False,Referral,2026-03-26
C002947,A01827,Sigvard,Karlsson,sigvard.karlsson@hayward.com,Head of Procurement,Blocker,Germany,Legitimate Interest,False,Paid Search,2026-09-09
C002948,A01463,Erik,Öhman,erik.öhman@bergman.com,VP Data & Analytics,Economic Buyer,United States,,True,Webinar,2024-07-24
C002949,A00819,Lizzy,Andersson,lizzy.andersson@lundin.com,intern,,United Kingdom,Legitimate Interest,False,Free Trial,2026-06-21
C002950,A01037,Nathan,Johansson,nathan.johansson@johansson.com,Senior Data Engineer,User,Denmark,Legitimate Interest,False,SDR Outbound,2024-08-07
C002951,A01213,Traugott,Hudson,traugott.hudson@lehmann.com,"Director, Data Engineering",Champion,United States,,False,Free Trial,2026-05-07
C002952,A00644,Arthur,Eriksson,arthur.eriksson@jones.com,Senior Data Engineer,User,United Kingdom,Legitimate Interest,False,Referral,2025-05-22
C002953,A00963,Sherry,Williams,sherry.williams@coca-cola.com,Head of Procurement,Blocker,Netherlands,Legitimate Interest,False,Event,2026-01-16
C002954,A00687,Ulf,Lilja,ulf.lilja@norton.com,Staff Data Engineer,User,Sweden,Legitimate Interest,False,Partner,2026-09-07
C002955,A01169,Jessica,Turner,jessica.turner@van.com,Senior Data Engineer,User,Germany,Legitimate Interest,False,Partner,2025-05-26
C002956,A00876,Angela,Juarez,angela.juarez@kemp.com,"Director, Data Engineering",Champion,United States,,False,Webinar,2024-01-21
C002957,A01386,Olof,Singh,olof.singh@greene.com,"Director, Data Engineering",Champion,United Kingdom,Legitimate Interest,False,Referral,2025-11-05
C002958,A01774,Rafael,Pergande,rafael.pergande@emanuelsson.com,"Director, Data Engineering",Champion,United Kingdom,Legitimate Interest,False,Content Download,2025-10-12
C002959,A01948,Wilhelmine,Murray,wilhelmine.murray@stichting.com,intern,,Germany,Legitimate Interest,True,Partner,2025-07-08
C002960,A01113,Maxim,Lambert,maxim.lambert@gordon.com,Analytics Engineer,User,Switzerland,Legitimate Interest,False,Free Trial,2026-03-06
C002961,A00195,Holly,Krause,holly.krause@wernecke.com,Analytics Engineer,User,United States,,False,Referral,2023-10-26
C002962,A00986,Henry,Davis,henry.davis@vasquez.com,Data Engineering Manager,User,United States,,True,Webinar,2023-08-07
C002963,A00531,Fredrik,Franklin,fredrik.franklin@haney.com,VP Data,Economic Buyer,Netherlands,Legitimate Interest,False,Referral,2025-12-19
C002964,A01131,Petter,Williams,petter.williams@arnold-burgess.com,"Director, Data Engineering",Champion,Sweden,Legitimate Interest,False,Webinar,2026-05-03
C002965,A00328,Ben,Gibbs,ben.gibbs@bean.com,Staff Data Engineer,User,Germany,,False,Webinar,2025-03-26
C002966,A00055,Noud,Lindberg,noud.lindberg@keudel.com,CISO,Blocker,Canada,,False,Referral,2026-04-27
C002967,A01175,Bram,Ullmann,bram.ullmann@koninklijke.com,Senior Data Engineer,User,United Kingdom,Legitimate Interest,False,Free Trial,2023-03-18
C002968,A00009,José,Webb,josé.webb@vinci.com,Senior Data Engineer,User,United States,,True,SDR Outbound,2025-01-28
C002969,A00228,Morgan,Köhler,morgan.köhler@ali.com,ceo ,,Germany,Legitimate Interest,False,SDR Outbound,2026-05-12
C002970,A00373,Merle,Flores,merle.flores@textor.com,Data Engineering Manager,User,Switzerland,Legitimate Interest,False,Content Download,2026-04-21
C002971,A01740,Erik,Blomqvist,erik.blomqvist@bengtsson.com,Data Engineering Manager,User,United States,,False,Partner,2026-09-18
C002972,A00213,Albina,Page,albina.page@eriksson.com,Head of Data Platform,Champion,Germany,Legitimate Interest,False,Free Trial,2026-08-29
C002973,A00479,Sharon,Brown,sharon.brown@edström.com,data guy,,United States,,False,Referral,2024-04-22
C002974,A01857,Keano,Lange,keano.lange@davis-oneill.com,Head of Procurement,Blocker,Sweden,Legitimate Interest,False,Partner,2026-02-01
C002975,A00983,Undine,Stevens,undine.stevens@kelly-schultz.com,CISO,Blocker,United States,,True,Partner,2026-09-11
C002976,A00577,Barry,Möchlichen,barry.möchlichen@magnusson.com,Manager,,Ireland,Legitimate Interest,False,Content Download,2026-01-17
C002977,A00527,Stephanie,Bell,stephanie.bell@miller.com,CISO,Blocker,United States,,False,Paid Search,2026-08-05
C002978,A01269,Mattias,Adolph,mattias.adolph@van.com,Senior Data Engineer,User,United Kingdom,Legitimate Interest,False,Partner,2025-03-21
C002979,A01979,Christopher,Löf,christopher.löf@cefetra.com,N/A,,United States,,False,Free Trial,2026-09-05
C002980,A00761,Henrik,Trupp,henrik.trupp@white.com,Head of Data Engineering,Champion,United States,,False,Referral,2025-08-20
C002981,A01180,Levi,Taylor,levi.taylor@van.com,Staff Data Engineer,User,United States,,False,Paid Search,2025-12-08
C002982,A01176,Daan,van der Pol,daan.van der pol@girschner.com,Head of Data Platform,Champion,United States,,False,Free Trial,2026-02-14
C002983,A01175,Adrian,Dijkman,adrian.dijkman@koninklijke.com,Director of Data Platform,Champion,United Kingdom,Legitimate Interest,False,Free Trial,2024-01-25
C002984,A01598,Kristie,Lundin,kristie.lundin@baker.com,Senior Data Engineer,User,United States,,False,SDR Outbound,2026-08-08
C002985,A00880,Christopher,Holmqvist,christopher.holmqvist@gumprich.com,Staff Data Engineer,User,United States,,False,Webinar,2026-08-19
C002986,A01067,Cheryl,Haneberg,cheryl.haneberg@sauer.com,Head of Procurement,Blocker,United Kingdom,Legitimate Interest,False,Paid Search,2026-05-05
C002987,A00917,Leslie,Everde,leslie.everde@hill-juarez.com,"Director, Data Engineering",Champion,United States,,False,Webinar,2025-08-18
C002988,A01078,Julia,May,julia.may@gilbert-norman.com,Head of Data Engineering,Champion,United States,,False,Free Trial,2024-04-13
C002989,A00829,Bram,Blom,bram.blom@price.com,data guy,,Denmark,Legitimate Interest,False,SDR Outbound,2025-01-08
C002990,A01122,Antonio,Pacheco,antonio.pacheco@roberts.com,Head of Data Platform,Champion,United States,,False,Content Download,2025-01-24
C002991,A01708,Marcus,Smith,marcus.smith@danielsson.com,Analytics Engineer,User,Switzerland,Legitimate Interest,False,SDR Outbound,2026-08-17
C002992,A01788,Luka,Wiley,luka.wiley@coenen.com,Analytics Engineer,User,Ireland,Legitimate Interest,False,Referral,2026-01-30
C002993,A01473,Kristina,Nilsson,kristina.nilsson@farmer-hutchinson.com,Senior Data Engineer,User,United States,,False,Event,2026-04-07
C002994,A01523,Henrik,Roberts,henrik.roberts@mustafa.com,VP Data,Economic Buyer,Canada,,False,Partner,2026-07-12
C002995,A00218,Tommy,Larsson,tommy.larsson@lozano.com,CISO,Blocker,United Kingdom,Legitimate Interest,False,Free Trial,2025-09-25
C002996,A00414,Amy,Eigenwillig,amy.eigenwillig@segerszoen.com,IT Security Manager,Blocker,United Kingdom,Legitimate Interest,False,Event,2025-10-20
C002997,A01389,Karl,Hekker,karl.hekker@nash.com,Senior Data Engineer,User,United States,,False,Content Download,2025-09-15
C002998,A00227,Mia,Chung,mia.chung@howard-jordan.com,test,,United States,,False,Partner,2026-03-30
C002999,A01437,Petra,Martens,petra.martens@schakelaar.com,Staff Data Engineer,User,United States,,False,Free Trial,2025-11-30
C003000,A00082,Mareike,Arvidsson,mareike.arvidsson@hunt.com,VP Data,Economic Buyer,Canada,,False,Partner,2023-05-14
C003001,A01704,Austin,Bien,austin.bien@rodriguez.com,x,,United States,,False,Partner,2026-06-11
C003002,A00765,Jay,Malmberg,jay.malmberg@smith-saunders.com,test,,Switzerland,Legitimate Interest,False,SDR Outbound,2026-05-25
C003003,A00985,Kevin,Rees,kevin.rees@döring.com,Head of Data Platform,Champion,United States,,False,Referral,2026-06-03
C003004,A01603,Heino,Mangold,heino.mangold@post.com,CISO,Blocker,Germany,Legitimate Interest,False,SDR Outbound,2025-05-18
C003005,A00197,Annekatrin,Haynes,annekatrin.haynes@adams.com,Senior Data Engineer,User,United States,,False,Event,2026-01-13
C003006,A01613,Emily,Andersson,emily.andersson@stevenson.com,IT Security Manager,Blocker,Netherlands,Legitimate Interest,False,Partner,2026-02-14
C003007,A01733,Belinda,Bresé,belinda.bresé@fredriksson.com,Analytics Engineer,User,United States,,False,Event,2024-09-14
C003008,A01737,Tobias,Fox,tobias.fox@hewitt.com,Staff Data Engineer,User,United States,,False,Event,2026-01-13
C003009,A01420,Tony,Riehl,tony.riehl@terrell-sims.com,-,,United Kingdom,Legitimate Interest,False,SDR Outbound,2026-05-13
C003010,A00147,Ingemar,Gierschner,ingemar.gierschner@atzler.com,VP Data & Analytics,Economic Buyer,United States,,False,Webinar,2026-07-03
C003011,A01097,Luitgard,Cooper,luitgard.cooper@trupp.com,Analytics Engineer,User,United States,,True,Event,2026-09-11
C003012,A00489,Rudi,Henderson,rudi.henderson@barnes.com,Data Engineering Manager,User,United States,,False,Paid Search,2024-08-04
C003013,A01618,Meinrad,Griffin,meinrad.griffin@nordgren.com,Senior Data Engineer,User,United States,,False,Content Download,2026-04-02
C003014,A00659,Silke,Tlustek,silke.tlustek@asplund.com,Director of Data Platform,Champion,United Kingdom,Legitimate Interest,False,Content Download,2024-10-22
C003015,A00222,Phillip,Vertooren,phillip.vertooren@vallin.com,Data Engineering Manager,User,United States,,False,Event,2025-12-27
C003016,A00677,Daniel,Kruschwitz,daniel.kruschwitz@schmidt.com,Analytics Engineer,User,Germany,Legitimate Interest,False,Referral,2025-05-14
C003017,A00935,Russell,Dahlström,russell.dahlström@wilson.com,Staff Data Engineer,User,Netherlands,Legitimate Interest,False,Event,2026-09-18
C003018,A01264,Brooke,Svensson,brooke.svensson@howell.com,ceo ,,Norway,Legitimate Interest,False,Webinar,2026-04-14
C003019,A01841,Ekkehard,Snyder,ekkehard.snyder@wang.com,VP Data,Economic Buyer,United States,,False,Free Trial,2026-07-26
C003020,A01195,Janette,Wade,janette.wade@söding.com,Head of Procurement,Blocker,Sweden,Legitimate Interest,False,Free Trial,2024-12-06
C003021,A00700,Dick,Spencer,dick.spencer@green-evans.com,Senior Data Engineer,User,United Kingdom,Legitimate Interest,False,Event,2026-03-06
C003022,A01622,Wendy,van de Noordmark,wendy.van de noordmark@smith-clark.com,Senior Data Engineer,User,United States,,False,Event,2025-12-02
C003023,A00381,Duuk,Åkerlund,duuk.åkerlund@mahmood-richards.com,Data Engineering Manager,User,Canada,,False,Paid Search,2024-04-13
C003024,A01083,Douglas,Tlustek,douglas.tlustek@chandler.com,VP Data & Analytics,Economic Buyer,United States,,False,Referral,2026-03-31
C003025,A01855,Janna,Claassen,janna.claassen@van.com,Data Engineering Manager,User,Sweden,Legitimate Interest,False,Webinar,2025-12-01
C003026,A01486,Leslie,Sullivan,leslie.sullivan@liljegren.com,VP Data & Analytics,Economic Buyer,United States,,False,Partner,2026-08-01
C003027,A01727,Olof,Saunders,olof.saunders@de.com,Senior Data Engineer,User,United States,,False,Free Trial,2026-04-05
C003028,A01878,Hildburg,Fleming,hildburg.fleming@royal.com,Chief Information Officer,Economic Buyer,United States,,False,SDR Outbound,2025-11-26
C003029,A01044,Patricia,Clayton,patricia.clayton@thompson.com,Head of Data Platform,Champion,United States,,False,Event,2025-09-03
C003030,A00251,Liliana,Hermansson,liliana.hermansson@johansson.com,DATA ENG,,United States,,False,SDR Outbound,2026-03-09
C003031,A01762,Alex,Cammel,alex.cammel@åkerlund.com,VP Data & Analytics,Economic Buyer,Germany,Legitimate Interest,False,SDR Outbound,2026-08-25
C003032,A00987,Luis,Hamann,luis.hamann@rehorst.com,"Director, Data Engineering",Champion,United States,,False,Event,2026-10-07
C003033,A01440,Denis,Fors,denis.fors@tlustek.com,Head of Procurement,Blocker,Switzerland,Legitimate Interest,True,Paid Search,2026-09-09
C003034,A00914,Mikael,Schroeff,mikael.schroeff@girschner.com,Analytics Engineer,User,Netherlands,Legitimate Interest,False,Partner,2023-11-09
C003035,A00244,Stephanie,Goderts,stephanie.goderts@walker.com,Senior Data Engineer,User,United States,,False,Partner,2026-07-18
C003036,A00435,Johanna,Watts,johanna.watts@petersson.com,IT Security Manager,Blocker,Netherlands,Legitimate Interest,True,Webinar,2025-08-12
C003037,A01338,Emma,Andersson,emma.andersson@kathagen.com,"Director, Data Engineering",Champion,United States,,False,Paid Search,2025-11-20
C003038,A01039,Ina,Melander,ina.melander@bonilla.com,Senior Data Engineer,User,United States,,False,Webinar,2025-03-24
C003039,A00342,Robin,Williams,robin.williams@woutersz.com,VP Data,Economic Buyer,United States,,False,SDR Outbound,2026-05-05
C003040,A00927,Max,Englund,max.englund@meyer.com,Staff Data Engineer,User,United States,,False,Referral,2025-10-07
C003041,A00487,Lara,Harris,lara.harris@franzén.com,test,,Sweden,Legitimate Interest,False,Content Download,2026-02-18
C003042,A00093,Erik,Keudel,erik.keudel@lövgren.com,Staff Data Engineer,User,Ireland,Legitimate Interest,False,Partner,2025-05-06
C003043,A01319,Ryan,Rowe,ryan.rowe@powell.com,Chief Information Officer,Economic Buyer,Belgium,Legitimate Interest,False,Content Download,2026-07-31
C003044,A00360,Edith,Bolnbach,edith.bolnbach@van.com,Chief Information Officer,Economic Buyer,United States,,False,Content Download,2026-02-17
C003045,A01389,Amy,Sundin,amy.sundin@nash.com,Analytics Engineer,User,United States,,False,SDR Outbound,2025-09-27
C003046,A00823,Hilary,Schmiedt,hilary.schmiedt@clark-steele.com,IT Security Manager,Blocker,United Kingdom,Legitimate Interest,False,Referral,2025-06-14
C003047,A01860,Marie,Hjalmarsson,marie.hjalmarsson@dahlin.com,Chief Information Officer,Economic Buyer,Netherlands,Legitimate Interest,False,Free Trial,2025-11-03
C003048,A01852,Karen,Hedin,karen.hedin@hernandez.com,VP Data,Economic Buyer,United States,,False,Webinar,2025-02-14
C003049,A00305,Michael,Johnson,michael.johnson@melander.com,Staff Data Engineer,User,United Kingdom,Legitimate Interest,False,Free Trial,2026-08-18
C003050,A00533,Yara,Bartels,yara.bartels@good.com,Senior Data Engineer,User,Canada,,False,Free Trial,2025-06-20
C003051,A01054,Raymond,van der Strigt,raymond.van der strigt@royal.com,Staff Data Engineer,User,Germany,Legitimate Interest,False,Content Download,2024-02-20
C003052,A01074,Charles,van Es,charles.van es@forsberg.com,Head of Data Platform,Champion,United States,,False,Referral,2026-01-13
C003053,A01037,Luuk,Osborne,luuk.osborne@johansson.com,Director of Data Platform,Champion,Denmark,Legitimate Interest,False,Content Download,2024-09-29
C003054,A00931,Catherine,Forsman,catherine.forsman@hunter.com,Head of Procurement,Blocker,United States,,False,Free Trial,2023-08-07
C003055,A00440,Charlie,Tyler,charlie.tyler@briemer.com,VP Data & Analytics,Economic Buyer,Canada,,False,Content Download,2026-06-27
C003056,A01918,Leonhard,Nilsson,leonhard.nilsson@van.com,ceo ,,Ireland,Legitimate Interest,False,Partner,2026-07-21
C003057,A00681,Nelli,Brown,nelli.brown@robinson-harris.com,Director of Data Platform,Champion,Germany,Legitimate Interest,True,Partner,2026-07-23
C003058,A01946,Aaliyah,de Graaf,aaliyah.de graaf@jacobs.com,Data Engineering Manager,User,United States,,False,Event,2025-10-18
C003059,A00666,Albert,Anders,albert.anders@löfgren.com,intern,,Belgium,Legitimate Interest,False,Free Trial,2023-10-23
C003060,A01199,Shaun,Atzler,shaun.atzler@luna.com,Director of Data Platform,Champion,United States,,False,Webinar,2025-04-26
C003061,A00386,Trevor,Timmerman,trevor.timmerman@kaul.com,Chief Data Officer,Economic Buyer,United States,,True,Event,2024-10-11
C003062,A01256,Folkert,Le Marec,folkert.le marec@röhrdanz.com,ceo ,,Canada,,False,Content Download,2026-09-03
C003063,A01854,Ehrenfried,van der Loo,ehrenfried.van der loo@enexis.com,Senior Data Engineer,User,United Kingdom,Legitimate Interest,False,Content Download,2026-09-30
C003064,A00139,Hans-Eberhard,Andersson,hans-eberhard.andersson@van.com,Senior Data Engineer,User,United States,,False,SDR Outbound,2026-05-11
C003065,A01470,Irene,Nilsson,irene.nilsson@shaw.com,Head of Procurement,Blocker,Germany,Legitimate Interest,False,Content Download,2026-08-16
C003066,A01404,Gerald,Brookes,gerald.brookes@lundberg.com,CISO,Blocker,Austria,Legitimate Interest,False,Referral,2025-10-08
C003067,A01781,Chad,Duncan,chad.duncan@holmes-smith.com,Data Engineering Manager,User,United States,,False,Content Download,2024-10-09
C003068,A01120,Michelle,Kelly,michelle.kelly@stichting.com,Senior Data Engineer,User,United States,,False,Free Trial,2025-10-02
C003069,A00965,Dana,Larsson,dana.larsson@lilja.com,Chief Data Officer,Economic Buyer,United States,,False,Event,2026-07-04
C003070,A01562,Amélie,Henk,amélie.henk@wilson.com,Chief Data Officer,Economic Buyer,Canada,,False,Free Trial,2026-10-03
C003071,A01422,Edward,Davis,edward.davis@jopich.com,Data Engineering Manager,User,Canada,,False,Partner,2026-06-12
C003072,A01413,Tim,James,tim.james@lee.com,Staff Data Engineer,User,United Kingdom,Legitimate Interest,False,Partner,2026-06-11
C003073,A00958,Pia,Stiebitz,pia.stiebitz@hehl.com,Staff Data Engineer,User,Canada,,False,Partner,2026-09-09
C003074,A00486,Vera,Verschut,vera.verschut@finch.com,DATA ENG,,United States,,False,Content Download,2026-03-07
C003075,A00669,Astrid,Johansson,astrid.johansson@höfig.com,Data Engineering Manager,User,Ireland,Legitimate Interest,False,Referral,2025-10-03
C003076,A00733,Maria,Jackson,maria.jackson@salazar-brown.com,Head of Data Platform,Champion,Netherlands,Legitimate Interest,False,Webinar,2026-07-31
C003077,A00580,Katarina,Geisel,katarina.geisel@bell.com,Head of Data Platform,Champion,Ireland,Legitimate Interest,False,Referral,2026-08-07
C003078,A00435,Bjorn,Watson,bjorn.watson@petersson.com,Data Engineering Manager,User,Netherlands,Legitimate Interest,False,Partner,2023-04-24
C003079,A00518,Samantha,Roberts,samantha.roberts@leach.com,Head of Procurement,Blocker,United Kingdom,Legitimate Interest,False,Paid Search,2026-08-21
C003080,A01376,Clare,Klapp,clare.klapp@de.com,DATA ENG,,United Kingdom,Legitimate Interest,False,Referral,2026-07-01
C003081,A00173,Herman,Misicher,herman.misicher@tucker.com,VP Data & Analytics,Economic Buyer,United States,,False,Referral,2026-07-18
C003082,A01792,Pleun,Neal,pleun.neal@clark.com,"Director, Data Engineering",Champion,United Kingdom,Legitimate Interest,False,Webinar,2026-10-05
C003083,A01816,David,Heijmen,david.heijmen@williams.com,"Director, Data Engineering",Champion,United States,,False,Webinar,2026-02-14
C003084,A02000,Laurie,Wilson,laurie.wilson@jennings.com,Analytics Engineer,User,Belgium,Legitimate Interest,False,Paid Search,2025-12-04
C003085,A00419,Albert,Williams,albert.williams@bond-o'neill.com,Data Engineering Manager,User,Norway,Legitimate Interest,False,Webinar,2026-09-04
C003086,A00854,Nigel,Nilsson,nigel.nilsson@orr-klein.com,Chief Data Officer,Economic Buyer,United States,,False,Content Download,2026-01-16
C003087,A00499,Joseph,Pruschke,joseph.pruschke@rfs.com,Senior Data Engineer,User,United States,,False,Content Download,2024-11-23
C003088,A01072,Alexa,Adryaens,alexa.adryaens@rohleder.com,Chief Data Officer,Economic Buyer,United Kingdom,Legitimate Interest,True,Free Trial,2024-12-09
C003089,A00946,Carola,Hamilton,carola.hamilton@caldwell.com,x,,United Kingdom,Legitimate Interest,False,Free Trial,2025-04-29
C003090,A00332,Wesley,Wilkinson,wesley.wilkinson@sandd.com,"Director, Data Engineering",Champion,United States,,False,Paid Search,2026-09-16
C003091,A01065,Bettina,Arvidsson,bettina.arvidsson@harvey-mccullough.com,Chief Information Officer,Economic Buyer,United States,,False,Event,2025-02-01
C003092,A00764,Marianne,Nyberg,marianne.nyberg@bradley.com,Director of Data Platform,Champion,United States,,False,Referral,2024-07-29
C003093,A01316,Jelle,James,jelle.james@brown.com,Staff Data Engineer,User,Sweden,Legitimate Interest,True,SDR Outbound,2026-02-17
C003094,A01809,August,Christensen,august.christensen@royal.com,VP Data,Economic Buyer,Belgium,Legitimate Interest,False,Content Download,2025-09-20
C003095,A01557,Simone,Jones,simone.jones@svensson.com,"Director, Data Engineering",Champion,Netherlands,Legitimate Interest,False,Partner,2026-09-27
C003096,A00564,Maria,Kelley,maria.kelley@stichting.com,Senior Data Engineer,User,United States,,False,Event,2026-04-21
C003097,A00301,Evi,Buckley,evi.buckley@jakobsson.com,Senior Data Engineer,User,Netherlands,Legitimate Interest,False,Webinar,2025-07-21
C003098,A00747,Valentin,Roberts,valentin.roberts@nordqvist.com,Director of Data Platform,Champion,Ireland,Legitimate Interest,False,Content Download,2026-03-29
C003099,A01741,Mehdi,Bloch,mehdi.bloch@soos.com,Data Engineering Manager,User,United Kingdom,Legitimate Interest,False,Referral,2025-02-02
C003100,A01420,Wendy,Thompson,wendy.thompson@terrell-sims.com,Senior Data Engineer,User,United Kingdom,Legitimate Interest,False,Paid Search,2024-07-23
C003101,A01636,Jayden,Brown,jayden.brown@berry.com,VP Data,Economic Buyer,Sweden,Legitimate Interest,False,Partner,2026-05-04
C003102,A00460,Jens,Reising,jens.reising@nyman.com,Staff Data Engineer,User,Norway,Legitimate Interest,True,Referral,2026-04-28
C003103,A01604,Kayleigh,Kirk,kayleigh.kirk@jurrijens.com,Analytics Engineer,User,United States,,False,Paid Search,2026-02-21
C003104,A00391,Darren,Cichorius,darren.cichorius@blackwell.com,Analytics Engineer,User,United States,,False,Referral,2024-08-17
C003105,A01475,Karl-Heinrich,Schipper,karl-heinrich.schipper@glenn-young.com,Chief Data Officer,Economic Buyer,Austria,Legitimate Interest,False,Free Trial,2026-08-22
C003106,A01648,Wayne,Norén,wayne.norén@khalil.com,Analytics Engineer,User,United States,,False,SDR Outbound,2026-06-02
C003107,A00755,Robert,Rust,robert.rust@chan-page.com,Head of Procurement,Blocker,United States,,False,Webinar,2025-12-22
C003108,A00076,Ida,Nunez,ida.nunez@van.com,Data Engineering Manager,User,United Kingdom,Legitimate Interest,False,Webinar,2026-07-29
C003109,A01841,David,Robinson,david.robinson@wang.com,Data Engineering Manager,User,United States,,False,Paid Search,2026-10-02
C003110,A01045,Tania,Lloyd,tania.lloyd@lidström.com,Manager,,Germany,Legitimate Interest,False,Webinar,2026-09-25
C003111,A01818,Callum,van Wassenaar,callum.van wassenaar@edwards.com,Analytics Engineer,User,Belgium,Legitimate Interest,False,Webinar,2025-09-06
C003112,A01146,Mirjam,Booth,mirjam.booth@robson.com,Director of Data Platform,Champion,Switzerland,Legitimate Interest,False,Paid Search,2025-08-11
C003113,A00374,John,Thomas,john.thomas@emté.com,IT Security Manager,Blocker,Germany,Legitimate Interest,False,Free Trial,2026-05-28
C003114,A01728,Stephanie,Butler,stephanie.butler@moberg.com,Head of Data Engineering,Champion,United States,,False,Free Trial,2026-05-27
C003115,A00455,Richard,Maaswinkel,richard.maaswinkel@kobelt.com,CISO,Blocker,United States,,False,Partner,2026-03-13
C003116,A00525,Evelyn,Cooper,evelyn.cooper@svensson.com,VP Data,Economic Buyer,Germany,Legitimate Interest,False,Content Download,2026-08-16
C003117,A01180,Johan,van Kempen,johan.van kempen@van.com,IT Security Manager,Blocker,United States,,False,Content Download,2026-09-07
C003118,A01532,Quinten,Gerrits,quinten.gerrits@heser.com,Senior Data Engineer,User,United States,,False,Content Download,2026-08-29
C003119,A00223,Anna,Read,anna.read@lindström.com,Senior Data Engineer,User,Germany,Legitimate Interest,False,Content Download,2026-03-29
C003120,A01404,Denise,Axelsson,denise.axelsson@lundberg.com,Chief Information Officer,Economic Buyer,Austria,Legitimate Interest,False,Referral,2026-03-12
C003121,A00153,Terry,Brisee,terry.brisee@henningsson.com,test,,United States,,False,SDR Outbound,2026-05-28
C003122,A01470,Carole,Engström,carole.engström@shaw.com,Data Engineering Manager,User,Germany,Legitimate Interest,False,Content Download,2026-07-30
C003123,A01397,Joseph,Persson,joseph.persson@garner.com,CISO,Blocker,United States,,False,Free Trial,2025-06-15
C003124,A00797,Christine,Kok,christine.kok@sandoval.com,Analytics Engineer,User,United Kingdom,Legitimate Interest,False,Partner,2026-06-20
C003125,A00612,Kirsty,Solis,kirsty.solis@lennartsson.com,CISO,Blocker,Denmark,Legitimate Interest,False,Paid Search,2025-06-08
C003126,A01926,Terence,van Schweinfurt,terence.van schweinfurt@östman.com,Data Engineering Manager,User,United Kingdom,Legitimate Interest,False,Paid Search,2026-09-19
C003127,A00394,Walter,Lachmann,walter.lachmann@zahn.com,"Director, Data Engineering",Champion,Norway,Legitimate Interest,False,Referral,2025-04-28
C003128,A00296,Marie,de Pauw,marie.de pauw@bruce-richardson.com,Staff Data Engineer,User,United States,,False,Referral,2026-01-29
C003129,A01367,Vajèn,Reyes,vajèn.reyes@bloch.com,Data Engineering Manager,User,United States,,False,Free Trial,2026-01-27
C003130,A00182,Sofie,Short,sofie.short@microsoft.com,Head of Data Platform,Champion,Germany,Legitimate Interest,False,Content Download,2025-08-25
C003131,A00328,Linn,Klotz,linn.klotz@bean.com,VP Data & Analytics,Economic Buyer,Germany,Legitimate Interest,False,SDR Outbound,2026-04-16
C003132,A00243,Kevin,Wulff,kevin.wulff@wunderink.com,Analytics Engineer,User,United States,,False,Referral,2026-01-22
C003133,A00360,Kuno,Alexander,kuno.alexander@van.com,Head of Data Engineering,Champion,United States,,False,Referral,2026-08-17
C003134,A01718,Sebastiaan,Richardson,sebastiaan.richardson@bayer.com,Analytics Engineer,User,United Kingdom,Legitimate Interest,False,SDR Outbound,2025-02-21
C003135,A01625,Katarina,Swift,katarina.swift@bolnbach.com,VP Data,Economic Buyer,United States,,False,Partner,2026-08-01
C003136,A01308,Alban,Seifert,alban.seifert@larsson.com,Senior Data Engineer,User,United States,,False,Webinar,2026-06-14
C003137,A01199,Oskar,Linschoten,oskar.linschoten@luna.com,Head of Data Platform,Champion,United States,,False,Webinar,2024-05-17
C003138,A00231,Leslie,Hulskes,leslie.hulskes@dawson-nicholls.com,Head of Data Engineering,Champion,Ireland,Legitimate Interest,False,Free Trial,2023-10-01
C003139,A00646,Olivia,Davis,olivia.davis@wilson.com,Staff Data Engineer,User,United States,,False,Content Download,2026-08-23
C003140,A01895,Conor,Thornton,conor.thornton@hendrix.com,Senior Data Engineer,User,United Kingdom,Legitimate Interest,False,Event,2026-04-25
C003141,A01093,Glenn,Niklasson,glenn.niklasson@koninklijke.com,Head of Procurement,Blocker,Norway,Legitimate Interest,False,SDR Outbound,2025-07-30
C003142,A00829,Gundel,Spencer,gundel.spencer@price.com,Staff Data Engineer,User,Denmark,Legitimate Interest,False,Paid Search,2025-07-09
C003143,A00108,Margaretha,Ferguson,margaretha.ferguson@neureuther.com,Senior Data Engineer,User,Netherlands,Legitimate Interest,False,Free Trial,2025-08-06
C003144,A01015,Tess,Torstensson,tess.torstensson@hughes-frye.com,VP Data,Economic Buyer,Switzerland,Legitimate Interest,False,Referral,2024-12-16
C003145,A01783,David,Svensson,david.svensson@hall-moore.com,Data Engineering Manager,User,United States,,False,SDR Outbound,2025-09-30
C003146,A00072,Ruth,Wood,ruth.wood@oversteeg.com,Staff Data Engineer,User,United States,,False,Referral,2026-06-07
C003147,A01218,Diane,Mohammed,diane.mohammed@brooks.com,Analytics Engineer,User,United States,,False,Referral,2023-11-17
C003148,A01837,Heinz-Werner,Moore,heinz-werner.moore@harrison.com,Analytics Engineer,User,United States,,False,Referral,2026-06-25
C003149,A01134,Aaron,Mies,aaron.mies@francis-thomas.com,N/A,,Netherlands,Legitimate Interest,False,Event,2025-08-28
C003150,A00590,Claire,Diaz,claire.diaz@bruder.com,Analytics Engineer,User,Germany,Legitimate Interest,False,Event,2026-02-04
C003151,A00229,Eric,Smith,eric.smith@john.com,data guy,,United Kingdom,Legitimate Interest,False,Webinar,2025-05-07
C003152,A01295,Joshua,Hamilton,joshua.hamilton@gustafsson.com,Chief Information Officer,Economic Buyer,Austria,Legitimate Interest,False,Free Trial,2026-06-08
C003153,A01222,Mira,Karlsson,mira.karlsson@weimer.com,Staff Data Engineer,User,Canada,,False,SDR Outbound,2026-08-12
C003154,A01800,Nathaniel,Koch II,nathaniel.koch ii@gardner-wells.com,Staff Data Engineer,User,United States,,False,Partner,2026-02-03
C003155,A00406,Lize,Sam,lize.sam@wilkins.com,"Director, Data Engineering",Champion,United States,,False,Content Download,2025-11-21
C003156,A00520,Niels,de la Fleche,niels.de la fleche@jackson.com,CISO,Blocker,United States,,False,Free Trial,2024-08-14
C003157,A01278,Ines,Ullmann,ines.ullmann@sparks.com,"Director, Data Engineering",Champion,United States,,False,Free Trial,2025-08-16
C003158,A01831,Trude,Evans,trude.evans@weinhold.com,-,,United States,,False,Free Trial,2026-08-16
C003159,A00587,Amanda,Rose,amanda.rose@bruce-newman.com,Analytics Engineer,User,United States,,False,Content Download,2026-04-13
C003160,A01019,Nienke,Kreusel,nienke.kreusel@olsson.com,ceo ,,United States,,False,Free Trial,2025-12-30
C003161,A00448,Sofie,Olsson,sofie.olsson@kloppert.com,Analytics Engineer,User,Canada,,False,Event,2026-09-03
C003162,A00751,Victoria,Jordan,victoria.jordan@van.com,Director of Data Platform,Champion,Belgium,Legitimate Interest,False,Referral,2025-04-20
C003163,A00699,Ferdi,Thompson,ferdi.thompson@huijzing.com,Senior Data Engineer,User,United Kingdom,Legitimate Interest,False,Webinar,2024-09-23
C003164,A01153,Paulo,Nichols,paulo.nichols@kranz.com,VP Data & Analytics,Economic Buyer,Netherlands,Legitimate Interest,False,Referral,2025-03-26
C003165,A00115,Ashley,Svedberg,ashley.svedberg@james.com,Senior Data Engineer,User,United States,,False,Content Download,2026-03-12
C003166,A00903,Anastasia,Briggs,anastasia.briggs@jacob.com,Staff Data Engineer,User,Denmark,Legitimate Interest,False,Paid Search,2026-08-06
C003167,A00809,Tracey,Bodin,tracey.bodin@barkholz.com,Analytics Engineer,User,United Kingdom,Legitimate Interest,False,Paid Search,2025-12-28
C003168,A00573,Christine,de Swart,christine.de swart@pettersson.com,Analytics Engineer,User,United States,,False,SDR Outbound,2026-10-02
C003169,A01205,Michaela,Lansink,michaela.lansink@huynh.com,IT Security Manager,Blocker,United States,,True,Paid Search,2026-07-23
C003170,A01533,Melissa,Brown,melissa.brown@rees-robinson.com,Head of Data Platform,Champion,United States,,False,Paid Search,2026-08-16
C003171,A01565,Franz-Xaver,Chan,franz-xaver.chan@stolze.com,Senior Data Engineer,User,United Kingdom,Legitimate Interest,False,Free Trial,2024-12-16
C003172,A01752,Victoria,Girschner,victoria.girschner@henriksson.com,IT Security Manager,Blocker,Netherlands,Legitimate Interest,False,Content Download,2024-10-02
C003173,A00684,Gijs,Birnbaum,gijs.birnbaum@taylor.com,Staff Data Engineer,User,United States,,False,Content Download,2025-10-16
C003174,A00261,Gabriela,Lindahl,gabriela.lindahl@stumpf.com,"Director, Data Engineering",Champion,Germany,Legitimate Interest,False,Content Download,2026-01-12
C003175,A00182,Charles,Helmerhorst,charles.helmerhorst@microsoft.com,Head of Data Engineering,Champion,Germany,Legitimate Interest,False,Webinar,2025-02-14
C003176,A00610,Leokadia,Jessel,leokadia.jessel@olsson.com,data guy,,Netherlands,Legitimate Interest,False,Referral,2026-04-22
C003177,A00256,William,van Arkel,william.van arkel@williams.com,Head of Data Platform,Champion,United States,,False,Referral,2025-12-27
C003178,A00029,Sylvia,Nihoe,sylvia.nihoe@young.com,Analytics Engineer,User,Sweden,Legitimate Interest,False,Free Trial,2026-07-15
C003179,A00887,Susan,Johnson,susan.johnson@martin.com,-,,United States,,False,Webinar,2026-08-08
C003180,A00232,Tyler,Persson,tyler.persson@santana-byrd.com,x,,Norway,Legitimate Interest,False,Partner,2026-08-08
C003181,A01476,Patrick,Miller,patrick.miller@ljungqvist.com,Chief Data Officer,Economic Buyer,Germany,Legitimate Interest,False,Content Download,2024-12-14
C003182,A01467,Sune,Gashi,sune.gashi@montoya.com,Chief Data Officer,Economic Buyer,Canada,,True,Referral,2025-12-27
C003183,A00187,Rhys,Sontag,rhys.sontag@sauer.com,Chief Data Officer,Economic Buyer,United States,,False,Partner,2024-05-01
C003184,A01139,Joana,Williams,joana.williams@karlsson.com,Head of Data Platform,Champion,United States,,False,Referral,2026-02-02
C003185,A00798,Lillemor,Hethur,lillemor.hethur@andersson.com,Staff Data Engineer,User,United States,,False,Paid Search,2026-09-27
C003186,A01149,Boaz,Crawford,boaz.crawford@frye.com,Senior Data Engineer,User,United States,,False,Content Download,2026-02-20
C003187,A00657,Eileen,Holt,eileen.holt@hellberg.com,ceo ,,United States,,False,Partner,2025-12-02
C003188,A00371,Loïs,Weihmann,loïs.weihmann@galvan-combs.com,test,,United Kingdom,Legitimate Interest,False,Paid Search,2025-02-15
C003189,A01637,Ross,van Liendert,ross.van liendert@scheel.com,VP Data & Analytics,Economic Buyer,United States,,False,Webinar,2026-06-27
C003190,A01354,Hidde,Johansson,hidde.johansson@kolster.com,DATA ENG,,Canada,,True,Free Trial,2026-09-03
C003191,A01521,Rudolf,Chapman,rudolf.chapman@atzler.com,Staff Data Engineer,User,Sweden,Legitimate Interest,False,SDR Outbound,2026-05-09
C003192,A01570,Daniel,Brewer,daniel.brewer@salazar.com,Chief Data Officer,Economic Buyer,United Kingdom,Legitimate Interest,False,Webinar,2024-11-28
C003193,A01928,Sara,Fliegner,sara.fliegner@persson.com,Staff Data Engineer,User,Netherlands,Legitimate Interest,False,Paid Search,2026-09-17
C003194,A01986,Sophia,Andersson,sophia.andersson@hernandez.com,VP Data,Economic Buyer,United States,,False,Content Download,2025-01-31
C003195,A00650,Marvin,Magnusson,marvin.magnusson@mahieu.com,Analytics Engineer,User,United Kingdom,Legitimate Interest,False,Event,2026-01-31
C003196,A00437,Benjamin,Jones,benjamin.jones@häring.com,Data Engineering Manager,User,Netherlands,Legitimate Interest,False,Paid Search,2026-07-23
C003197,A01805,Scott,Parker,scott.parker@royal.com,Staff Data Engineer,User,Germany,Legitimate Interest,True,SDR Outbound,2026-09-07
C003198,A01294,Vinko,Baldwin,vinko.baldwin@van.com,Senior Data Engineer,User,United States,,False,Free Trial,2026-08-06
C003199,A01959,Cassandra,Morgan,cassandra.morgan@van.com,Head of Data Engineering,Champion,Ireland,Legitimate Interest,False,Content Download,2025-12-28
C003200,A00470,Kayla,Miller,kayla.miller@eriksson.com,Staff Data Engineer,User,Canada,,False,Content Download,2026-08-21
C003201,A00730,Linnea,Snyder,linnea.snyder@isaksson.com,Analytics Engineer,User,Denmark,Legitimate Interest,False,Paid Search,2026-07-08
C003202,A01241,Joshua,Blake,joshua.blake@klingelhöfer.com,Head of Data Platform,Champion,United States,,False,Free Trial,2025-05-18
C003203,A00063,Feline,Killer,feline.killer@davids.com,test,,United States,,False,Content Download,2026-10-04
C003204,A01660,Maureen,Köster,maureen.köster@sundberg.com,VP Data,Economic Buyer,Belgium,Legitimate Interest,False,SDR Outbound,2024-08-28
C003205,A00990,Carolyn,Allen,carolyn.allen@wernecke.com,Chief Information Officer,Economic Buyer,United States,,False,Paid Search,2026-10-05
C003206,A00634,Loes,Ward,loes.ward@seifert.com,Analytics Engineer,User,United States,,False,Event,2026-07-31
C003207,A00226,Waltraut,Henningsson,waltraut.henningsson@burns.com,Analytics Engineer,User,United States,,False,Content Download,2024-11-26
C003208,A00466,Damian,Thompson,damian.thompson@karlsson.com,CISO,Blocker,United Kingdom,Legitimate Interest,False,Partner,2026-10-04
C003209,A01727,Koen,Edlund,koen.edlund@de.com,Director of Data Platform,Champion,United States,,False,SDR Outbound,2026-01-07
C003210,A01171,Christina,Winter,christina.winter@verbeeck.com,Analytics Engineer,User,Germany,Legitimate Interest,False,Partner,2024-06-12
C003211,A00637,Monika,Mulders,monika.mulders@pergande.com,Senior Data Engineer,User,Switzerland,Legitimate Interest,False,Partner,2024-07-20
C003212,A01930,Hendrik,Wilson,hendrik.wilson@josefsson.com,Head of Data Engineering,Champion,United States,,False,Free Trial,2025-03-16
C003213,A00397,Dean,Hellström,dean.hellström@stichting.com,Head of Data Engineering,Champion,Netherlands,Legitimate Interest,False,Webinar,2025-03-08
C003214,A00189,Terrence,Solomon,terrence.solomon@koninklijke.com,"Director, Data Engineering",Champion,United States,,False,SDR Outbound,2026-09-02
C003215,A01624,Tyra,Dixon,tyra.dixon@paffrath.com,Chief Data Officer,Economic Buyer,United States,,False,Content Download,2026-09-01
C003216,A00585,Evelien,Hermans,evelien.hermans@sullivan.com,Senior Data Engineer,User,United States,,False,Referral,2025-02-17
C003217,A00702,Linnea,Palmer,linnea.palmer@garrett-barber.com,CISO,Blocker,United Kingdom,Legitimate Interest,False,Partner,2024-09-07
C003218,A01678,Alexis,Moore,alexis.moore@reese.com,VP Data & Analytics,Economic Buyer,Germany,Legitimate Interest,True,Content Download,2024-12-30
C003219,A00422,Michael,Engvall,michael.engvall@lindskog.com,Director of Data Platform,Champion,United States,,False,Free Trial,2026-09-13
C003220,A00802,Felicia,Cole,felicia.cole@rose.com,Chief Data Officer,Economic Buyer,United States,,False,Event,2023-07-17
C003221,A00299,Isabel,Romijn,isabel.romijn@campbell-herbert.com,ceo ,,United States,,False,Partner,2025-10-14
C003222,A01173,Maria,van Opper-Lotharingen,maria.van opper-lotharingen@koninklijke.com,Staff Data Engineer,User,Ireland,Legitimate Interest,False,Partner,2026-04-03
C003223,A01042,Victor,Roodesteijn,victor.roodesteijn@keijzer.com,test,,Germany,Legitimate Interest,False,Paid Search,2026-08-06
C003224,A01949,Jacob,Robinson,jacob.robinson@edwards.com,Data Engineering Manager,User,Switzerland,Legitimate Interest,False,Partner,2026-08-15
C003225,A01888,Hollie,Dale,hollie.dale@jarl.com,Head of Data Engineering,Champion,Netherlands,Legitimate Interest,False,Event,2026-09-07
C003226,A00193,Natasha,Walters,natasha.walters@van.com,Director of Data Platform,Champion,United Kingdom,Legitimate Interest,False,Paid Search,2026-03-10
C003227,A00360,Lennart,Ward,lennart.ward@van.com,Data Engineering Manager,User,United States,,False,Content Download,2026-08-20
C003228,A01051,Gunnar,Carpenter,gunnar.carpenter@christoph.com,VP Data & Analytics,Economic Buyer,Ireland,Legitimate Interest,False,Event,2026-09-05
C003229,A01128,Roy,Bennett,roy.bennett@hendrikse.com,Head of Data Platform,Champion,Switzerland,Legitimate Interest,False,Referral,2026-09-21
C003230,A00087,Viola,Hahn,viola.hahn@bohnbach.com,Senior Data Engineer,User,United States,,False,Partner,2026-05-16
C003231,A01478,Gerhild,Mccullough,gerhild.mccullough@coleman.com,Chief Data Officer,Economic Buyer,United States,,False,Event,2026-03-15
C003232,A01181,Heather,Pieters,heather.pieters@jacob.com,Analytics Engineer,User,United Kingdom,Legitimate Interest,False,Content Download,2026-09-29
C003233,A00241,Melissa,Schmidt,melissa.schmidt@wende.com,Staff Data Engineer,User,Germany,Legitimate Interest,False,Partner,2026-03-04
C003234,A00019,Robert,Schelvis,robert.schelvis@smith.com,Analytics Engineer,User,United States,,False,Content Download,2026-06-29
C003235,A01765,Maria,Washington,maria.washington@schmiedecke.com,Analytics Engineer,User,United Kingdom,Legitimate Interest,False,Webinar,2026-08-16
C003236,A01202,Hermann,Thulin,hermann.thulin@zuniga.com,"Director, Data Engineering",Champion,United States,,False,SDR Outbound,2025-05-09
C003237,A00506,Denise,Fischer,denise.fischer@holden.com,CISO,Blocker,United States,,False,Free Trial,2026-05-13
C003238,A01655,Pamela,Robinson,pamela.robinson@johnson-williamson.com,Head of Data Platform,Champion,United Kingdom,Legitimate Interest,False,Paid Search,2025-06-30
C003239,A00316,Jesse,Coreth von und zu Coredo und Starkenberg,jesse.coreth von und zu coredo und starkenberg@van.com,Senior Data Engineer,User,United States,,False,Webinar,2026-02-05
C003240,A01313,Kristina,Olthof,kristina.olthof@anderberg.com,Analytics Engineer,User,Germany,Legitimate Interest,False,Referral,2026-08-27
C003241,A00753,Madelene,Wutke,madelene.wutke@gonzalez-elliott.com,Staff Data Engineer,User,Germany,Legitimate Interest,False,Webinar,2026-06-18
C003242,A01535,Casper,Wagenknecht,casper.wagenknecht@engström.com,Head of Data Engineering,Champion,Netherlands,Legitimate Interest,False,Referral,2024-05-03
C003243,A00260,Lisette,Brouwer,lisette.brouwer@gilbert-crosby.com,data guy,,United States,,False,Referral,2026-01-31
C003244,A01190,Marcel,Roskoth,marcel.roskoth@rfs.com,Chief Information Officer,Economic Buyer,United States,,False,Content Download,2026-09-02
C003245,A00582,Lauren,Richardson,lauren.richardson@hethur.com,Head of Data Platform,Champion,United States,,False,Content Download,2026-09-28
C003246,A01002,Zoey,Boucsein,zoey.boucsein@engman.com,Staff Data Engineer,User,Germany,Legitimate Interest,False,Content Download,2026-08-07
C003247,A00409,Ashlee,Jüttner,ashlee.jüttner@mohamed.com,Data Engineering Manager,User,Canada,,False,Partner,2026-04-12
C003248,A00567,Mark,Hudson,mark.hudson@johansen.com,Staff Data Engineer,User,Canada,,False,Partner,2026-07-08
C003249,A00103,Barbara,Meyer,barbara.meyer@andersson.com,Analytics Engineer,User,United States,,False,Webinar,2026-07-26
C003250,A01036,Martin,Karlsson,martin.karlsson@granberg.com,Analytics Engineer,User,Sweden,Legitimate Interest,False,SDR Outbound,2026-03-24
C003251,A00180,Darren,Aalts,darren.aalts@barker-lyons.com,Director of Data Platform,Champion,Denmark,Legitimate Interest,False,Webinar,2026-09-25
C003252,A01541,Jack,Geisler,jack.geisler@skf.com,Chief Information Officer,Economic Buyer,United States,,False,Paid Search,2026-08-19
C003253,A00738,Zeynep,King,zeynep.king@drubin.com,VP Data & Analytics,Economic Buyer,United States,,False,Event,2026-10-03
C003254,A00214,Cindy,Gerrits,cindy.gerrits@mühle.com,Analytics Engineer,User,United States,,False,SDR Outbound,2026-06-12
C003255,A01722,Irene,Hernandez,irene.hernandez@andersson.com,Head of Data Platform,Champion,Austria,Legitimate Interest,False,Paid Search,2026-09-27
C003256,A00329,Shelley,Eriksson,shelley.eriksson@mazars.com,Head of Data Platform,Champion,United States,,False,Partner,2026-09-04
C003257,A00056,Rosa,Jansson,rosa.jansson@kirby-williams.com,CISO,Blocker,United Kingdom,Legitimate Interest,False,Free Trial,2025-02-03
C003258,A00579,Birgitta,le Floch,birgitta.le floch@ali.com,"Director, Data Engineering",Champion,United States,,False,Free Trial,2026-07-13
C003259,A00371,Ashley,Jonsson,ashley.jonsson@galvan-combs.com,Analytics Engineer,User,United Kingdom,Legitimate Interest,False,Content Download,2026-06-19
C003260,A00848,Frederick,van Rooij,frederick.van rooij@mohaupt.com,N/A,,Canada,,False,SDR Outbound,2025-10-19
C003261,A00225,Jason,Ågren,jason.ågren@godfrey.com,"Director, Data Engineering",Champion,United States,,False,Partner,2026-06-10
C003262,A01180,Wayne,de Koning,wayne.de koning@van.com,Analytics Engineer,User,United States,,False,Event,2026-09-08
C003263,A00706,Steven,Textor,steven.textor@dominguez.com,Data Engineering Manager,User,Canada,,False,Free Trial,2024-11-07
C003264,A01356,Susanne,Ljung,susanne.ljung@hartung.com,Data Engineering Manager,User,Canada,,False,Free Trial,2025-06-28
C003265,A01263,Roland,Gray,roland.gray@hopkins.com,Analytics Engineer,User,United States,,False,SDR Outbound,2024-03-28
C003266,A01181,Julia,Strandberg,julia.strandberg@jacob.com,VP Data & Analytics,Economic Buyer,United Kingdom,Legitimate Interest,False,Paid Search,2026-05-04
C003267,A00300,Hansjörg,Morrison,hansjörg.morrison@albers.com,Chief Data Officer,Economic Buyer,Canada,,False,Paid Search,2024-02-05
C003268,A01767,Niek,Graf,niek.graf@lewis.com,Chief Information Officer,Economic Buyer,United Kingdom,Legitimate Interest,False,SDR Outbound,2024-12-07
C003269,A00502,Stephanie,Lundgren,stephanie.lundgren@rosenow.com,Data Engineering Manager,User,United Kingdom,Legitimate Interest,False,Free Trial,2025-12-14
C003270,A01412,Donald,Thomas,donald.thomas@ullrich.com,Senior Data Engineer,User,United States,,False,SDR Outbound,2025-02-18
C003271,A01749,Trevor,Andersson,trevor.andersson@leonard.com,Staff Data Engineer,User,Germany,Legitimate Interest,False,Event,2026-10-01
C003272,A00089,Kim,de Groot,kim.de groot@marklund.com,Data Engineering Manager,User,United States,,False,Content Download,2026-07-04
C003273,A01200,Karl-Wilhelm,Lundin,karl-wilhelm.lundin@thies.com,Staff Data Engineer,User,United Kingdom,Legitimate Interest,False,Free Trial,2026-07-06
C003274,A00144,Wolf-Dieter,Dawson,wolf-dieter.dawson@martinsson.com,Head of Data Platform,Champion,United States,,False,Webinar,2023-12-05
C003275,A01053,Donald,Johansson,donald.johansson@moore-robinson.com,Analytics Engineer,User,United States,,False,Event,2026-04-13
C003276,A01975,Lorenz,Malmqvist,lorenz.malmqvist@van.com,"Director, Data Engineering",Champion,United States,,False,Referral,2025-05-02
C003277,A01917,Alicia,Sprong,alicia.sprong@wood-jones.com,Chief Information Officer,Economic Buyer,Norway,Legitimate Interest,False,SDR Outbound,2026-05-31
C003278,A01348,Sven,Teunissen,sven.teunissen@dean.com,Data Engineering Manager,User,Denmark,Legitimate Interest,False,Webinar,2026-08-05
C003279,A01551,Robert,Cooper,robert.cooper@fowler.com,Staff Data Engineer,User,Sweden,Legitimate Interest,False,Referral,2026-09-03
C003280,A00997,Slawomir,Scott,slawomir.scott@kraus.com,Analytics Engineer,User,United States,,False,Referral,2025-08-14
C003281,A01520,Antonio,Russell,antonio.russell@karlsson.com,Analytics Engineer,User,United States,,False,Webinar,2026-07-02
C003282,A01080,Magnus,Jones,magnus.jones@royal.com,"Director, Data Engineering",Champion,United States,,False,Content Download,2026-08-28
C003283,A01832,Brianna,Schagen,brianna.schagen@baxter-foster.com,Head of Procurement,Blocker,United States,,False,Paid Search,2026-10-07
C003284,A00382,Rune,Robson,rune.robson@fletcher.com,Analytics Engineer,User,United States,,False,Partner,2025-04-09
C003285,A00824,Daniel,Andrade,daniel.andrade@zimmer.com,Staff Data Engineer,User,United States,,False,Webinar,2024-03-05
C003286,A00212,Emelie,Pearce,emelie.pearce@thanel.com,Senior Data Engineer,User,United States,,False,Free Trial,2026-09-14
C003287,A00478,Kian,Haering,kian.haering@moberg.com,Senior Data Engineer,User,United States,,False,Free Trial,2024-12-27
C003288,A01520,Heather,Johansson,heather.johansson@karlsson.com,Staff Data Engineer,User,United States,,False,Event,2026-05-15
C003289,A00243,Harry,Dörschner,harry.dörschner@wunderink.com,DATA ENG,,United States,,False,Webinar,2026-03-21
C003290,A00633,Debra,Hall,debra.hall@lundh.com,Data Engineering Manager,User,United States,,False,Referral,2025-10-31
C003291,A01029,Rachel,Heinz,rachel.heinz@jeppsson.com,DATA ENG,,Netherlands,Legitimate Interest,False,Paid Search,2026-03-27
C003292,A01676,Melissa,Gunnarsson,melissa.gunnarsson@walker-berry.com,N/A,,United Kingdom,Legitimate Interest,False,Free Trial,2025-03-28
C003293,A00950,Elisabet,Pettersson,elisabet.pettersson@li.com,"Director, Data Engineering",Champion,Netherlands,Legitimate Interest,False,Content Download,2026-05-25
C003294,A00917,Eleonora,"West-Francië, van","eleonora.west-francië, van@hill-juarez.com",Analytics Engineer,User,United States,,False,Paid Search,2025-06-17
C003295,A01726,Sebastian,Post,sebastian.post@aumann.com,Head of Procurement,Blocker,United Kingdom,Legitimate Interest,False,Free Trial,2025-02-16
C003296,A01503,Wiltrud,Weller,wiltrud.weller@sundin.com,Staff Data Engineer,User,Canada,,False,Partner,2026-10-08
C003297,A01822,Paula,Weinhage,paula.weinhage@kreusel.com,Staff Data Engineer,User,United States,,False,SDR Outbound,2025-06-26
C003298,A00014,Mohammad,Zimmer,mohammad.zimmer@wiek.com,Analytics Engineer,User,Sweden,Legitimate Interest,False,Webinar,2026-02-22
C003299,A00839,Latoya,Schmidtke,latoya.schmidtke@evans.com,Staff Data Engineer,User,Austria,Legitimate Interest,False,Content Download,2026-04-22
C003300,A01475,Randall,Lindberg,randall.lindberg@glenn-young.com,Head of Procurement,Blocker,Austria,Legitimate Interest,False,Free Trial,2026-05-18
C003301,A01256,Jonathan,Hofmann,jonathan.hofmann@röhrdanz.com,Head of Data Engineering,Champion,Canada,,False,Event,2024-11-23
C003302,A00681,Sven,Allen,sven.allen@robinson-harris.com,Head of Procurement,Blocker,Germany,Legitimate Interest,False,Content Download,2026-04-03
C003303,A00175,Philomena,Roosenboom,philomena.roosenboom@otto.com,Head of Data Engineering,Champion,Austria,Legitimate Interest,False,Webinar,2024-04-08
C003304,A00918,Alicia,Chen,alicia.chen@miller.com,IT Security Manager,Blocker,United Kingdom,Legitimate Interest,False,Content Download,2025-12-27
C003305,A01121,Anthony,Hansson,anthony.hansson@mills.com,Analytics Engineer,User,Sweden,Legitimate Interest,False,Paid Search,2025-06-29
C003306,A00499,Hamza,Nilsson,hamza.nilsson@rfs.com,Chief Data Officer,Economic Buyer,United States,,False,Partner,2023-10-14
C003307,A00517,Beverley,Lundin,beverley.lundin@karlsson.com,Staff Data Engineer,User,United Kingdom,Legitimate Interest,False,Event,2024-08-22
C003308,A01742,Carina,Ditschlerin,carina.ditschlerin@royal.com,test,,United States,,False,Event,2026-06-01
C003309,A00761,Charles,Coffey,charles.coffey@white.com,Director of Data Platform,Champion,United States,,False,Webinar,2026-09-29
C003310,A00609,Stig,Vazquez,stig.vazquez@gomez.com,Staff Data Engineer,User,Denmark,Legitimate Interest,False,Free Trial,2026-02-15
C003311,A00935,Michelle,Mendoza,michelle.mendoza@wilson.com,CISO,Blocker,Netherlands,Legitimate Interest,False,SDR Outbound,2026-09-29
C003312,A00722,Rotraud,Hellberg,rotraud.hellberg@eigenwillig.com,Director of Data Platform,Champion,United States,,False,Event,2023-12-20
C003313,A00268,Eugenia,Zwijsen,eugenia.zwijsen@clark.com,Senior Data Engineer,User,United States,,False,Referral,2025-03-19
C003314,A00898,Wigbert,Björklund,wigbert.björklund@royal.com,test,,Canada,,False,Event,2026-04-28
C003315,A00389,Ian,Boyle,ian.boyle@hulst.com,"Director, Data Engineering",Champion,United States,,False,Content Download,2026-09-25
C003316,A01838,Karl-Hans,Johansson,karl-hans.johansson@de.com,Staff Data Engineer,User,United States,,False,SDR Outbound,2025-06-24
C003317,A01601,Ralf-Dieter,Hernandez,ralf-dieter.hernandez@augustsson.com,Staff Data Engineer,User,United States,,True,Webinar,2026-05-24
C003318,A01462,Johan,Morrow,johan.morrow@eriksson.com,Staff Data Engineer,User,Canada,,False,Event,2025-07-08
C003319,A01776,Susan,Taylor,susan.taylor@svensson.com,Director of Data Platform,Champion,United Kingdom,Legitimate Interest,False,SDR Outbound,2025-10-02
C003320,A01334,James,Vermeulen,james.vermeulen@scott.com,Analytics Engineer,User,United States,,False,SDR Outbound,2025-12-27
C003321,A00925,Nisa,Rädel,nisa.rädel@ehlert.com,VP Data,Economic Buyer,Netherlands,Legitimate Interest,False,Webinar,2026-02-20
C003322,A01045,Per,Säuberlich,per.säuberlich@lidström.com,Staff Data Engineer,User,Germany,Legitimate Interest,False,Paid Search,2026-09-24
C003323,A01519,Ernestine,Adelaar,ernestine.adelaar@johansson.com,Chief Information Officer,Economic Buyer,Canada,,False,Webinar,2024-03-16
C003324,A01578,Sara,Livingston,sara.livingston@lindner.com,Head of Data Engineering,Champion,United States,,False,Referral,2025-01-24
C003325,A01710,Joakim,Green,joakim.green@keudel.com,Head of Data Engineering,Champion,Canada,,False,Free Trial,2025-06-01
C003326,A00968,Birgit,Graf,birgit.graf@claesdr.com,Head of Data Engineering,Champion,United Kingdom,Legitimate Interest,False,Paid Search,2026-04-17
C003327,A01627,Herlinde,Kruschwitz,herlinde.kruschwitz@mckinney-gregory.com,Chief Information Officer,Economic Buyer,United Kingdom,Legitimate Interest,False,Partner,2026-06-09
C003328,A01077,Kevin,Jones,kevin.jones@green.com,intern,,Belgium,,False,Partner,2026-01-20
C003329,A00740,Annelie,Dyer,annelie.dyer@joseph-ray.com,"Director, Data Engineering",Champion,United States,,False,Webinar,2025-01-12
C003330,A00222,Romy,Bates,romy.bates@vallin.com,Staff Data Engineer,User,United States,,False,Referral,2023-09-02
C003331,A00241,Jason,Rhodes,jason.rhodes@wende.com,VP Data & Analytics,Economic Buyer,Germany,Legitimate Interest,False,SDR Outbound,2026-05-31
C003332,A01265,Gordon,Mielcarek,gordon.mielcarek@higgins.com,IT Security Manager,Blocker,United States,,False,Referral,2024-04-03
C003333,A01498,Hans-Dietrich,Ladeck,hans-dietrich.ladeck@kennedy.com,Senior Data Engineer,User,United States,,False,Event,2025-04-16
C003334,A01707,Abbie,Smith,abbie.smith@mora.com,CISO,Blocker,Ireland,Legitimate Interest,False,Event,2026-03-25
C003335,A00450,Cheryl,van Beeck Beeckmans,cheryl.van beeck beeckmans@karlsson.com,Data Engineering Manager,User,United States,,False,Paid Search,2025-02-02
C003336,A00221,Jenny,van der Noot,jenny.van der noot@vergeer.com,Data Engineering Manager,User,Germany,Legitimate Interest,False,Paid Search,2025-12-29
C003337,A01275,Antonio,Tröst,antonio.tröst@johnson.com,DATA ENG,,Sweden,Legitimate Interest,False,Content Download,2026-04-27
C003338,A00086,Shirley,Kranz,shirley.kranz@månsson.com,data guy,,United Kingdom,Legitimate Interest,False,Free Trial,2024-11-13
C003339,A01717,Sophia,Shah,sophia.shah@langevoort.com,Senior Data Engineer,User,Denmark,Legitimate Interest,False,Content Download,2026-06-19
C003340,A00121,Deborah,van Engelen,deborah.van engelen@sundberg.com,Chief Data Officer,Economic Buyer,United Kingdom,Legitimate Interest,False,Paid Search,2023-10-14
C003341,A00847,Carlo,Roose,carlo.roose@matthäi.com,VP Data,Economic Buyer,Belgium,Legitimate Interest,False,Content Download,2026-05-01
C003342,A00899,Ian,Hänel,ian.hänel@jimenez.com,Analytics Engineer,User,Germany,Legitimate Interest,False,Partner,2026-10-03
C003343,A01209,Boris,Wilson,boris.wilson@blixt.com,Chief Data Officer,Economic Buyer,Ireland,Legitimate Interest,False,SDR Outbound,2025-10-30
C003344,A01542,Trude,Martin,trude.martin@van.com,Chief Data Officer,Economic Buyer,Netherlands,Legitimate Interest,False,Content Download,2026-08-15
C003345,A01990,Ebba,Löchel,ebba.löchel@heyne.com,Analytics Engineer,User,United States,,False,Paid Search,2026-10-04
C003346,A01432,Olaf,Parkin,olaf.parkin@hansson.com,Head of Data Platform,Champion,United States,,False,Paid Search,2025-07-26
C003347,A00777,Janet,Ryan,janet.ryan@larsson.com,Director of Data Platform,Champion,United Kingdom,,True,Referral,2025-02-19
C003348,A01182,Maria,Johnson,maria.johnson@jakobsson.com,Data Engineering Manager,User,United States,,False,SDR Outbound,2026-07-08
C003349,A00827,John,Brown,john.brown@royal.com,Analytics Engineer,User,United Kingdom,Legitimate Interest,False,Content Download,2025-04-12
C003350,A00984,Rolf-Dieter,Åström,rolf-dieter.åström@preiß.com,data guy,,United States,,True,Webinar,2026-02-13
C003351,A01111,Dennis,Hall,dennis.hall@taylor.com,Senior Data Engineer,User,United Kingdom,Legitimate Interest,False,Content Download,2026-06-14
C003352,A00847,Joe,Lange,joe.lange@matthäi.com,VP Data,Economic Buyer,Belgium,Legitimate Interest,False,Webinar,2026-09-21
C003353,A00832,Tijn,Gross,tijn.gross@tucker.com,Data Engineering Manager,User,Ireland,Legitimate Interest,False,Referral,2025-02-27
C003354,A00567,Ellen,van Kasteelen,ellen.van kasteelen@johansen.com,Analytics Engineer,User,Canada,,False,Event,2026-08-23
C003355,A00241,Sybilla,Kim,sybilla.kim@wende.com,"Director, Data Engineering",Champion,Germany,Legitimate Interest,False,Partner,2026-08-02
C003356,A01982,Ivan,Wensen,ivan.wensen@van.com,VP Data,Economic Buyer,United Kingdom,Legitimate Interest,False,Paid Search,2024-04-30
C003357,A01591,Jacob,Thompson,jacob.thompson@dippel.com,Senior Data Engineer,User,Norway,Legitimate Interest,False,Partner,2026-07-17
C003358,A01920,Heiko,Miller,heiko.miller@wood-black.com,Senior Data Engineer,User,Germany,Legitimate Interest,False,Paid Search,2025-03-10
C003359,A00856,Dale,Larsson,dale.larsson@thompson-joyce.com,data guy,,United States,,False,Paid Search,2026-10-08
C003360,A00030,Margita,Kriens,margita.kriens@hudson.com,"Director, Data Engineering",Champion,United States,,True,Content Download,2026-09-16
C003361,A00532,Matthew,Dixon,matthew.dixon@nilsson.com,"Director, Data Engineering",Champion,Sweden,Legitimate Interest,False,Content Download,2026-05-27
C003362,A01055,Jordan,Henderson,jordan.henderson@vollbrecht.com,Analytics Engineer,User,Netherlands,Legitimate Interest,False,Partner,2026-05-04
C003363,A00795,Colin,Persson,colin.persson@brown-frey.com,Chief Information Officer,Economic Buyer,Canada,,False,Free Trial,2026-04-20
C003364,A00621,Christopher,Andrews,christopher.andrews@eklund.com,VP Data & Analytics,Economic Buyer,Germany,Legitimate Interest,False,SDR Outbound,2026-09-21
C003365,A01662,Iain,Ibarra,iain.ibarra@stichting.com,Analytics Engineer,User,United States,,False,Webinar,2026-02-13
C003366,A01633,Scott,Rijn,scott.rijn@butler-fleming.com,VP Data,Economic Buyer,United States,,False,Webinar,2026-09-07
C003367,A00904,Tobias,Decker,tobias.decker@hawkins.com,Senior Data Engineer,User,United States,,False,Free Trial,2026-09-05
C003368,A01615,Frederique,Vallenduuk,frederique.vallenduuk@beckmann.com,Manager,,Belgium,Legitimate Interest,False,SDR Outbound,2026-10-06
C003369,A01533,Sebastian,Dean,sebastian.dean@rees-robinson.com,Data Engineering Manager,User,United States,,False,SDR Outbound,2026-10-07
C003370,A00586,Saga,Bennett,saga.bennett@andersson.com,Analytics Engineer,User,Belgium,Legitimate Interest,False,SDR Outbound,2026-10-08
C003371,A00207,Paul,Eriksson,paul.eriksson@holzapfel.com,Staff Data Engineer,User,United States,,False,Paid Search,2025-04-26
C003372,A00217,Jan,Jorlink,jan.jorlink@schmidt.com,Staff Data Engineer,User,United Kingdom,Legitimate Interest,False,SDR Outbound,2025-08-22
C003373,A01515,Amalia,White,amalia.white@stoll.com,IT Security Manager,Blocker,Germany,Legitimate Interest,False,Referral,2025-07-28
C003374,A00853,Dorina,Lang,dorina.lang@van.com,ceo ,,United States,,False,Event,2025-06-12
C003375,A00167,Kristina,Krause,kristina.krause@månsson.com,Staff Data Engineer,User,United Kingdom,Legitimate Interest,False,Free Trial,2025-06-07
C003376,A01045,Linde,Grahn,linde.grahn@lidström.com,Chief Data Officer,Economic Buyer,Germany,Legitimate Interest,False,Partner,2026-09-22
C003377,A00029,Silke,Nilsson,silke.nilsson@young.com,Staff Data Engineer,User,Sweden,Legitimate Interest,False,SDR Outbound,2026-08-14
C003378,A01025,Louis,Potters,louis.potters@mcfarland.com,Analytics Engineer,User,Sweden,Legitimate Interest,False,Partner,2026-03-18
C003379,A01325,Alison,Olsen,alison.olsen@price.com,Senior Data Engineer,User,Germany,Legitimate Interest,False,Webinar,2024-12-23
C003380,A00088,Laura,Anderson,laura.anderson@malmberg.com,Chief Data Officer,Economic Buyer,United States,,False,Partner,2026-09-13
C003381,A00896,Tiffany,Schmidt,tiffany.schmidt@fischer.com,"Director, Data Engineering",Champion,United States,,False,Webinar,2026-03-27
C003382,A00001,Artur,Stroh,artur.stroh@hein.com,Chief Information Officer,Economic Buyer,United Kingdom,Legitimate Interest,False,Free Trial,2025-08-27
C003383,A00870,Robert,Andersson,robert.andersson@kallert.com,Staff Data Engineer,User,Netherlands,Legitimate Interest,False,Paid Search,2025-09-03
C003384,A01409,Shawn,Roy,shawn.roy@elofsson.com,Data Engineering Manager,User,United States,,False,Referral,2026-10-06
C003385,A00819,Mees,Yates,mees.yates@lundin.com,Staff Data Engineer,User,United Kingdom,Legitimate Interest,False,Content Download,2026-07-30
C003386,A01061,June,Parsons,june.parsons@einarsson.com,Data Engineering Manager,User,United States,,False,Partner,2026-04-21
C003387,A01135,Theresia,Eriksson,theresia.eriksson@jacobs.com,Data Engineering Manager,User,United States,,False,Partner,2026-01-11
C003388,A01048,Hans Georg,Hallberg,hans georg.hallberg@nunez-nichols.com,Staff Data Engineer,User,United States,,False,Webinar,2026-08-02
C003389,A00394,Troy,Jarvis,troy.jarvis@zahn.com,Chief Data Officer,Economic Buyer,Norway,Legitimate Interest,False,Paid Search,2024-12-31
C003390,A01152,Tara,Reijers,tara.reijers@van.com,Analytics Engineer,User,Norway,Legitimate Interest,False,Event,2025-06-15
C003391,A01590,Gerald,Johansson,gerald.johansson@wulff.com,"Director, Data Engineering",Champion,Belgium,Legitimate Interest,False,Event,2026-05-10
C003392,A01899,Michael,Hoffmann,michael.hoffmann@josefsson.com,IT Security Manager,Blocker,United Kingdom,Legitimate Interest,False,Partner,2024-08-25
C003393,A00119,Gareth,Bennett,gareth.bennett@royal.com,N/A,,United States,,False,Paid Search,2026-07-14
C003394,A01402,Ize,Stolze,ize.stolze@ruppert.com,Data Engineering Manager,User,Canada,,True,Free Trial,2024-08-02
C003395,A00809,Danielle,Loreal,danielle.loreal@barkholz.com,Staff Data Engineer,User,United Kingdom,Legitimate Interest,False,Paid Search,2025-09-05
C003396,A00250,David,Persson,david.persson@axelsson.com,Data Engineering Manager,User,United States,,False,Webinar,2023-05-22
C003397,A00088,Gregory,Jacobi Jäckel,gregory.jacobi jäckel@malmberg.com,VP Data & Analytics,Economic Buyer,United States,,False,Referral,2026-09-04
C003398,A00140,Noëlle,Torres,noëlle.torres@fransson.com,Senior Data Engineer,User,Ireland,,False,Webinar,2026-07-10
C003399,A01706,Adele,Lind,adele.lind@turner.com,Data Engineering Manager,User,United States,,False,Partner,2026-02-10
C003400,A00207,Aleksander,Mitschke,aleksander.mitschke@holzapfel.com,Manager,,United States,,False,Webinar,2026-07-23
C003401,A00265,Linda,Dalton,linda.dalton@davis-lewis.com,"Director, Data Engineering",Champion,United Kingdom,Legitimate Interest,False,Free Trial,2026-08-28
C003402,A01383,Gerd,Molin,gerd.molin@lindquist.com,CISO,Blocker,United States,,False,Content Download,2026-07-13
C003403,A00800,Cheryl,Grein Groth,cheryl.grein groth@wright.com,Staff Data Engineer,User,United Kingdom,Legitimate Interest,False,SDR Outbound,2026-01-23
C003404,A01914,Alicia,Scholz,alicia.scholz@frank.com,"Director, Data Engineering",Champion,Germany,Legitimate Interest,False,Referral,2026-04-24
C003405,A00475,Patricia,Mens,patricia.mens@sjöberg.com,Senior Data Engineer,User,United Kingdom,Legitimate Interest,False,Paid Search,2024-03-15
C003406,A00459,June,Liebelt,june.liebelt@north.com,IT Security Manager,Blocker,United Kingdom,Legitimate Interest,False,Content Download,2025-09-09
C003407,A00788,Max,Price,max.price@eriksson.com,Director of Data Platform,Champion,United Kingdom,Legitimate Interest,False,Event,2025-12-08
C003408,A00623,Wessel,Geißler,wessel.geißler@verbeek.com,Staff Data Engineer,User,Netherlands,Legitimate Interest,False,Webinar,2026-03-19
C003409,A01971,Sarah,Brolin,sarah.brolin@black-lee.com,Head of Data Platform,Champion,United States,,False,Paid Search,2025-08-15
C003410,A00864,Daniël,Westerbeek,daniël.westerbeek@chan.com,Analytics Engineer,User,United Kingdom,Legitimate Interest,False,Partner,2026-02-05
C003411,A01951,Christer,Björkman,christer.björkman@long-carter.com,Head of Data Platform,Champion,United States,,False,Event,2026-02-07
C003412,A00512,Christa,Hayes,christa.hayes@olsson.com,Staff Data Engineer,User,United States,,False,Partner,2026-02-19
C003413,A00280,Erich,Morris,erich.morris@franklin-jones.com,VP Data & Analytics,Economic Buyer,Sweden,Legitimate Interest,False,Content Download,2025-01-09
C003414,A00808,Kay,Hernandez,kay.hernandez@edwards-bell.com,Senior Data Engineer,User,Sweden,Legitimate Interest,False,Event,2023-10-07
C003415,A01303,Mahmut,Jakobsson,mahmut.jakobsson@finke.com,"Director, Data Engineering",Champion,Belgium,Legitimate Interest,False,Referral,2025-04-20
C003416,A00746,Liam,Keltenie,liam.keltenie@fischer.com,Analytics Engineer,User,Sweden,Legitimate Interest,False,Webinar,2026-04-18
C003417,A00669,Jesper,Nilsson,jesper.nilsson@höfig.com,CISO,Blocker,Ireland,Legitimate Interest,False,Event,2026-10-03
C003418,A00893,Luke,de Graaf,luke.de graaf@linde.com,Staff Data Engineer,User,Canada,,False,Event,2025-01-29
C003419,A00206,Matthew,Scholz,matthew.scholz@karge.com,IT Security Manager,Blocker,United Kingdom,,False,Partner,2025-11-06
C003420,A00313,Anders,Hedberg,anders.hedberg@kema.com,Head of Procurement,Blocker,Germany,Legitimate Interest,False,Content Download,2026-04-22
C003421,A01297,Dennis,Walker,dennis.walker@lindau.com,Senior Data Engineer,User,United Kingdom,Legitimate Interest,False,Partner,2026-04-13
C003422,A00826,Karin,Williams,karin.williams@van.com,Data Engineering Manager,User,Sweden,Legitimate Interest,False,Partner,2025-04-08
C003423,A01219,Anna,Campbell,anna.campbell@kolen.com,Chief Data Officer,Economic Buyer,Belgium,Legitimate Interest,False,Free Trial,2026-01-26
C003424,A00584,Philip,Thompson,philip.thompson@richardson-baker.com,Data Engineering Manager,User,United States,,False,Content Download,2026-05-16
C003425,A01603,Neil,Gill,neil.gill@post.com,Head of Procurement,Blocker,Germany,Legitimate Interest,False,Webinar,2023-03-28
C003426,A00405,Karla,Pergande,karla.pergande@walsh.com,CISO,Blocker,United Kingdom,Legitimate Interest,False,Partner,2026-08-02
C003427,A01093,Jennifer,Brolin,jennifer.brolin@koninklijke.com,"Director, Data Engineering",Champion,Norway,Legitimate Interest,False,Webinar,2024-11-29
C003428,A01856,Catharina,van der Leek,catharina.van der leek@johansson.com,Analytics Engineer,User,Sweden,Legitimate Interest,True,Event,2026-08-12
C003429,A00568,Sepp,Anders,sepp.anders@pearce-smith.com,Head of Data Platform,Champion,Switzerland,Legitimate Interest,False,Free Trial,2025-02-26
C003430,A00363,Kathryn,Schmidt,kathryn.schmidt@johansson.com,IT Security Manager,Blocker,United States,,False,Content Download,2025-07-11
C003431,A01829,Brigitta,Andersson,brigitta.andersson@berenschot.com,Senior Data Engineer,User,Switzerland,Legitimate Interest,False,Paid Search,2026-10-05
C003432,A01914,Leon,Smart,leon.smart@frank.com,intern,,Germany,Legitimate Interest,False,Partner,2024-07-31
C003433,A01214,Brad,Lafleur,brad.lafleur@ackermann.com,Head of Data Platform,Champion,United States,,False,Content Download,2026-02-13
C003434,A01523,Ragnhild,van Geest,ragnhild.van geest@mustafa.com,Senior Data Engineer,User,Canada,,False,SDR Outbound,2026-07-28
C003435,A01299,Verner,Pölitz,verner.pölitz@strijker.com,Head of Data Engineering,Champion,Netherlands,Legitimate Interest,False,Free Trial,2024-08-21
C003436,A00983,Leni,de la Fleche,leni.de la fleche@kelly-schultz.com,Head of Data Engineering,Champion,United States,,False,Partner,2026-05-22
C003437,A00265,Traudel,The Elder,traudel.the elder@davis-lewis.com,Manager,,United Kingdom,Legitimate Interest,False,Partner,2026-08-24
C003438,A01847,Caitlin,Lloyd,caitlin.lloyd@carr-lee.com,VP Data,Economic Buyer,United Kingdom,Legitimate Interest,False,Free Trial,2026-05-24
C003439,A01125,Nathan,Blomqvist,nathan.blomqvist@van.com,Head of Data Engineering,Champion,Switzerland,Legitimate Interest,False,Partner,2026-07-08
C003440,A00706,Maja,Gardner,maja.gardner@dominguez.com,Senior Data Engineer,User,Canada,,False,Free Trial,2026-09-04
C003441,A00504,Justin,Torres,justin.torres@arbounie.com,Manager,,Norway,Legitimate Interest,False,Referral,2025-10-31
C003442,A00346,Brandon,Talbot,brandon.talbot@ullrich.com,Analytics Engineer,User,United Kingdom,Legitimate Interest,False,Webinar,2026-02-08
C003443,A00928,Jimmy,Campbell,jimmy.campbell@hassan.com,VP Data & Analytics,Economic Buyer,Belgium,Legitimate Interest,False,Content Download,2026-06-18
C003444,A01885,Sterre,Svedberg,sterre.svedberg@preiß.com,Head of Data Engineering,Champion,United States,,False,Event,2026-06-14
C003445,A01094,Kerstin,Davis,kerstin.davis@van.com,Analytics Engineer,User,United States,,False,Content Download,2026-09-30
C003446,A01831,Sune,Schiffer,sune.schiffer@weinhold.com,Chief Data Officer,Economic Buyer,United States,,False,Event,2024-09-30
C003447,A01070,Gunilla,Pearson,gunilla.pearson@koninklijke.com,Analytics Engineer,User,Germany,Legitimate Interest,False,Free Trial,2026-09-11
C003448,A00185,Hedvig,Moss,hedvig.moss@benthin.com,Senior Data Engineer,User,Canada,,False,Webinar,2026-01-03
C003449,A00395,Brian,van Brenen,brian.van brenen@ebert.com,Head of Data Engineering,Champion,Netherlands,Legitimate Interest,False,Webinar,2026-10-02
C003450,A00439,Aron,Cole,aron.cole@henschel.com,Senior Data Engineer,User,United States,,False,SDR Outbound,2024-08-01
C003451,A01397,Adam,Morris,adam.morris@garner.com,VP Data & Analytics,Economic Buyer,United States,,False,Free Trial,2026-05-19
C003452,A00513,Mikael,Ivarsson,mikael.ivarsson@hartung.com,Staff Data Engineer,User,Germany,Legitimate Interest,False,Content Download,2026-06-15
C003453,A01321,Adam,Nguyen,adam.nguyen@öberg.com,VP Data,Economic Buyer,United States,,False,Event,2025-02-23
C003454,A00485,Mathew,Shah,mathew.shah@royal.com,Staff Data Engineer,User,Canada,,False,Partner,2026-09-30
C003455,A00152,Georgina,Mcconnell,georgina.mcconnell@jonasson.com,Senior Data Engineer,User,United States,,False,Content Download,2026-04-27
C003456,A01232,Gunilla,Kronenberg,gunilla.kronenberg@miller-christensen.com,Senior Data Engineer,User,United States,,False,Partner,2026-07-02
C003457,A00737,Karolina,Brown,karolina.brown@weiß.com,Senior Data Engineer,User,Belgium,Legitimate Interest,False,SDR Outbound,2024-01-08
C003458,A01421,Benthe,Kolster,benthe.kolster@butler.com,Chief Data Officer,Economic Buyer,United Kingdom,Legitimate Interest,False,Webinar,2025-10-15
C003459,A01616,Lina,Phillipsen,lina.phillipsen@weller.com,Chief Information Officer,Economic Buyer,United States,,False,Webinar,2025-07-28
C003460,A01878,Edward,Öberg,edward.öberg@royal.com,Head of Data Platform,Champion,United States,,False,SDR Outbound,2025-06-12
C003461,A01351,Donna,Steen,donna.steen@stroh.com,VP Data & Analytics,Economic Buyer,United Kingdom,Legitimate Interest,False,Free Trial,2026-08-24
C003462,A01084,Allan,le Gulcher,allan.le gulcher@dekker.com,Data Engineering Manager,User,United States,,False,Webinar,2025-05-22
C003463,A00177,William,Ware,william.ware@lundqvist.com,Head of Procurement,Blocker,United Kingdom,Legitimate Interest,False,Content Download,2026-07-19
C003464,A00099,My,Laffray,my.laffray@johansson.com,"Director, Data Engineering",Champion,Canada,,False,SDR Outbound,2026-05-02
C003465,A00505,Twan,Wright,twan.wright@kühnert.com,Senior Data Engineer,User,United Kingdom,Legitimate Interest,False,Webinar,2024-06-29
C003466,A01972,Lucas,Smith,lucas.smith@dippel.com,Staff Data Engineer,User,United States,,False,Free Trial,2026-08-23
C003467,A01232,James,Olsson,james.olsson@miller-christensen.com,"Director, Data Engineering",Champion,United States,,False,Referral,2026-08-09
C003468,A01004,Eric,Broberg,eric.broberg@freeman.com,data guy,,United Kingdom,Legitimate Interest,True,Partner,2024-06-19
C003469,A00480,Margareta,Stone,margareta.stone@vaughan-cole.com,Senior Data Engineer,User,Germany,Legitimate Interest,True,Paid Search,2026-10-02
C003470,A01154,Bethany,Nilsson,bethany.nilsson@harrison.com,VP Data & Analytics,Economic Buyer,United States,,False,SDR Outbound,2026-08-17
C003471,A00316,Allison,Trommler,allison.trommler@van.com,Staff Data Engineer,User,United States,,False,Webinar,2026-04-13
C003472,A00745,Richard,van Velzen,richard.van velzen@sanchez.com,Data Engineering Manager,User,United States,,False,Webinar,2026-03-05
C003473,A00694,Duuk,Henderson,duuk.henderson@rust.com,Head of Data Engineering,Champion,Germany,Legitimate Interest,False,Paid Search,2025-10-14
C003474,A01280,Marieluise,Carlsson,marieluise.carlsson@johansson.com,"Director, Data Engineering",Champion,Germany,Legitimate Interest,False,Paid Search,2025-07-01
C003475,A00496,Ann,Hentschel,ann.hentschel@french-lopez.com,Data Engineering Manager,User,United States,,False,Event,2026-04-15
C003476,A00272,Christine,van Ghoerle,christine.van ghoerle@smith.com,Data Engineering Manager,User,United States,,False,Paid Search,2026-09-10
C003477,A00646,Floris,van de Brink,floris.van de brink@wilson.com,Staff Data Engineer,User,United States,,False,Free Trial,2026-03-18
C003478,A01794,Michael,Johansson,michael.johansson@pasman.com,Chief Data Officer,Economic Buyer,Canada,,False,Paid Search,2025-03-27
C003479,A00769,Ellinor,Nguyen,ellinor.nguyen@dussen.com,Head of Procurement,Blocker,United States,,False,Paid Search,2024-05-04
C003480,A01418,Gesa,Lage,gesa.lage@vincent.com,Analytics Engineer,User,United States,,False,Event,2024-10-27
C003481,A01650,Vicki,Harrison,vicki.harrison@stichting.com,Data Engineering Manager,User,Netherlands,Legitimate Interest,False,Paid Search,2026-09-05
C003482,A01539,Rick,van der Laan,rick.van der laan@stichting.com,"Director, Data Engineering",Champion,United States,,False,Partner,2025-03-06
C003483,A00632,Lisa,Talbot,lisa.talbot@olsson.com,Senior Data Engineer,User,Germany,Legitimate Interest,False,Partner,2024-09-10
C003484,A00450,Christin,Taylor,christin.taylor@karlsson.com,Analytics Engineer,User,United States,,False,Free Trial,2024-08-15
C003485,A01770,Joël,Schmiedt,joël.schmiedt@solis.com,data guy,,United States,,False,Free Trial,2026-03-08
C003486,A00600,Cecilia,Ward,cecilia.ward@essent.com,Chief Data Officer,Economic Buyer,United States,,False,SDR Outbound,2025-08-13
C003487,A00227,Mandy,Steckel,mandy.steckel@howard-jordan.com,test,,United States,,False,Content Download,2026-07-16
C003488,A00278,Fenna,Gallagher,fenna.gallagher@b&s.com,Head of Data Platform,Champion,Ireland,Legitimate Interest,False,Webinar,2024-05-08
C003489,A01766,Renata,Jackson,renata.jackson@gutknecht.com,intern,,Switzerland,Legitimate Interest,False,Event,2025-06-20
C003490,A00374,Anders,Schottin,anders.schottin@emté.com,Data Engineering Manager,User,Germany,Legitimate Interest,False,Partner,2026-07-11
C003491,A00532,Jack,Jansson,jack.jansson@nilsson.com,VP Data & Analytics,Economic Buyer,Sweden,Legitimate Interest,False,Free Trial,2026-03-13
C003492,A00611,Viktoria,Bolnbach,viktoria.bolnbach@kraushaar.com,Analytics Engineer,User,United States,,False,Event,2025-05-23
C003493,A01623,Elif,Ivarsson,elif.ivarsson@nieuwstraten.com,Staff Data Engineer,User,Netherlands,Legitimate Interest,False,Event,2026-06-26
C003494,A01851,Anna,Olsson,anna.olsson@davis.com,"Director, Data Engineering",Champion,United Kingdom,Legitimate Interest,False,Partner,2025-02-16
C003495,A01236,Mike,Reimes,mike.reimes@vaughan-williams.com,Head of Procurement,Blocker,United States,,False,Content Download,2025-11-27
C003496,A00419,Niklas,Rosén,niklas.rosén@bond-o'neill.com,Staff Data Engineer,User,Norway,Legitimate Interest,False,Webinar,2026-08-03
C003497,A01459,Ruben,Bruder,ruben.bruder@phillipsen.com,test,,Germany,Legitimate Interest,False,Referral,2026-09-09
C003498,A00442,Inge,Persson,inge.persson@fechner.com,Staff Data Engineer,User,United States,,False,SDR Outbound,2026-02-10
C003499,A01510,Enno,van Leuven,enno.van leuven@jackson.com,Data Engineering Manager,User,Canada,,False,Event,2026-08-16
C003500,A01345,Gerard,van den Corput,gerard.van den corput@bryant-lane.com,Staff Data Engineer,User,United States,,False,Paid Search,2026-08-21
C003501,A00536,Harri,van der Linden,harri.van der linden@miller.com,Head of Procurement,Blocker,Denmark,Legitimate Interest,False,Partner,2025-07-11
C003502,A00332,Elias,Smits,elias.smits@sandd.com,CISO,Blocker,United States,,False,Webinar,2026-09-24
C003503,A00620,Anna,Hoffmann,anna.hoffmann@steenbeek.com,Staff Data Engineer,User,United States,,False,Referral,2024-07-10
C003504,A01152,Albin,Carlsson,albin.carlsson@van.com,VP Data & Analytics,Economic Buyer,Norway,Legitimate Interest,False,Paid Search,2025-09-15
C003505,A00412,Linnea,Murphy,linnea.murphy@fitzgerald.com,CISO,Blocker,Belgium,Legitimate Interest,False,Free Trial,2025-02-09
C003506,A01606,Terence,Martin,terence.martin@johansson.com,CISO,Blocker,United States,,False,Partner,2025-04-17
C003507,A01909,Clare,Sanders,clare.sanders@verkade.com,Senior Data Engineer,User,Netherlands,Legitimate Interest,True,Event,2026-09-02
C003508,A01940,Birgitt,Ström,birgitt.ström@baker.com,test,,Sweden,Legitimate Interest,False,Content Download,2025-10-31
C003509,A01390,Mary,Dixon,mary.dixon@gustafsson.com,IT Security Manager,Blocker,Canada,,False,SDR Outbound,2026-08-13
C003510,A01662,Ortwin,Berg,ortwin.berg@stichting.com,Chief Data Officer,Economic Buyer,United States,,False,Content Download,2024-01-09
C003511,A00007,David,Sjödin,david.sjödin@axelsson.com,Senior Data Engineer,User,United States,,False,Referral,2024-11-23
C003512,A00882,Asta,Rivera,asta.rivera@johnson.com,VP Data & Analytics,Economic Buyer,United States,,False,Event,2026-08-25
C003513,A00469,Gitte,Larsson,gitte.larsson@wells.com,Staff Data Engineer,User,United States,,False,Paid Search,2026-03-26
C003514,A00100,Charlotta,Romijn,charlotta.romijn@stage.com,Analytics Engineer,User,Norway,Legitimate Interest,False,Referral,2025-05-10
C003515,A00615,Angela,Oversteeg,angela.oversteeg@white-hodgson.com,Director of Data Platform,Champion,Canada,,False,Content Download,2025-01-14
C003516,A00998,Edward,Zwijsen,edward.zwijsen@schatteleijn.com,Staff Data Engineer,User,United States,,False,Paid Search,2025-04-02
C003517,A00466,Brandon,Thomas,brandon.thomas@karlsson.com,Head of Data Engineering,Champion,United Kingdom,Legitimate Interest,False,Partner,2026-05-23
C003518,A00256,Irmhild,den Teuling,irmhild.den teuling@williams.com,Senior Data Engineer,User,United States,,False,Free Trial,2025-08-06
C003519,A00614,Brittany,Henriksson,brittany.henriksson@nohlmans.com,VP Data & Analytics,Economic Buyer,United States,,False,Event,2025-10-30
C003520,A00852,Andrew,Kraushaar,andrew.kraushaar@booking.com.com,Head of Data Platform,Champion,United States,,False,Referral,2026-08-16
C003521,A00860,Dusan,Forsberg,dusan.forsberg@hawkins-arnold.com,Head of Data Engineering,Champion,United States,,False,Webinar,2026-01-18
C003522,A01218,Håkan,van der Ploeg,håkan.van der ploeg@brooks.com,Data Engineering Manager,User,United States,,False,Partner,2025-09-01
C003523,A01186,Steve,Charon,steve.charon@bärer.com,Staff Data Engineer,User,United Kingdom,Legitimate Interest,False,Event,2026-07-10
C003524,A01280,Karin,Valdez,karin.valdez@johansson.com,Head of Data Engineering,Champion,Germany,Legitimate Interest,False,Referral,2026-04-03
C003525,A01330,Tore,Bouhuizen,tore.bouhuizen@alm.com,Staff Data Engineer,User,Germany,Legitimate Interest,False,Partner,2026-08-16
C003526,A00798,Daniel,Rowe,daniel.rowe@andersson.com,Chief Information Officer,Economic Buyer,United States,,False,Event,2026-09-24
C003527,A01440,Brandon,Hübel,brandon.hübel@tlustek.com,Senior Data Engineer,User,Switzerland,Legitimate Interest,False,Paid Search,2026-10-01
C003528,A00052,Ulla,Eigenwillig,ulla.eigenwillig@berry.com,Data Engineering Manager,User,United States,,False,Referral,2025-12-24
C003529,A01595,Charlotta,Long,charlotta.long@patel-murphy.com,VP Data & Analytics,Economic Buyer,United States,,False,Content Download,2026-08-10
C003530,A00319,Gisela,Löchel,gisela.löchel@veltman.com,"Director, Data Engineering",Champion,Canada,,False,Event,2026-01-29
C003531,A01525,Mia,de Bruijn,mia.de bruijn@mays.com,Data Engineering Manager,User,Sweden,Legitimate Interest,False,SDR Outbound,2026-10-05
C003532,A00003,Josh,Gray,josh.gray@hagman.com,IT Security Manager,Blocker,United States,,False,Content Download,2025-03-27
C003533,A01195,Connor,Kaul,connor.kaul@söding.com,Head of Data Engineering,Champion,Sweden,Legitimate Interest,False,Referral,2026-04-19
C003534,A00667,Christel,Jacobi,christel.jacobi@yara.com,Head of Data Platform,Champion,Netherlands,Legitimate Interest,False,Event,2026-03-13
C003535,A00351,Swetlana,Lagerweij,swetlana.lagerweij@lundqvist.com,Data Engineering Manager,User,United States,,False,Webinar,2024-10-24
C003536,A01768,Jeremy,Lynch,jeremy.lynch@persson.com,Head of Data Platform,Champion,Ireland,Legitimate Interest,False,Paid Search,2026-01-14
C003537,A01511,Hubertus,Begum,hubertus.begum@koninklijke.com,Staff Data Engineer,User,United States,,False,Partner,2025-05-12
C003538,A01442,Theodor,Green,theodor.green@kemp.com,Chief Information Officer,Economic Buyer,Germany,Legitimate Interest,False,Partner,2026-09-30
C003539,A00644,Wolf-Dietrich,Stoffel,wolf-dietrich.stoffel@jones.com,Staff Data Engineer,User,United Kingdom,Legitimate Interest,True,SDR Outbound,2026-01-28
C003540,A01808,Lasse,Köhler,lasse.köhler@kelly-ball.com,CISO,Blocker,Denmark,Legitimate Interest,False,Paid Search,2025-05-26
C003541,A00678,Johan,Verbeek,johan.verbeek@jansdr.com,Analytics Engineer,User,United States,,False,Partner,2025-12-17
C003542,A01804,Lewis,Wilkinson,lewis.wilkinson@lowery.com,Analytics Engineer,User,United States,,False,Paid Search,2026-04-16
C003543,A01275,Adrian,Everts,adrian.everts@johnson.com,Head of Data Platform,Champion,Sweden,Legitimate Interest,False,SDR Outbound,2025-07-10
C003544,A00430,Gerard,Vollbrecht,gerard.vollbrecht@may-reynolds.com,Staff Data Engineer,User,United Kingdom,Legitimate Interest,False,Webinar,2026-09-10
C003545,A00494,Heinz-Josef,Martin,heinz-josef.martin@andrews.com,test,,Ireland,Legitimate Interest,False,Event,2026-08-14
C003546,A00738,Bertil,Byrne,bertil.byrne@drubin.com,IT Security Manager,Blocker,United States,,True,Webinar,2026-09-25
C003547,A00931,George,Noble,george.noble@hunter.com,Analytics Engineer,User,United States,,True,Content Download,2026-03-07
C003548,A01181,Lenn,Parkinson,lenn.parkinson@jacob.com,Senior Data Engineer,User,United Kingdom,Legitimate Interest,False,Webinar,2025-06-29
C003549,A00555,Aimée,Field,aimée.field@phillips.com,Staff Data Engineer,User,United Kingdom,Legitimate Interest,False,Referral,2026-01-05
C003550,A01253,Antonina,Norberg,antonina.norberg@sutton-jones.com,Analytics Engineer,User,United States,,False,SDR Outbound,2026-01-13
C003551,A00680,Morgan,Trub,morgan.trub@renner.com,data guy,,United States,,False,Free Trial,2026-06-30
C003552,A00734,Birte,Geißler,birte.geißler@brown.com,CISO,Blocker,Germany,Legitimate Interest,False,Webinar,2026-10-05
C003553,A00948,Fiona,Geißler,fiona.geißler@heinrich.com,"Director, Data Engineering",Champion,United States,,False,Content Download,2025-12-03
C003554,A00994,Fredy,Ditschlerin,fredy.ditschlerin@pettersson.com,Staff Data Engineer,User,United States,,False,SDR Outbound,2024-05-09
C003555,A01304,Floris,Hansson,floris.hansson@duncan-williams.com,Staff Data Engineer,User,Belgium,Legitimate Interest,False,Paid Search,2026-06-09
C003556,A00891,Elisabet,West,elisabet.west@mohaupt.com,"Director, Data Engineering",Champion,Canada,,False,Content Download,2026-01-13
C003557,A01915,Matthew,Rice,matthew.rice@van.com,Head of Data Engineering,Champion,United Kingdom,Legitimate Interest,False,Webinar,2026-09-17
C003558,A00364,Michael,Backman,michael.backman@sjöberg.com,Staff Data Engineer,User,Belgium,Legitimate Interest,False,Referral,2026-07-19
C003559,A01938,Twan,Heuser,twan.heuser@mercedes-benz.com,Senior Data Engineer,User,Canada,,False,SDR Outbound,2024-10-11
C003560,A01652,Kyan,Schweitzer,kyan.schweitzer@stahr.com,Data Engineering Manager,User,United States,,False,Event,2026-03-05
C003561,A00205,Susan,Jordan,susan.jordan@norman.com,Data Engineering Manager,User,Ireland,Legitimate Interest,False,Webinar,2025-06-02
C003562,A00072,Irene,Dowerg,irene.dowerg@oversteeg.com,Analytics Engineer,User,United States,,False,Event,2026-05-24
C003563,A01059,Gerrit,Salz,gerrit.salz@cox.com,IT Security Manager,Blocker,United Kingdom,Legitimate Interest,False,Event,2025-08-21
C003564,A01540,Hiltrud,Johansson,hiltrud.johansson@van.com,Analytics Engineer,User,United States,,False,Paid Search,2023-09-12
C003565,A01425,Klaas,Eklund,klaas.eklund@stokes.com,Analytics Engineer,User,Ireland,Legitimate Interest,False,Partner,2023-09-03
C003566,A00456,Herwig,van de Velden,herwig.van de velden@hoffman.com,Senior Data Engineer,User,United States,,False,Partner,2026-04-18
C003567,A01874,Andreas,Harvey,andreas.harvey@burns.com,Chief Information Officer,Economic Buyer,United States,,False,Paid Search,2024-11-05
C003568,A00911,Emily,Russo,emily.russo@koninklijke.com,"Director, Data Engineering",Champion,Netherlands,Legitimate Interest,False,Webinar,2025-11-14
C003569,A01440,Haley,Mason,haley.mason@tlustek.com,Staff Data Engineer,User,Switzerland,Legitimate Interest,False,Partner,2026-09-05
C003570,A01202,Nina,Pugh,nina.pugh@zuniga.com,Head of Data Platform,Champion,United States,,False,Webinar,2025-04-06
C003571,A01926,William,Khan,william.khan@östman.com,VP Data & Analytics,Economic Buyer,United Kingdom,Legitimate Interest,False,Event,2026-08-12
C003572,A01826,Nicole,Gomez,nicole.gomez@williamson-burke.com,Senior Data Engineer,User,United States,,False,SDR Outbound,2025-05-21
C003573,A00097,Catherine,Jonsson,catherine.jonsson@gumprich.com,Chief Data Officer,Economic Buyer,Germany,Legitimate Interest,False,Free Trial,2026-07-22
C003574,A00539,Justin,Johansson,justin.johansson@yang.com,Chief Data Officer,Economic Buyer,United States,,False,Webinar,2024-12-08
C003575,A00838,Hedwig,Edwards,hedwig.edwards@armstrong-larsen.com,N/A,,Canada,,False,Free Trial,2026-03-17
C003576,A00519,Sean,Lange,sean.lange@davis-williams.com,IT Security Manager,Blocker,United Kingdom,Legitimate Interest,False,Paid Search,2025-12-06
C003577,A00522,Marlen,Bennett,marlen.bennett@larsson.com,Analytics Engineer,User,United States,,False,Partner,2025-05-28
C003578,A00790,Pamela,Andersson,pamela.andersson@van.com,intern,,United States,,False,Partner,2026-09-29
C003579,A01551,Birgit,Kelly,birgit.kelly@fowler.com,Analytics Engineer,User,Sweden,Legitimate Interest,False,Webinar,2026-03-02
C003580,A00038,Jonas,Holsten,jonas.holsten@pearson.com,Senior Data Engineer,User,United Kingdom,Legitimate Interest,False,Partner,2024-12-26
C003581,A01728,Alicia,Moss,alicia.moss@moberg.com,Head of Data Platform,Champion,United States,,False,Webinar,2025-09-05
C003582,A01103,Laura,Kok,laura.kok@preston-lewis.com,Analytics Engineer,User,Germany,Legitimate Interest,False,Event,2026-05-05
C003583,A01638,Linnéa,Svensson,linnéa.svensson@johansson.com,Analytics Engineer,User,United States,,False,Webinar,2025-12-09
C003584,A01948,Helmut,Bradley,helmut.bradley@stichting.com,VP Data & Analytics,Economic Buyer,Germany,,False,Paid Search,2025-08-05
C003585,A00260,Kate,Lidén,kate.lidén@gilbert-crosby.com,Data Engineering Manager,User,United States,,False,Partner,2026-03-02
C003586,A00440,Fenne,Romijn,fenne.romijn@briemer.com,Head of Data Engineering,Champion,Canada,,False,Referral,2026-05-20
C003587,A00965,Bernfried,Lindberg,bernfried.lindberg@lilja.com,Chief Information Officer,Economic Buyer,United States,,False,Event,2026-08-15
C003588,A01189,Leena,Rodriguez,leena.rodriguez@junk.com,Staff Data Engineer,User,United States,,False,Partner,2025-02-28
C003589,A01075,Charlotte,Naser,charlotte.naser@atkinson.com,Analytics Engineer,User,Sweden,Legitimate Interest,False,Partner,2024-01-20
C003590,A00768,Melissa,Schmidt,melissa.schmidt@griffiths.com,"Director, Data Engineering",Champion,United States,,False,Referral,2024-10-15
C003591,A01173,Lydia,Fröhlich,lydia.fröhlich@koninklijke.com,Head of Data Platform,Champion,Ireland,Legitimate Interest,False,Content Download,2026-09-29
C003592,A00592,Janet,Lindell,janet.lindell@mcfarland.com,Senior Data Engineer,User,Germany,Legitimate Interest,False,Content Download,2024-01-14
C003593,A00240,Leif,Geißler,leif.geißler@roberts.com,Chief Data Officer,Economic Buyer,Canada,,False,Webinar,2025-04-26
C003594,A01563,Reinhardt,Wähner,reinhardt.wähner@andersson.com,Manager,,United Kingdom,Legitimate Interest,False,Referral,2026-01-10
C003595,A01325,Kerstin,Scholl,kerstin.scholl@price.com,Data Engineering Manager,User,Germany,,False,Paid Search,2026-10-06
C003596,A01444,Ingrid,Holmqvist,ingrid.holmqvist@brown-simmons.com,Analytics Engineer,User,Germany,Legitimate Interest,False,Content Download,2026-08-14
C003597,A00960,Chelsea,Wohlgemut,chelsea.wohlgemut@kpmg.com,Senior Data Engineer,User,United States,,False,Webinar,2024-11-17
C003598,A01984,Niek,Hellgren,niek.hellgren@svensson.com,VP Data & Analytics,Economic Buyer,Netherlands,Legitimate Interest,True,Webinar,2026-06-14
C003599,A00720,Erik,Nordström,erik.nordström@cooper-smith.com,Head of Data Platform,Champion,United States,,False,Free Trial,2026-06-13
C003600,A00839,Bengt,Hammond,bengt.hammond@evans.com,Chief Information Officer,Economic Buyer,Austria,Legitimate Interest,False,Paid Search,2026-02-23
C003601,A01598,Tobias,Lindqvist,tobias.lindqvist@baker.com,Analytics Engineer,User,United States,,False,Referral,2026-08-15
C003602,A00364,Lori,Rädel,lori.rädel@sjöberg.com,VP Data,Economic Buyer,Belgium,Legitimate Interest,False,Event,2026-07-31
C003603,A01584,Hjalmar,Sundberg,hjalmar.sundberg@preston.com,Data Engineering Manager,User,United States,,False,Free Trial,2024-12-09
C003604,A01490,Robin,Murray,robin.murray@cross.com,Head of Data Platform,Champion,United States,,False,Paid Search,2026-09-18
C003605,A00340,Karolina,Karlsson,karolina.karlsson@haas-miller.com,Head of Data Platform,Champion,United States,,False,Webinar,2025-04-09
C003606,A00353,Stephanie,Dippel,stephanie.dippel@gröttner.com,Analytics Engineer,User,Belgium,Legitimate Interest,False,Paid Search,2026-05-29
C003607,A01889,Loretta,Field,loretta.field@sauer.com,Chief Information Officer,Economic Buyer,United States,,False,Content Download,2026-05-06
C003608,A00608,Zoe,van den Nuwenhuysen,zoe.van den nuwenhuysen@mcdonalds.com,Analytics Engineer,User,Ireland,Legitimate Interest,False,Content Download,2026-03-28
C003609,A01911,Christopher,Dawson,christopher.dawson@eaton.com,Analytics Engineer,User,United States,,False,Partner,2026-03-01
C003610,A00593,Debra,Hedlund,debra.hedlund@matthews.com,Senior Data Engineer,User,United States,,False,Paid Search,2024-05-05
C003611,A00370,Myrthe,Bergman,myrthe.bergman@turner-patel.com,Analytics Engineer,User,United States,,False,Webinar,2026-06-28
C003612,A01365,Belinda,Åkerlund,belinda.åkerlund@interfood.com,Data Engineering Manager,User,United States,,False,Webinar,2025-01-02
C003613,A01119,Mette,Aronsson,mette.aronsson@abbott.com,CISO,Blocker,United Kingdom,Legitimate Interest,False,Paid Search,2026-06-07
C003614,A00855,Christl,Clay,christl.clay@strid.com,Data Engineering Manager,User,United States,,False,Event,2026-03-29
C003615,A01761,Joann,Magnusson,joann.magnusson@ström.com,Analytics Engineer,User,United States,,False,Content Download,2026-09-26
C003616,A01416,Elisabeth,Lee,elisabeth.lee@johansson.com,"Director, Data Engineering",Champion,Germany,Legitimate Interest,False,Partner,2026-04-09
C003617,A00707,Vince,Andersson,vince.andersson@van.com,data guy,,Austria,Legitimate Interest,False,Event,2026-06-29
C003618,A00537,Gebhard,Sandberg,gebhard.sandberg@eriksson.com,Head of Procurement,Blocker,United States,,True,Webinar,2026-07-31
C003619,A00966,Eliza,Quinn,eliza.quinn@mårtensson.com,Data Engineering Manager,User,Switzerland,Legitimate Interest,True,Content Download,2026-06-28
C003620,A00917,Dietrich,Weinhage,dietrich.weinhage@hill-juarez.com,Data Engineering Manager,User,United States,,False,Webinar,2026-07-22
C003621,A01210,Anna,Webster,anna.webster@johansson.com,Staff Data Engineer,User,United Kingdom,Legitimate Interest,False,Content Download,2024-09-13
C003622,A01313,Victoria,Mack,victoria.mack@anderberg.com,Director of Data Platform,Champion,Germany,Legitimate Interest,False,Content Download,2024-05-08
C003623,A00112,Hans-Martin,Davies,hans-martin.davies@stevens.com,CISO,Blocker,Canada,,False,Referral,2024-12-20
C003624,A00141,Julie,Martinez,julie.martinez@bt.com,Data Engineering Manager,User,United Kingdom,Legitimate Interest,False,Paid Search,2026-04-07
C003625,A00064,Fiona,Smith,fiona.smith@stichting.com,Data Engineering Manager,User,United States,,False,Partner,2025-09-12
C003626,A01286,Erik,Ågren,erik.ågren@jacob.com,VP Data,Economic Buyer,United States,,False,Referral,2026-02-28
C003627,A00436,Franz,Keudel,franz.keudel@fry.com,Senior Data Engineer,User,Netherlands,Legitimate Interest,False,Content Download,2026-06-16
C003628,A00970,John,Broeders,john.broeders@flores-rivera.com,Staff Data Engineer,User,United States,,False,Partner,2025-03-13
C003629,A01950,Bill,Hansson,bill.hansson@morgan.com,N/A,,Germany,Legitimate Interest,False,Partner,2026-05-26
C003630,A01751,Lillemor,Nilsson,lillemor.nilsson@koninklijke.com,Head of Data Engineering,Champion,Sweden,Legitimate Interest,False,SDR Outbound,2026-08-09
C003631,A01401,Justin,Suarez,justin.suarez@koninklijke.com,Data Engineering Manager,User,United States,,False,Referral,2025-01-06
C003632,A00904,Heinfried,Meeusen,heinfried.meeusen@hawkins.com,VP Data & Analytics,Economic Buyer,United States,,False,Paid Search,2026-04-15
C003633,A00701,Collin,Textor,collin.textor@beck-banks.com,Data Engineering Manager,User,United Kingdom,Legitimate Interest,False,Webinar,2026-04-08
C003634,A01998,Åke,den Buytelaar,åke.den buytelaar@vikström.com,DATA ENG,,United States,,False,Content Download,2026-08-17
C003635,A01333,Chloe,Robinson,chloe.robinson@otto.com,Director of Data Platform,Champion,Ireland,Legitimate Interest,False,Referral,2026-06-27
C003636,A01471,Anett,Jakobsson,anett.jakobsson@trupp.com,Head of Procurement,Blocker,Germany,Legitimate Interest,False,SDR Outbound,2026-06-05
C003637,A01210,Rhys,Hendriks,rhys.hendriks@johansson.com,Chief Data Officer,Economic Buyer,United Kingdom,Legitimate Interest,True,SDR Outbound,2025-07-07
C003638,A01810,Bjarne,Sims,bjarne.sims@delacruz-morrow.com,Head of Data Engineering,Champion,United Kingdom,Legitimate Interest,False,Referral,2026-05-23
C003639,A00281,Mathias,Galijn,mathias.galijn@schulz.com,Senior Data Engineer,User,United States,,False,Content Download,2025-05-09
C003640,A00549,Evangelia,Mende,evangelia.mende@steenbakkers.com,Head of Data Platform,Champion,Canada,,False,SDR Outbound,2024-05-11
C003641,A00677,Nicholas,Krause,nicholas.krause@schmidt.com,Head of Data Engineering,Champion,Germany,Legitimate Interest,False,Referral,2025-08-20
C003642,A01458,Leon,Juhlin,leon.juhlin@patel-morales.com,VP Data & Analytics,Economic Buyer,United Kingdom,Legitimate Interest,False,SDR Outbound,2024-09-24
C003643,A01996,Susan,Zobel,susan.zobel@scholz.com,Head of Data Engineering,Champion,Switzerland,Legitimate Interest,False,SDR Outbound,2026-10-02
C003644,A01159,Craig,Hentschel,craig.hentschel@dahlström.com,Senior Data Engineer,User,United States,,False,Content Download,2026-09-22
C003645,A00834,Valerie,Andersson,valerie.andersson@van.com,VP Data & Analytics,Economic Buyer,Denmark,Legitimate Interest,True,Content Download,2026-06-24
C003646,A00711,Natasha,Jones,natasha.jones@ahlqvist.com,CISO,Blocker,United States,,False,Free Trial,2025-10-21
C003647,A01182,Caroline,Wyatt,caroline.wyatt@jakobsson.com,Staff Data Engineer,User,United States,,False,Partner,2026-07-08
C003648,A01977,Charlotta,van 't Houteveen,charlotta.van 't houteveen@caldic.com,Manager,,United States,,False,SDR Outbound,2026-07-19
C003649,A01801,Matthew,Harris,matthew.harris@shaw-cross.com,Staff Data Engineer,User,United States,,False,Paid Search,2026-05-08
C003650,A00496,Christer,Hertrampf,christer.hertrampf@french-lopez.com,Analytics Engineer,User,United States,,False,Webinar,2026-09-04
C003651,A00943,Lisa,Elbertse,lisa.elbertse@benthin.com,"Director, Data Engineering",Champion,United States,,False,Event,2025-10-21
C003652,A00889,Patricia,Östman,patricia.östman@ericsson.com,Head of Procurement,Blocker,Ireland,Legitimate Interest,False,Webinar,2025-02-18
C003653,A01119,Veerle,Schulz,veerle.schulz@abbott.com,Director of Data Platform,Champion,United Kingdom,Legitimate Interest,False,Content Download,2026-03-27
C003654,A01805,Albert,Singh,albert.singh@royal.com,IT Security Manager,Blocker,Germany,Legitimate Interest,False,Content Download,2026-07-24
C003655,A01972,Sabri,Berger,sabri.berger@dippel.com,Chief Information Officer,Economic Buyer,United States,,False,Content Download,2026-08-11
C003656,A01619,Viviane,Johnson,viviane.johnson@reyes.com,Head of Data Platform,Champion,United States,,False,Paid Search,2026-06-26
C003657,A00354,Anna-Lena,Jones,anna-lena.jones@doyle.com,Analytics Engineer,User,United States,,False,Free Trial,2026-06-17
C003658,A01052,John,Fechner,john.fechner@kranz.com,Head of Data Engineering,Champion,United States,,False,Free Trial,2026-09-23
C003659,A00547,Sten,Oliver,sten.oliver@steckel.com,Analytics Engineer,User,United States,,False,Referral,2025-03-23
C003660,A01969,Maria,Schulz,maria.schulz@hellström.com,test,,United States,,False,Free Trial,2026-03-02
C003661,A00522,Gülay,Metz,gülay.metz@larsson.com,Staff Data Engineer,User,United States,,False,Event,2025-11-07
C003662,A01927,Allison,Eriksson,allison.eriksson@stey.com,Data Engineering Manager,User,United States,,False,Referral,2026-04-09
C003663,A00334,Lore,Bennett,lore.bennett@göransson.com,Analytics Engineer,User,Canada,,False,Referral,2025-03-03
C003664,A01933,Rickard,Barnes,rickard.barnes@berg.com,VP Data,Economic Buyer,Ireland,Legitimate Interest,False,Paid Search,2026-09-12
C003665,A01219,Luke,Lund,luke.lund@kolen.com,VP Data & Analytics,Economic Buyer,Belgium,Legitimate Interest,False,Webinar,2025-12-28
C003666,A01885,Ashley,Lowe,ashley.lowe@preiß.com,Head of Procurement,Blocker,United States,,False,Content Download,2026-03-02
C003667,A00161,Tatjana,Karlsson,tatjana.karlsson@thomas-holloway.com,Chief Data Officer,Economic Buyer,United Kingdom,Legitimate Interest,False,Paid Search,2026-08-16
C003668,A01700,Ottilie,Wende,ottilie.wende@olsen.com,"Director, Data Engineering",Champion,Netherlands,Legitimate Interest,False,Webinar,2026-09-11
C003669,A01371,Engin,Holden,engin.holden@lambers.com,Data Engineering Manager,User,United States,,False,Paid Search,2026-08-12
C003670,A00868,Asta,Höning,asta.höning@de.com,IT Security Manager,Blocker,United States,,False,Paid Search,2026-08-20
C003671,A01925,Giovanni,Rouwenhorst,giovanni.rouwenhorst@stichting.com,Senior Data Engineer,User,United States,,False,Free Trial,2026-09-12
C003672,A00240,Michael,Heribert van Laon,michael.heribert van laon@roberts.com,CISO,Blocker,Canada,,False,Paid Search,2024-03-27
C003673,A00862,Katherine,Wulf,katherine.wulf@dean.com,VP Data & Analytics,Economic Buyer,Denmark,Legitimate Interest,False,Partner,2026-09-13
C003674,A01979,James,Wright,james.wright@cefetra.com,VP Data,Economic Buyer,United States,,False,Content Download,2026-08-20
C003675,A01495,Maya,Jönsson,maya.jönsson@hansson.com,"Director, Data Engineering",Champion,United States,,False,SDR Outbound,2026-09-21
C003676,A00983,Torbjörn,Peukert,torbjörn.peukert@kelly-schultz.com,Senior Data Engineer,User,United States,,False,Partner,2026-09-11
C003677,A01907,Donald,Gibbons,donald.gibbons@marchand.com,Data Engineering Manager,User,Austria,Legitimate Interest,False,SDR Outbound,2024-03-28
C003678,A00348,Tom,Calderon,tom.calderon@sölzer.com,VP Data & Analytics,Economic Buyer,Sweden,Legitimate Interest,False,Paid Search,2026-08-13
C003679,A00986,Jesse,Jacobs,jesse.jacobs@vasquez.com,Data Engineering Manager,User,United States,,False,Partner,2025-07-09
C003680,A01609,My,Gröttner,my.gröttner@huisman.com,Analytics Engineer,User,United States,,False,Referral,2026-10-07
C003681,A00746,Luna,Blees,luna.blees@fischer.com,Staff Data Engineer,User,Sweden,Legitimate Interest,False,SDR Outbound,2026-09-24
C003682,A00253,Janice,Frost,janice.frost@jennings-young.com,Senior Data Engineer,User,United States,,False,SDR Outbound,2026-08-15
C003683,A00936,Josef,Morgan,josef.morgan@tintzmann.com,"Director, Data Engineering",Champion,United States,,False,Content Download,2024-05-30
C003684,A00324,Cengiz,Taylor,cengiz.taylor@dennis.com,"Director, Data Engineering",Champion,United States,,True,SDR Outbound,2026-09-25
C003685,A01974,Graham,Andersson,graham.andersson@coleman.com,Head of Data Engineering,Champion,Netherlands,Legitimate Interest,False,Referral,2025-10-31
C003686,A00820,Tomislav,Hulshouts,tomislav.hulshouts@verhoeven.com,Analytics Engineer,User,United States,,False,Referral,2025-10-18
C003687,A01429,Joseph,Bolzmann,joseph.bolzmann@rhodes.com,Staff Data Engineer,User,Ireland,Legitimate Interest,False,Referral,2026-03-19
C003688,A00114,Brian,Schagen,brian.schagen@mccarthy-moran.com,Head of Data Engineering,Champion,Netherlands,Legitimate Interest,False,Referral,2026-10-02
C003689,A00435,Annette,Dixon,annette.dixon@petersson.com,Analytics Engineer,User,Netherlands,Legitimate Interest,False,Partner,2024-06-25
C003690,A01177,Lynn,Brown,lynn.brown@eriksson.com,IT Security Manager,Blocker,United States,,False,Event,2025-06-10
C003691,A01049,Joëlle,Gustavsson,joëlle.gustavsson@nyman.com,Chief Information Officer,Economic Buyer,Sweden,Legitimate Interest,False,Content Download,2026-09-03
C003692,A01811,Gareth,Ring,gareth.ring@verkade.com,Analytics Engineer,User,United Kingdom,Legitimate Interest,False,Event,2026-08-31
C003693,A01723,Bart,Nilsson,bart.nilsson@koninklijke.com,Chief Information Officer,Economic Buyer,Canada,,False,Paid Search,2026-08-01
C003694,A01871,Ulf,Rek,ulf.rek@håkansson.com,Director of Data Platform,Champion,United Kingdom,Legitimate Interest,False,Webinar,2026-06-28
C003695,A00204,Pär,Williamson,pär.williamson@de.com,Director of Data Platform,Champion,United States,,False,Webinar,2024-10-29
C003696,A00444,Victoria,Fechner,victoria.fechner@ehlert.com,Head of Data Engineering,Champion,United States,,True,Event,2025-10-22
C003697,A00104,Gregory,Baker,gregory.baker@van.com,Data Engineering Manager,User,United States,,False,SDR Outbound,2026-03-22
C003698,A01082,Kyle,Goderts,kyle.goderts@sullivan.com,Analytics Engineer,User,United States,,False,Partner,2025-11-07
C003699,A01145,Amanda,Andersson,amanda.andersson@hellgren.com,Staff Data Engineer,User,Denmark,Legitimate Interest,False,Content Download,2025-12-20
C003700,A00092,Stewart,van den Velden,stewart.van den velden@häring.com,Staff Data Engineer,User,United Kingdom,Legitimate Interest,False,Free Trial,2026-06-15
C003701,A00756,Dylano,Moenen,dylano.moenen@hutchinson.com,VP Data & Analytics,Economic Buyer,United States,,False,Paid Search,2024-05-03
C003702,A01735,Thomas,Kaur,thomas.kaur@stichting.com,Staff Data Engineer,User,United Kingdom,Legitimate Interest,False,Content Download,2026-07-31
C003703,A01633,Jennifer,George,jennifer.george@butler-fleming.com,Staff Data Engineer,User,United States,,False,Referral,2026-05-11
C003704,A01548,Joshua,Wheeler,joshua.wheeler@naylor.com,Head of Procurement,Blocker,United States,,False,Free Trial,2025-08-08
C003705,A00394,Deborah,Huurdeman,deborah.huurdeman@zahn.com,Staff Data Engineer,User,Norway,Legitimate Interest,False,SDR Outbound,2026-05-27
C003706,A01391,Ashley,Bolton,ashley.bolton@chaney-martin.com,Head of Data Engineering,Champion,Germany,Legitimate Interest,False,Partner,2026-09-30
C003707,A00832,Carina,Morgan,carina.morgan@tucker.com,Staff Data Engineer,User,Ireland,Legitimate Interest,False,Partner,2025-06-02
C003708,A00712,Eva,Becker,eva.becker@hamann.com,intern,,United States,,False,Referral,2026-08-20
C003709,A00695,Cody,Khan,cody.khan@davis.com,Staff Data Engineer,User,United Kingdom,Legitimate Interest,False,Referral,2025-12-24
C003710,A01059,Susanne,Lindsey,susanne.lindsey@cox.com,Head of Data Platform,Champion,United Kingdom,Legitimate Interest,False,SDR Outbound,2025-05-31
C003711,A00227,Amber,Furda,amber.furda@howard-jordan.com,VP Data & Analytics,Economic Buyer,United States,,False,Free Trial,2026-07-30
C003712,A00146,Joshua,Kruns,joshua.kruns@karge.com,"Director, Data Engineering",Champion,United States,,False,Paid Search,2026-08-03
C003713,A01687,Colin,Harris,colin.harris@landström.com,Analytics Engineer,User,United Kingdom,,True,Free Trial,2026-04-14
C003714,A00366,Dewi,Paul,dewi.paul@green.com,Analytics Engineer,User,United Kingdom,Legitimate Interest,False,Free Trial,2025-06-30
C003715,A00759,Phileine,Rios,phileine.rios@haering.com,Data Engineering Manager,User,United Kingdom,Legitimate Interest,False,Event,2024-10-07
C003716,A01731,Ivan,Baldwin,ivan.baldwin@bergström.com,Director of Data Platform,Champion,United Kingdom,Legitimate Interest,False,Paid Search,2025-12-20
C003717,A00476,Maik,Weimer,maik.weimer@martin.com,Data Engineering Manager,User,Switzerland,Legitimate Interest,False,SDR Outbound,2026-09-07
C003718,A00120,Lotte,Lutz,lotte.lutz@bell-robinson.com,Chief Data Officer,Economic Buyer,United States,,False,Content Download,2026-05-10
C003719,A00876,Ashley,Persson,ashley.persson@kemp.com,VP Data & Analytics,Economic Buyer,United States,,False,Partner,2025-05-26
C003720,A01259,Thomas,Gibson,thomas.gibson@hunter.com,Analytics Engineer,User,Canada,,False,Content Download,2026-07-04
C003721,A00698,Ioannis,Claassen,ioannis.claassen@shell.com,"Director, Data Engineering",Champion,United Kingdom,Legitimate Interest,False,Event,2024-12-10
C003722,A00258,Eric,Hornig,eric.hornig@ibrahim.com,"Director, Data Engineering",Champion,United Kingdom,Legitimate Interest,False,Partner,2026-09-16
C003723,A00010,Jeffrey,Fechner,jeffrey.fechner@royal.com,Data Engineering Manager,User,Norway,Legitimate Interest,False,Referral,2025-12-04
C003724,A01686,Deborah,Thomas,deborah.thomas@lee.com,Staff Data Engineer,User,Switzerland,Legitimate Interest,False,Event,2026-01-05
C003725,A01457,Allan,Fransson,allan.fransson@seip.com,Head of Data Platform,Champion,United States,,False,Free Trial,2025-12-24
C003726,A00133,Donald,Aguilar,donald.aguilar@elberts.com,CISO,Blocker,United States,,False,Paid Search,2026-05-20
C003727,A01498,Jolanthe,van Ochten,jolanthe.van ochten@kennedy.com,Analytics Engineer,User,United States,,False,Free Trial,2025-10-17
C003728,A01211,Nicola,Almgren,nicola.almgren@lundin.com,VP Data,Economic Buyer,United States,,False,Free Trial,2026-01-08
C003729,A01528,Emily,Jopich,emily.jopich@lopez.com,Senior Data Engineer,User,Canada,,False,Free Trial,2026-10-01
C003730,A01237,Jeffrey,Jones,jeffrey.jones@murray.com,"Director, Data Engineering",Champion,Ireland,Legitimate Interest,False,Content Download,2026-04-23
C003731,A00675,Denise,Persson,denise.persson@christoph.com,Data Engineering Manager,User,United States,,False,Free Trial,2026-08-15
C003732,A00056,Anders,Dixon,anders.dixon@kirby-williams.com,Analytics Engineer,User,United Kingdom,Legitimate Interest,False,Partner,2024-07-18
C003733,A01427,Marina,Sauer,marina.sauer@lips.com,Staff Data Engineer,User,United States,,False,Referral,2025-05-20
C003734,A00400,Niklas,Brandon,niklas.brandon@harris.com,Chief Data Officer,Economic Buyer,Denmark,Legitimate Interest,False,Referral,2026-10-06
C003735,A00269,Kenneth,Andrews,kenneth.andrews@zirme.com,Chief Data Officer,Economic Buyer,United States,,False,Partner,2023-10-12
C003736,A00485,Luis,Lind,luis.lind@royal.com,intern,,Canada,,False,Referral,2024-07-12
C003737,A00669,George,van der Noot,george.van der noot@höfig.com,VP Data,Economic Buyer,Ireland,Legitimate Interest,False,Partner,2025-07-20
C003738,A00987,Lina,Wagner,lina.wagner@rehorst.com,Analytics Engineer,User,United States,,False,Free Trial,2026-09-27
C003739,A00703,Linda,Reimes,linda.reimes@lynch-campbell.com,Analytics Engineer,User,United States,,False,Webinar,2025-09-24
C003740,A00628,Cornelia,van den Assem,cornelia.van den assem@ns.com,Chief Information Officer,Economic Buyer,Canada,,False,Free Trial,2025-12-21
C003741,A01325,Guus,Hall,guus.hall@price.com,Data Engineering Manager,User,Germany,Legitimate Interest,False,Partner,2024-08-30
C003742,A01031,Rebecca,Karlsson,rebecca.karlsson@klingelhöfer.com,Analytics Engineer,User,Germany,Legitimate Interest,False,Webinar,2025-07-08
C003743,A00226,Urban,Barth,urban.barth@burns.com,VP Data,Economic Buyer,United States,,False,Event,2024-12-28
C003744,A00400,Johanna,Freshour,johanna.freshour@harris.com,Chief Data Officer,Economic Buyer,Denmark,Legitimate Interest,False,Partner,2026-09-04
C003745,A01634,Elof,Henry,elof.henry@ward-williams.com,IT Security Manager,Blocker,United States,,False,Content Download,2024-12-30
C003746,A00757,Margareta,Cunningham,margareta.cunningham@johnson-weaver.com,Data Engineering Manager,User,United States,,False,Content Download,2026-09-15
C003747,A00580,Aziz,Powell,aziz.powell@bell.com,Head of Data Platform,Champion,Ireland,Legitimate Interest,False,Content Download,2026-06-28
C003748,A01938,Rut,Leach,rut.leach@mercedes-benz.com,-,,Canada,,False,Paid Search,2026-09-08
C003749,A01304,Joe,Hein,joe.hein@duncan-williams.com,Head of Data Engineering,Champion,Belgium,Legitimate Interest,False,Referral,2026-04-14
C003750,A01630,Aynur,Pergande,aynur.pergande@hayward-hamilton.com,VP Data & Analytics,Economic Buyer,Canada,,True,Paid Search,2024-04-06
C003751,A01221,Marinus,Breugelensis,marinus.breugelensis@van.com,Chief Data Officer,Economic Buyer,United Kingdom,Legitimate Interest,False,Event,2026-09-21
C003752,A00770,Gustaf,Allen,gustaf.allen@herbert-pritchard.com,Data Engineering Manager,User,United States,,False,Paid Search,2024-08-15
C003753,A01914,Richard,Löwer,richard.löwer@frank.com,Staff Data Engineer,User,Germany,Legitimate Interest,False,Paid Search,2025-08-26
C003754,A01550,Sean,Jackson,sean.jackson@caspar.com,Analytics Engineer,User,Norway,Legitimate Interest,False,Free Trial,2025-12-09
C003755,A01497,Marc,Jorlink,marc.jorlink@gustafsson.com,Staff Data Engineer,User,United Kingdom,Legitimate Interest,False,Paid Search,2024-12-17
C003756,A01076,Michael,Ackermann,michael.ackermann@riley.com,Head of Data Engineering,Champion,Germany,Legitimate Interest,False,Event,2026-03-10
C003757,A00438,Charlie,Brown,charlie.brown@lindström.com,Head of Procurement,Blocker,Germany,Legitimate Interest,False,Partner,2025-04-11
C003758,A01703,Amy,Postma,amy.postma@hampton.com,Data Engineering Manager,User,United States,,False,Webinar,2026-04-09
C003759,A01529,Judith,van Heusden,judith.van heusden@chavez.com,Data Engineering Manager,User,United States,,False,Partner,2025-03-09
C003760,A01144,Jenna,Salazar,jenna.salazar@dunn.com,CISO,Blocker,United States,,False,Content Download,2025-08-13
C003761,A00456,Zachary,Olofsson,zachary.olofsson@hoffman.com,Senior Data Engineer,User,United States,,False,Referral,2026-05-13
C003762,A01630,Åsa,King,åsa.king@hayward-hamilton.com,Analytics Engineer,User,Canada,,False,Content Download,2026-04-14
C003763,A00892,Lucy,Johnson,lucy.johnson@jacobsson.com,Data Engineering Manager,User,Netherlands,Legitimate Interest,False,Event,2024-06-13
C003764,A00303,Patrick,Perry,patrick.perry@webster-duncan.com,Senior Data Engineer,User,Germany,Legitimate Interest,False,Event,2026-09-19
C003765,A01563,Lydia,Marchand,lydia.marchand@andersson.com,Chief Information Officer,Economic Buyer,United Kingdom,Legitimate Interest,False,Paid Search,2026-08-06
C003766,A01809,Lara,Mattsson,lara.mattsson@royal.com,Analytics Engineer,User,Belgium,Legitimate Interest,False,Event,2025-11-22
C003767,A01414,Ingrid,Andersson,ingrid.andersson@barentz.com,Senior Data Engineer,User,United Kingdom,Legitimate Interest,False,Event,2025-12-06
C003768,A01926,Amber,Jacob,amber.jacob@östman.com,CISO,Blocker,United Kingdom,Legitimate Interest,False,SDR Outbound,2026-09-17
C003769,A00361,Viktoria,Bender,viktoria.bender@gude.com,Analytics Engineer,User,United States,,False,SDR Outbound,2023-06-10
C003770,A01155,Ronny,Kraushaar,ronny.kraushaar@reising.com,Analytics Engineer,User,United States,,False,Content Download,2025-11-22
C003771,A01472,Simon,Johnson,simon.johnson@lindqvist.com,Head of Data Platform,Champion,Sweden,Legitimate Interest,False,Webinar,2026-07-09
C003772,A00144,Lisa,Karlsson,lisa.karlsson@martinsson.com,Staff Data Engineer,User,United States,,False,Content Download,2024-09-15
C003773,A00599,Frederick,Hendrikse,frederick.hendrikse@werner.com,Head of Data Engineering,Champion,Netherlands,Legitimate Interest,False,Referral,2026-08-16
C003774,A01818,Jennifer,Watson,jennifer.watson@edwards.com,"Director, Data Engineering",Champion,Belgium,Legitimate Interest,False,Paid Search,2025-01-29
C003775,A00645,Sarah,Sjölin,sarah.sjölin@stichting.com,Head of Data Engineering,Champion,Germany,Legitimate Interest,False,Referral,2026-03-23
C003776,A00812,Dittmar,Larsson,dittmar.larsson@hassan.com,"Director, Data Engineering",Champion,United States,,False,Paid Search,2025-04-03
C003777,A01670,Henri,Jüttner,henri.jüttner@van.com,Analytics Engineer,User,United States,,False,SDR Outbound,2024-02-06
C003778,A00257,Frans,Wallgren,frans.wallgren@drub.com,Senior Data Engineer,User,Belgium,Legitimate Interest,False,Paid Search,2026-08-18
C003779,A00091,Gerald,Lopez,gerald.lopez@pearce.com,Head of Procurement,Blocker,United States,,False,Free Trial,2026-09-05
C003780,A00026,Magdalene,Jones,magdalene.jones@smith-spencer.com,Head of Procurement,Blocker,Norway,Legitimate Interest,False,Content Download,2025-08-01
C003781,A00908,Brandon,White,brandon.white@sauer.com,"Director, Data Engineering",Champion,United States,,False,Webinar,2026-05-02
C003782,A00224,Bas,Van Bragt,bas.van bragt@weinhold.com,Staff Data Engineer,User,United States,,False,Paid Search,2026-05-01
C003783,A01271,Sylvie,Lindmark,sylvie.lindmark@royal.com,"Director, Data Engineering",Champion,Denmark,Legitimate Interest,False,Paid Search,2024-08-26
C003784,A01463,Karlfried,Sköld,karlfried.sköld@bergman.com,Staff Data Engineer,User,United States,,False,Free Trial,2026-09-12
C003785,A00337,Nermin,van Dongen,nermin.van dongen@johansson.com,Analytics Engineer,User,United Kingdom,Legitimate Interest,False,Event,2026-07-27
C003786,A00850,Jake,Davis,jake.davis@king.com,"Director, Data Engineering",Champion,United Kingdom,Legitimate Interest,False,Partner,2025-01-08
C003787,A01637,Filip,Patrick,filip.patrick@scheel.com,Staff Data Engineer,User,United States,,False,Event,2026-05-14
C003788,A00216,Monica,Broberg,monica.broberg@arnold-clarke.com,Chief Information Officer,Economic Buyer,United States,,False,Free Trial,2025-11-06
C003789,A01380,Hilary,Lewis,hilary.lewis@royal.com,Analytics Engineer,User,United States,,False,Free Trial,2026-05-27
C003790,A01561,Olivia,Ackermann,olivia.ackermann@carr-conley.com,Senior Data Engineer,User,Switzerland,Legitimate Interest,False,Paid Search,2024-10-14
C003791,A01307,Deborah,Hancock,deborah.hancock@van.com,Analytics Engineer,User,United Kingdom,Legitimate Interest,False,Free Trial,2026-06-07
C003792,A00761,Alida,Crawford,alida.crawford@white.com,DATA ENG,,United States,,False,Event,2023-12-26
C003793,A01558,Sarina,Jones,sarina.jones@lambert-jones.com,Data Engineering Manager,User,United States,,False,Webinar,2024-12-20
C003794,A00423,Fadime,Ali,fadime.ali@sanders-love.com,VP Data & Analytics,Economic Buyer,United States,,False,Referral,2026-08-23
C003795,A01136,Ross,Metz,ross.metz@nilsson.com,data guy,,Switzerland,Legitimate Interest,False,Webinar,2024-08-13
C003796,A00327,Alan,Moore,alan.moore@foster.com,Staff Data Engineer,User,United Kingdom,Legitimate Interest,False,Event,2026-03-01
C003797,A01840,Victoria,Torstensson,victoria.torstensson@mude.com,Chief Information Officer,Economic Buyer,Netherlands,Legitimate Interest,False,SDR Outbound,2025-05-04
C003798,A00317,Helena,Dunn,helena.dunn@lorch.com,Staff Data Engineer,User,Norway,Legitimate Interest,False,Event,2026-09-19
C003799,A01733,Sterre,Fuller,sterre.fuller@fredriksson.com,Data Engineering Manager,User,United States,,False,Webinar,2024-02-21
C003800,A01200,Mustafa,Ali,mustafa.ali@thies.com,VP Data,Economic Buyer,United Kingdom,Legitimate Interest,False,Webinar,2026-06-12
C003801,A00740,Florian,Brown,florian.brown@joseph-ray.com,Data Engineering Manager,User,United States,,False,Webinar,2026-08-01
C003802,A01721,Hans,Baker,hans.baker@hövel.com,Senior Data Engineer,User,Switzerland,Legitimate Interest,False,Content Download,2026-10-01
C003803,A01133,Ayden,Miller,ayden.miller@dennenberg.com,Director of Data Platform,Champion,United States,,False,SDR Outbound,2026-08-26
C003804,A01455,Jonathan,Hale,jonathan.hale@read-butler.com,Analytics Engineer,User,United Kingdom,Legitimate Interest,False,SDR Outbound,2026-03-24
C003805,A01073,Christopher,Thorpe,christopher.thorpe@pettersson.com,Data Engineering Manager,User,United States,,False,Content Download,2026-04-27
C003806,A00320,Kirsty,Doorhof,kirsty.doorhof@pettersson.com,Senior Data Engineer,User,United States,,False,Referral,2026-05-10
C003807,A00373,Dietrich,Day,dietrich.day@textor.com,Head of Data Platform,Champion,Switzerland,Legitimate Interest,False,Free Trial,2025-11-28
C003808,A00688,Traute,Nilsson,traute.nilsson@koch.com,Data Engineering Manager,User,United Kingdom,Legitimate Interest,False,SDR Outbound,2025-11-30
C003809,A00881,Tyler,van Duyvenvoorde,tyler.van duyvenvoorde@mitschke.com,IT Security Manager,Blocker,Norway,Legitimate Interest,False,Free Trial,2026-05-06
C003810,A01505,Helmut,Jockel,helmut.jockel@farrell-hill.com,Head of Data Platform,Champion,United States,,False,SDR Outbound,2026-04-13
C003811,A01304,Kate,Arellano,kate.arellano@duncan-williams.com,Director of Data Platform,Champion,Belgium,Legitimate Interest,False,Free Trial,2026-05-20
C003812,A01840,Gerda,Lawrence,gerda.lawrence@mude.com,Data Engineering Manager,User,Netherlands,Legitimate Interest,False,Webinar,2025-05-30
C003813,A01944,Sten,Davis,sten.davis@stadelmann.com,ceo ,,United States,,False,Webinar,2026-09-18
C003814,A00370,Ramazan,Rodriguez,ramazan.rodriguez@turner-patel.com,Head of Data Platform,Champion,United States,,False,Free Trial,2026-07-24
C003815,A00155,Mason,Diaz,mason.diaz@baldwin-wilkinson.com,Data Engineering Manager,User,United States,,False,SDR Outbound,2026-07-15
C003816,A00637,Dylan,Jorrisen,dylan.jorrisen@pergande.com,DATA ENG,,Switzerland,Legitimate Interest,False,Paid Search,2025-01-29
C003817,A00503,Horst-Peter,Roht,horst-peter.roht@morrison.com,Staff Data Engineer,User,United Kingdom,Legitimate Interest,False,Event,2026-06-07
C003818,A01369,Dave,van 't Houteveen,dave.van 't houteveen@mason.com,Head of Data Platform,Champion,United States,,False,Free Trial,2025-04-17
C003819,A01848,Gösta,Wernecke,gösta.wernecke@holzapfel.com,Staff Data Engineer,User,Germany,Legitimate Interest,False,Free Trial,2024-10-28
C003820,A00629,Kara,Mason,kara.mason@herrmann.com,Staff Data Engineer,User,Canada,,False,Referral,2025-11-21
C003821,A01374,Lisa,Adriaense,lisa.adriaense@hunter.com,x,,Norway,Legitimate Interest,False,Content Download,2023-12-18
C003822,A00529,Per,de Keijser,per.de keijser@microsoft.com,-,,United States,,False,Free Trial,2025-04-03
C003823,A00935,Swantje,Kathagen,swantje.kathagen@wilson.com,Senior Data Engineer,User,Netherlands,Legitimate Interest,False,Content Download,2026-07-26
C003824,A00430,Martyn,Huber,martyn.huber@may-reynolds.com,VP Data,Economic Buyer,United Kingdom,Legitimate Interest,False,Paid Search,2025-12-06
C003825,A00730,Mariana,van der Spaendonck,mariana.van der spaendonck@isaksson.com,Senior Data Engineer,User,Denmark,Legitimate Interest,False,Paid Search,2026-08-10
C003826,A01225,Amélie,Zobel,amélie.zobel@royal.com,Senior Data Engineer,User,Netherlands,Legitimate Interest,False,Paid Search,2025-08-30
C003827,A00207,Lennart,Estey,lennart.estey@holzapfel.com,IT Security Manager,Blocker,United States,,False,Paid Search,2026-09-15
C003828,A01707,Rosemary,Fowler,rosemary.fowler@mora.com,IT Security Manager,Blocker,Ireland,Legitimate Interest,False,Event,2026-08-20
C003829,A01922,Alexandre,Gutierrez,alexandre.gutierrez@granath.com,x,,Austria,Legitimate Interest,False,SDR Outbound,2026-06-02
C003830,A01868,Linda,Otto,linda.otto@royal.com,Head of Data Engineering,Champion,United Kingdom,Legitimate Interest,False,Partner,2026-02-22
C003831,A01191,Viktor,Fiebig,viktor.fiebig@austin-ford.com,VP Data,Economic Buyer,United Kingdom,Legitimate Interest,False,Event,2025-08-05
C003832,A00654,Damian,Heydrich,damian.heydrich@gunpf.com,Head of Data Engineering,Champion,United States,,False,Paid Search,2026-05-23
C003833,A00198,Mohammad,Parker,mohammad.parker@thanel.com,intern,,United States,,False,Content Download,2024-09-29
C003834,A01397,Noëlle,van der Strigt,noëlle.van der strigt@garner.com,Data Engineering Manager,User,United States,,False,Referral,2023-10-25
C003835,A01062,Jamie,Hopkins,jamie.hopkins@lundmark.com,Head of Data Engineering,Champion,Sweden,Legitimate Interest,False,Free Trial,2025-06-08
C003836,A01611,Milou,Schleich,milou.schleich@caldwell-martin.com,Head of Data Engineering,Champion,Ireland,Legitimate Interest,False,Partner,2025-03-08
C003837,A00140,Gottlob,Hertrampf,gottlob.hertrampf@fransson.com,Data Engineering Manager,User,Ireland,Legitimate Interest,False,Referral,2026-07-31
C003838,A00724,Kristina,Booker,kristina.booker@bekbergen.com,Staff Data Engineer,User,United States,,False,SDR Outbound,2025-05-29
C003839,A01149,Luzia,Seifert,luzia.seifert@frye.com,Senior Data Engineer,User,United States,,False,Event,2026-06-09
C003840,A01502,Katie,Lambert,katie.lambert@austermühle.com,Head of Data Platform,Champion,United States,,False,Paid Search,2024-07-07
C003841,A00509,Willy,Kaur,willy.kaur@säuberlich.com,Head of Procurement,Blocker,United States,,False,Content Download,2024-11-30
C003842,A01150,Amanda,Potters,amanda.potters@nielsen.com,Staff Data Engineer,User,United States,,False,Event,2025-07-14
C003843,A01172,Mercedes,Otto,mercedes.otto@davidsson.com,"Director, Data Engineering",Champion,United States,,False,Event,2023-10-26
C003844,A00976,Hendrik,Stey,hendrik.stey@achmea.com,Senior Data Engineer,User,United States,,False,Referral,2025-06-08
C003845,A00803,Laila,Sjöberg,laila.sjöberg@wells.com,x,,United Kingdom,Legitimate Interest,False,Webinar,2025-05-14
C003846,A00513,Linnea,Rice,linnea.rice@hartung.com,-,,Germany,Legitimate Interest,False,Paid Search,2026-05-22
C003847,A01115,Cynthia,van der Linden,cynthia.van der linden@veen.com,VP Data,Economic Buyer,Denmark,Legitimate Interest,False,Event,2024-01-29
C003848,A01406,Victoria,Rijntjes,victoria.rijntjes@johnson.com,Data Engineering Manager,User,United States,,False,SDR Outbound,2025-07-23
C003849,A00472,Michael,Velasquez,michael.velasquez@smith.com,Manager,,Belgium,Legitimate Interest,False,Event,2026-09-30
C003850,A00495,Hunter,Sharp,hunter.sharp@butler.com,Head of Data Platform,Champion,United States,,False,Referral,2025-06-01
C003851,A00894,Louis,Lynch,louis.lynch@vervoort.com,Director of Data Platform,Champion,Sweden,Legitimate Interest,False,SDR Outbound,2025-01-30
C003852,A00890,Dariusz,Smith,dariusz.smith@kohl.com,Chief Data Officer,Economic Buyer,Canada,,False,Referral,2025-09-02
C003853,A01530,David,Cant,david.cant@fritsch.com,Data Engineering Manager,User,United Kingdom,Legitimate Interest,False,Paid Search,2025-10-25
C003854,A00356,Elenore,Johansson,elenore.johansson@eigenwillig.com,Staff Data Engineer,User,United States,,False,Event,2026-04-07
C003855,A00919,Jean,Spencer,jean.spencer@mendez.com,Staff Data Engineer,User,United Kingdom,Legitimate Interest,False,Event,2026-06-13
C003856,A01141,Patrik,Harris,patrik.harris@turner.com,ceo ,,United States,,False,Free Trial,2026-04-02
C003857,A01881,Yvonne,Webb,yvonne.webb@peterson.com,Chief Data Officer,Economic Buyer,United States,,False,Event,2025-12-31
C003858,A00063,Charlotte,Ljungberg,charlotte.ljungberg@davids.com,"Director, Data Engineering",Champion,United States,,False,Webinar,2025-09-14
C003859,A00727,Christopher,Beckmann,christopher.beckmann@johansson.com,Senior Data Engineer,User,United Kingdom,Legitimate Interest,False,SDR Outbound,2026-07-08
C003860,A00595,Jason,Hemma van Allemanië,jason.hemma van allemanië@larsson.com,Senior Data Engineer,User,Norway,Legitimate Interest,False,Partner,2026-05-17
C003861,A01371,Kenneth,Glasses,kenneth.glasses@lambers.com,Senior Data Engineer,User,United States,,False,SDR Outbound,2025-10-01
C003862,A01648,Louise,Jensen,louise.jensen@khalil.com,Senior Data Engineer,User,United States,,False,Content Download,2026-09-20
C003863,A01534,Nicole,Ketting,nicole.ketting@gilbert.com,VP Data & Analytics,Economic Buyer,United States,,True,Partner,2025-10-03
C003864,A00609,Hedi,Wiklund,hedi.wiklund@gomez.com,VP Data & Analytics,Economic Buyer,Denmark,Legitimate Interest,False,Webinar,2025-09-01
C003865,A00718,Jennifer,Dippel,jennifer.dippel@liu.com,"Director, Data Engineering",Champion,Canada,,False,Paid Search,2026-04-22
C003866,A00431,Elsie,van den Nyeuwenhuysen,elsie.van den nyeuwenhuysen@hermann.com,Analytics Engineer,User,United States,,False,Referral,2024-03-05
C003867,A01020,Nurten,Anders,nurten.anders@gierschner.com,Data Engineering Manager,User,United States,,False,Referral,2025-03-29
C003868,A01552,Chase,Vos,chase.vos@jönsson.com,Head of Data Platform,Champion,United Kingdom,Legitimate Interest,False,Partner,2026-09-23
C003869,A01137,Tom,Carlsson,tom.carlsson@klm.com,Head of Data Platform,Champion,United Kingdom,Legitimate Interest,False,SDR Outbound,2024-07-05
C003870,A00062,Andrew,Doherty,andrew.doherty@niemeier.com,Data Engineering Manager,User,United States,,False,Referral,2026-08-12
C003871,A01703,Anouk,Ruiz,anouk.ruiz@hampton.com,Director of Data Platform,Champion,United States,,False,SDR Outbound,2024-05-03
C003872,A01355,Esmee,Espinoza,esmee.espinoza@hanson.com,Data Engineering Manager,User,Germany,Legitimate Interest,False,Partner,2025-07-12
C003873,A01686,Finn,Gruijl,finn.gruijl@lee.com,VP Data,Economic Buyer,Switzerland,Legitimate Interest,False,Paid Search,2024-11-20
C003874,A01289,Bart,Mårtensson,bart.mårtensson@svensson.com,VP Data,Economic Buyer,United States,,False,SDR Outbound,2023-07-22
C003875,A00968,Kimberly,Kerkhof,kimberly.kerkhof@claesdr.com,ceo ,,United Kingdom,Legitimate Interest,False,Webinar,2026-01-06
C003876,A01469,Reece,Sjögren,reece.sjögren@isaksson.com,data guy,,United States,,False,Referral,2026-10-07
C003877,A00591,Elisabeth,Puig,elisabeth.puig@rose.com,Analytics Engineer,User,United Kingdom,Legitimate Interest,False,Referral,2026-08-15
C003878,A00209,Aaliyah,Nichols,aaliyah.nichols@van.com,Chief Data Officer,Economic Buyer,United States,,False,Free Trial,2025-06-02
C003879,A00341,Olaf,Thomas,olaf.thomas@smith.com,Staff Data Engineer,User,United States,,False,Free Trial,2024-12-30
C003880,A01362,Danique,Yoder,danique.yoder@johansson.com,DATA ENG,,United Kingdom,Legitimate Interest,False,Content Download,2026-07-16
C003881,A01685,Ian,Rogge,ian.rogge@schwital.com,DATA ENG,,Germany,Legitimate Interest,False,Content Download,2026-08-04
C003882,A01795,Emily,Holmberg,emily.holmberg@murphy-silva.com,Data Engineering Manager,User,United States,,False,Event,2025-11-26
C003883,A01774,Vitus,Andersson,vitus.andersson@emanuelsson.com,Chief Data Officer,Economic Buyer,United Kingdom,Legitimate Interest,False,Content Download,2025-10-09
C003884,A00169,Naomi,Staude,naomi.staude@olsson.com,intern,,Denmark,Legitimate Interest,False,Free Trial,2026-04-12
C003885,A01853,Hans-Karl,Dobson,hans-karl.dobson@jones.com,Senior Data Engineer,User,United States,,False,Partner,2026-06-04
C003886,A00563,Yara,Marsden,yara.marsden@de.com,"Director, Data Engineering",Champion,United States,,False,Event,2026-05-26
C003887,A00274,Peter,Clarke,peter.clarke@demmendaal.com,VP Data,Economic Buyer,United Kingdom,Legitimate Interest,False,Referral,2025-11-25
C003888,A00039,Esther,van het Heerenveen,esther.van het heerenveen@house.com,-,,Belgium,Legitimate Interest,False,Referral,2026-08-02
C003889,A00323,Milka,Rijntjes,milka.rijntjes@kade.com,Senior Data Engineer,User,Belgium,Legitimate Interest,False,Webinar,2025-01-14
C003890,A01599,Isabel,Bernaards,isabel.bernaards@lloyd-harris.com,Analytics Engineer,User,Sweden,Legitimate Interest,False,Partner,2024-08-02
C003891,A00417,Lynn,Wilmont,lynn.wilmont@kensy.com,Director of Data Platform,Champion,Netherlands,Legitimate Interest,False,Webinar,2025-06-24
C003892,A01642,Samuel,Sanchez,samuel.sanchez@bennett.com,Data Engineering Manager,User,Belgium,Legitimate Interest,False,Partner,2026-05-01
C003893,A01116,Herta,Archer,herta.archer@moreno.com,N/A,,Germany,Legitimate Interest,False,Referral,2026-08-07
C003894,A01360,Jill,Spruit,jill.spruit@moss.com,"Director, Data Engineering",Champion,Canada,,False,Referral,2025-11-12
C003895,A00758,Charlotte,Smith,charlotte.smith@smith-sandoval.com,Data Engineering Manager,User,United States,,False,Partner,2026-05-30
C003896,A01521,Jeff,Bien,jeff.bien@atzler.com,Senior Data Engineer,User,Sweden,Legitimate Interest,False,Content Download,2023-10-29
C003897,A01644,Karin,Bird,karin.bird@thomas.com,Data Engineering Manager,User,Austria,Legitimate Interest,False,Free Trial,2026-08-17
C003898,A00130,Rita,Harvey,rita.harvey@auch.com,Analytics Engineer,User,United States,,False,Content Download,2026-02-19
C003899,A01334,Melissa,Barber,melissa.barber@scott.com,Director of Data Platform,Champion,United States,,False,Paid Search,2026-06-06
C003900,A00071,Almut,Robinson,almut.robinson@webb.com,Analytics Engineer,User,United States,,False,Free Trial,2025-10-20
C003901,A01333,Kevin,Rodgers,kevin.rodgers@otto.com,VP Data,Economic Buyer,Ireland,Legitimate Interest,False,Free Trial,2026-06-19
C003902,A00276,Linnéa,Cervantes,linnéa.cervantes@broekhoven.com,Data Engineering Manager,User,Belgium,Legitimate Interest,False,Webinar,2026-06-18
C003903,A01092,Nancy,Parker,nancy.parker@king.com,Director of Data Platform,Champion,United States,,False,Content Download,2026-07-21
C003904,A01297,Micheal,Bennett,micheal.bennett@lindau.com,IT Security Manager,Blocker,United Kingdom,Legitimate Interest,False,Event,2025-06-04
C003905,A00781,Konstanze,Åsberg,konstanze.åsberg@orr.com,Data Engineering Manager,User,United Kingdom,Legitimate Interest,False,SDR Outbound,2024-06-23
C003906,A01495,Ronny,Wilson,ronny.wilson@hansson.com,Director of Data Platform,Champion,United States,,False,Free Trial,2026-03-08
C003907,A00082,Maria,Gordon,maria.gordon@hunt.com,Head of Data Platform,Champion,Canada,,False,Free Trial,2024-07-20
C003908,A00093,Clarence,Bachmann,clarence.bachmann@lövgren.com,Staff Data Engineer,User,Ireland,Legitimate Interest,False,Paid Search,2025-05-06
C003909,A00395,Nicole,Ortmann,nicole.ortmann@ebert.com,Head of Data Engineering,Champion,Netherlands,Legitimate Interest,False,Content Download,2026-06-07
C003910,A00254,Lukas,Hughes,lukas.hughes@svanberg.com,Head of Data Engineering,Champion,United States,,False,Content Download,2026-01-24
C003911,A00695,Kristina,Flores,kristina.flores@davis.com,Head of Data Platform,Champion,United Kingdom,Legitimate Interest,False,Event,2025-08-01
C003912,A01404,Lynn,Jungfer,lynn.jungfer@lundberg.com,VP Data & Analytics,Economic Buyer,Austria,Legitimate Interest,False,Content Download,2024-09-17
C003913,A00164,Derrick,Bullock,derrick.bullock@naser.com,Head of Procurement,Blocker,United States,,False,Content Download,2025-04-22
C003914,A00558,Niek,Anderson,niek.anderson@giles.com,Senior Data Engineer,User,United States,,False,Content Download,2024-11-06
C003915,A00041,Olov,Karlsson,olov.karlsson@konings.com,Analytics Engineer,User,United States,,False,Event,2025-08-30
C003916,A00022,Matthew,Förster,matthew.förster@forsgren.com,Chief Data Officer,Economic Buyer,Canada,,False,Free Trial,2025-02-21
C003917,A01763,Naomi,Farmer,naomi.farmer@hammar.com,data guy,,United States,,False,Free Trial,2024-11-11
C003918,A00592,Tobias,Hunter,tobias.hunter@mcfarland.com,test,,Germany,Legitimate Interest,False,Referral,2024-11-19
C003919,A01127,Eric,Lübs,eric.lübs@kaul.com,"Director, Data Engineering",Champion,Germany,Legitimate Interest,False,Event,2025-10-17
C003920,A01724,Käthi,Löchel,käthi.löchel@le.com,Head of Data Engineering,Champion,Norway,Legitimate Interest,False,Partner,2026-08-27
C003921,A01689,Vince,Sims,vince.sims@reinhardt.com,VP Data & Analytics,Economic Buyer,Ireland,Legitimate Interest,False,Event,2026-09-04
C003922,A01891,Scott,Murray,scott.murray@watts.com,Head of Data Platform,Champion,United Kingdom,Legitimate Interest,False,Webinar,2026-07-04
C003923,A00324,Margaret,Heyne,margaret.heyne@dennis.com,Chief Information Officer,Economic Buyer,United States,,False,Webinar,2025-04-07
C003924,A01336,Randolf,Wende,randolf.wende@fremie.com,Director of Data Platform,Champion,United States,,False,SDR Outbound,2026-02-28
C003925,A01569,Bente,Jones,bente.jones@brisee.com,VP Data & Analytics,Economic Buyer,United States,,False,Content Download,2026-07-14
C003926,A00604,Jay,Unruoch Hunerik,jay.unruoch hunerik@kramer.com,IT Security Manager,Blocker,Denmark,Legitimate Interest,False,Free Trial,2026-09-05
C003927,A01093,Herbert,Alfredsson,herbert.alfredsson@koninklijke.com,Director of Data Platform,Champion,Norway,Legitimate Interest,False,Event,2025-04-06
C003928,A01830,Angela,Briemer,angela.briemer@martin.com,Senior Data Engineer,User,United States,,False,Free Trial,2025-08-11
C003929,A01053,Almut,Trapp,almut.trapp@moore-robinson.com,Staff Data Engineer,User,United States,,False,Free Trial,2026-05-12
C003930,A00166,Isabelle,Cooper,isabelle.cooper@morales.com,Analytics Engineer,User,United States,,False,Webinar,2023-12-04
C003931,A01103,Lynne,Ross,lynne.ross@preston-lewis.com,Staff Data Engineer,User,Germany,Legitimate Interest,False,SDR Outbound,2026-06-03
C003932,A00190,Janne,Jansson,janne.jansson@ali-hughes.com,"Director, Data Engineering",Champion,Norway,Legitimate Interest,False,Content Download,2026-09-18
C003933,A01555,Barbara,Duffy,barbara.duffy@wilson-roman.com,Chief Data Officer,Economic Buyer,United States,,False,Webinar,2025-03-01
C003934,A01937,Bartholomäus,van Beek,bartholomäus.van beek@fraser-harris.com,VP Data,Economic Buyer,United States,,False,SDR Outbound,2025-03-27
C003935,A01172,Luc,Boyle,luc.boyle@davidsson.com,CISO,Blocker,United States,,False,Referral,2024-02-09
C003936,A01121,Janna,Connor,janna.connor@mills.com,Staff Data Engineer,User,Sweden,Legitimate Interest,False,Paid Search,2026-05-16
C003937,A00475,Michele,Hewitt,michele.hewitt@sjöberg.com,VP Data,Economic Buyer,United Kingdom,Legitimate Interest,False,Free Trial,2026-06-27
C003938,A00679,Lorraine,van Ommeren,lorraine.van ommeren@pearce.com,VP Data & Analytics,Economic Buyer,United Kingdom,Legitimate Interest,False,SDR Outbound,2025-11-08
C003939,A00572,Jenna,Evans,jenna.evans@danielsson.com,Staff Data Engineer,User,United States,,False,Referral,2026-08-27
C003940,A00696,Charlie,Johansson,charlie.johansson@garcia.com,Data Engineering Manager,User,Germany,Legitimate Interest,True,SDR Outbound,2026-09-12
C003941,A01242,Malin,Andersson,malin.andersson@smith.com,Chief Data Officer,Economic Buyer,United States,,False,Content Download,2025-09-27
C003942,A01915,Laura,Svensson,laura.svensson@van.com,Head of Data Engineering,Champion,United Kingdom,Legitimate Interest,False,Paid Search,2026-10-04
C003943,A00937,Wilhelmina,Mohamed,wilhelmina.mohamed@fisher-garcia.com,Data Engineering Manager,User,United Kingdom,Legitimate Interest,False,Free Trial,2025-07-20
C003944,A00046,Kevin,Zahn,kevin.zahn@woods.com,Analytics Engineer,User,Belgium,Legitimate Interest,False,Webinar,2026-09-29
C003945,A01639,Leonore,Smith,leonore.smith@zobel.com,Analytics Engineer,User,Switzerland,Legitimate Interest,False,Content Download,2026-07-12
C003946,A01167,Linda,Mcdaniel,linda.mcdaniel@hoppenbrouwer.com,IT Security Manager,Blocker,United States,,False,Free Trial,2024-09-01
C003947,A01844,Katrin,Mansvelt,katrin.mansvelt@fors.com,Staff Data Engineer,User,Belgium,Legitimate Interest,False,Webinar,2025-12-27
C003948,A01446,Roger,Krueger,roger.krueger@koninklijke.com,Head of Data Platform,Champion,Germany,,False,Referral,2025-11-20
C003949,A00900,Dietlinde,van Dam,dietlinde.van dam@verkade.com,DATA ENG,,United States,,False,Free Trial,2024-08-07
C003950,A01517,Leokadia,Edwards,leokadia.edwards@schmidt.com,Senior Data Engineer,User,United States,,False,Paid Search,2024-12-12
C003951,A01645,Sami,Cornelisse,sami.cornelisse@johansson.com,Senior Data Engineer,User,United Kingdom,Legitimate Interest,False,Content Download,2026-05-20
C003952,A00874,Amber,Sjölander,amber.sjölander@axelsson.com,Senior Data Engineer,User,United States,,False,Partner,2026-06-12
C003953,A00318,Josephine,Kaul,josephine.kaul@nilsson.com,Data Engineering Manager,User,United States,,False,Free Trial,2026-04-11
C003954,A00010,Giovanni,Ellis,giovanni.ellis@royal.com,Senior Data Engineer,User,Norway,Legitimate Interest,False,Free Trial,2025-12-16
C003955,A00726,Helena,Allen,helena.allen@hunter-fuller.com,"Director, Data Engineering",Champion,Belgium,Legitimate Interest,False,Free Trial,2025-05-29
C003956,A01865,Karl,Jones,karl.jones@de.com,Head of Procurement,Blocker,United States,,False,Webinar,2024-04-25
C003957,A00798,Lena,Murphy,lena.murphy@andersson.com,VP Data & Analytics,Economic Buyer,United States,,False,Webinar,2026-09-24
C003958,A00848,Jeremy,Mccarthy,jeremy.mccarthy@mohaupt.com,Head of Data Platform,Champion,Canada,,False,SDR Outbound,2026-08-13
C003959,A01868,Carly,Jones,carly.jones@royal.com,Analytics Engineer,User,United Kingdom,Legitimate Interest,False,Content Download,2025-12-23
C003960,A00137,Kathleen,d' Heripon,kathleen.d' heripon@linke.com,Data Engineering Manager,User,Germany,Legitimate Interest,False,Partner,2024-11-17
C003961,A01167,Thijmen,Bergström,thijmen.bergström@hoppenbrouwer.com,Head of Data Platform,Champion,United States,,False,Referral,2026-03-28
C003962,A00077,Fabian,Koning,fabian.koning@stone-perry.com,data guy,,United States,,True,Referral,2026-05-26
C003963,A00390,Kimberly,Richards,kimberly.richards@smits.com,Analytics Engineer,User,Ireland,Legitimate Interest,False,Partner,2026-07-28
C003964,A00299,Olof,Heuser,olof.heuser@campbell-herbert.com,Staff Data Engineer,User,United States,,False,Content Download,2026-07-10
C003965,A00540,Philip,Eriksson,philip.eriksson@van.com,Analytics Engineer,User,United States,,False,Webinar,2026-06-25
C003966,A00787,Hanno,Houston,hanno.houston@fischer.com,VP Data,Economic Buyer,Ireland,Legitimate Interest,False,Content Download,2025-12-18
C003967,A00664,Alex,Saleh,alex.saleh@wolffel.com,Senior Data Engineer,User,United States,,False,Referral,2025-07-17
C003968,A00466,Christian,Roach,christian.roach@karlsson.com,Data Engineering Manager,User,United Kingdom,Legitimate Interest,False,Webinar,2026-07-16
C003969,A00949,Victoria,Ottosson,victoria.ottosson@koninklijke.com,Staff Data Engineer,User,United States,,False,Webinar,2024-12-24
C003970,A00285,Cody,Gorlitz,cody.gorlitz@price-wilson.com,Staff Data Engineer,User,Switzerland,Legitimate Interest,False,SDR Outbound,2026-03-27
C003971,A01329,Marijn,Elsemulder,marijn.elsemulder@gonzalez.com,VP Data,Economic Buyer,United States,,False,Partner,2024-10-20
C003972,A01767,Robert,Oneill,robert.oneill@lewis.com,Chief Data Officer,Economic Buyer,United Kingdom,Legitimate Interest,False,Content Download,2024-05-16
C003973,A01363,Victor,Dorsey,victor.dorsey@powell.com,intern,,United States,,False,Content Download,2026-06-02
C003974,A01914,Ricardo,Williams,ricardo.williams@frank.com,Analytics Engineer,User,Germany,Legitimate Interest,False,Partner,2024-11-24
C003975,A00253,Pamela,Pugh,pamela.pugh@jennings-young.com,Analytics Engineer,User,United States,,False,Paid Search,2026-08-06
C003976,A01864,Cordula,Martin,cordula.martin@hernandez-miller.com,Director of Data Platform,Champion,Switzerland,Legitimate Interest,False,Content Download,2025-12-03
C003977,A01637,Mette,Le Grand,mette.le grand@scheel.com,VP Data,Economic Buyer,United States,,False,Webinar,2025-05-26
C003978,A00480,Simona,Kohl,simona.kohl@vaughan-cole.com,Head of Data Platform,Champion,Germany,Legitimate Interest,False,Free Trial,2026-10-08
C003979,A01225,Johan,Roy,johan.roy@royal.com,Head of Data Platform,Champion,Netherlands,Legitimate Interest,False,Event,2024-06-21
C003980,A00456,Jasper,Frid,jasper.frid@hoffman.com,Staff Data Engineer,User,United States,,False,Paid Search,2025-11-20
C003981,A00977,Thom,Chadwick,thom.chadwick@abbas.com,VP Data,Economic Buyer,Canada,,False,Partner,2026-03-23
C003982,A01956,Amber,Andersson,amber.andersson@johnson.com,Data Engineering Manager,User,United Kingdom,Legitimate Interest,False,SDR Outbound,2026-08-28
C003983,A00046,Lina,Heß,lina.heß@woods.com,Chief Data Officer,Economic Buyer,Belgium,Legitimate Interest,False,Free Trial,2026-01-31
C003984,A01765,Eric,Schmiedt,eric.schmiedt@schmiedecke.com,CISO,Blocker,United Kingdom,Legitimate Interest,False,Paid Search,2025-10-16
C003985,A01543,Liselott,Hansen,liselott.hansen@finley-meyers.com,Analytics Engineer,User,Canada,,False,Event,2026-09-21
C003986,A01358,Joakim,Eriksson,joakim.eriksson@mårtensson.com,Data Engineering Manager,User,United Kingdom,Legitimate Interest,False,Free Trial,2025-01-01
C003987,A00933,Jill,Chambers,jill.chambers@royal.com,Senior Data Engineer,User,Belgium,Legitimate Interest,False,Paid Search,2025-07-17
C003988,A01676,Job,Sandberg,job.sandberg@walker-berry.com,Head of Data Engineering,Champion,United Kingdom,Legitimate Interest,False,Event,2025-02-23
C003989,A00236,Marion,Short,marion.short@paillet.com,Staff Data Engineer,User,Austria,Legitimate Interest,False,Free Trial,2026-03-18
C003990,A01581,Damien,Evans,damien.evans@welch-knowles.com,ceo ,,Germany,Legitimate Interest,False,Free Trial,2025-02-28
C003991,A00840,Lisbeth,Martinez,lisbeth.martinez@colon-weber.com,Staff Data Engineer,User,Germany,Legitimate Interest,False,Partner,2025-02-05
C003992,A01905,Julie,van Henegouwen,julie.van henegouwen@oliver-clark.com,Head of Data Engineering,Champion,United States,,False,Event,2026-09-22
C003993,A01295,Guusje,Geißler,guusje.geißler@gustafsson.com,Head of Data Platform,Champion,Austria,Legitimate Interest,False,Event,2025-04-24
C003994,A01796,Ninthe,Fisher,ninthe.fisher@van.com,CISO,Blocker,United States,,False,Paid Search,2026-02-21
C003995,A00533,Nurettin,Fox,nurettin.fox@good.com,Director of Data Platform,Champion,Canada,,False,SDR Outbound,2026-07-14
C003996,A01989,Emilia,Holmström,emilia.holmström@small-lewis.com,Data Engineering Manager,User,Belgium,Legitimate Interest,False,Paid Search,2024-10-25
C003997,A01339,Karlijn,Wagner,karlijn.wagner@jüttner.com,Senior Data Engineer,User,United Kingdom,Legitimate Interest,False,Event,2024-11-11
C003998,A01296,Simon,Barnes,simon.barnes@weeks.com,IT Security Manager,Blocker,Canada,,False,SDR Outbound,2026-09-29
C003999,A00194,Rayan,Bijlsma,rayan.bijlsma@lieshout.com,Chief Information Officer,Economic Buyer,Canada,,False,Free Trial,2025-12-11
C004000,A01920,Samuel,Ahmad,samuel.ahmad@wood-black.com,Staff Data Engineer,User,Germany,Legitimate Interest,True,Referral,2025-04-14
C004001,A01695,Annette,Wright,annette.wright@merck.com,Analytics Engineer,User,Germany,Legitimate Interest,False,Event,2026-08-19
C004002,A01676,Christian,Strong,christian.strong@walker-berry.com,Analytics Engineer,User,United Kingdom,Legitimate Interest,False,Referral,2026-04-14
C004003,A00820,Raphaela,Bibi,raphaela.bibi@verhoeven.com,"Director, Data Engineering",Champion,United States,,False,Paid Search,2026-09-17
C004004,A00918,Jochen,Lennartsson,jochen.lennartsson@miller.com,N/A,,United Kingdom,Legitimate Interest,False,Referral,2024-10-30
C004005,A01874,Brenda,Sutton,brenda.sutton@burns.com,VP Data & Analytics,Economic Buyer,United States,,False,Partner,2026-05-26
C004006,A01139,Vanessa,Smith,vanessa.smith@karlsson.com,N/A,,United States,,False,SDR Outbound,2025-03-13
C004007,A01173,Thomas,Smith,thomas.smith@koninklijke.com,Head of Data Platform,Champion,Ireland,Legitimate Interest,False,Paid Search,2026-04-08
C004008,A00606,Billy,Siering,billy.siering@klingelhöfer.com,Senior Data Engineer,User,United States,,False,Webinar,2026-01-18
C004009,A01607,Mohammed,Wilson,mohammed.wilson@van.com,Head of Data Engineering,Champion,United States,,False,Content Download,2025-06-22
C004010,A01893,Tom,Jüttner,tom.jüttner@johansson.com,Head of Procurement,Blocker,United States,,False,Partner,2026-08-29
C004011,A00700,Jeremy,van de Darnau,jeremy.van de darnau@green-evans.com,Analytics Engineer,User,United Kingdom,Legitimate Interest,False,Free Trial,2026-06-19
C004012,A01575,Linnea,Täsche,linnea.täsche@mende.com,Head of Procurement,Blocker,United States,,False,Partner,2026-06-19
C004013,A01487,Sara,Mitchell,sara.mitchell@jansson.com,Head of Data Engineering,Champion,Germany,Legitimate Interest,True,Event,2025-03-03
C004014,A00093,Alex,Harris,alex.harris@lövgren.com,Director of Data Platform,Champion,Ireland,Legitimate Interest,False,Free Trial,2026-03-10
C004015,A00822,Lisa,Wright,lisa.wright@santiago.com,-,,United States,,False,SDR Outbound,2026-09-06
C004016,A01098,Thomas,Andersson,thomas.andersson@hall.com,Chief Information Officer,Economic Buyer,United States,,False,Partner,2026-09-04
C004017,A01592,Johanna,Östman,johanna.östman@de.com,VP Data & Analytics,Economic Buyer,Netherlands,Legitimate Interest,False,SDR Outbound,2026-08-02
C004018,A00008,Adrian,Holden,adrian.holden@walsh.com,IT Security Manager,Blocker,United States,,False,Free Trial,2026-04-04
C004019,A01136,Katarina,Conradi,katarina.conradi@nilsson.com,VP Data & Analytics,Economic Buyer,Switzerland,Legitimate Interest,False,Webinar,2026-07-08
C004020,A00206,Rosemary,Wallace,rosemary.wallace@karge.com,Senior Data Engineer,User,United Kingdom,Legitimate Interest,False,Content Download,2023-10-07
C004021,A00973,Karoline,Ismail,karoline.ismail@raet.com,-,,Netherlands,Legitimate Interest,False,Referral,2025-11-28
C004022,A01290,Christina,Watson,christina.watson@stichting.com,"Director, Data Engineering",Champion,Belgium,Legitimate Interest,False,Paid Search,2026-07-09
C004023,A00246,Douglas,de la Fleche,douglas.de la fleche@karlsson.com,Data Engineering Manager,User,United States,,False,SDR Outbound,2026-07-24
C004024,A00770,Keith,van Laarhoven,keith.van laarhoven@herbert-pritchard.com,x,,United States,,False,Event,2026-01-22
C004025,A00693,Dagmar,Holsten,dagmar.holsten@koninklijke.com,Analytics Engineer,User,United Kingdom,Legitimate Interest,False,Webinar,2025-12-02
C004026,A00648,Gary,Cruz,gary.cruz@vikström.com,Director of Data Platform,Champion,United States,,False,Paid Search,2026-02-07
C004027,A00669,Kerstin,Segebahn,kerstin.segebahn@höfig.com,Staff Data Engineer,User,Ireland,Legitimate Interest,False,Partner,2025-08-04
C004028,A00411,Ashley,Waardeloo,ashley.waardeloo@owen.com,IT Security Manager,Blocker,United Kingdom,Legitimate Interest,False,Free Trial,2025-10-22
C004029,A01782,Victoria,Willis,victoria.willis@burrows.com,CISO,Blocker,Ireland,Legitimate Interest,False,Referral,2025-09-27
C004030,A00753,Hannah,Elberts,hannah.elberts@gonzalez-elliott.com,Analytics Engineer,User,Germany,Legitimate Interest,False,Free Trial,2026-01-21
C004031,A01578,Oliver,de Bock,oliver.de bock@lindner.com,Staff Data Engineer,User,United States,,False,Content Download,2023-09-23
C004032,A00712,Joanne,Curtis,joanne.curtis@hamann.com,DATA ENG,,United States,,False,Paid Search,2026-09-21
C004033,A00954,Wilhelm,Flantz,wilhelm.flantz@mangold.com,Head of Data Engineering,Champion,United States,,False,Partner,2026-03-19
C004034,A00827,Elisabeth,Rackham,elisabeth.rackham@royal.com,Chief Information Officer,Economic Buyer,United Kingdom,Legitimate Interest,False,Event,2025-03-29
C004035,A01066,Emir,Harrison,emir.harrison@mende.com,Head of Data Platform,Champion,United States,,False,Paid Search,2025-03-29
C004036,A00744,Roy,Oennen,roy.oennen@yang.com,VP Data & Analytics,Economic Buyer,United Kingdom,Legitimate Interest,False,Webinar,2025-12-02
C004037,A01726,Adam,Bäck,adam.bäck@aumann.com,"Director, Data Engineering",Champion,United Kingdom,Legitimate Interest,False,Webinar,2023-10-05
C004038,A00603,Mia,Etzler,mia.etzler@palmgren.com,IT Security Manager,Blocker,Netherlands,Legitimate Interest,False,Referral,2026-08-31
C004039,A00435,Burkard,Thompson,burkard.thompson@petersson.com,Analytics Engineer,User,Netherlands,Legitimate Interest,False,Free Trial,2026-04-21
C004040,A01027,Bryan,Taylor,bryan.taylor@hermansson.com,Analytics Engineer,User,Denmark,Legitimate Interest,False,Free Trial,2024-07-25
C004041,A00066,Albin,Dehmel,albin.dehmel@williams.com,Chief Information Officer,Economic Buyer,United States,,False,SDR Outbound,2025-04-23
C004042,A01620,Hassan,Spencer,hassan.spencer@holmberg.com,Head of Data Engineering,Champion,Canada,,False,Paid Search,2026-08-04
C004043,A01308,Kevin,Holmes,kevin.holmes@larsson.com,Data Engineering Manager,User,United States,,False,Partner,2026-08-19
C004044,A00271,Youssef,Johansson,youssef.johansson@smith.com,Senior Data Engineer,User,Belgium,Legitimate Interest,False,Webinar,2025-11-18
C004045,A01300,Elliot,Hondeveld,elliot.hondeveld@fernandez-hernandez.com,Chief Data Officer,Economic Buyer,Denmark,Legitimate Interest,False,Content Download,2025-09-15
C004046,A01441,Helmtrud,Eigenwillig,helmtrud.eigenwillig@henschel.com,Senior Data Engineer,User,United States,,False,Free Trial,2024-10-07
C004047,A00464,Colin,Larsen,colin.larsen@scott-cox.com,IT Security Manager,Blocker,United States,,False,Free Trial,2024-10-13
C004048,A01329,Ernestine,Thies,ernestine.thies@gonzalez.com,Senior Data Engineer,User,United States,,False,Partner,2025-12-02
C004049,A00798,Lena,Dahlin,lena.dahlin@andersson.com,"Director, Data Engineering",Champion,United States,,True,Webinar,2026-09-25
C004050,A01944,Kevin,Jonsson,kevin.jonsson@stadelmann.com,"Director, Data Engineering",Champion,United States,,False,Free Trial,2026-09-09
C004051,A01331,Ryan,Mangel,ryan.mangel@kreusel.com,Head of Data Platform,Champion,United States,,False,Partner,2026-03-24
C004052,A01485,Damian,Fox,damian.fox@högberg.com,ceo ,,United Kingdom,Legitimate Interest,False,Content Download,2026-04-12
C004053,A01864,Samuel,Howard,samuel.howard@hernandez-miller.com,VP Data & Analytics,Economic Buyer,Switzerland,Legitimate Interest,False,SDR Outbound,2025-05-12
C004054,A00707,Sarah,Cook,sarah.cook@van.com,Data Engineering Manager,User,Austria,,False,SDR Outbound,2026-07-11
C004055,A01652,Eva,Schellekens,eva.schellekens@stahr.com,Analytics Engineer,User,United States,,False,Webinar,2026-01-24
C004056,A01824,Nicole,Schuster,nicole.schuster@lindskog.com,"Director, Data Engineering",Champion,United States,,False,Partner,2026-06-25
C004057,A00436,Kristina,Wähner,kristina.wähner@fry.com,Data Engineering Manager,User,Netherlands,Legitimate Interest,False,Free Trial,2024-09-23
C004058,A00171,Anna,Christensen,anna.christensen@gustavsson.com,VP Data,Economic Buyer,Denmark,Legitimate Interest,True,Paid Search,2026-08-09
C004059,A01811,Hildegard,van Ooyen,hildegard.van ooyen@verkade.com,Chief Information Officer,Economic Buyer,United Kingdom,,False,Partner,2026-10-02
C004060,A00309,Carol,Brown,carol.brown@karlsson.com,Staff Data Engineer,User,Netherlands,Legitimate Interest,False,Event,2026-07-17
C004061,A01732,Kim,Hofman,kim.hofman@wilms.com,Head of Data Engineering,Champion,Netherlands,Legitimate Interest,False,Event,2026-09-11
C004062,A01044,Kristina,Jäkel,kristina.jäkel@thompson.com,IT Security Manager,Blocker,United States,,False,Referral,2026-02-26
C004063,A01000,Kim,Walter,kim.walter@royal.com,Senior Data Engineer,User,United States,,False,Paid Search,2025-12-06
C004064,A01509,Daniele,Isaksson,daniele.isaksson@hunter.com,"Director, Data Engineering",Champion,Germany,Legitimate Interest,False,Free Trial,2026-07-14
C004065,A00117,Gustaf,Taylor,gustaf.taylor@strand.com,Analytics Engineer,User,United States,,False,Event,2026-06-23
C004066,A00059,Kari,Dahlén,kari.dahlén@döring.com,Manager,,United States,,False,Partner,2026-10-06
C004067,A01971,Jelte,Matthäi,jelte.matthäi@black-lee.com,Head of Data Engineering,Champion,United States,,False,Referral,2023-10-06
C004068,A01298,Lynn,Lijn,lynn.lijn@riley.com,Analytics Engineer,User,United Kingdom,Legitimate Interest,False,SDR Outbound,2026-02-26
C004069,A01233,Karin,Willis,karin.willis@phillips.com,Data Engineering Manager,User,United States,,False,Paid Search,2024-06-05
C004070,A00068,Melissa,James,melissa.james@fowler.com,Data Engineering Manager,User,Germany,Legitimate Interest,False,Partner,2025-06-16
C004071,A01131,Henry,Roberts,henry.roberts@arnold-burgess.com,Staff Data Engineer,User,Sweden,Legitimate Interest,False,Partner,2026-05-20
C004072,A01402,Hans,French,hans.french@ruppert.com,Senior Data Engineer,User,Canada,,False,Partner,2024-02-10
C004073,A01905,Helena,de Reede,helena.de reede@oliver-clark.com,Data Engineering Manager,User,United States,,False,Free Trial,2026-09-15
C004074,A01431,Annette,Briere,annette.briere@abrahamsson.com,Manager,,Ireland,Legitimate Interest,False,Event,2026-08-12
C004075,A01683,Michelle,'s Gravensande,michelle.'s gravensande@humphries-sharpe.com,Staff Data Engineer,User,Sweden,Legitimate Interest,False,Content Download,2026-08-12
C004076,A01308,Slavica,Birnbaum,slavica.birnbaum@larsson.com,Head of Data Engineering,Champion,United States,,False,Webinar,2026-08-04
C004077,A01580,Noel,Gallagher,noel.gallagher@cox.com,Data Engineering Manager,User,United States,,False,Webinar,2026-09-24
C004078,A01955,Mia,Seifert,mia.seifert@nilsson.com,Chief Data Officer,Economic Buyer,United Kingdom,Legitimate Interest,False,Content Download,2026-09-19
C004079,A00467,Andrew,Flynn,andrew.flynn@zijlmans.com,Staff Data Engineer,User,United States,,False,Event,2026-04-16
C004080,A00635,Jo,Andrews,jo.andrews@terrell.com,Head of Data Engineering,Champion,United States,,False,Partner,2025-09-09
C004081,A00647,Lauren,Powell,lauren.powell@smith.com,Analytics Engineer,User,United Kingdom,Legitimate Interest,False,Webinar,2025-03-18
C004082,A01766,Aaron,Jordan,aaron.jordan@gutknecht.com,Staff Data Engineer,User,Switzerland,Legitimate Interest,False,Partner,2026-10-05
C004083,A01391,Dirk,Herring,dirk.herring@chaney-martin.com,Head of Data Engineering,Champion,Germany,,False,Webinar,2025-12-10
C004084,A00472,Margaret,Neal,margaret.neal@smith.com,Head of Data Platform,Champion,Belgium,Legitimate Interest,False,Content Download,2026-09-08
C004085,A00940,Yasmin,Huynh,yasmin.huynh@gonzalez-gonzalez.com,Analytics Engineer,User,United States,,False,Partner,2026-06-16
C004086,A01183,Bethany,Brands,bethany.brands@cervantes.com,Staff Data Engineer,User,United States,,False,Event,2025-02-15
C004087,A01916,Roland,Kuhl,roland.kuhl@thanel.com,IT Security Manager,Blocker,Belgium,Legitimate Interest,False,Partner,2025-07-26
C004088,A01633,Sandra,Claesner,sandra.claesner@butler-fleming.com,Chief Data Officer,Economic Buyer,United States,,False,Event,2026-04-25
C004089,A00848,Zeynep,Huberts,zeynep.huberts@mohaupt.com,Staff Data Engineer,User,Canada,,False,Paid Search,2025-08-02
C004090,A00381,Matthias,Walters,matthias.walters@mahmood-richards.com,IT Security Manager,Blocker,Canada,,False,Partner,2026-07-02
C004091,A01830,Albrecht,Armstrong,albrecht.armstrong@martin.com,Staff Data Engineer,User,United States,,False,Event,2026-04-06
C004092,A01980,Gillian,Ryan,gillian.ryan@sif.com,Senior Data Engineer,User,Netherlands,Legitimate Interest,False,Referral,2025-09-26
C004093,A00526,Dion,van Buuren,dion.van buuren@shupe.com,Senior Data Engineer,User,Switzerland,Legitimate Interest,False,Partner,2026-05-11
C004094,A01796,Francis,Harris,francis.harris@van.com,Head of Data Engineering,Champion,United States,,False,Referral,2026-01-12
C004095,A01726,Victoria,Smith,victoria.smith@aumann.com,Chief Information Officer,Economic Buyer,United Kingdom,Legitimate Interest,False,Webinar,2023-06-20
C004096,A00830,Karl,Hanna,karl.hanna@juncken.com,CISO,Blocker,United States,,False,Paid Search,2026-06-20
C004097,A01599,Freddy,Edwards,freddy.edwards@lloyd-harris.com,CISO,Blocker,Sweden,Legitimate Interest,True,Free Trial,2025-07-08
C004098,A00811,Philip,Hövel,philip.hövel@bush-bates.com,Staff Data Engineer,User,United States,,False,Referral,2024-07-20
C004099,A00500,Rose,Nicholls,rose.nicholls@jones.com,CISO,Blocker,Ireland,Legitimate Interest,False,Paid Search,2026-07-08
C004100,A00719,Vincent,van den Nuwenhuysen,vincent.van den nuwenhuysen@gilbert.com,data guy,,Germany,Legitimate Interest,False,Free Trial,2025-02-18
C004101,A00505,Winfried,Borman,winfried.borman@kühnert.com,Senior Data Engineer,User,United Kingdom,Legitimate Interest,False,Event,2026-08-19
C004102,A00429,Nikki,Pearson,nikki.pearson@o'brien-stanley.com,Senior Data Engineer,User,United States,,False,Partner,2025-11-20
C004103,A00817,Lennart,Westman,lennart.westman@fry.com,Data Engineering Manager,User,Germany,Legitimate Interest,False,Referral,2026-09-17
C004104,A01948,Rahel,Dorsman,rahel.dorsman@stichting.com,VP Data & Analytics,Economic Buyer,Germany,Legitimate Interest,False,Referral,2025-03-08
C004105,A01973,Nick,Ditschlerin,nick.ditschlerin@microsoft.com,Senior Data Engineer,User,United States,,False,SDR Outbound,2025-12-21
C004106,A00495,Annelie,Bolton,annelie.bolton@butler.com,Head of Procurement,Blocker,United States,,False,Free Trial,2026-05-05
C004107,A00424,Faye,Larsson,faye.larsson@avery.com,Staff Data Engineer,User,United Kingdom,Legitimate Interest,False,Paid Search,2026-01-03
C004108,A00033,Clifford,Thomas,clifford.thomas@aalberts.com,Staff Data Engineer,User,United States,,False,SDR Outbound,2026-09-25
C004109,A01013,Mitchell,Engström,mitchell.engström@nordström.com,N/A,,United Kingdom,Legitimate Interest,False,Webinar,2026-07-31
C004110,A00137,Jovan,Buchholz,jovan.buchholz@linke.com,Staff Data Engineer,User,Germany,Legitimate Interest,False,Content Download,2026-04-23
C004111,A01019,Jelte,Phillips,jelte.phillips@olsson.com,Senior Data Engineer,User,United States,,False,Partner,2026-05-13
C004112,A00055,Lizz,Gunpf,lizz.gunpf@keudel.com,Chief Data Officer,Economic Buyer,Canada,,False,Content Download,2026-05-27
C004113,A01380,Lovisa,Falk,lovisa.falk@royal.com,VP Data & Analytics,Economic Buyer,United States,,False,Referral,2026-09-17
C004114,A00937,Karin,Martin,karin.martin@fisher-garcia.com,Senior Data Engineer,User,United Kingdom,Legitimate Interest,True,SDR Outbound,2025-06-16
C004115,A01564,Lara,Holmgren,lara.holmgren@royal.com,Analytics Engineer,User,United States,,False,Referral,2026-04-12
C004116,A01333,Gemma,Fletcher,gemma.fletcher@otto.com,Staff Data Engineer,User,Ireland,Legitimate Interest,False,Free Trial,2026-09-21
C004117,A00720,Aron,Kuilenburg,aron.kuilenburg@cooper-smith.com,intern,,United States,,False,Content Download,2026-06-28
C004118,A01313,Georgia,Rouwhorst,georgia.rouwhorst@anderberg.com,Head of Data Platform,Champion,Germany,Legitimate Interest,False,Free Trial,2025-12-04
C004119,A01302,Denise,Larson,denise.larson@mulders.com,VP Data,Economic Buyer,United States,,False,Paid Search,2025-04-28
C004120,A01690,Donna,Schomber,donna.schomber@aumann.com,Director of Data Platform,Champion,Belgium,Legitimate Interest,False,Content Download,2026-04-08
C004121,A01741,Wolfhard,Gertz,wolfhard.gertz@soos.com,Data Engineering Manager,User,United Kingdom,Legitimate Interest,False,Event,2024-07-28
C004122,A00768,Peter,Heinz,peter.heinz@griffiths.com,Chief Data Officer,Economic Buyer,United States,,False,Partner,2026-09-28
C004123,A01761,Lidia,Lindh,lidia.lindh@ström.com,Head of Data Engineering,Champion,United States,,False,Webinar,2026-10-06
C004124,A00255,Bonnie,Jones,bonnie.jones@royal.com,Senior Data Engineer,User,United States,,False,Partner,2026-04-07
C004125,A00207,Jose,Cadefau,jose.cadefau@holzapfel.com,Senior Data Engineer,User,United States,,False,Paid Search,2025-04-29
C004126,A01422,Adele,Gemen,adele.gemen@jopich.com,"Director, Data Engineering",Champion,Canada,,False,Referral,2026-05-05
C004127,A01598,Helfried,van de Elzas,helfried.van de elzas@baker.com,Senior Data Engineer,User,United States,,False,Free Trial,2026-09-18
C004128,A00331,Kenneth,Murphy,kenneth.murphy@mans.com,Head of Data Platform,Champion,United States,,False,Event,2024-11-30
C004129,A00111,Kaylee,Fechant,kaylee.fechant@hernandez.com,Analytics Engineer,User,United States,,True,Paid Search,2025-11-18
C004130,A01229,Josefina,Liebelt,josefina.liebelt@davis.com,Staff Data Engineer,User,United States,,False,Referral,2026-06-09
C004131,A00093,Rosina,van Maasgouw,rosina.van maasgouw@lövgren.com,Director of Data Platform,Champion,Ireland,Legitimate Interest,True,Event,2026-03-25
C004132,A00035,Josephine,Otto,josephine.otto@hering.com,Director of Data Platform,Champion,United States,,False,Paid Search,2026-01-10
C004133,A00160,Chloë,Richardson,chloë.richardson@trommler.com,Data Engineering Manager,User,United States,,False,Free Trial,2025-10-20
C004134,A01275,Raphaela,Stone,raphaela.stone@johnson.com,Senior Data Engineer,User,Sweden,Legitimate Interest,False,Partner,2025-02-16
C004135,A00676,Johanna,Andersson,johanna.andersson@barker.com,-,,Canada,,False,Paid Search,2026-02-22
C004136,A01240,Edward,Kort,edward.kort@pineda.com,Chief Information Officer,Economic Buyer,Ireland,Legitimate Interest,False,SDR Outbound,2025-08-23
C004137,A01308,Margareta,Waters,margareta.waters@larsson.com,Staff Data Engineer,User,United States,,False,Referral,2025-09-25
C004138,A00531,Mesut,Terry,mesut.terry@haney.com,VP Data,Economic Buyer,Netherlands,Legitimate Interest,False,Webinar,2026-10-01
C004139,A01773,Patrik,Heinz,patrik.heinz@sjöholm.com,N/A,,Canada,,False,Webinar,2026-09-16
C004140,A00760,Samir,Bosch,samir.bosch@hughes-howard.com,Head of Procurement,Blocker,United States,,False,Referral,2025-10-02
C004141,A00900,Rotraut,Perez,rotraut.perez@verkade.com,VP Data,Economic Buyer,United States,,False,SDR Outbound,2025-02-21
C004142,A00371,Louise,Löffler,louise.löffler@galvan-combs.com,Staff Data Engineer,User,United Kingdom,Legitimate Interest,False,Referral,2023-10-31
C004143,A01900,Alma,Payne,alma.payne@stichting.com,Data Engineering Manager,User,United Kingdom,Legitimate Interest,False,Referral,2025-08-28
C004144,A01562,Guusje,Meyer,guusje.meyer@wilson.com,Head of Data Platform,Champion,Canada,,False,Referral,2026-10-02
C004145,A00374,Lisa,Hermans,lisa.hermans@emté.com,"Director, Data Engineering",Champion,Germany,Legitimate Interest,False,Free Trial,2026-02-22
C004146,A01598,Rut,Newman,rut.newman@baker.com,IT Security Manager,Blocker,United States,,False,Content Download,2026-07-14
C004147,A01038,Sjoerd,Schouten,sjoerd.schouten@carsten.com,Head of Data Platform,Champion,United States,,False,Partner,2026-03-06
C004148,A01375,Christina,Johansson,christina.johansson@pruschke.com,Analytics Engineer,User,Germany,Legitimate Interest,False,Webinar,2026-09-08
C004149,A01957,Sebastian,Kerr,sebastian.kerr@lachmann.com,"Director, Data Engineering",Champion,United States,,False,SDR Outbound,2026-09-23
C004150,A01984,Gönül,Persson,gönül.persson@svensson.com,Analytics Engineer,User,Netherlands,Legitimate Interest,False,Event,2026-02-07
C004151,A01884,Paul,Allen,paul.allen@stichting.com,"Director, Data Engineering",Champion,Belgium,Legitimate Interest,False,Paid Search,2024-12-26
C004152,A01039,Leon,Booth,leon.booth@bonilla.com,Analytics Engineer,User,United States,,False,Referral,2026-02-02
C004153,A00153,Maria,Nyman,maria.nyman@henningsson.com,"Director, Data Engineering",Champion,United States,,False,SDR Outbound,2026-06-28
C004154,A01004,Ayden,Schweitzer,ayden.schweitzer@freeman.com,Chief Information Officer,Economic Buyer,United Kingdom,Legitimate Interest,False,SDR Outbound,2026-07-09
C004155,A01099,Mira,Anthony,mira.anthony@de.com,data guy,,Switzerland,Legitimate Interest,False,Paid Search,2024-11-09
C004156,A01281,Centa,Khan,centa.khan@rask.com,Senior Data Engineer,User,United States,,False,Referral,2026-02-15
C004157,A01005,Heather,Baker,heather.baker@naser.com,Staff Data Engineer,User,Germany,Legitimate Interest,False,Content Download,2026-09-06
C004158,A01698,Rolf,Gardner,rolf.gardner@ball-anderson.com,N/A,,Denmark,Legitimate Interest,False,Paid Search,2026-09-14
C004159,A01041,Janna,Boetet,janna.boetet@douglas.com,Data Engineering Manager,User,Norway,Legitimate Interest,False,Partner,2025-12-04
C004160,A01693,Sebastiaan,Birch,sebastiaan.birch@james.com,Head of Data Platform,Champion,Canada,,False,Partner,2024-07-26
C004161,A00782,Kathryn,Kok,kathryn.kok@franklin.com,Head of Data Platform,Champion,Germany,,False,Webinar,2025-10-24
C004162,A00224,Ronja,Wells,ronja.wells@weinhold.com,Head of Data Engineering,Champion,United States,,False,Paid Search,2026-09-09
C004163,A00722,Carin,Pettersson,carin.pettersson@eigenwillig.com,test,,United States,,False,Webinar,2026-07-24
C004164,A01187,Emily,Persson,emily.persson@auch.com,Chief Data Officer,Economic Buyer,United Kingdom,Legitimate Interest,False,Free Trial,2026-04-16
C004165,A00948,Abigail,Hoffman,abigail.hoffman@heinrich.com,Staff Data Engineer,User,United States,,False,Referral,2026-05-29
C004166,A01971,Jinthe,Wilmsen,jinthe.wilmsen@black-lee.com,"Director, Data Engineering",Champion,United States,,False,Webinar,2024-09-11
C004167,A01257,Donald,Galijn,donald.galijn@hill.com,Senior Data Engineer,User,United States,,False,Partner,2026-08-12
C004168,A00846,Kyra,Ferguson,kyra.ferguson@d'.com,-,,United Kingdom,Legitimate Interest,False,Referral,2026-09-08
C004169,A01406,Eleni,Geißler,eleni.geißler@johnson.com,Head of Data Engineering,Champion,United States,,False,Paid Search,2025-09-11
C004170,A00355,Elizabeth,Franke,elizabeth.franke@pettersson.com,Data Engineering Manager,User,Germany,Legitimate Interest,False,Content Download,2026-05-05
C004171,A01491,Jamie,Kjellberg,jamie.kjellberg@plath.com,Data Engineering Manager,User,United States,,False,Paid Search,2024-06-17
C004172,A01988,Nicholas,Andrews,nicholas.andrews@leonard.com,Senior Data Engineer,User,United States,,False,Free Trial,2024-07-13
C004173,A00556,Heidemarie,Nguyen,heidemarie.nguyen@andersson.com,Head of Data Platform,Champion,United States,,False,Event,2026-03-29
C004174,A01889,Justin,Lindqvist,justin.lindqvist@sauer.com,Head of Data Platform,Champion,United States,,False,Event,2026-03-04
C004175,A00486,Tom,Mcknight,tom.mcknight@finch.com,Analytics Engineer,User,United States,,False,Paid Search,2025-01-04
C004176,A01311,Hasan,Hedberg,hasan.hedberg@powers.com,Head of Data Engineering,Champion,Ireland,Legitimate Interest,False,Paid Search,2026-04-26
C004177,A01916,Stefan,Richardson,stefan.richardson@thanel.com,Senior Data Engineer,User,Belgium,Legitimate Interest,False,Webinar,2026-06-29
C004178,A00676,Anna,Heinrich,anna.heinrich@barker.com,DATA ENG,,Canada,,False,Content Download,2026-01-04
C004179,A00392,Monika,Sorgatz,monika.sorgatz@kruschwitz.com,"Director, Data Engineering",Champion,United Kingdom,Legitimate Interest,False,Free Trial,2025-12-15
C004180,A01165,Alexander,Gill,alexander.gill@jönsson.com,Staff Data Engineer,User,United States,,False,Free Trial,2025-09-01
C004181,A01908,Steven,Berglund,steven.berglund@andersson.com,VP Data,Economic Buyer,Germany,Legitimate Interest,False,Partner,2025-04-10
C004182,A01601,Amelia,Hughes,amelia.hughes@augustsson.com,Data Engineering Manager,User,United States,,False,Free Trial,2026-07-11
C004183,A01573,Vajèn,Spieß,vajèn.spieß@täsche.com,Head of Data Platform,Champion,Norway,Legitimate Interest,False,Paid Search,2025-03-20
C004184,A00782,Josephine,Cooper,josephine.cooper@franklin.com,Senior Data Engineer,User,Germany,Legitimate Interest,False,Webinar,2024-09-26
C004185,A00734,Camilla,Garcia,camilla.garcia@brown.com,VP Data,Economic Buyer,Germany,Legitimate Interest,False,Referral,2025-12-05
C004186,A00540,Rebecca,Svensson,rebecca.svensson@van.com,Analytics Engineer,User,United States,,False,Paid Search,2026-07-27
C004187,A01276,Hilary,Backman,hilary.backman@winters.com,"Director, Data Engineering",Champion,Ireland,Legitimate Interest,False,SDR Outbound,2026-06-27
C004188,A00520,James,Brugman,james.brugman@jackson.com,Staff Data Engineer,User,United States,,False,Referral,2023-12-20
C004189,A01546,Thomas,Wiklund,thomas.wiklund@galijn.com,Data Engineering Manager,User,Germany,Legitimate Interest,False,SDR Outbound,2026-08-28
C004190,A01968,Fenne,Berger,fenne.berger@stichting.com,IT Security Manager,Blocker,United States,,False,Content Download,2026-09-30
C004191,A00924,Nynke,Harris,nynke.harris@smith.com,VP Data & Analytics,Economic Buyer,Ireland,Legitimate Interest,False,Referral,2026-05-24
C004192,A01037,Elisabeth,Holmes,elisabeth.holmes@johansson.com,Senior Data Engineer,User,Denmark,Legitimate Interest,False,Paid Search,2024-12-15
C004193,A01625,Shawn,Kalman,shawn.kalman@bolnbach.com,Data Engineering Manager,User,United States,,False,SDR Outbound,2026-07-22
C004194,A00134,Göran,van der Ven,göran.van der ven@barton.com,CISO,Blocker,Norway,Legitimate Interest,False,Event,2025-08-18
C004195,A01116,Naomi,Jacob,naomi.jacob@moreno.com,DATA ENG,,Germany,,False,Webinar,2026-09-13
C004196,A01727,Matteo,Guerrero,matteo.guerrero@de.com,Head of Data Platform,Champion,United States,,False,Content Download,2026-06-04
C004197,A01687,Stephen,Karlsson,stephen.karlsson@landström.com,VP Data & Analytics,Economic Buyer,United Kingdom,Legitimate Interest,False,Free Trial,2024-06-19
C004198,A00590,Susanne,Danielsson,susanne.danielsson@bruder.com,DATA ENG,,Germany,Legitimate Interest,False,Event,2026-07-26
C004199,A00840,Fien,Cichorius,fien.cichorius@colon-weber.com,VP Data & Analytics,Economic Buyer,Germany,Legitimate Interest,False,Event,2023-05-08
C004200,A00745,Robert,Henderson,robert.henderson@sanchez.com,test,,United States,,False,SDR Outbound,2025-10-28
C004201,A01820,Gudrun,Sjöstrand,gudrun.sjöstrand@risma.com,Senior Data Engineer,User,United States,,False,SDR Outbound,2026-08-21
C004202,A00020,Nikki,Jackson,nikki.jackson@dennis.com,VP Data & Analytics,Economic Buyer,United States,,False,Partner,2026-05-16
C004203,A01794,Siem,Huisman,siem.huisman@pasman.com,N/A,,Canada,,False,Free Trial,2026-09-30
C004204,A00746,Angela,Björkman,angela.björkman@fischer.com,Analytics Engineer,User,Sweden,Legitimate Interest,False,SDR Outbound,2026-07-04
C004205,A01165,John,Bryant,john.bryant@jönsson.com,"Director, Data Engineering",Champion,United States,,False,Content Download,2026-03-05
C004206,A01807,Emily,Davies,emily.davies@koninklijke.com,CISO,Blocker,Germany,Legitimate Interest,False,Webinar,2023-10-20
C004207,A00731,Karl-Jürgen,Harloff,karl-jürgen.harloff@mälzer.com,Senior Data Engineer,User,Canada,,False,Content Download,2026-06-27
C004208,A01133,Madlen,Håkansson,madlen.håkansson@dennenberg.com,Data Engineering Manager,User,United States,,False,Content Download,2026-05-04
C004209,A01870,Jemma,Käster,jemma.käster@weimer.com,Senior Data Engineer,User,United States,,False,SDR Outbound,2025-11-01
C004210,A00529,Frida,Alpaidis,frida.alpaidis@microsoft.com,Analytics Engineer,User,United States,,True,Paid Search,2023-08-01
C004211,A00067,Gregory,Speer,gregory.speer@landry.com,IT Security Manager,Blocker,United States,,False,SDR Outbound,2026-01-10
C004212,A01124,Joel,Moss,joel.moss@royal.com,Senior Data Engineer,User,United Kingdom,Legitimate Interest,False,Partner,2024-09-27
C004213,A00709,Heinz-Dieter,Berends,heinz-dieter.berends@richardson-evans.com,IT Security Manager,Blocker,United Kingdom,Legitimate Interest,False,Event,2026-06-24
C004214,A00054,Conny,Andrews,conny.andrews@medina.com,Analytics Engineer,User,United States,,False,Partner,2026-05-27
C004215,A01591,Rayan,Bailey,rayan.bailey@dippel.com,Head of Data Engineering,Champion,Norway,Legitimate Interest,False,Webinar,2026-06-11
C004216,A01956,Monica,Johansson,monica.johansson@johnson.com,Data Engineering Manager,User,United Kingdom,Legitimate Interest,False,Webinar,2026-09-11
C004217,A00534,John,van Haeften,john.van haeften@karlsson.com,IT Security Manager,Blocker,United Kingdom,Legitimate Interest,False,Webinar,2024-02-29
C004218,A01792,David,Henk,david.henk@clark.com,Analytics Engineer,User,United Kingdom,Legitimate Interest,False,Referral,2026-08-13
C004219,A01633,Morris,Watts,morris.watts@butler-fleming.com,Manager,,United States,,False,Webinar,2026-05-20
C004220,A01469,August,Klapp,august.klapp@isaksson.com,Data Engineering Manager,User,United States,,False,SDR Outbound,2026-09-27
C004221,A01386,Amelia,Rek,amelia.rek@greene.com,Staff Data Engineer,User,United Kingdom,Legitimate Interest,False,Webinar,2025-10-27
C004222,A01305,Josephine,Persson,josephine.persson@stichting.com,Senior Data Engineer,User,United States,,False,Content Download,2024-12-04
C004223,A01620,Lia,Stiebitz,lia.stiebitz@holmberg.com,VP Data,Economic Buyer,Canada,,False,Webinar,2026-08-29
C004224,A00133,Tara,Schagen,tara.schagen@elberts.com,"Director, Data Engineering",Champion,United States,,False,Paid Search,2026-06-27
C004225,A00100,Anna-Lena,Bell,anna-lena.bell@stage.com,Head of Data Platform,Champion,Norway,Legitimate Interest,False,Paid Search,2026-09-04
C004226,A01016,Sven,Postma,sven.postma@bloch.com,Analytics Engineer,User,Switzerland,Legitimate Interest,False,Content Download,2025-08-19
C004227,A00414,Olof,van 't Wel,olof.van 't wel@segerszoen.com,Analytics Engineer,User,United Kingdom,Legitimate Interest,False,SDR Outbound,2024-07-19
C004228,A00603,Joe,Wilson,joe.wilson@palmgren.com,Head of Data Engineering,Champion,Netherlands,Legitimate Interest,False,Content Download,2026-08-06
C004229,A01771,Patrick,van der Heijden,patrick.van der heijden@colon.com,Chief Information Officer,Economic Buyer,Sweden,Legitimate Interest,False,Webinar,2026-01-05
C004230,A01438,Matthijs,Andersson,matthijs.andersson@clark-hayward.com,Analytics Engineer,User,Norway,Legitimate Interest,False,Partner,2026-02-03
C004231,A01919,Conny,Rosenow,conny.rosenow@hedberg.com,Analytics Engineer,User,United States,,False,Referral,2024-05-29
C004232,A01302,Yasmine,Macdonald,yasmine.macdonald@mulders.com,Head of Data Engineering,Champion,United States,,False,Event,2025-08-21
C004233,A00503,Stephanie,Butler,stephanie.butler@morrison.com,Head of Procurement,Blocker,United Kingdom,Legitimate Interest,False,Event,2026-06-11
C004234,A00407,Joey,Hunt,joey.hunt@holthuis.com,Staff Data Engineer,User,United Kingdom,Legitimate Interest,False,Content Download,2025-09-24
C004235,A01049,Elisabet,Reyes,elisabet.reyes@nyman.com,Data Engineering Manager,User,Sweden,Legitimate Interest,False,Event,2026-09-23
C004236,A00177,Daan,le Luc,daan.le luc@lundqvist.com,VP Data & Analytics,Economic Buyer,United Kingdom,Legitimate Interest,False,SDR Outbound,2026-07-02
C004237,A01375,Roy,Kostolzin,roy.kostolzin@pruschke.com,Head of Data Platform,Champion,Germany,Legitimate Interest,False,Content Download,2026-10-08
C004238,A01134,Veronica,Magnusson,veronica.magnusson@francis-thomas.com,Head of Procurement,Blocker,Netherlands,Legitimate Interest,False,Referral,2025-12-01
C004239,A00400,Joan,Olsson,joan.olsson@harris.com,x,,Denmark,Legitimate Interest,False,Free Trial,2026-09-08
C004240,A00085,Jörgen,Weitzel,jörgen.weitzel@thomas-williams.com,Head of Procurement,Blocker,United States,,False,Free Trial,2025-03-23
C004241,A01978,Isa,van den Berg,isa.van den berg@ortmann.com,Analytics Engineer,User,Belgium,Legitimate Interest,False,Referral,2024-09-11
C004242,A01840,Josephine,van Haspengouw,josephine.van haspengouw@mude.com,Chief Data Officer,Economic Buyer,Netherlands,Legitimate Interest,False,SDR Outbound,2025-05-12
C004243,A01701,Hjalmar,Barents,hjalmar.barents@wilson.com,Data Engineering Manager,User,United Kingdom,Legitimate Interest,False,Webinar,2026-01-23
C004244,A01490,Erwin,Smith,erwin.smith@cross.com,Manager,,United States,,False,Content Download,2025-11-25
C004245,A00276,Adam,Söderström,adam.söderström@broekhoven.com,Director of Data Platform,Champion,Belgium,Legitimate Interest,False,Event,2026-01-23
C004246,A00549,Rosemarie,Persson,rosemarie.persson@steenbakkers.com,Chief Information Officer,Economic Buyer,Canada,,False,Partner,2025-05-06
C004247,A01048,Mark,Karlsson,mark.karlsson@nunez-nichols.com,Head of Procurement,Blocker,United States,,False,Free Trial,2026-08-20
C004248,A01072,June,Moore,june.moore@rohleder.com,Senior Data Engineer,User,United Kingdom,Legitimate Interest,False,Event,2025-11-28
C004249,A01145,Sophie,Johnson,sophie.johnson@hellgren.com,-,,Denmark,Legitimate Interest,False,Referral,2026-04-04
C004250,A01482,Keith,Pearson,keith.pearson@flink.com,Chief Data Officer,Economic Buyer,United Kingdom,Legitimate Interest,False,Paid Search,2026-08-02
C004251,A01844,Sofie,Jonker,sofie.jonker@fors.com,Head of Data Platform,Champion,Belgium,,False,Paid Search,2026-06-12
C004252,A01803,Ingrid,Frye,ingrid.frye@rasmussen.com,Senior Data Engineer,User,Denmark,Legitimate Interest,False,Partner,2026-07-12
C004253,A01644,Jolanda,Davis,jolanda.davis@thomas.com,Data Engineering Manager,User,Austria,Legitimate Interest,False,Free Trial,2024-11-16
C004254,A01713,Janin,Andersson,janin.andersson@hines.com,N/A,,Netherlands,Legitimate Interest,False,Referral,2026-07-12
C004255,A00230,Ernest,Harris,ernest.harris@eriksson.com,Head of Data Engineering,Champion,Denmark,Legitimate Interest,False,Content Download,2026-03-30
C004256,A00626,Åke,Hutchinson,åke.hutchinson@murray.com,Analytics Engineer,User,United States,,False,Partner,2025-05-19
C004257,A01684,Torbjörn,Vargas,torbjörn.vargas@stichting.com,Data Engineering Manager,User,United States,,False,Referral,2026-08-02
C004258,A00239,Simon,Steckel,simon.steckel@mcgee.com,Chief Data Officer,Economic Buyer,Sweden,Legitimate Interest,False,Free Trial,2026-04-27
C004259,A01455,Merijn,Cox,merijn.cox@read-butler.com,Analytics Engineer,User,United Kingdom,Legitimate Interest,False,Free Trial,2025-08-22
C004260,A00826,Bryan,Rivera,bryan.rivera@van.com,Staff Data Engineer,User,Sweden,Legitimate Interest,False,Free Trial,2024-06-03
C004261,A01515,William,Dahlström,william.dahlström@stoll.com,Senior Data Engineer,User,Germany,Legitimate Interest,False,Content Download,2024-04-29
C004262,A00549,Marlen,Holland,marlen.holland@steenbakkers.com,Director of Data Platform,Champion,Canada,,False,Free Trial,2025-07-05
C004263,A01000,Thijmen,Goyaerts van Waderle,thijmen.goyaerts van waderle@royal.com,IT Security Manager,Blocker,United States,,False,SDR Outbound,2025-08-07
C004264,A01335,Sarah,Ståhl,sarah.ståhl@avery.com,Senior Data Engineer,User,Ireland,Legitimate Interest,False,Event,2026-09-19
C004265,A00324,Guus,Söderberg,guus.söderberg@dennis.com,Head of Procurement,Blocker,United States,,False,Content Download,2025-02-19
C004266,A01695,Olivia,Banks,olivia.banks@merck.com,VP Data,Economic Buyer,Germany,Legitimate Interest,False,Referral,2026-05-24
C004267,A01366,Roman,Björklund,roman.björklund@misicher.com,Senior Data Engineer,User,Belgium,Legitimate Interest,False,Free Trial,2024-03-22
C004268,A01014,Christopher,Henschel,christopher.henschel@leonard.com,"Director, Data Engineering",Champion,Ireland,Legitimate Interest,False,Free Trial,2025-08-16
C004269,A00305,Shane,ter Waarbeek,shane.ter waarbeek@melander.com,Head of Data Engineering,Champion,United Kingdom,Legitimate Interest,False,Content Download,2026-08-25
C004270,A00765,Sharon,Vermeulen,sharon.vermeulen@smith-saunders.com,Staff Data Engineer,User,Switzerland,Legitimate Interest,False,Free Trial,2026-08-31
C004271,A01425,Jan,Albers,jan.albers@stokes.com,CISO,Blocker,Ireland,,False,Free Trial,2024-12-19
C004272,A01508,Ivo,Noack,ivo.noack@van.com,Data Engineering Manager,User,Netherlands,Legitimate Interest,False,Event,2026-10-06
C004273,A00383,Ernst-Otto,Stephens,ernst-otto.stephens@putz.com,IT Security Manager,Blocker,United Kingdom,Legitimate Interest,False,Webinar,2026-08-16
C004274,A00562,Diane,Totwiller,diane.totwiller@heß.com,Analytics Engineer,User,Germany,Legitimate Interest,False,Webinar,2026-01-05
C004275,A01848,Dylan,Williams,dylan.williams@holzapfel.com,Senior Data Engineer,User,Germany,Legitimate Interest,False,Free Trial,2024-01-09
C004276,A01891,Aimée,Graham,aimée.graham@watts.com,Analytics Engineer,User,United Kingdom,Legitimate Interest,False,Partner,2026-09-25
C004277,A01310,Tyler,Bolander,tyler.bolander@ruppert.com,Manager,,United States,,False,Paid Search,2025-06-16
C004278,A00840,Samantha,Todd,samantha.todd@colon-weber.com,Analytics Engineer,User,Germany,Legitimate Interest,False,Free Trial,2024-04-14
C004279,A00941,Jordan,Booth,jordan.booth@gutknecht.com,VP Data & Analytics,Economic Buyer,Netherlands,Legitimate Interest,False,Free Trial,2026-10-06
C004280,A01747,Jessica,Lindgren,jessica.lindgren@crawford-webster.com,Chief Data Officer,Economic Buyer,United States,,False,Content Download,2025-12-26
C004281,A01299,Brittany,Jonsson,brittany.jonsson@strijker.com,Senior Data Engineer,User,Netherlands,Legitimate Interest,False,Content Download,2024-06-16
C004282,A00998,Kelly,Lee,kelly.lee@schatteleijn.com,VP Data & Analytics,Economic Buyer,United States,,True,Referral,2025-06-05
C004283,A01156,Billy,Höfig,billy.höfig@collier.com,Data Engineering Manager,User,Ireland,Legitimate Interest,False,Event,2023-11-22
C004284,A00118,Maurits,Lindqvist,maurits.lindqvist@google.com,data guy,,United States,,False,SDR Outbound,2026-05-31
C004285,A00225,Änne,Blom,änne.blom@godfrey.com,Staff Data Engineer,User,United States,,False,Free Trial,2026-01-01
C004286,A00032,Lena,Jeppsson,lena.jeppsson@hopkins.com,Data Engineering Manager,User,United States,,False,Partner,2025-08-06
C004287,A01377,Eric,Bolzmann,eric.bolzmann@kriens.com,Director of Data Platform,Champion,Germany,Legitimate Interest,False,Content Download,2026-08-15
C004288,A00686,Heather,van Arnsberg,heather.van arnsberg@atos.com,Data Engineering Manager,User,United States,,False,Partner,2025-04-21
C004289,A00172,Cornelius,Andersson,cornelius.andersson@kelly.com,Staff Data Engineer,User,Germany,Legitimate Interest,False,Free Trial,2026-06-13
C004290,A00922,Fenne,Madden,fenne.madden@gonzalez.com,Analytics Engineer,User,United States,,False,Referral,2026-03-24
C004291,A00334,Maria,Cichorius,maria.cichorius@göransson.com,IT Security Manager,Blocker,Canada,,False,Referral,2026-08-05
C004292,A01113,Jennifer,Hunt,jennifer.hunt@gordon.com,Data Engineering Manager,User,Switzerland,Legitimate Interest,False,Referral,2026-07-18
C004293,A01268,Shannon,Hellberg,shannon.hellberg@andersson.com,ceo ,,United Kingdom,,False,Partner,2024-06-13
C004294,A00819,Nikolai,Lorreijn,nikolai.lorreijn@lundin.com,IT Security Manager,Blocker,United Kingdom,Legitimate Interest,False,Partner,2026-09-06
C004295,A00556,Arndt,Persson,arndt.persson@andersson.com,Senior Data Engineer,User,United States,,False,Referral,2026-03-08
C004296,A00042,Lena,Abdi,lena.abdi@baker-bowers.com,VP Data & Analytics,Economic Buyer,United States,,False,Free Trial,2024-04-13
C004297,A00168,Beatrice,Daniel,beatrice.daniel@wilson.com,Senior Data Engineer,User,Austria,,False,Paid Search,2026-04-18
C004298,A01693,Manuel,Risma,manuel.risma@james.com,Chief Data Officer,Economic Buyer,Canada,,False,Webinar,2025-05-02
C004299,A00003,Irmela,Isaksson,irmela.isaksson@hagman.com,-,,United States,,False,Event,2025-09-07
C004300,A00193,Jacek,Malmström,jacek.malmström@van.com,data guy,,United Kingdom,Legitimate Interest,False,Referral,2025-05-07
C004301,A01075,Boaz,van Noort,boaz.van noort@atkinson.com,"Director, Data Engineering",Champion,Sweden,Legitimate Interest,False,SDR Outbound,2025-06-29
C004302,A00245,Brent,Matthews,brent.matthews@marchal.com,VP Data,Economic Buyer,United Kingdom,Legitimate Interest,False,Referral,2025-10-15
C004303,A01252,Jennifer,Jockel,jennifer.jockel@conway.com,Data Engineering Manager,User,United Kingdom,Legitimate Interest,False,Partner,2026-01-28
C004304,A01880,Amber,Vang,amber.vang@agrifirm.com,Analytics Engineer,User,United States,,False,Referral,2025-03-02
C004305,A00799,Rachael,Boström,rachael.boström@henriksson.com,Senior Data Engineer,User,United Kingdom,Legitimate Interest,False,Paid Search,2025-12-22
C004306,A01499,Linda,Becker,linda.becker@scholz.com,Senior Data Engineer,User,Belgium,Legitimate Interest,False,Free Trial,2026-05-25
C004307,A00887,Patrick,Perkins,patrick.perkins@martin.com,Director of Data Platform,Champion,United States,,False,Referral,2026-04-14
C004308,A01130,John,Ring,john.ring@olsson.com,VP Data & Analytics,Economic Buyer,Germany,Legitimate Interest,False,Event,2025-12-20
C004309,A01847,Peter,Schottin,peter.schottin@carr-lee.com,Data Engineering Manager,User,United Kingdom,Legitimate Interest,False,Partner,2026-06-23
C004310,A00958,Donna,Kristiansson,donna.kristiansson@hehl.com,"Director, Data Engineering",Champion,Canada,,False,Referral,2025-08-26
C004311,A00218,Deborah,Franke,deborah.franke@lozano.com,Head of Data Engineering,Champion,United Kingdom,Legitimate Interest,False,Free Trial,2026-03-02
C004312,A00384,Hedda,Arellano,hedda.arellano@larsson.com,IT Security Manager,Blocker,United States,,False,SDR Outbound,2026-04-25
C004313,A01839,Matthias,Meeusen,matthias.meeusen@andersson.com,Senior Data Engineer,User,Germany,Legitimate Interest,False,Event,2026-10-05
C004314,A00727,Frank,Ullmann,frank.ullmann@johansson.com,Analytics Engineer,User,United Kingdom,Legitimate Interest,True,Webinar,2025-04-09
C004315,A01900,Hidde,Hartley,hidde.hartley@stichting.com,ceo ,,United Kingdom,Legitimate Interest,False,Referral,2025-10-19
C004316,A00193,Rachael,Steenbakkers,rachael.steenbakkers@van.com,VP Data,Economic Buyer,United Kingdom,Legitimate Interest,False,SDR Outbound,2026-05-01
C004317,A00114,Mirja,Gordon,mirja.gordon@mccarthy-moran.com,Staff Data Engineer,User,Netherlands,Legitimate Interest,False,Free Trial,2026-09-22
C004318,A01103,Maud,van Soest,maud.van soest@preston-lewis.com,Head of Procurement,Blocker,Germany,Legitimate Interest,False,Partner,2026-04-25
C004319,A00566,William,Larsson,william.larsson@smith.com,Data Engineering Manager,User,United States,,False,Event,2026-03-11
C004320,A01829,Candace,Werner,candace.werner@berenschot.com,Head of Procurement,Blocker,Switzerland,Legitimate Interest,False,Paid Search,2026-08-14
C004321,A00757,Carol,Backman,carol.backman@johnson-weaver.com,IT Security Manager,Blocker,United States,,False,Event,2026-09-11
C004322,A01939,Norma,Ferguson,norma.ferguson@holland.com,Senior Data Engineer,User,United States,,False,Event,2026-03-31
C004323,A01439,Gail,Barker,gail.barker@berg.com,IT Security Manager,Blocker,United States,,True,Partner,2025-11-28
C004324,A00472,Elias,Rogers,elias.rogers@smith.com,Head of Data Engineering,Champion,Belgium,Legitimate Interest,False,Referral,2026-10-01
C004325,A01729,Birgitta,Rörricht,birgitta.rörricht@koster.com,Staff Data Engineer,User,United States,,False,Partner,2026-08-29
C004326,A00507,Matthew,Perkins,matthew.perkins@albers.com,"Director, Data Engineering",Champion,Austria,Legitimate Interest,False,Event,2023-10-29
C004327,A01711,Sylvia,Rodriguez,sylvia.rodriguez@otto.com,Analytics Engineer,User,Austria,Legitimate Interest,False,Referral,2025-02-12
C004328,A01914,Bastiaan,Metz,bastiaan.metz@frank.com,Director of Data Platform,Champion,Germany,Legitimate Interest,False,Partner,2024-05-18
C004329,A00405,Sean,Edwards,sean.edwards@walsh.com,Staff Data Engineer,User,United Kingdom,Legitimate Interest,False,Content Download,2025-05-29
C004330,A00798,Minna,Alvarez,minna.alvarez@andersson.com,VP Data,Economic Buyer,United States,,False,Free Trial,2026-09-25
C004331,A00695,Ottmar,Hübel,ottmar.hübel@davis.com,Head of Procurement,Blocker,United Kingdom,Legitimate Interest,False,Webinar,2026-09-13
C004332,A00828,Kate,Boyer,kate.boyer@kramer-lane.com,Head of Data Platform,Champion,Denmark,Legitimate Interest,False,SDR Outbound,2025-11-20
C004333,A01266,Ruth,Francis,ruth.francis@avr.com,Analytics Engineer,User,United States,,False,Event,2025-12-07
C004334,A00828,Keith,Carson,keith.carson@kramer-lane.com,Chief Information Officer,Economic Buyer,Denmark,Legitimate Interest,False,Partner,2025-01-09
C004335,A00909,Mikael,Allen,mikael.allen@brown-walters.com,Data Engineering Manager,User,Canada,,False,Content Download,2026-07-08
C004336,A01018,Nova,de Keijser,nova.de keijser@zijlemans.com,Head of Data Engineering,Champion,Switzerland,Legitimate Interest,False,Webinar,2026-07-26
C004337,A01664,Hidde,Lamore,hidde.lamore@luna.com,Analytics Engineer,User,Switzerland,Legitimate Interest,False,Content Download,2026-09-04
C004338,A01179,Toby,Hultgren,toby.hultgren@nelson-noble.com,Senior Data Engineer,User,United States,,False,Referral,2025-12-29
C004339,A00677,Michael,Taylor,michael.taylor@schmidt.com,Senior Data Engineer,User,Germany,Legitimate Interest,False,Content Download,2025-10-26
C004340,A00819,Daan,Gustafsson,daan.gustafsson@lundin.com,Staff Data Engineer,User,United Kingdom,Legitimate Interest,False,Free Trial,2026-04-13
C004341,A01157,Karen,van Haarlem,karen.van haarlem@röhrdanz.com,"Director, Data Engineering",Champion,Belgium,Legitimate Interest,False,Paid Search,2026-06-29
C004342,A01032,Jason,van den Brink,jason.van den brink@jonsson.com,Data Engineering Manager,User,Ireland,Legitimate Interest,False,Content Download,2026-09-19
C004343,A01893,Boaz,Birnbaum,boaz.birnbaum@johansson.com,Senior Data Engineer,User,United States,,False,Event,2026-03-23
C004344,A01909,Lenn,Foster,lenn.foster@verkade.com,Chief Data Officer,Economic Buyer,Netherlands,,False,Referral,2024-03-21
C004345,A01263,Tracy,Watson,tracy.watson@hopkins.com,ceo ,,United States,,False,Content Download,2025-02-15
C004346,A01377,Melanie,Holland,melanie.holland@kriens.com,Analytics Engineer,User,Germany,Legitimate Interest,False,Event,2025-08-22
C004347,A00413,Mads,Hanson,mads.hanson@sundström.com,Senior Data Engineer,User,United States,,False,Paid Search,2026-01-03
C004348,A00693,Erik,Grant,erik.grant@koninklijke.com,Senior Data Engineer,User,United Kingdom,Legitimate Interest,False,SDR Outbound,2025-06-23
C004349,A01397,Erik,Howard,erik.howard@garner.com,Senior Data Engineer,User,United States,,False,Content Download,2023-08-25
C004350,A01159,Ruth,Thomas,ruth.thomas@dahlström.com,Head of Data Platform,Champion,United States,,False,SDR Outbound,2025-11-20
C004351,A00782,Daniel,Forsberg,daniel.forsberg@franklin.com,IT Security Manager,Blocker,Germany,Legitimate Interest,False,Event,2023-10-29
C004352,A01023,Charlene,Perkins,charlene.perkins@björk.com,Director of Data Platform,Champion,Switzerland,Legitimate Interest,False,Free Trial,2023-10-10
C004353,A00795,Lina,Roskoth,lina.roskoth@brown-frey.com,data guy,,Canada,,False,Event,2025-12-02
C004354,A01542,Jente,Holmberg,jente.holmberg@van.com,Staff Data Engineer,User,Netherlands,Legitimate Interest,False,Free Trial,2026-06-09
C004355,A01733,Autumn,Morgan,autumn.morgan@fredriksson.com,intern,,United States,,False,Content Download,2025-11-13
C004356,A01263,Brandon,Johansson,brandon.johansson@hopkins.com,Head of Procurement,Blocker,United States,,False,Webinar,2026-07-31
C004357,A01050,Gillian,Nohlmans,gillian.nohlmans@reilly-rodriguez.com,VP Data & Analytics,Economic Buyer,United States,,False,Paid Search,2026-09-25
C004358,A01844,Gesche,Hertrampf,gesche.hertrampf@fors.com,Senior Data Engineer,User,Belgium,,False,Content Download,2026-01-25
C004359,A00843,Eugenia,Tran,eugenia.tran@tamsma.com,Analytics Engineer,User,Ireland,Legitimate Interest,False,Partner,2026-04-07
C004360,A01510,Luis,Wallgren,luis.wallgren@jackson.com,VP Data,Economic Buyer,Canada,,False,Webinar,2026-08-08
C004361,A01092,Henny,Jüttner,henny.jüttner@king.com,Head of Data Engineering,Champion,United States,,False,Content Download,2026-09-14
C004362,A01415,Katherine,Martinez,katherine.martinez@taylor.com,Head of Data Platform,Champion,United States,,False,Event,2026-07-27
C004363,A00577,Crystal,Higgins,crystal.higgins@magnusson.com,Analytics Engineer,User,Ireland,Legitimate Interest,False,Event,2025-12-03
C004364,A00606,Per,Radisch,per.radisch@klingelhöfer.com,N/A,,United States,,False,Content Download,2025-03-15
C004365,A00853,Glen,Wiek,glen.wiek@van.com,N/A,,United States,,False,Free Trial,2025-06-25
C004366,A00604,Rocco,Kleibrink,rocco.kleibrink@kramer.com,Staff Data Engineer,User,Denmark,Legitimate Interest,False,SDR Outbound,2025-07-11
C004367,A00086,Jodie,Fischer,jodie.fischer@månsson.com,Head of Data Platform,Champion,United Kingdom,Legitimate Interest,False,Webinar,2023-09-23
C004368,A00953,Trevor,Chevresson,trevor.chevresson@alvarado.com,-,,Switzerland,Legitimate Interest,False,Webinar,2026-03-26
C004369,A00025,Hildegard,de Gruijter,hildegard.de gruijter@post.com,Staff Data Engineer,User,United States,,False,Event,2024-01-21
C004370,A01511,Jimmy,Greij,jimmy.greij@koninklijke.com,Data Engineering Manager,User,United States,,False,Partner,2025-09-03
C004371,A01660,Mila,Gordon,mila.gordon@sundberg.com,Analytics Engineer,User,Belgium,Legitimate Interest,False,Event,2025-07-17
C004372,A01558,Bas,Arts,bas.arts@lambert-jones.com,Analytics Engineer,User,United States,,False,Paid Search,2025-09-03
C004373,A00785,Tom,Reed,tom.reed@mammoet.com,Head of Data Engineering,Champion,Canada,,False,Partner,2025-10-16
C004374,A01224,Amir,Chapman,amir.chapman@griffiths-murphy.com,Analytics Engineer,User,United States,,False,Referral,2026-06-17
C004375,A00309,Michael,Bauer,michael.bauer@karlsson.com,Senior Data Engineer,User,Netherlands,Legitimate Interest,False,SDR Outbound,2026-06-14
C004376,A00142,Nicholas,Davies,nicholas.davies@hammar.com,-,,United Kingdom,Legitimate Interest,False,Paid Search,2024-12-30
C004377,A00826,Scott,Henderson,scott.henderson@van.com,"Director, Data Engineering",Champion,Sweden,Legitimate Interest,False,Referral,2025-05-19
C004378,A00118,Leslie,Reed,leslie.reed@google.com,-,,United States,,False,Paid Search,2024-05-20
C004379,A00502,Elena,Brooks,elena.brooks@rosenow.com,Staff Data Engineer,User,United Kingdom,Legitimate Interest,False,Content Download,2025-08-13
C004380,A00241,Conor,Bruder,conor.bruder@wende.com,DATA ENG,,Germany,Legitimate Interest,False,Referral,2026-09-30
C004381,A01685,Duncan,Hansson,duncan.hansson@schwital.com,Senior Data Engineer,User,Germany,Legitimate Interest,False,Webinar,2026-07-20
C004382,A00701,Dina,Blümel,dina.blümel@beck-banks.com,Chief Information Officer,Economic Buyer,United Kingdom,Legitimate Interest,False,SDR Outbound,2025-12-15
C004383,A01161,Yasmine,Wagenknecht,yasmine.wagenknecht@hein.com,VP Data & Analytics,Economic Buyer,United States,,False,SDR Outbound,2025-09-19
C004384,A01492,Heinrich,Frazier,heinrich.frazier@eriksson.com,Analytics Engineer,User,United States,,False,Paid Search,2026-02-25
C004385,A01059,Henriette,Claesdr,henriette.claesdr@cox.com,Analytics Engineer,User,United Kingdom,Legitimate Interest,False,Content Download,2026-02-27
C004386,A01372,Isa,Hoeks,isa.hoeks@stenström.com,Head of Data Engineering,Champion,United States,,True,Paid Search,2025-12-11
C004387,A00386,Ruth,Blake,ruth.blake@kaul.com,IT Security Manager,Blocker,United States,,False,Free Trial,2026-05-08
C004388,A01526,Elisabeth,Jafari,elisabeth.jafari@dawson.com,IT Security Manager,Blocker,United States,,False,Free Trial,2026-01-10
C004389,A01299,Mina,Miner,mina.miner@strijker.com,Analytics Engineer,User,Netherlands,Legitimate Interest,False,Webinar,2026-07-23
C004390,A00838,Niels,Hoeks,niels.hoeks@armstrong-larsen.com,Chief Data Officer,Economic Buyer,Canada,,False,SDR Outbound,2024-11-02
C004391,A01647,John,Trüb,john.trüb@finke.com,VP Data,Economic Buyer,United States,,False,Paid Search,2026-06-15
C004392,A01072,Åke,Johansson,åke.johansson@rohleder.com,Data Engineering Manager,User,United Kingdom,Legitimate Interest,False,Event,2026-07-06
C004393,A01118,Sofia,Striebitz,sofia.striebitz@reijers.com,Staff Data Engineer,User,Canada,,False,Partner,2024-07-22
C004394,A01841,Boris,Coates,boris.coates@wang.com,Head of Data Platform,Champion,United States,,False,Partner,2026-04-20
C004395,A00143,Mirthe,Freshour,mirthe.freshour@henk.com,Data Engineering Manager,User,United States,,False,Webinar,2026-09-19
C004396,A00013,Kevin,Shaffer,kevin.shaffer@harper-atkinson.com,Staff Data Engineer,User,Denmark,Legitimate Interest,False,Webinar,2026-08-30
C004397,A01121,Anne,Payne,anne.payne@mills.com,Analytics Engineer,User,Sweden,Legitimate Interest,False,Partner,2024-09-18
C004398,A00706,Steven,Perrono,steven.perrono@dominguez.com,Head of Data Engineering,Champion,Canada,,False,Partner,2025-03-31
C004399,A01556,Karl,Marshall,karl.marshall@söderberg.com,VP Data & Analytics,Economic Buyer,United States,,False,Free Trial,2023-04-23
C004400,A00488,Helen,Fitzgerald,helen.fitzgerald@davies.com,"Director, Data Engineering",Champion,Netherlands,Legitimate Interest,False,Paid Search,2026-09-05
C004401,A01205,Rhys,Östlund,rhys.östlund@huynh.com,Staff Data Engineer,User,United States,,False,Content Download,2025-07-24
C004402,A01125,Maxim,Benthin,maxim.benthin@van.com,Senior Data Engineer,User,Switzerland,Legitimate Interest,False,Content Download,2026-04-30
C004403,A00746,Chelsea,Storey,chelsea.storey@fischer.com,Director of Data Platform,Champion,Sweden,Legitimate Interest,False,Content Download,2026-07-12
C004404,A00853,Hannah,de Bruyn,hannah.de bruyn@van.com,x,,United States,,False,Paid Search,2026-07-31
C004405,A00604,Maria,Smith,maria.smith@kramer.com,Analytics Engineer,User,Denmark,Legitimate Interest,False,SDR Outbound,2024-06-18
C004406,A00227,Wessel,Johnson,wessel.johnson@howard-jordan.com,Head of Procurement,Blocker,United States,,False,Event,2026-10-01
C004407,A00792,Francis,Sandström,francis.sandström@ardagh.com,Staff Data Engineer,User,Netherlands,Legitimate Interest,False,Content Download,2026-07-10
C004408,A00551,Jordan,Smith,jordan.smith@austin-moore.com,Staff Data Engineer,User,Switzerland,Legitimate Interest,False,Event,2026-09-05
C004409,A01222,Daniel,Bengtsson,daniel.bengtsson@weimer.com,IT Security Manager,Blocker,Canada,,False,Free Trial,2025-11-08
C004410,A01832,Cameron,Edberg,cameron.edberg@baxter-foster.com,Senior Data Engineer,User,United States,,False,Partner,2026-05-17
C004411,A00072,Georgia,Hornig,georgia.hornig@oversteeg.com,Analytics Engineer,User,United States,,False,Webinar,2026-05-14
C004412,A01708,Phillip,Oderwald,phillip.oderwald@danielsson.com,VP Data & Analytics,Economic Buyer,Switzerland,Legitimate Interest,False,Webinar,2026-08-19
C004413,A00560,Cassandra,Boström,cassandra.boström@ekman.com,Head of Procurement,Blocker,United States,,False,SDR Outbound,2025-10-03
C004414,A01098,Alexander,Verhoeven,alexander.verhoeven@hall.com,Staff Data Engineer,User,United States,,False,Referral,2026-10-08
C004415,A00472,Nelli,Murphy,nelli.murphy@smith.com,Staff Data Engineer,User,Belgium,Legitimate Interest,False,Free Trial,2026-09-18
C004416,A01370,Helena,Eberth,helena.eberth@ismail.com,"Director, Data Engineering",Champion,Netherlands,Legitimate Interest,False,Event,2026-01-20
C004417,A01982,Brian,Veenstra,brian.veenstra@van.com,Data Engineering Manager,User,United Kingdom,Legitimate Interest,False,Webinar,2024-04-19
C004418,A01695,Ecrin,Ljung,ecrin.ljung@merck.com,Chief Data Officer,Economic Buyer,Germany,Legitimate Interest,True,SDR Outbound,2024-10-23
C004419,A00668,Lynn,Harvey,lynn.harvey@armstrong.com,Data Engineering Manager,User,United States,,False,Free Trial,2026-01-20
C004420,A01269,Jennifer,Schwartsbach,jennifer.schwartsbach@van.com,test,,United Kingdom,Legitimate Interest,False,Partner,2025-02-03
C004421,A00806,Allan,Gallagher,allan.gallagher@hill.com,Head of Data Platform,Champion,Ireland,Legitimate Interest,False,Event,2024-11-20
C004422,A01184,Femke,Johnston,femke.johnston@garner-green.com,Senior Data Engineer,User,United States,,False,Free Trial,2026-01-22
C004423,A01528,Tom,van Maaren,tom.van maaren@lopez.com,Chief Data Officer,Economic Buyer,Canada,,False,SDR Outbound,2026-09-29
C004424,A01288,Dennis,Perry,dennis.perry@pergande.com,Analytics Engineer,User,United States,,False,Referral,2026-09-04
C004425,A01254,Helena,Friedman,helena.friedman@royal.com,Director of Data Platform,Champion,Germany,Legitimate Interest,False,Referral,2026-10-06
C004426,A01485,Sofia,Vollbrecht,sofia.vollbrecht@högberg.com,intern,,United Kingdom,Legitimate Interest,False,Free Trial,2026-07-13
C004427,A01770,Bart,Adriaense,bart.adriaense@solis.com,Director of Data Platform,Champion,United States,,False,Paid Search,2024-02-09
C004428,A01453,Nicole,Birnbaum,nicole.birnbaum@metz.com,Head of Procurement,Blocker,United States,,False,Event,2026-01-29
C004429,A01707,Gemma,Rogers,gemma.rogers@mora.com,Analytics Engineer,User,Ireland,Legitimate Interest,False,Paid Search,2026-01-19
C004430,A01496,Guntram,Karlsson,guntram.karlsson@beier.com,Director of Data Platform,Champion,United States,,False,Free Trial,2026-05-20
C004431,A00073,Franz-Josef,Caspar,franz-josef.caspar@jennings-pratt.com,"Director, Data Engineering",Champion,United States,,False,Referral,2026-09-24
C004432,A01972,Danielle,Vogt,danielle.vogt@dippel.com,Director of Data Platform,Champion,United States,,False,Partner,2026-07-09
C004433,A00736,David,Sarneel,david.sarneel@olsson.com,data guy,,United States,,False,Event,2025-12-31
C004434,A00703,Emma,van Northeim,emma.van northeim@lynch-campbell.com,"Director, Data Engineering",Champion,United States,,False,Content Download,2025-07-09
C004435,A01429,Amalie,Rowe,amalie.rowe@rhodes.com,Staff Data Engineer,User,Ireland,Legitimate Interest,False,Webinar,2026-04-26
C004436,A00995,Ibrahim,Roskoth,ibrahim.roskoth@nilsson.com,Chief Information Officer,Economic Buyer,United States,,False,SDR Outbound,2026-01-04
C004437,A00136,Meagan,Kloppert,meagan.kloppert@patberg.com,Staff Data Engineer,User,Canada,,False,Free Trial,2026-07-07
C004438,A01761,Megan,Cole,megan.cole@ström.com,Analytics Engineer,User,United States,,False,Event,2026-10-03
C004439,A01853,Natasha,Schulz,natasha.schulz@jones.com,VP Data,Economic Buyer,United States,,False,Paid Search,2026-08-04
C004440,A00407,Phileine,Langern,phileine.langern@holthuis.com,Director of Data Platform,Champion,United Kingdom,Legitimate Interest,False,SDR Outbound,2025-01-09
C004441,A01314,Justin,Ruijs,justin.ruijs@ljungberg.com,Director of Data Platform,Champion,Germany,Legitimate Interest,False,Partner,2026-08-16
C004442,A00898,Diane,Melet,diane.melet@royal.com,VP Data & Analytics,Economic Buyer,Canada,,False,Referral,2026-08-08
C004443,A01957,Alexandra,Robinson,alexandra.robinson@lachmann.com,Staff Data Engineer,User,United States,,False,Partner,2026-09-20
C004444,A00460,Fredrika,Pettersson,fredrika.pettersson@nyman.com,Senior Data Engineer,User,Norway,Legitimate Interest,False,Referral,2026-04-13
C004445,A01747,Meral,Olsson,meral.olsson@crawford-webster.com,Data Engineering Manager,User,United States,,False,Content Download,2026-10-07
C004446,A01243,Dorina,Johansson,dorina.johansson@geisel.com,Staff Data Engineer,User,Denmark,Legitimate Interest,False,Free Trial,2026-06-17
C004447,A01375,Jennie,Johann,jennie.johann@pruschke.com,Senior Data Engineer,User,Germany,Legitimate Interest,False,Free Trial,2025-08-11
C004448,A00711,Michelle,Nilsson,michelle.nilsson@ahlqvist.com,Director of Data Platform,Champion,United States,,False,Paid Search,2023-08-22
C004449,A00673,Gareth,van Egisheim,gareth.van egisheim@åslund.com,Staff Data Engineer,User,United Kingdom,Legitimate Interest,False,Referral,2025-12-28
C004450,A00142,Heinz-Günter,Clarke,heinz-günter.clarke@hammar.com,Head of Data Platform,Champion,United Kingdom,Legitimate Interest,False,SDR Outbound,2026-02-18
C004451,A00994,Marie,Kranz,marie.kranz@pettersson.com,Head of Data Platform,Champion,United States,,False,Free Trial,2024-11-30
C004452,A01176,David,Edwards,david.edwards@girschner.com,CISO,Blocker,United States,,False,Paid Search,2025-12-15
C004453,A01778,Helena,Persson,helena.persson@morris.com,Chief Data Officer,Economic Buyer,Belgium,Legitimate Interest,False,SDR Outbound,2025-01-30
C004454,A00257,Donna,Rivera,donna.rivera@drub.com,Staff Data Engineer,User,Belgium,Legitimate Interest,False,Referral,2026-04-13
C004455,A00269,Caren,Heidrich,caren.heidrich@zirme.com,Senior Data Engineer,User,United States,,False,Event,2023-07-29
C004456,A01438,Alexej,Lyons,alexej.lyons@clark-hayward.com,Head of Data Platform,Champion,Norway,Legitimate Interest,False,Paid Search,2026-09-05
C004457,A01133,Lydia,van Embden,lydia.van embden@dennenberg.com,x,,United States,,False,Partner,2026-06-10
C004458,A00058,Ashley,Warren,ashley.warren@svensson.com,Data Engineering Manager,User,United States,,False,Partner,2025-12-22
C004459,A01396,Helena,Oestrovsky,helena.oestrovsky@smits.com,Staff Data Engineer,User,Ireland,Legitimate Interest,False,Partner,2025-02-24
C004460,A01836,Hagen,Cook,hagen.cook@zwart.com,Head of Data Engineering,Champion,Netherlands,,False,Webinar,2025-10-02
C004461,A00520,Leah,Niklasson,leah.niklasson@jackson.com,Senior Data Engineer,User,United States,,False,Webinar,2025-10-07
C004462,A00777,Melanie,Karlsson,melanie.karlsson@larsson.com,data guy,,United Kingdom,Legitimate Interest,False,Paid Search,2023-08-29
C004463,A00846,Dennis,van den Velden,dennis.van den velden@d'.com,Director of Data Platform,Champion,United Kingdom,Legitimate Interest,False,Paid Search,2026-01-22
C004464,A01365,Elvira,Rivera,elvira.rivera@interfood.com,Staff Data Engineer,User,United States,,True,Event,2024-11-01
C004465,A01515,Thi,Börner,thi.börner@stoll.com,Analytics Engineer,User,Germany,Legitimate Interest,False,Referral,2025-08-14
C004466,A01485,Anouk,Cruz,anouk.cruz@högberg.com,VP Data,Economic Buyer,United Kingdom,Legitimate Interest,False,Event,2026-08-08
C004467,A01293,Vanessa,Harrison,vanessa.harrison@nord.com,x,,United States,,False,Partner,2026-09-23
C004468,A00038,Christina,Kühnert,christina.kühnert@pearson.com,Senior Data Engineer,User,United Kingdom,Legitimate Interest,False,Partner,2025-02-08
C004469,A00659,Volkhard,Lindgren,volkhard.lindgren@asplund.com,Data Engineering Manager,User,United Kingdom,Legitimate Interest,False,Partner,2025-09-15
C004470,A01715,Remo,Mullins,remo.mullins@garcia.com,Analytics Engineer,User,United States,,False,SDR Outbound,2026-03-31
C004471,A01316,Anke,van Gemert,anke.van gemert@brown.com,Director of Data Platform,Champion,Sweden,Legitimate Interest,False,Webinar,2025-09-24
C004472,A01255,Klas,Lorreijn,klas.lorreijn@birch.com,CISO,Blocker,United States,,False,Webinar,2026-03-29
C004473,A00936,Jonas,Chase,jonas.chase@tintzmann.com,Staff Data Engineer,User,United States,,False,Paid Search,2025-01-13
C004474,A00723,Jan,Byrne,jan.byrne@royal.com,x,,Germany,Legitimate Interest,False,Webinar,2025-06-09
C004475,A01548,Brent,Andersson,brent.andersson@naylor.com,Analytics Engineer,User,United States,,False,Referral,2024-11-05
C004476,A00265,Helen,Cruz,helen.cruz@davis-lewis.com,Analytics Engineer,User,United Kingdom,Legitimate Interest,False,Referral,2026-09-19
C004477,A00107,Thomas,Barnes,thomas.barnes@taylor.com,Director of Data Platform,Champion,United States,,False,SDR Outbound,2025-11-27
C004478,A00668,Ruthild,Wagner,ruthild.wagner@armstrong.com,Head of Procurement,Blocker,United States,,False,SDR Outbound,2025-08-28
C004479,A00596,Janne,Jansson,janne.jansson@håkansson.com,Staff Data Engineer,User,United States,,False,Content Download,2025-02-06
C004480,A00026,Max,van den Nuwenhuijzen,max.van den nuwenhuijzen@smith-spencer.com,Analytics Engineer,User,Norway,Legitimate Interest,False,SDR Outbound,2025-02-13
C004481,A00133,Nathan,Weitzel,nathan.weitzel@elberts.com,Senior Data Engineer,User,United States,,True,Free Trial,2026-01-25
C004482,A01026,Ria,Wigman,ria.wigman@gilbert.com,Analytics Engineer,User,United Kingdom,Legitimate Interest,False,Free Trial,2023-09-13
C004483,A01590,Vickie,Smith,vickie.smith@wulff.com,Staff Data Engineer,User,Belgium,Legitimate Interest,False,Free Trial,2026-03-26
C004484,A00175,Mart,Smith,mart.smith@otto.com,"Director, Data Engineering",Champion,Austria,Legitimate Interest,False,Content Download,2025-12-15
C004485,A00025,Ashley,Vierdag,ashley.vierdag@post.com,Data Engineering Manager,User,United States,,False,Paid Search,2024-09-11
C004486,A01651,Kristina,van der Horst,kristina.van der horst@hansson.com,Staff Data Engineer,User,United States,,False,Free Trial,2026-03-10
C004487,A00999,Iain,Howard,iain.howard@mentzel.com,"Director, Data Engineering",Champion,Switzerland,Legitimate Interest,False,Webinar,2026-08-01
C004488,A01585,Ryan,Hermighausen,ryan.hermighausen@smith-richards.com,Staff Data Engineer,User,United States,,False,Webinar,2026-03-18
C004489,A01735,Eitel,Jarvis,eitel.jarvis@stichting.com,Chief Data Officer,Economic Buyer,United Kingdom,Legitimate Interest,False,Webinar,2026-07-11
C004490,A01105,Nathalie,Heß,nathalie.heß@jenkins-jones.com,Data Engineering Manager,User,Netherlands,Legitimate Interest,False,Referral,2025-03-10
C004491,A00699,Kayla,Lindqvist,kayla.lindqvist@huijzing.com,Head of Data Platform,Champion,United Kingdom,Legitimate Interest,False,Webinar,2023-12-16
C004492,A01490,Adem,Roberts,adem.roberts@cross.com,Senior Data Engineer,User,United States,,False,SDR Outbound,2026-04-01
C004493,A00251,Reece,Jansson,reece.jansson@johansson.com,Staff Data Engineer,User,United States,,True,Referral,2026-09-02
C004494,A00348,Åsa,Hunt,åsa.hunt@sölzer.com,IT Security Manager,Blocker,Sweden,Legitimate Interest,False,Event,2024-07-22
C004495,A01711,Elliott,Broeckx,elliott.broeckx@otto.com,"Director, Data Engineering",Champion,Austria,Legitimate Interest,False,Free Trial,2026-02-25
C004496,A00678,Shawn,Miles,shawn.miles@jansdr.com,VP Data & Analytics,Economic Buyer,United States,,False,Event,2026-05-30
C004497,A01909,Nicole,Heuser,nicole.heuser@verkade.com,Staff Data Engineer,User,Netherlands,Legitimate Interest,False,Paid Search,2025-12-29
C004498,A00235,Phillip,Lundkvist,phillip.lundkvist@stichting.com,Data Engineering Manager,User,United States,,False,Partner,2026-09-28
C004499,A00395,Glenn,Wagenknecht,glenn.wagenknecht@ebert.com,Analytics Engineer,User,Netherlands,Legitimate Interest,False,Partner,2026-08-20
C004500,A00547,Amber,Ericsson,amber.ericsson@steckel.com,Staff Data Engineer,User,United States,,False,Event,2026-09-16
C004501,A00042,Klara,Weinhold,klara.weinhold@baker-bowers.com,Head of Data Platform,Champion,United States,,False,Free Trial,2024-06-16
C004502,A00065,Jason,Ahmed,jason.ahmed@schweitzer.com,CISO,Blocker,United States,,False,Partner,2026-09-04
C004503,A00762,Floor,Colon,floor.colon@nilsson.com,Head of Data Platform,Champion,United Kingdom,Legitimate Interest,False,Referral,2025-05-12
C004504,A00999,Esila,van Schweinfurt,esila.van schweinfurt@mentzel.com,Director of Data Platform,Champion,Switzerland,Legitimate Interest,False,Paid Search,2026-09-15
C004505,A00522,Abdul,Fliegner,abdul.fliegner@larsson.com,"Director, Data Engineering",Champion,United States,,False,Free Trial,2023-06-07
C004506,A00882,Kjell,Evans,kjell.evans@johnson.com,Senior Data Engineer,User,United States,,False,Referral,2026-08-13
C004507,A00474,Knut,Evans,knut.evans@marshall-craig.com,N/A,,Germany,Legitimate Interest,False,Webinar,2026-07-31
C004508,A00074,Steven,Weller,steven.weller@staude.com,Senior Data Engineer,User,Ireland,Legitimate Interest,False,Partner,2026-02-06
C004509,A00430,Lieke,Stamrood,lieke.stamrood@may-reynolds.com,VP Data & Analytics,Economic Buyer,United Kingdom,Legitimate Interest,False,Event,2026-05-28
C004510,A00259,Tina,Berry,tina.berry@lindberg.com,Head of Data Platform,Champion,United Kingdom,Legitimate Interest,False,Content Download,2024-12-15
C004511,A01344,Floortje,Allen,floortje.allen@hall.com,Head of Data Engineering,Champion,United States,,False,Content Download,2025-03-04
C004512,A01550,Pamela,Petersson,pamela.petersson@caspar.com,Head of Procurement,Blocker,Norway,Legitimate Interest,False,Referral,2025-12-28
C004513,A01020,Axel,Aarden,axel.aarden@gierschner.com,CISO,Blocker,United States,,False,Paid Search,2023-05-08
C004514,A01452,Amber,Hiller,amber.hiller@krein.com,Staff Data Engineer,User,Belgium,Legitimate Interest,False,Paid Search,2026-05-14
C004515,A01724,Naomi,Solis,naomi.solis@le.com,Data Engineering Manager,User,Norway,Legitimate Interest,False,Partner,2026-07-07
C004516,A01624,Michael,Lindgren,michael.lindgren@paffrath.com,Head of Procurement,Blocker,United States,,False,SDR Outbound,2026-01-04
C004517,A00993,Brett,Gabrielsson,brett.gabrielsson@björkman.com,Director of Data Platform,Champion,United States,,False,Event,2026-09-12
C004518,A00915,Taylor,Fliegner,taylor.fliegner@cook-hatfield.com,Manager,,Austria,Legitimate Interest,False,Referral,2026-09-03
C004519,A00366,Jeremy,Norgren,jeremy.norgren@green.com,Data Engineering Manager,User,United Kingdom,Legitimate Interest,False,Referral,2025-06-17
C004520,A00009,Wesley,Reichmann,wesley.reichmann@vinci.com,Staff Data Engineer,User,United States,,False,Referral,2025-07-04
C004521,A00641,Tyler,Schmidt,tyler.schmidt@spier.com,Director of Data Platform,Champion,Sweden,Legitimate Interest,False,Free Trial,2026-08-02
C004522,A00957,Valeria,Douglas,valeria.douglas@stumpf.com,Chief Information Officer,Economic Buyer,United States,,False,Referral,2026-02-03
C004523,A01433,William,Ruijs,william.ruijs@miranda.com,Analytics Engineer,User,United States,,False,SDR Outbound,2025-07-17
C004524,A01170,Inger,Harper,inger.harper@hagström.com,Head of Data Platform,Champion,United States,,False,Referral,2026-10-04
C004525,A00185,Julia,Bryant,julia.bryant@benthin.com,Chief Information Officer,Economic Buyer,Canada,,False,SDR Outbound,2024-02-26
C004526,A00745,Lilly,Sjöberg,lilly.sjöberg@sanchez.com,Chief Information Officer,Economic Buyer,United States,,False,Webinar,2026-07-15
C004527,A00357,Linnea,Döring,linnea.döring@broman.com,Head of Procurement,Blocker,Canada,,False,Referral,2026-09-29
C004528,A01844,Roland,Willis,roland.willis@fors.com,Head of Data Platform,Champion,Belgium,Legitimate Interest,False,SDR Outbound,2025-04-04
C004529,A00756,Leslie,Boogaerts,leslie.boogaerts@hutchinson.com,Senior Data Engineer,User,United States,,False,Free Trial,2026-08-31
C004530,A01137,Irmtrud,Hultman,irmtrud.hultman@klm.com,Chief Information Officer,Economic Buyer,United Kingdom,Legitimate Interest,False,Paid Search,2025-11-29
C004531,A00370,Julie,Nicholls,julie.nicholls@turner-patel.com,Staff Data Engineer,User,United States,,False,Partner,2026-07-27
C004532,A00906,Mees,Eliasson,mees.eliasson@lyons.com,Chief Information Officer,Economic Buyer,United States,,False,Content Download,2024-09-09
C004533,A00098,Joost,Cruz,joost.cruz@sanchez.com,Analytics Engineer,User,Switzerland,Legitimate Interest,False,SDR Outbound,2025-09-05
C004534,A01129,Marie,Moss,marie.moss@godfrey.com,"Director, Data Engineering",Champion,United Kingdom,Legitimate Interest,False,Referral,2024-08-17
C004535,A00067,Nathan,Svensson,nathan.svensson@landry.com,Data Engineering Manager,User,United States,,False,Partner,2023-10-30
C004536,A00142,Taylor,Boström,taylor.boström@hammar.com,Senior Data Engineer,User,United Kingdom,Legitimate Interest,False,Paid Search,2024-08-16
C004537,A01374,Margaret,Karge,margaret.karge@hunter.com,Staff Data Engineer,User,Norway,Legitimate Interest,False,Event,2024-07-30
C004538,A01033,Mahmoud,Larsson,mahmoud.larsson@reed.com,Analytics Engineer,User,Sweden,Legitimate Interest,False,Paid Search,2026-09-09
C004539,A01771,Sarah,Smith,sarah.smith@colon.com,Senior Data Engineer,User,Sweden,Legitimate Interest,False,Webinar,2025-09-18
C004540,A00613,Kate,Lloyd,kate.lloyd@jans.com,Analytics Engineer,User,United States,,False,Webinar,2023-10-09
C004541,A00377,Gerrit,van de Biezenbos,gerrit.van de biezenbos@jacobi.com,Director of Data Platform,Champion,United States,,False,Paid Search,2026-08-05
C004542,A01670,Anders,Young,anders.young@van.com,VP Data,Economic Buyer,United States,,True,Free Trial,2025-11-28
C004543,A00383,Megan,Andersson,megan.andersson@putz.com,Head of Data Engineering,Champion,United Kingdom,Legitimate Interest,False,Partner,2026-03-06
C004544,A01350,Mohammed,Trüb,mohammed.trüb@eriksson.com,"Director, Data Engineering",Champion,Canada,,False,Paid Search,2026-05-05
C004545,A00490,Elisabeth,Coenen,elisabeth.coenen@jacobs.com,Senior Data Engineer,User,Germany,Legitimate Interest,False,Webinar,2024-04-27
C004546,A00869,Lars,van Goerle,lars.van goerle@morris.com,Staff Data Engineer,User,Canada,,False,Free Trial,2025-02-20
C004547,A00734,Mats,Boucsein,mats.boucsein@brown.com,Head of Procurement,Blocker,Germany,Legitimate Interest,False,Partner,2026-06-21
C004548,A01185,Stijn,Timmermans,stijn.timmermans@roht.com,Director of Data Platform,Champion,Canada,,False,Partner,2025-07-28
C004549,A00832,Hansjoachim,Karlsson,hansjoachim.karlsson@tucker.com,Chief Data Officer,Economic Buyer,Ireland,Legitimate Interest,False,Referral,2026-04-01
C004550,A00302,Anna,Cameron,anna.cameron@moreno.com,CISO,Blocker,Sweden,Legitimate Interest,False,SDR Outbound,2024-10-22
C004551,A01257,Bethany,Andersson,bethany.andersson@hill.com,VP Data & Analytics,Economic Buyer,United States,,False,Event,2026-03-05
C004552,A01252,Bo,Cornelisse,bo.cornelisse@conway.com,Analytics Engineer,User,United Kingdom,Legitimate Interest,False,Referral,2026-04-11
C004553,A00312,Carin,Pergande,carin.pergande@junken.com,"Director, Data Engineering",Champion,United States,,False,Partner,2026-03-22
C004554,A00459,Karin,Kosten,karin.kosten@north.com,Senior Data Engineer,User,United Kingdom,Legitimate Interest,False,Webinar,2025-07-08
C004555,A00729,Meike,Eliasson,meike.eliasson@westman.com,CISO,Blocker,United States,,False,Event,2025-03-17
C004556,A01134,Betty,Johansson,betty.johansson@francis-thomas.com,Chief Information Officer,Economic Buyer,Netherlands,Legitimate Interest,False,Content Download,2026-01-07
C004557,A01319,Judith,Callahan,judith.callahan@powell.com,Chief Information Officer,Economic Buyer,Belgium,Legitimate Interest,True,Event,2026-03-15
C004558,A01947,Gina,Erhout,gina.erhout@hendrix.com,Senior Data Engineer,User,United Kingdom,Legitimate Interest,False,Partner,2026-06-11
C004559,A00459,Frank,Jakobsson,frank.jakobsson@north.com,"Director, Data Engineering",Champion,United Kingdom,Legitimate Interest,False,Content Download,2023-12-30
C004560,A00713,Henry,Andersson,henry.andersson@richards-williams.com,Staff Data Engineer,User,United States,,False,Partner,2026-06-12
C004561,A00965,Jessika,Payne,jessika.payne@lilja.com,VP Data & Analytics,Economic Buyer,United States,,False,Content Download,2025-11-06
C004562,A00392,David,Lundqvist,david.lundqvist@kruschwitz.com,-,,United Kingdom,Legitimate Interest,False,Webinar,2026-08-13
C004563,A01291,Ann,Giselmeyer,ann.giselmeyer@säuberlich.com,Manager,,United States,,False,Free Trial,2025-06-24
C004564,A01609,Karina,Banks,karina.banks@huisman.com,Analytics Engineer,User,United States,,False,Partner,2025-07-25
C004565,A01506,Aiden,de Keijzer,aiden.de keijzer@riggs-coffey.com,Senior Data Engineer,User,United States,,False,Paid Search,2026-10-03
C004566,A01272,Anton,Williams,anton.williams@karlsson.com,Director of Data Platform,Champion,United Kingdom,Legitimate Interest,False,Referral,2024-02-12
C004567,A00853,Erik,Jonker,erik.jonker@van.com,Analytics Engineer,User,United States,,False,Event,2026-01-10
C004568,A01696,Annika,Oosterhout,annika.oosterhout@fuentes.com,VP Data,Economic Buyer,Germany,Legitimate Interest,False,Event,2026-03-02
C004569,A01422,Henry,Malm,henry.malm@jopich.com,Data Engineering Manager,User,Canada,,False,Free Trial,2026-05-11
C004570,A01541,Indy,Schlosser,indy.schlosser@skf.com,Senior Data Engineer,User,United States,,False,SDR Outbound,2025-02-07
C004571,A00751,Selina,Sanchez,selina.sanchez@van.com,Head of Data Engineering,Champion,Belgium,Legitimate Interest,False,Free Trial,2025-12-25
C004572,A00403,Baldur,van Tours,baldur.van tours@wijland.com,Analytics Engineer,User,Austria,Legitimate Interest,False,SDR Outbound,2026-08-21
C004573,A00708,Veit,Lindström,veit.lindström@archer-forster.com,"Director, Data Engineering",Champion,United States,,False,Referral,2026-05-17
C004574,A01950,Kristina,Turner,kristina.turner@morgan.com,Chief Data Officer,Economic Buyer,Germany,Legitimate Interest,False,Event,2025-12-17
C004575,A00743,Declan,Stumpf,declan.stumpf@ruppersberger.com,IT Security Manager,Blocker,United Kingdom,Legitimate Interest,False,Event,2025-05-26
C004576,A00516,Ali,van Geest,ali.van geest@petersson.com,test,,Switzerland,Legitimate Interest,False,Content Download,2025-07-29
C004577,A01297,Oliver,Gray,oliver.gray@lindau.com,Data Engineering Manager,User,United Kingdom,Legitimate Interest,False,Partner,2024-06-04
C004578,A00341,Oliver,Jüttner,oliver.jüttner@smith.com,x,,United States,,False,Free Trial,2025-07-13
C004579,A00683,Eva-Marie,Maldonado,eva-marie.maldonado@bell-chambers.com,Head of Procurement,Blocker,Germany,Legitimate Interest,False,Event,2025-05-14
C004580,A01958,Theodoros,Howard,theodoros.howard@short-powell.com,Data Engineering Manager,User,Belgium,Legitimate Interest,False,Webinar,2025-08-23
C004581,A00905,Alicia,Lindh,alicia.lindh@smith.com,Staff Data Engineer,User,United States,,False,Webinar,2025-06-28
C004582,A00516,Georgia,Tröst,georgia.tröst@petersson.com,Manager,,Switzerland,Legitimate Interest,False,Content Download,2026-03-09
C004583,A01056,Jorge,Collins,jorge.collins@röhrdanz.com,Head of Data Engineering,Champion,United Kingdom,Legitimate Interest,False,Referral,2024-05-15
C004584,A00033,Anna,Bonilla,anna.bonilla@aalberts.com,Data Engineering Manager,User,United States,,False,Event,2026-09-30
C004585,A01702,Carl-Heinz,Nette,carl-heinz.nette@vazquez-bowers.com,DATA ENG,,United Kingdom,Legitimate Interest,False,SDR Outbound,2024-12-02
C004586,A01600,Denise,Goodwin,denise.goodwin@watson.com,Head of Data Engineering,Champion,United States,,False,Content Download,2025-11-18
C004587,A00952,Eileen,Binner,eileen.binner@york.com,Chief Information Officer,Economic Buyer,United States,,False,Content Download,2026-01-02
C004588,A01511,Joanne,Åström,joanne.åström@koninklijke.com,DATA ENG,,United States,,False,Content Download,2025-06-14
C004589,A01271,Mark,van der Laan,mark.van der laan@royal.com,IT Security Manager,Blocker,Denmark,Legitimate Interest,False,Webinar,2025-12-11
C004590,A01802,Carl,Aguilar,carl.aguilar@trubin.com,Analytics Engineer,User,United Kingdom,Legitimate Interest,False,Partner,2025-03-27
C004591,A00202,Noëlle,van Goerle,noëlle.van goerle@begum-harris.com,Chief Data Officer,Economic Buyer,United States,,False,Referral,2026-02-07
C004592,A00828,Benjamin,Barnes,benjamin.barnes@kramer-lane.com,Chief Information Officer,Economic Buyer,Denmark,,False,Webinar,2024-11-14
C004593,A00267,Magdalena,Klemm,magdalena.klemm@greenwood.com,Data Engineering Manager,User,Norway,Legitimate Interest,False,Free Trial,2024-11-10
C004594,A00517,Angelina,Hesse,angelina.hesse@karlsson.com,Analytics Engineer,User,United Kingdom,Legitimate Interest,False,Referral,2025-11-10
C004595,A01699,Zeynep,Smits,zeynep.smits@tröst.com,Staff Data Engineer,User,Belgium,Legitimate Interest,False,Event,2026-06-28
C004596,A01470,Robyn,Little,robyn.little@shaw.com,Analytics Engineer,User,Germany,Legitimate Interest,True,Webinar,2026-06-11
C004597,A00122,Kate,Spruit,kate.spruit@patterson.com,Data Engineering Manager,User,Ireland,Legitimate Interest,False,Content Download,2025-10-26
C004598,A01062,Carl,Cross,carl.cross@lundmark.com,DATA ENG,,Sweden,Legitimate Interest,False,Paid Search,2024-06-24
C004599,A00741,Martin,Reed,martin.reed@gibson-ward.com,Staff Data Engineer,User,United States,,False,Event,2025-04-19
C004600,A00666,Esther,Kelly,esther.kelly@löfgren.com,Senior Data Engineer,User,Belgium,Legitimate Interest,False,Partner,2025-08-24
C004601,A01699,Rens,Knoers,rens.knoers@tröst.com,Chief Data Officer,Economic Buyer,Belgium,Legitimate Interest,False,Partner,2026-06-18
C004602,A01026,Monica,Adams,monica.adams@gilbert.com,intern,,United Kingdom,Legitimate Interest,False,Webinar,2025-12-14
C004603,A01756,Stuart,Israelsson,stuart.israelsson@killer.com,Head of Data Platform,Champion,Canada,,False,SDR Outbound,2026-04-28
C004604,A00506,Kerstin,Ellis,kerstin.ellis@holden.com,IT Security Manager,Blocker,United States,,False,Webinar,2025-05-22
C004605,A00527,Anna,Rivera,anna.rivera@miller.com,Staff Data Engineer,User,United States,,False,Free Trial,2026-05-07
C004606,A01818,Sonja,Segebahn,sonja.segebahn@edwards.com,Head of Data Engineering,Champion,Belgium,Legitimate Interest,False,Webinar,2026-10-04
C004607,A01602,Julian,Jarvis,julian.jarvis@jones.com,Head of Data Engineering,Champion,United States,,False,Paid Search,2025-11-04
C004608,A00857,Nicholas,Bohnbach,nicholas.bohnbach@clarke.com,-,,United States,,False,Paid Search,2023-12-15
C004609,A01992,Muhammad,Renner,muhammad.renner@royal.com,Data Engineering Manager,User,Denmark,Legitimate Interest,False,Free Trial,2025-06-12
C004610,A01986,Carole,de Koning,carole.de koning@hernandez.com,Head of Data Platform,Champion,United States,,False,Event,2026-04-20
C004611,A01959,Stacey,Hodgson,stacey.hodgson@van.com,Analytics Engineer,User,Ireland,Legitimate Interest,False,Referral,2026-07-30
C004612,A00711,Mirthe,Reijers,mirthe.reijers@ahlqvist.com,Data Engineering Manager,User,United States,,False,Content Download,2024-07-17
C004613,A01798,Jim,Reed,jim.reed@apollo.com,Data Engineering Manager,User,Norway,Legitimate Interest,False,Paid Search,2026-01-04
C004614,A01889,Nils,Seip,nils.seip@sauer.com,Staff Data Engineer,User,United States,,False,Free Trial,2025-06-10
C004615,A00479,Sandra,Rutten,sandra.rutten@edström.com,Senior Data Engineer,User,United States,,False,Partner,2025-01-19
C004616,A01389,Emil,Ramos,emil.ramos@nash.com,Staff Data Engineer,User,United States,,False,Paid Search,2025-11-20
C004617,A01888,Aleksej,Bartlett,aleksej.bartlett@jarl.com,Chief Data Officer,Economic Buyer,Netherlands,Legitimate Interest,False,Paid Search,2025-06-25
C004618,A01263,William,Sullivan,william.sullivan@hopkins.com,Senior Data Engineer,User,United States,,False,Content Download,2023-12-23
C004619,A00304,Carl,Dippel,carl.dippel@asplund.com,IT Security Manager,Blocker,United Kingdom,Legitimate Interest,False,Paid Search,2026-01-03
C004620,A00934,Clifford,Stahr,clifford.stahr@malm.com,Head of Data Platform,Champion,United States,,False,Event,2025-09-28
C004621,A01739,Sami,Thornton,sami.thornton@stichting.com,Chief Information Officer,Economic Buyer,United States,,False,SDR Outbound,2024-05-20
C004622,A00540,Margot,Eklund,margot.eklund@van.com,Director of Data Platform,Champion,United States,,False,Event,2026-04-30
C004623,A01794,Mara,Simons,mara.simons@pasman.com,data guy,,Canada,,False,Event,2024-07-22
C004624,A01405,Jill,Wright,jill.wright@nilsson.com,Director of Data Platform,Champion,United States,,False,Event,2026-04-05
C004625,A00826,Paula,Sitters,paula.sitters@van.com,Analytics Engineer,User,Sweden,Legitimate Interest,False,Partner,2025-10-13
C004626,A01398,Reece,Cain,reece.cain@lehmann.com,Senior Data Engineer,User,Canada,,False,Free Trial,2023-08-10
C004627,A00572,Victoria,Weiß,victoria.weiß@danielsson.com,Data Engineering Manager,User,United States,,False,Free Trial,2026-08-08
C004628,A00488,Barbara,Högberg,barbara.högberg@davies.com,Manager,,Netherlands,Legitimate Interest,True,Webinar,2026-09-09
C004629,A00998,Connor,Sköld,connor.sköld@schatteleijn.com,IT Security Manager,Blocker,United States,,False,Webinar,2025-04-06
C004630,A00488,Rowan,van Laarhoven,rowan.van laarhoven@davies.com,Staff Data Engineer,User,Netherlands,Legitimate Interest,False,Webinar,2026-07-03
C004631,A00323,Carol,van Beeck,carol.van beeck@kade.com,Head of Procurement,Blocker,Belgium,Legitimate Interest,False,Webinar,2026-04-10
C004632,A01642,Thomas,Smith,thomas.smith@bennett.com,CISO,Blocker,Belgium,Legitimate Interest,False,Paid Search,2025-06-29
C004633,A00326,Justine,Perck,justine.perck@webb.com,Chief Information Officer,Economic Buyer,United States,,False,SDR Outbound,2025-10-02
C004634,A01032,Halil,Taylor,halil.taylor@jonsson.com,Head of Data Engineering,Champion,Ireland,Legitimate Interest,False,Referral,2026-08-15
C004635,A00535,Aaron,Phillips,aaron.phillips@stichting.com,Staff Data Engineer,User,Canada,,False,SDR Outbound,2025-12-12
C004636,A00107,Anna,Yoder,anna.yoder@taylor.com,Chief Data Officer,Economic Buyer,United States,,True,Referral,2026-08-20
C004637,A01968,Jennifer,Mulder,jennifer.mulder@stichting.com,"Director, Data Engineering",Champion,United States,,False,Free Trial,2026-02-02
C004638,A00541,Yusuf,Schönland,yusuf.schönland@gordon.com,VP Data,Economic Buyer,United States,,False,Event,2025-08-19
C004639,A01315,Clayton,Drysdale,clayton.drysdale@patel.com,Data Engineering Manager,User,United States,,False,SDR Outbound,2026-03-25
C004640,A00491,Georgios,Hofmann,georgios.hofmann@jansson.com,Head of Procurement,Blocker,United Kingdom,Legitimate Interest,False,SDR Outbound,2026-09-03
C004641,A00713,Giel,Hornig,giel.hornig@richards-williams.com,Staff Data Engineer,User,United States,,False,Content Download,2026-09-11
C004642,A00543,Christina,Smith,christina.smith@jacobi.com,Head of Data Engineering,Champion,United States,,False,SDR Outbound,2025-08-25
C004643,A00236,Calogero,Stoffelsz,calogero.stoffelsz@paillet.com,Chief Data Officer,Economic Buyer,Austria,Legitimate Interest,False,Free Trial,2025-04-23
C004644,A01820,Rosalie,Lübs,rosalie.lübs@risma.com,Head of Data Engineering,Champion,United States,,False,Webinar,2026-08-24
C004645,A01047,Fredy,Chevresson,fredy.chevresson@nyrstar.com,N/A,,Sweden,Legitimate Interest,False,Partner,2026-08-22
C004646,A00625,Andrea,Jones,andrea.jones@turner.com,Data Engineering Manager,User,Sweden,Legitimate Interest,False,Webinar,2026-06-06
C004647,A01502,Jessica,Collins,jessica.collins@austermühle.com,Head of Data Engineering,Champion,United States,,False,Webinar,2024-05-24
C004648,A00744,Kristina,Wähner,kristina.wähner@yang.com,Data Engineering Manager,User,United Kingdom,Legitimate Interest,False,Referral,2024-10-21
C004649,A01455,Puk,Lundgren,puk.lundgren@read-butler.com,test,,United Kingdom,Legitimate Interest,False,Event,2025-07-12
C004650,A00390,Cora,Dawson,cora.dawson@smits.com,Data Engineering Manager,User,Ireland,Legitimate Interest,False,Content Download,2026-08-13
C004651,A00603,Janne,de Bruin,janne.de bruin@palmgren.com,Analytics Engineer,User,Netherlands,Legitimate Interest,False,Event,2025-09-18
C004652,A01789,Maren,Evans,maren.evans@huhn.com,Analytics Engineer,User,United States,,False,Content Download,2025-08-06
C004653,A00987,Anthony,Hanna,anthony.hanna@rehorst.com,Senior Data Engineer,User,United States,,False,Webinar,2026-09-30
C004654,A01753,Albert,Bolnbach,albert.bolnbach@garza.com,Data Engineering Manager,User,United States,,False,Paid Search,2025-10-08
C004655,A00702,Mathew,Stoll,mathew.stoll@garrett-barber.com,test,,United Kingdom,Legitimate Interest,False,Partner,2025-11-24
C004656,A00693,Paulina,Jakobsson,paulina.jakobsson@koninklijke.com,VP Data & Analytics,Economic Buyer,United Kingdom,Legitimate Interest,False,Referral,2025-07-25
C004657,A01050,Jeremy,Sundin,jeremy.sundin@reilly-rodriguez.com,Chief Information Officer,Economic Buyer,United States,,False,SDR Outbound,2026-08-12
C004658,A00344,Marion,Turner,marion.turner@olsson.com,Senior Data Engineer,User,United States,,False,Webinar,2023-10-12
C004659,A00444,Donald,King,donald.king@ehlert.com,Senior Data Engineer,User,United States,,False,Partner,2026-05-02
C004660,A00554,Karl-Dieter,Ferran,karl-dieter.ferran@boone-davis.com,Senior Data Engineer,User,United States,,False,Paid Search,2025-01-02
C004661,A01400,Heidelore,Smith,heidelore.smith@blair.com,VP Data & Analytics,Economic Buyer,United Kingdom,Legitimate Interest,False,Free Trial,2025-01-21
C004662,A00686,Magdalena,Evans,magdalena.evans@atos.com,Chief Data Officer,Economic Buyer,United States,,False,Free Trial,2025-01-25
C004663,A01647,Jose,Johansson,jose.johansson@finke.com,VP Data,Economic Buyer,United States,,False,Paid Search,2025-08-29
C004664,A01428,Tommy,Hamann,tommy.hamann@koninklijke.com,"Director, Data Engineering",Champion,United Kingdom,Legitimate Interest,False,Webinar,2025-09-27
C004665,A00319,Dennis,Roberts,dennis.roberts@veltman.com,VP Data,Economic Buyer,Canada,,False,Free Trial,2025-01-25
C004666,A01034,Mathias,Williams,mathias.williams@vilhelmsson.com,Chief Information Officer,Economic Buyer,Ireland,Legitimate Interest,False,Paid Search,2024-12-02
C004667,A00074,Teun,Palmer,teun.palmer@staude.com,intern,,Ireland,Legitimate Interest,False,Webinar,2024-12-24
C004668,A01124,Holly,Paffrath,holly.paffrath@royal.com,Chief Data Officer,Economic Buyer,United Kingdom,Legitimate Interest,False,Referral,2024-02-08
C004669,A01591,Brian,Jonsson,brian.jonsson@dippel.com,Analytics Engineer,User,Norway,Legitimate Interest,False,Content Download,2026-02-05
C004670,A00844,Graham,Haering,graham.haering@engie.com,Head of Data Engineering,Champion,United States,,False,Partner,2024-06-04
C004671,A01034,Christian,Mays,christian.mays@vilhelmsson.com,Senior Data Engineer,User,Ireland,Legitimate Interest,True,Partner,2025-12-09
C004672,A00304,Heribert,van Rheineck,heribert.van rheineck@asplund.com,Data Engineering Manager,User,United Kingdom,Legitimate Interest,False,Webinar,2026-04-30
C004673,A01978,Rikard,Landry,rikard.landry@ortmann.com,Head of Procurement,Blocker,Belgium,Legitimate Interest,False,Event,2025-11-12
C004674,A00584,Todd,Andreasson,todd.andreasson@richardson-baker.com,Data Engineering Manager,User,United States,,False,Content Download,2026-01-21
C004675,A01366,Dylan,Gilbert,dylan.gilbert@misicher.com,Head of Data Engineering,Champion,Belgium,Legitimate Interest,False,Webinar,2026-08-12
C004676,A00312,Fien,Hallgren,fien.hallgren@junken.com,DATA ENG,,United States,,False,Event,2023-11-17
C004677,A01600,Filippo,Wesack,filippo.wesack@watson.com,Head of Data Platform,Champion,United States,,False,SDR Outbound,2024-04-25
C004678,A00026,Michelle,Russell,michelle.russell@smith-spencer.com,Director of Data Platform,Champion,Norway,Legitimate Interest,False,Partner,2025-10-28
C004679,A00941,Emilia,Thomas,emilia.thomas@gutknecht.com,Analytics Engineer,User,Netherlands,Legitimate Interest,False,Content Download,2026-10-08
C004680,A00915,Maud,Magnusson,maud.magnusson@cook-hatfield.com,Chief Information Officer,Economic Buyer,Austria,Legitimate Interest,False,Partner,2026-08-17
C004681,A01679,Steven,Hesse,steven.hesse@striebitz.com,"Director, Data Engineering",Champion,United States,,False,Referral,2026-08-15
C004682,A00522,Diana,Brown,diana.brown@larsson.com,Head of Data Engineering,Champion,United States,,False,Referral,2025-12-15
C004683,A00394,Brian,Holloway,brian.holloway@zahn.com,Senior Data Engineer,User,Norway,Legitimate Interest,False,Paid Search,2025-02-07
C004684,A00992,Sebastian,Seifert,sebastian.seifert@cgi.com,Senior Data Engineer,User,Germany,,False,Event,2024-04-08
C004685,A00881,Sibylla,Leonard,sibylla.leonard@mitschke.com,VP Data,Economic Buyer,Norway,Legitimate Interest,False,Event,2025-05-14
C004686,A00744,Leslie,Weihmann,leslie.weihmann@yang.com,Head of Data Platform,Champion,United Kingdom,Legitimate Interest,False,Content Download,2026-02-28
C004687,A00154,Cody,Payne,cody.payne@dussen.com,Senior Data Engineer,User,United Kingdom,Legitimate Interest,False,Paid Search,2025-05-08
C004688,A00714,Wouter,Garcia,wouter.garcia@wheeler.com,Chief Information Officer,Economic Buyer,Sweden,Legitimate Interest,False,Content Download,2026-02-06
C004689,A01484,Jonathan,Larsson,jonathan.larsson@ljungberg.com,Senior Data Engineer,User,United States,,False,Free Trial,2025-12-03
C004690,A00514,Cody,van Brunswijk,cody.van brunswijk@jones.com,Head of Data Platform,Champion,Germany,Legitimate Interest,False,Partner,2026-07-29
C004691,A01152,Russell,Blomqvist,russell.blomqvist@van.com,-,,Norway,Legitimate Interest,False,SDR Outbound,2025-05-19
C004692,A01207,Barry,Bender,barry.bender@andersson.com,Senior Data Engineer,User,United States,,False,Free Trial,2024-03-03
C004693,A00482,Vickie,Taylor,vickie.taylor@fredriksson.com,Staff Data Engineer,User,Sweden,Legitimate Interest,False,SDR Outbound,2026-01-12
C004694,A01218,Erik,Parker,erik.parker@brooks.com,VP Data,Economic Buyer,United States,,False,Paid Search,2023-10-21
C004695,A00942,Imran,Davis,imran.davis@lange.com,Senior Data Engineer,User,Canada,,False,SDR Outbound,2025-04-12
C004696,A00040,Kajsa,Wilson,kajsa.wilson@jones-dobson.com,Head of Procurement,Blocker,Denmark,Legitimate Interest,False,Partner,2026-06-30
C004697,A00251,Douglas,Gustavsson,douglas.gustavsson@johansson.com,Head of Data Engineering,Champion,United States,,False,Event,2026-05-23
C004698,A01030,Beverley,Lee,beverley.lee@walker-lewis.com,Analytics Engineer,User,Norway,Legitimate Interest,False,Webinar,2026-10-07
C004699,A01124,Julie,Lewis,julie.lewis@royal.com,Head of Data Engineering,Champion,United Kingdom,Legitimate Interest,False,Referral,2026-07-12
C004700,A00839,Laura,Smith,laura.smith@evans.com,Data Engineering Manager,User,Austria,Legitimate Interest,False,Event,2026-02-13
C004701,A01304,Karl,Schuurmans,karl.schuurmans@duncan-williams.com,Analytics Engineer,User,Belgium,Legitimate Interest,False,Webinar,2026-06-24
C004702,A00677,Felix,Rogers,felix.rogers@schmidt.com,IT Security Manager,Blocker,Germany,Legitimate Interest,False,Event,2024-12-29
C004703,A01171,Peter,Schmidt,peter.schmidt@verbeeck.com,"Director, Data Engineering",Champion,Germany,Legitimate Interest,False,Content Download,2025-10-19
C004704,A01049,Thijn,Thompson,thijn.thompson@nyman.com,CISO,Blocker,Sweden,Legitimate Interest,False,Webinar,2026-09-01
C004705,A01412,Amanda,Louws,amanda.louws@ullrich.com,Head of Data Engineering,Champion,United States,,False,Content Download,2024-07-08
C004706,A00797,Halil,Blair,halil.blair@sandoval.com,Senior Data Engineer,User,United Kingdom,Legitimate Interest,False,Content Download,2026-03-23
C004707,A01104,Sofia,Williams,sofia.williams@schuurmans.com,VP Data & Analytics,Economic Buyer,Germany,Legitimate Interest,False,Partner,2026-06-28
C004708,A00260,Fleur,Persijn,fleur.persijn@gilbert-crosby.com,VP Data & Analytics,Economic Buyer,United States,,False,Free Trial,2025-06-15
C004709,A00226,Gesine,Larsson,gesine.larsson@burns.com,Head of Data Engineering,Champion,United States,,False,Referral,2025-01-18
C004710,A00006,Hans Dieter,Jonasson,hans dieter.jonasson@holm.com,Analytics Engineer,User,United States,,False,Paid Search,2025-09-23
C004711,A01145,Susan,Geerts,susan.geerts@hellgren.com,Head of Procurement,Blocker,Denmark,Legitimate Interest,False,Partner,2025-10-29
C004712,A00772,Heidi,Turner,heidi.turner@textor.com,Analytics Engineer,User,United Kingdom,Legitimate Interest,False,Content Download,2024-06-27
C004713,A00307,Rik,Rose,rik.rose@jensen.com,VP Data,Economic Buyer,United States,,False,Event,2026-09-04
C004714,A00521,Joseph,Kleijse,joseph.kleijse@anderson-perry.com,Head of Data Platform,Champion,Germany,Legitimate Interest,False,Paid Search,2026-09-16
C004715,A01207,Lilo,Carr,lilo.carr@andersson.com,Chief Data Officer,Economic Buyer,United States,,False,SDR Outbound,2026-05-20
C004716,A01360,Björn,van Beek,björn.van beek@moss.com,Analytics Engineer,User,Canada,,False,Free Trial,2025-09-13
C004717,A01526,Egon,Mühle,egon.mühle@dawson.com,VP Data,Economic Buyer,United States,,False,Content Download,2025-02-21
C004718,A00640,Heinz-Otto,Ahmed,heinz-otto.ahmed@karlsson.com,Analytics Engineer,User,United States,,False,Content Download,2026-09-08
C004719,A00769,Hedvig,Barber,hedvig.barber@dussen.com,Head of Data Platform,Champion,United States,,False,Paid Search,2024-10-14
C004720,A01919,Lize,Wieloch,lize.wieloch@hedberg.com,Director of Data Platform,Champion,United States,,False,Referral,2025-03-18
C004721,A00292,Thomas,Stahr,thomas.stahr@gomez-ortega.com,Staff Data Engineer,User,United States,,True,Free Trial,2025-08-01
C004722,A01733,Declan,Moore,declan.moore@fredriksson.com,Data Engineering Manager,User,United States,,False,Partner,2024-10-23
C004723,A01742,Hamza,Larsson,hamza.larsson@royal.com,Chief Information Officer,Economic Buyer,United States,,False,Partner,2025-08-09
C004724,A00376,Karen,Dyer,karen.dyer@singh.com,Head of Data Engineering,Champion,Germany,Legitimate Interest,False,Paid Search,2025-12-24
C004725,A01971,Lindsey,van Verdun,lindsey.van verdun@black-lee.com,Chief Data Officer,Economic Buyer,United States,,False,Free Trial,2026-08-11
C004726,A01104,Gert,Morgan,gert.morgan@schuurmans.com,Staff Data Engineer,User,Germany,Legitimate Interest,False,SDR Outbound,2026-07-12
C004727,A00455,Eric,van Bergen,eric.van bergen@kobelt.com,Head of Data Engineering,Champion,United States,,False,Partner,2025-12-01
C004728,A00695,Kayleigh,Svensson,kayleigh.svensson@davis.com,Staff Data Engineer,User,United Kingdom,,False,Webinar,2026-03-07
C004729,A00037,Jörg,Singh,jörg.singh@williams.com,VP Data & Analytics,Economic Buyer,United States,,False,Webinar,2026-01-09
C004730,A01987,Salvatore,Hansson,salvatore.hansson@neureuther.com,Head of Data Engineering,Champion,Netherlands,Legitimate Interest,False,Paid Search,2026-08-19
C004731,A00732,Loek,Andersson,loek.andersson@smith.com,Data Engineering Manager,User,United Kingdom,Legitimate Interest,False,Free Trial,2025-04-22
C004732,A00119,Phillip,Borg,phillip.borg@royal.com,VP Data & Analytics,Economic Buyer,United States,,False,SDR Outbound,2025-07-23
C004733,A01178,Torbjörn,Richards,torbjörn.richards@williams.com,"Director, Data Engineering",Champion,United States,,False,SDR Outbound,2026-07-17
C004734,A01521,Kristina,Perry,kristina.perry@atzler.com,IT Security Manager,Blocker,Sweden,Legitimate Interest,False,SDR Outbound,2025-11-12
C004735,A00164,Natalja,Davies,natalja.davies@naser.com,Data Engineering Manager,User,United States,,False,Event,2025-04-05
C004736,A00814,Christer,van den Bergh,christer.van den bergh@stichting.com,CISO,Blocker,Belgium,Legitimate Interest,False,Partner,2026-02-14
C004737,A01446,Annette,Freshour,annette.freshour@koninklijke.com,VP Data,Economic Buyer,Germany,Legitimate Interest,False,Webinar,2024-11-11
C004738,A01233,John,Meis,john.meis@phillips.com,Head of Data Engineering,Champion,United States,,False,Free Trial,2026-07-20
C004739,A01660,Hendrik,Cornelisz,hendrik.cornelisz@sundberg.com,Analytics Engineer,User,Belgium,Legitimate Interest,True,Paid Search,2025-08-01
C004740,A01756,Jaylinn,Russell,jaylinn.russell@killer.com,Staff Data Engineer,User,Canada,,False,Webinar,2026-07-28
C004741,A00869,Sherry,Reising,sherry.reising@morris.com,Senior Data Engineer,User,Canada,,False,Content Download,2025-04-08
C004742,A00160,Rolf,Berendse,rolf.berendse@trommler.com,DATA ENG,,United States,,False,Referral,2025-09-22
C004743,A00650,Martina,Schellekens,martina.schellekens@mahieu.com,VP Data & Analytics,Economic Buyer,United Kingdom,Legitimate Interest,False,Paid Search,2026-01-31
C004744,A01700,Jan,Robinson,jan.robinson@olsen.com,Analytics Engineer,User,Netherlands,Legitimate Interest,False,Event,2026-08-11
C004745,A00707,Rocco,Wright,rocco.wright@van.com,Senior Data Engineer,User,Austria,Legitimate Interest,False,Webinar,2026-06-18
C004746,A01509,Liesel,de Strigter,liesel.de strigter@hunter.com,N/A,,Germany,Legitimate Interest,False,Content Download,2026-02-26
C004747,A00444,Brandon,Fechner,brandon.fechner@ehlert.com,"Director, Data Engineering",Champion,United States,,False,Content Download,2025-09-17
C004748,A01163,Viola,McCarthy,viola.mccarthy@sosa.com,Head of Data Platform,Champion,United States,,False,Webinar,2026-08-30
C004749,A00698,Moritz,Mathurin,moritz.mathurin@shell.com,Head of Procurement,Blocker,United Kingdom,,False,SDR Outbound,2026-08-12
C004750,A01114,June,Stevens,june.stevens@powell.com,"Director, Data Engineering",Champion,Switzerland,Legitimate Interest,False,Paid Search,2026-09-08
C004751,A00175,Maria,Lundberg,maria.lundberg@otto.com,Director of Data Platform,Champion,Austria,Legitimate Interest,False,Referral,2025-09-24
C004752,A01781,Aleksandar,Byrne,aleksandar.byrne@holmes-smith.com,Data Engineering Manager,User,United States,,False,Event,2025-10-30
C004753,A01368,Kenneth,Holder,kenneth.holder@johansson.com,CISO,Blocker,United States,,False,Webinar,2026-03-14
C004754,A00592,Hunter,de Heer,hunter.de heer@mcfarland.com,Head of Data Engineering,Champion,Germany,Legitimate Interest,False,Event,2025-01-30
C004755,A01110,Caroline,Freshour,caroline.freshour@hakker.com,Manager,,United States,,False,Referral,2026-08-17
C004756,A00025,Reza,Jenkins,reza.jenkins@post.com,Head of Data Engineering,Champion,United States,,False,Content Download,2025-04-13
C004757,A00688,Johan,Hartmann,johan.hartmann@koch.com,Head of Procurement,Blocker,United Kingdom,Legitimate Interest,False,Content Download,2026-01-01
C004758,A01755,Emanuel,Blanchard,emanuel.blanchard@dietz.com,Senior Data Engineer,User,United States,,False,Webinar,2026-06-15
C004759,A01050,Geoffrey,Andersson,geoffrey.andersson@reilly-rodriguez.com,intern,,United States,,False,Webinar,2026-08-10
C004760,A00580,Liza,Swift,liza.swift@bell.com,Data Engineering Manager,User,Ireland,Legitimate Interest,False,Partner,2026-09-22
C004761,A01209,Janin,Andersson,janin.andersson@blixt.com,Staff Data Engineer,User,Ireland,Legitimate Interest,False,Content Download,2025-07-23
C004762,A00285,James,Dixon,james.dixon@price-wilson.com,Senior Data Engineer,User,Switzerland,Legitimate Interest,False,SDR Outbound,2026-07-03
C004763,A00377,Heinz-Georg,van Berkum,heinz-georg.van berkum@jacobi.com,IT Security Manager,Blocker,United States,,False,Paid Search,2026-08-06
C004764,A01569,Imke,Andrews,imke.andrews@brisee.com,Senior Data Engineer,User,United States,,False,Event,2025-03-10
C004765,A00305,Antje,Campbell,antje.campbell@melander.com,Data Engineering Manager,User,United Kingdom,Legitimate Interest,False,SDR Outbound,2026-08-23
C004766,A01579,Anna,Cichorius,anna.cichorius@hardy.com,VP Data,Economic Buyer,United Kingdom,Legitimate Interest,False,Partner,2024-07-31
C004767,A00659,Stephanie,van Venrooy,stephanie.van venrooy@asplund.com,Senior Data Engineer,User,United Kingdom,Legitimate Interest,False,Content Download,2025-06-13
C004768,A00297,Jim,Mcknight,jim.mcknight@hecker.com,Data Engineering Manager,User,United States,,False,Paid Search,2026-08-11
C004769,A00408,Dan,Arts,dan.arts@owen.com,Staff Data Engineer,User,United Kingdom,Legitimate Interest,False,Paid Search,2025-09-29
C004770,A01906,Claire,Malm,claire.malm@campbell.com,VP Data,Economic Buyer,United States,,False,Referral,2026-06-09
C004771,A00755,Kelsey,Allison,kelsey.allison@chan-page.com,Analytics Engineer,User,United States,,False,Content Download,2026-04-06
C004772,A00465,Ian,Hill,ian.hill@kallert.com,Head of Data Engineering,Champion,United States,,False,Referral,2023-12-27
C004773,A00348,Nadine,Hendrikse,nadine.hendrikse@sölzer.com,VP Data,Economic Buyer,Sweden,Legitimate Interest,False,Partner,2026-09-09
C004774,A00786,Sara,Östman,sara.östman@gotthard.com,IT Security Manager,Blocker,Netherlands,Legitimate Interest,False,Paid Search,2026-10-06
C004775,A01548,Nancy,Andersson,nancy.andersson@naylor.com,Head of Data Engineering,Champion,United States,,False,SDR Outbound,2026-06-21
C004776,A01048,Friedrich-Karl,Blevins,friedrich-karl.blevins@nunez-nichols.com,Data Engineering Manager,User,United States,,False,Partner,2026-05-19
C004777,A01867,Garry,Stenlund,garry.stenlund@booker-douglas.com,Data Engineering Manager,User,United Kingdom,Legitimate Interest,False,Content Download,2026-01-02
C004778,A00428,Lars,Forsberg,lars.forsberg@hoelen.com,ceo ,,Ireland,Legitimate Interest,False,Referral,2025-11-04
C004779,A01869,Darren,Newton,darren.newton@roberts.com,Head of Data Engineering,Champion,United States,,False,Free Trial,2026-04-12
C004780,A00837,Ronald,Gerrits,ronald.gerrits@magnusson.com,VP Data,Economic Buyer,United States,,False,SDR Outbound,2026-06-16
C004781,A00368,Mia,Bengtsson,mia.bengtsson@velasquez.com,Staff Data Engineer,User,United States,,False,Referral,2026-09-10
C004782,A00717,Patric,Nguyen,patric.nguyen@foster.com,N/A,,United States,,False,Paid Search,2023-09-02
C004783,A00068,Dylano,Gibbs,dylano.gibbs@fowler.com,Chief Data Officer,Economic Buyer,Germany,Legitimate Interest,False,Event,2025-05-24
C004784,A00612,James,Gill,james.gill@lennartsson.com,IT Security Manager,Blocker,Denmark,Legitimate Interest,False,Paid Search,2024-02-09
C004785,A00502,Brandi,Bachmann,brandi.bachmann@rosenow.com,Staff Data Engineer,User,United Kingdom,Legitimate Interest,False,Event,2025-10-21
C004786,A01545,Leon,Adryaens,leon.adryaens@jähn.com,Head of Data Engineering,Champion,United States,,False,Referral,2026-09-19
C004787,A01192,Maria,Persson,maria.persson@hart.com,ceo ,,Denmark,Legitimate Interest,True,Paid Search,2026-09-07
C004788,A00982,Keith,Anderson,keith.anderson@malone.com,Data Engineering Manager,User,Canada,,True,Event,2024-09-02
C004789,A00273,Thomas,Junck,thomas.junck@alexandersson.com,Senior Data Engineer,User,Norway,Legitimate Interest,False,Partner,2026-03-19
C004790,A01609,Danielle,Barton,danielle.barton@huisman.com,Chief Information Officer,Economic Buyer,United States,,False,Event,2025-06-08
C004791,A00580,Jan-Åke,van Ooste,jan-åke.van ooste@bell.com,Head of Data Platform,Champion,Ireland,Legitimate Interest,False,Content Download,2026-04-27
C004792,A01572,Olof,Spanhaak,olof.spanhaak@goddard.com,Head of Data Platform,Champion,Sweden,Legitimate Interest,False,Paid Search,2025-04-07
C004793,A00706,Jonas,Andersson,jonas.andersson@dominguez.com,Head of Data Platform,Champion,Canada,,False,Free Trial,2025-08-23
C004794,A00559,Laila,Johnson,laila.johnson@key.com,Senior Data Engineer,User,United States,,False,Paid Search,2025-12-05
C004795,A01104,Michael,Westerberg,michael.westerberg@schuurmans.com,Staff Data Engineer,User,Germany,Legitimate Interest,False,Event,2023-10-10
C004796,A00093,Gijs,Östlund,gijs.östlund@lövgren.com,Chief Information Officer,Economic Buyer,Ireland,Legitimate Interest,False,SDR Outbound,2026-07-17
C004797,A01138,Frederick,Baldwin,frederick.baldwin@begum.com,Head of Data Engineering,Champion,United States,,False,Partner,2026-02-19
C004798,A01347,Philomena,Jones,philomena.jones@koninklijke.com,Head of Procurement,Blocker,United States,,True,Event,2025-11-03
C004799,A00139,Jake,Harloff,jake.harloff@van.com,DATA ENG,,United States,,False,Content Download,2025-08-17
C004800,A00332,Bernd-Dieter,van Doorn,bernd-dieter.van doorn@sandd.com,Head of Data Platform,Champion,United States,,False,Referral,2026-10-03
C004801,A01157,Charlotte,Russell,charlotte.russell@röhrdanz.com,Senior Data Engineer,User,Belgium,Legitimate Interest,False,Referral,2026-07-28
C004802,A00672,Margaretha,Kallert,margaretha.kallert@näslund.com,Director of Data Platform,Champion,Sweden,Legitimate Interest,True,Partner,2025-09-29
C004803,A01760,Brandon,Reed,brandon.reed@nguyen.com,VP Data & Analytics,Economic Buyer,United States,,False,Partner,2025-12-22
C004804,A00630,Lana,Bruder,lana.bruder@davison.com,Analytics Engineer,User,United States,,True,Webinar,2024-10-22
C004805,A00169,Don,Holzapfel,don.holzapfel@olsson.com,Chief Information Officer,Economic Buyer,Denmark,Legitimate Interest,False,Partner,2026-06-21
C004806,A01402,Juliette,Villa,juliette.villa@ruppert.com,Data Engineering Manager,User,Canada,,True,SDR Outbound,2024-03-30
C004807,A00961,Elise,Lindgren,elise.lindgren@olsson.com,Head of Data Platform,Champion,United States,,False,Event,2025-10-16
C004808,A01432,Lars,Svahn,lars.svahn@hansson.com,intern,,United States,,False,SDR Outbound,2025-06-26
C004809,A01073,Slavko,Schroeff,slavko.schroeff@pettersson.com,Senior Data Engineer,User,United States,,False,Content Download,2025-01-17
C004810,A00355,Birgitta,Engström,birgitta.engström@pettersson.com,intern,,Germany,Legitimate Interest,False,Content Download,2026-04-13
C004811,A01216,Anthony,Garza,anthony.garza@stedin.com,CISO,Blocker,United States,,False,Content Download,2024-08-19
C004812,A01318,Stjepan,Werdes,stjepan.werdes@cole-johnson.com,Chief Information Officer,Economic Buyer,United States,,False,Partner,2026-04-03
C004813,A01468,Julian,Knappe,julian.knappe@guerrero.com,Staff Data Engineer,User,United States,,False,Paid Search,2026-02-13
C004814,A01620,Lennart,Barton,lennart.barton@holmberg.com,Staff Data Engineer,User,Canada,,False,Partner,2026-08-09
C004815,A00629,Lucy,Bryant,lucy.bryant@herrmann.com,VP Data,Economic Buyer,Canada,,False,Free Trial,2025-05-10
C004816,A00956,Seth,Carter,seth.carter@kpn.com,Chief Information Officer,Economic Buyer,United States,,False,Event,2024-07-20
C004817,A00523,Roy,Bauer,roy.bauer@scott-smith.com,Staff Data Engineer,User,United States,,False,Event,2024-02-26
C004818,A01372,Ralph,Alvarez,ralph.alvarez@stenström.com,CISO,Blocker,United States,,False,Event,2026-03-22
C004819,A01612,Christopher,Dörschner,christopher.dörschner@van.com,Head of Data Platform,Champion,United States,,False,Event,2026-05-22
C004820,A00181,Christopher,van de Pol,christopher.van de pol@reuter.com,Senior Data Engineer,User,United States,,False,Event,2025-06-23
C004821,A01873,Nina,Smith,nina.smith@marsh-kirby.com,Head of Procurement,Blocker,Sweden,Legitimate Interest,False,Event,2025-10-25
C004822,A01251,Stig,Mcdowell,stig.mcdowell@nyström.com,"Director, Data Engineering",Champion,United States,,False,Referral,2026-10-04
C004823,A00532,Tanya,ter Waarbeek,tanya.ter waarbeek@nilsson.com,Staff Data Engineer,User,Sweden,Legitimate Interest,False,Event,2025-12-17
C004824,A01044,Christina,Werner,christina.werner@thompson.com,Data Engineering Manager,User,United States,,False,Webinar,2026-06-16
C004825,A01714,Todd,Blomqvist,todd.blomqvist@wende.com,"Director, Data Engineering",Champion,United States,,False,SDR Outbound,2025-01-04
C004826,A01750,Sil,Lucas,sil.lucas@jonsson.com,"Director, Data Engineering",Champion,Switzerland,Legitimate Interest,False,Content Download,2026-09-05
C004827,A01740,David,Davidson,david.davidson@bengtsson.com,"Director, Data Engineering",Champion,United States,,False,Webinar,2026-06-17
C004828,A01986,Lynn,Farrell,lynn.farrell@hernandez.com,Senior Data Engineer,User,United States,,False,Paid Search,2024-01-31
C004829,A01934,Gunnar,Herrera,gunnar.herrera@gruijl.com,Senior Data Engineer,User,Austria,Legitimate Interest,False,Paid Search,2026-05-09
C004830,A01850,Nick,Carey,nick.carey@totwiller.com,Analytics Engineer,User,Ireland,Legitimate Interest,False,Content Download,2026-06-08
C004831,A01687,Edeltraut,Linder,edeltraut.linder@landström.com,IT Security Manager,Blocker,United Kingdom,Legitimate Interest,False,Webinar,2026-03-25
C004832,A00263,Aaron,Williams,aaron.williams@striebitz.com,Analytics Engineer,User,Germany,Legitimate Interest,False,Event,2026-04-02
C004833,A01624,Kjell,Persson,kjell.persson@paffrath.com,-,,United States,,False,Content Download,2024-06-19
C004834,A00226,Christine,Bush,christine.bush@burns.com,Analytics Engineer,User,United States,,False,Content Download,2025-09-17
C004835,A00825,Denis,Mckenzie,denis.mckenzie@cruz.com,Director of Data Platform,Champion,Germany,Legitimate Interest,False,Content Download,2025-08-21
C004836,A00872,Hans-Karl,Zahn,hans-karl.zahn@taylor.com,Staff Data Engineer,User,Germany,Legitimate Interest,False,Referral,2026-07-04
C004837,A01468,Silke,O'Brien,silke.o'brien@guerrero.com,"Director, Data Engineering",Champion,United States,,False,Referral,2026-06-19
C004838,A01890,Cecilia,Moody,cecilia.moody@bergman.com,Staff Data Engineer,User,Norway,Legitimate Interest,False,Referral,2026-09-20
C004839,A00171,Maxim,Bowman,maxim.bowman@gustavsson.com,VP Data,Economic Buyer,Denmark,Legitimate Interest,False,Webinar,2025-07-17
C004840,A00443,Valerie,Brisee,valerie.brisee@juncken.com,Chief Data Officer,Economic Buyer,Netherlands,Legitimate Interest,False,Referral,2024-11-25
C004841,A00593,Karin,Eriksson,karin.eriksson@matthews.com,ceo ,,United States,,False,Free Trial,2026-04-19
C004842,A01474,Sheila,York,sheila.york@warner.com,Staff Data Engineer,User,United States,,False,Event,2025-08-28
C004843,A00862,Patty,Howell,patty.howell@dean.com,Analytics Engineer,User,Denmark,Legitimate Interest,False,Content Download,2026-01-20
C004844,A01714,Imre,Buchholz,imre.buchholz@wende.com,Director of Data Platform,Champion,United States,,False,Free Trial,2026-03-07
C004845,A00224,Michael,Fitzgerald,michael.fitzgerald@weinhold.com,Senior Data Engineer,User,United States,,False,Partner,2026-06-03
C004846,A01243,Karin,Spears,karin.spears@geisel.com,Staff Data Engineer,User,Denmark,Legitimate Interest,False,Event,2024-06-06
C004847,A01932,Kenneth,van 't Houteveen,kenneth.van 't houteveen@stumpf.com,Staff Data Engineer,User,Belgium,Legitimate Interest,False,Paid Search,2026-04-02
C004848,A01445,Max,Walton,max.walton@anderson.com,Analytics Engineer,User,United States,,False,Referral,2026-07-17
C004849,A00089,Graham,Melander,graham.melander@marklund.com,CISO,Blocker,United States,,False,Partner,2026-10-03
C004850,A01073,Johan,Mulders,johan.mulders@pettersson.com,Staff Data Engineer,User,United States,,False,SDR Outbound,2024-04-12
C004851,A01016,Alena,Lundin,alena.lundin@bloch.com,IT Security Manager,Blocker,Switzerland,Legitimate Interest,True,Event,2025-12-02
C004852,A00235,Emily,Hall,emily.hall@stichting.com,Head of Data Platform,Champion,United States,,False,Content Download,2025-05-16
C004853,A01361,Kerstin,Gibson,kerstin.gibson@lennartsson.com,Analytics Engineer,User,United Kingdom,Legitimate Interest,False,Partner,2025-07-28
C004854,A00129,Ingrid,Prinsen,ingrid.prinsen@johansson.com,Director of Data Platform,Champion,United States,,False,Content Download,2026-09-22
C004855,A01380,Sophie,Lilja,sophie.lilja@royal.com,Head of Data Platform,Champion,United States,,False,Referral,2026-06-12
C004856,A00318,Margaretha,Rohleder,margaretha.rohleder@nilsson.com,x,,United States,,False,Paid Search,2026-02-24
C004857,A01331,Vera,Nohlmans,vera.nohlmans@kreusel.com,Data Engineering Manager,User,United States,,True,Partner,2025-03-16
C004858,A00645,Deborah,Gustavsson,deborah.gustavsson@stichting.com,Head of Procurement,Blocker,Germany,Legitimate Interest,False,SDR Outbound,2026-08-14
C004859,A00772,Amy,Gotthard,amy.gotthard@textor.com,Staff Data Engineer,User,United Kingdom,Legitimate Interest,False,Referral,2024-07-25
C004860,A00613,Marja,Flowers,marja.flowers@jans.com,DATA ENG,,United States,,False,Partner,2025-12-28
C004861,A01166,Susanne,Lundgren,susanne.lundgren@van.com,Staff Data Engineer,User,United States,,False,Content Download,2024-02-01
C004862,A00694,Oscar,Reynolds,oscar.reynolds@rust.com,Staff Data Engineer,User,Germany,Legitimate Interest,False,SDR Outbound,2024-10-12
C004863,A01445,Samuel,Dircken,samuel.dircken@anderson.com,Manager,,United States,,False,SDR Outbound,2024-11-30
C004864,A01610,Paul,van Laarhoven,paul.van laarhoven@seifert.com,N/A,,Germany,Legitimate Interest,False,Content Download,2025-12-09
C004865,A01750,Donald,Scharroo,donald.scharroo@jonsson.com,Analytics Engineer,User,Switzerland,Legitimate Interest,False,Partner,2026-08-20
C004866,A00711,Till,Miller,till.miller@ahlqvist.com,Chief Information Officer,Economic Buyer,United States,,False,Free Trial,2023-08-13
C004867,A00455,Friedrich,van Baalen,friedrich.van baalen@kobelt.com,Data Engineering Manager,User,United States,,False,Referral,2026-08-11
C004868,A01407,Sara,Doornhem,sara.doornhem@charles.com,Head of Data Platform,Champion,United Kingdom,Legitimate Interest,False,Free Trial,2026-05-20
C004869,A01500,Cäcilie,Andersson,cäcilie.andersson@washington-martinez.com,Senior Data Engineer,User,Belgium,Legitimate Interest,False,Free Trial,2024-10-15
C004870,A01848,Heinz-Walter,Hunt,heinz-walter.hunt@holzapfel.com,Head of Procurement,Blocker,Germany,Legitimate Interest,False,SDR Outbound,2026-07-09
C004871,A00146,Catherine,Knuf,catherine.knuf@karge.com,Analytics Engineer,User,United States,,False,Partner,2023-11-03
C004872,A01052,Margareta,Heuser,margareta.heuser@kranz.com,Chief Data Officer,Economic Buyer,United States,,False,Referral,2026-10-03
C004873,A01697,Vassilios,Lamotte,vassilios.lamotte@koninklijke.com,VP Data,Economic Buyer,United States,,False,Referral,2024-02-16
C004874,A00288,Madeleine,Schmidt,madeleine.schmidt@striebitz.com,Chief Data Officer,Economic Buyer,Germany,Legitimate Interest,False,Content Download,2026-06-27
C004875,A00065,Cameron,Hutchinson,cameron.hutchinson@schweitzer.com,VP Data,Economic Buyer,United States,,False,Referral,2026-09-12
C004876,A00166,Phillip,Peukert,phillip.peukert@morales.com,"Director, Data Engineering",Champion,United States,,False,Webinar,2025-02-16
C004877,A01935,Katie,Budig,katie.budig@petersen.com,Senior Data Engineer,User,United States,,False,Event,2026-01-26
C004878,A00456,Josephine,Brookes,josephine.brookes@hoffman.com,Analytics Engineer,User,United States,,False,Event,2024-12-16
C004879,A01387,Miroslav,Hewitt,miroslav.hewitt@larsson.com,Data Engineering Manager,User,United States,,False,Content Download,2025-08-16
C004880,A00369,Esmée,Murphy,esmée.murphy@brown-shaw.com,CISO,Blocker,United States,,False,Event,2025-06-29
C004881,A00562,Mahmoud,Schrik,mahmoud.schrik@heß.com,"Director, Data Engineering",Champion,Germany,Legitimate Interest,False,Event,2026-01-07
C004882,A01076,Rebecca,Kuipers,rebecca.kuipers@riley.com,Analytics Engineer,User,Germany,Legitimate Interest,False,Event,2026-01-19
C004883,A01842,Demi,Becht,demi.becht@wagner-james.com,Senior Data Engineer,User,United States,,False,Paid Search,2026-07-24
C004884,A00703,Ricky,Connolly,ricky.connolly@lynch-campbell.com,Senior Data Engineer,User,United States,,False,Free Trial,2026-02-15
C004885,A01395,John,Morton,john.morton@kramer.com,Analytics Engineer,User,Denmark,Legitimate Interest,False,Content Download,2024-01-23
C004886,A00060,Jasmine,Steuer,jasmine.steuer@franzén.com,Data Engineering Manager,User,Canada,,False,Partner,2025-12-08
C004887,A00375,Leif,Begum,leif.begum@smith.com,Analytics Engineer,User,United States,,False,Referral,2026-08-27
C004888,A00882,Marco,Svensson,marco.svensson@johnson.com,Analytics Engineer,User,United States,,False,Partner,2026-07-08
C004889,A00896,Judith,Nijman,judith.nijman@fischer.com,Senior Data Engineer,User,United States,,False,Webinar,2026-05-15
C004890,A00910,Joshua,Butler,joshua.butler@andersson.com,Data Engineering Manager,User,Denmark,Legitimate Interest,False,Event,2026-01-05
C004891,A00106,Joey,Lindgren,joey.lindgren@smith.com,intern,,Germany,Legitimate Interest,False,Partner,2026-08-25
C004892,A01454,Jason,Washington,jason.washington@rodriguez-mendoza.com,N/A,,Switzerland,Legitimate Interest,False,Webinar,2025-09-05
C004893,A00758,Grace,Norton,grace.norton@smith-sandoval.com,Data Engineering Manager,User,United States,,False,Content Download,2026-05-04
C004894,A00254,Kevin,van Loon,kevin.van loon@svanberg.com,data guy,,United States,,False,Webinar,2026-05-02
C004895,A01254,Pia,Howe,pia.howe@royal.com,IT Security Manager,Blocker,Germany,Legitimate Interest,False,Referral,2026-07-29
C004896,A00260,Hedwig,Wright,hedwig.wright@gilbert-crosby.com,Analytics Engineer,User,United States,,False,Event,2026-08-09
C004897,A01377,Ryan,Eliasson,ryan.eliasson@kriens.com,"Director, Data Engineering",Champion,Germany,Legitimate Interest,False,Referral,2026-08-09
C004898,A01854,Randy,Little,randy.little@enexis.com,"Director, Data Engineering",Champion,United Kingdom,Legitimate Interest,False,Event,2024-05-06
C004899,A00994,Teresa,Combs,teresa.combs@pettersson.com,"Director, Data Engineering",Champion,United States,,False,Webinar,2025-10-23
C004900,A01631,Gunnar,Turner,gunnar.turner@clark-kennedy.com,Staff Data Engineer,User,Switzerland,,False,Content Download,2024-07-12
C004901,A01519,Ahmet,Hayes,ahmet.hayes@johansson.com,Staff Data Engineer,User,Canada,,False,SDR Outbound,2024-06-24
C004902,A00127,Duuk,Andersson,duuk.andersson@williams.com,Chief Data Officer,Economic Buyer,Belgium,Legitimate Interest,False,SDR Outbound,2026-03-12
C004903,A01823,Jonas,Kelly,jonas.kelly@ali.com,Senior Data Engineer,User,United States,,False,Content Download,2026-06-26
C004904,A01738,Johan,Juhlin,johan.juhlin@gregory-stanton.com,Data Engineering Manager,User,Belgium,Legitimate Interest,False,Webinar,2025-06-27
C004905,A00502,Björn,Lucas,björn.lucas@rosenow.com,Manager,,United Kingdom,Legitimate Interest,False,Free Trial,2025-11-23
C004906,A01011,Lindsey,Lundqvist,lindsey.lundqvist@marshall.com,Analytics Engineer,User,United Kingdom,Legitimate Interest,True,Paid Search,2026-09-30
C004907,A01350,Dylano,Jones,dylano.jones@eriksson.com,Head of Data Engineering,Champion,Canada,,False,SDR Outbound,2025-11-27
C004908,A00139,Maurice,Schouten,maurice.schouten@van.com,Analytics Engineer,User,United States,,False,Referral,2025-06-24
C004909,A01640,Casper,Nordqvist,casper.nordqvist@patel-barber.com,CISO,Blocker,Denmark,Legitimate Interest,False,Referral,2024-11-30
C004910,A01020,Wibke,Gustavsson,wibke.gustavsson@gierschner.com,Senior Data Engineer,User,United States,,False,Referral,2024-07-31
C004911,A01988,Elisa,Persson,elisa.persson@leonard.com,Senior Data Engineer,User,United States,,False,Referral,2025-01-08
C004912,A00323,Julian,Mitchell,julian.mitchell@kade.com,Senior Data Engineer,User,Belgium,Legitimate Interest,False,Paid Search,2023-12-03
C004913,A00888,Ivonne,Khan,ivonne.khan@buck-holland.com,Head of Data Engineering,Champion,United Kingdom,Legitimate Interest,False,Referral,2026-05-12
C004914,A01984,Jake,van Metz,jake.van metz@svensson.com,Data Engineering Manager,User,Netherlands,Legitimate Interest,False,Referral,2026-01-03
C004915,A01443,Sarah,Olofsson,sarah.olofsson@andersson.com,Chief Data Officer,Economic Buyer,Germany,Legitimate Interest,False,Content Download,2026-04-26
C004916,A00587,Maximilian,Slagmolen,maximilian.slagmolen@bruce-newman.com,N/A,,United States,,False,Webinar,2026-08-23
C004917,A00364,Kim,Henschel,kim.henschel@sjöberg.com,Head of Data Platform,Champion,Belgium,Legitimate Interest,True,SDR Outbound,2026-05-18
C004918,A00468,Ali,Mendez,ali.mendez@silva-robles.com,Chief Information Officer,Economic Buyer,United States,,False,Free Trial,2025-10-10
C004919,A01265,Hans-Otto,Nilsson,hans-otto.nilsson@higgins.com,VP Data & Analytics,Economic Buyer,United States,,False,Content Download,2024-11-02
C004920,A01897,Samantha,van Wessex,samantha.van wessex@jackson.com,Head of Data Engineering,Champion,Germany,Legitimate Interest,False,Referral,2025-04-16
C004921,A01404,Yfke,van Dalem,yfke.van dalem@lundberg.com,Chief Data Officer,Economic Buyer,Austria,Legitimate Interest,False,SDR Outbound,2024-10-07
C004922,A00285,Boris,Gierschner,boris.gierschner@price-wilson.com,Head of Data Engineering,Champion,Switzerland,Legitimate Interest,False,Paid Search,2026-03-08
C004923,A00774,Hailey,Dirksen,hailey.dirksen@ellis.com,Analytics Engineer,User,Austria,Legitimate Interest,False,Free Trial,2024-12-03
C004924,A01619,Richard,Bäckström,richard.bäckström@reyes.com,Data Engineering Manager,User,United States,,False,Paid Search,2026-04-27
C004925,A00022,Lori,Müller,lori.müller@forsgren.com,-,,Canada,,False,Referral,2026-04-30
C004926,A01923,Bernt,Robles,bernt.robles@kuilenburg.com,Staff Data Engineer,User,United States,,False,Partner,2026-10-04
C004927,A00078,Birger,Smith,birger.smith@brown.com,Head of Procurement,Blocker,Norway,Legitimate Interest,False,Partner,2025-05-27
C004928,A01248,Peter,Mohamed,peter.mohamed@svensson.com,Head of Data Platform,Champion,United States,,False,Content Download,2026-04-13
C004929,A01190,Ayden,van Ooyen,ayden.van ooyen@rfs.com,Senior Data Engineer,User,United States,,False,Content Download,2026-05-17
C004930,A01698,Joël,Henschel,joël.henschel@ball-anderson.com,Staff Data Engineer,User,Denmark,Legitimate Interest,False,Referral,2026-09-22
C004931,A01111,Derek,Richardson,derek.richardson@taylor.com,test,,United Kingdom,Legitimate Interest,False,Webinar,2026-08-12
C004932,A00451,Amber,Brännström,amber.brännström@wagner-levy.com,Senior Data Engineer,User,Germany,Legitimate Interest,False,Content Download,2026-09-27
C004933,A00245,Gemma,Nilsson,gemma.nilsson@marchal.com,Senior Data Engineer,User,United Kingdom,Legitimate Interest,False,Partner,2026-06-04
C004934,A01519,Olof,Walker,olof.walker@johansson.com,Chief Data Officer,Economic Buyer,Canada,,False,Partner,2025-01-28
C004935,A00237,Christopher,Butler,christopher.butler@lidström.com,CISO,Blocker,Sweden,Legitimate Interest,False,Free Trial,2026-07-22
C004936,A00633,Daniel,Johnson,daniel.johnson@lundh.com,Staff Data Engineer,User,United States,,False,Partner,2025-09-14
C004937,A01226,Sandra,Wirth,sandra.wirth@brown-parker.com,intern,,United Kingdom,Legitimate Interest,False,Content Download,2025-08-30
C004938,A00359,Shirley,Larsson,shirley.larsson@morrison-mitchell.com,Analytics Engineer,User,Ireland,,False,Free Trial,2026-06-06
C004939,A01289,Norman,Clark,norman.clark@svensson.com,Senior Data Engineer,User,United States,,False,SDR Outbound,2025-02-01
C004940,A00484,Tadeusz,Scheuermann,tadeusz.scheuermann@moses-miller.com,Senior Data Engineer,User,Netherlands,,False,Event,2026-06-01
C004941,A00957,Margit,Melet,margit.melet@stumpf.com,Staff Data Engineer,User,United States,,False,Webinar,2025-12-18
C004942,A00173,Catherine,Nilsson,catherine.nilsson@tucker.com,Staff Data Engineer,User,United States,,False,Webinar,2026-01-14
C004943,A01352,Travis,Eklund,travis.eklund@van.com,Chief Data Officer,Economic Buyer,United States,,False,SDR Outbound,2025-07-11
C004944,A01562,Stan,Roskoth,stan.roskoth@wilson.com,IT Security Manager,Blocker,Canada,,False,Referral,2026-10-01
C004945,A01516,Nicole,Häring,nicole.häring@hardin.com,Chief Data Officer,Economic Buyer,Netherlands,Legitimate Interest,False,Paid Search,2026-06-10
C004946,A01480,Filip,Garcia,filip.garcia@brown.com,"Director, Data Engineering",Champion,United Kingdom,Legitimate Interest,False,Paid Search,2026-09-19
C004947,A01974,Giuseppina,Olsen,giuseppina.olsen@coleman.com,Staff Data Engineer,User,Netherlands,Legitimate Interest,False,Event,2026-05-10
C004948,A01812,Gottlob,de Nijs,gottlob.de nijs@royal.com,VP Data & Analytics,Economic Buyer,United States,,False,Referral,2024-03-27
C004949,A01894,Hans-Eberhard,van Gils,hans-eberhard.van gils@hahn.com,test,,United States,,False,Free Trial,2023-03-24
C004950,A01926,Laura,Trujillo,laura.trujillo@östman.com,Chief Information Officer,Economic Buyer,United Kingdom,Legitimate Interest,False,Event,2026-10-05
C004951,A01377,Joep,Jopich,joep.jopich@kriens.com,Senior Data Engineer,User,Germany,Legitimate Interest,False,Referral,2025-12-17
C004952,A01555,Heinz-Werner,Jones,heinz-werner.jones@wilson-roman.com,Head of Data Platform,Champion,United States,,False,Partner,2025-07-20
C004953,A01371,Gudula,Timmermans,gudula.timmermans@lambers.com,Staff Data Engineer,User,United States,,False,Referral,2024-11-12
C004954,A01064,Fabiënne,van 't Wel,fabiënne.van 't wel@tran.com,Staff Data Engineer,User,United States,,False,Event,2025-09-23
C004955,A01755,Annemie,van de Ven,annemie.van de ven@dietz.com,Data Engineering Manager,User,United States,,False,Paid Search,2024-12-26
C004956,A00496,Dajana,Kloppert,dajana.kloppert@french-lopez.com,Senior Data Engineer,User,United States,,False,SDR Outbound,2026-04-06
C004957,A01144,Ricky,Gunnarsson,ricky.gunnarsson@dunn.com,VP Data,Economic Buyer,United States,,False,Webinar,2026-01-05
C004958,A01933,Maritta,Smith,maritta.smith@berg.com,Data Engineering Manager,User,Ireland,Legitimate Interest,False,Referral,2025-02-13
C004959,A01980,Femke,Saunders,femke.saunders@sif.com,Senior Data Engineer,User,Netherlands,Legitimate Interest,False,Event,2025-12-07
C004960,A00952,Elisa,Coates,elisa.coates@york.com,Senior Data Engineer,User,United States,,False,Content Download,2026-10-08
C004961,A00633,Nick,van der Laan,nick.van der laan@lundh.com,"Director, Data Engineering",Champion,United States,,False,Free Trial,2026-06-20
C004962,A00168,Natali,Thomas,natali.thomas@wilson.com,Senior Data Engineer,User,Austria,Legitimate Interest,False,Webinar,2025-04-16
C004963,A01872,Michelle,Banks,michelle.banks@archer-davis.com,Data Engineering Manager,User,United Kingdom,Legitimate Interest,False,Paid Search,2025-08-03
C004964,A00151,Joy,Lambregt,joy.lambregt@marshall-rogers.com,Chief Data Officer,Economic Buyer,Netherlands,Legitimate Interest,False,SDR Outbound,2025-03-28
C004965,A01447,Signe,Tintzmann,signe.tintzmann@reed.com,Head of Data Engineering,Champion,United States,,False,Free Trial,2026-02-18
C004966,A00627,Christina,Olsson,christina.olsson@bohnbach.com,intern,,United Kingdom,Legitimate Interest,False,Referral,2025-08-28
C004967,A01908,Hedy,Etzler,hedy.etzler@andersson.com,Head of Data Platform,Champion,Germany,Legitimate Interest,False,Partner,2025-05-27
C004968,A01076,David,Turner,david.turner@riley.com,"Director, Data Engineering",Champion,Germany,Legitimate Interest,False,Free Trial,2026-01-16
C004969,A00864,Sabina,Lopez,sabina.lopez@chan.com,Staff Data Engineer,User,United Kingdom,Legitimate Interest,False,Free Trial,2026-09-28
C004970,A01127,Iain,van Leeuwen,iain.van leeuwen@kaul.com,Analytics Engineer,User,Germany,Legitimate Interest,False,Free Trial,2024-11-08
C004971,A00596,Vera,Mitchell,vera.mitchell@håkansson.com,Head of Data Engineering,Champion,United States,,False,Partner,2024-07-01
C004972,A01013,Wiltrud,van Loon,wiltrud.van loon@nordström.com,Head of Procurement,Blocker,United Kingdom,Legitimate Interest,False,Paid Search,2026-03-10
C004973,A01356,Karen,Shields,karen.shields@hartung.com,Data Engineering Manager,User,Canada,,False,Content Download,2025-12-11
C004974,A00431,Hilda,Stevens,hilda.stevens@hermann.com,Chief Data Officer,Economic Buyer,United States,,False,Content Download,2024-01-01
C004975,A01325,Bernard,Karlsson,bernard.karlsson@price.com,Staff Data Engineer,User,Germany,Legitimate Interest,False,Referral,2024-10-31
C004976,A01566,Kelly,Mohammad,kelly.mohammad@halvarsson.com,Data Engineering Manager,User,United States,,False,Content Download,2025-02-17
C004977,A00432,Norman,Williams,norman.williams@bergvall.com,Senior Data Engineer,User,United States,,False,Free Trial,2026-10-08
C004978,A01824,Annette,House,annette.house@lindskog.com,Head of Data Platform,Champion,United States,,False,Paid Search,2026-07-22
C004979,A01537,Malte,Robbins,malte.robbins@luna.com,CISO,Blocker,United States,,False,SDR Outbound,2026-06-02
C004980,A01320,Yusuf,van Gils,yusuf.van gils@nette.com,Analytics Engineer,User,United States,,False,Free Trial,2023-07-25
C004981,A00600,Randall,Mosley,randall.mosley@essent.com,Staff Data Engineer,User,United States,,False,Free Trial,2025-05-04
C004982,A01298,Maria,Marceron,maria.marceron@riley.com,Data Engineering Manager,User,United Kingdom,Legitimate Interest,False,SDR Outbound,2026-03-28
C004983,A01775,Daniel,Young,daniel.young@reichmann.com,Head of Data Engineering,Champion,United Kingdom,Legitimate Interest,False,Partner,2025-03-14
C004984,A00404,Richard,Vance,richard.vance@royal.com,Chief Information Officer,Economic Buyer,United States,,True,Referral,2026-07-30
C004985,A01551,Lennart,Eberth,lennart.eberth@fowler.com,Senior Data Engineer,User,Sweden,Legitimate Interest,False,Referral,2026-03-14
C004986,A00250,Marit,Wirth,marit.wirth@axelsson.com,Head of Data Engineering,Champion,United States,,False,SDR Outbound,2023-05-10
C004987,A01598,Jacob,Davison,jacob.davison@baker.com,Head of Data Engineering,Champion,United States,,False,Event,2026-09-26
C004988,A00380,Isis,Håkansson,isis.håkansson@alfredsson.com,Analytics Engineer,User,United States,,False,Partner,2026-02-26
C004989,A00483,Göran,Lindholm,göran.lindholm@stichting.com,Senior Data Engineer,User,United States,,False,Webinar,2026-01-08
C004990,A00590,Karlijn,Terry,karlijn.terry@bruder.com,"Director, Data Engineering",Champion,Germany,Legitimate Interest,False,Webinar,2026-03-12
C004991,A00556,Alex,Schwital,alex.schwital@andersson.com,Head of Data Engineering,Champion,United States,,False,Partner,2025-12-24
C004992,A01121,Edeltrud,Lübs,edeltrud.lübs@mills.com,Head of Data Engineering,Champion,Sweden,Legitimate Interest,False,Webinar,2026-01-31
C004993,A00385,Erik,Ågren,erik.ågren@hughes.com,Head of Data Platform,Champion,United States,,False,SDR Outbound,2025-11-30
C004994,A01127,Mats,Nilsson,mats.nilsson@kaul.com,Director of Data Platform,Champion,Germany,Legitimate Interest,False,Event,2024-04-16
C004995,A00666,Daniel,Lane,daniel.lane@löfgren.com,Staff Data Engineer,User,Belgium,Legitimate Interest,False,Partner,2023-10-16
C004996,A01541,Olof,Odonnell,olof.odonnell@skf.com,Senior Data Engineer,User,United States,,False,Event,2025-11-11
C004997,A00918,Karen,Summers,karen.summers@miller.com,Senior Data Engineer,User,United Kingdom,Legitimate Interest,False,Partner,2023-12-14
C004998,A01039,Chris,Hornich,chris.hornich@bonilla.com,Senior Data Engineer,User,United States,,False,SDR Outbound,2026-06-14
C004999,A01556,Felix,Weerdenburg,felix.weerdenburg@söderberg.com,Head of Data Engineering,Champion,United States,,False,Partner,2023-06-29
C005000,A00632,Ingalill,Fernandez,ingalill.fernandez@olsson.com,Director of Data Platform,Champion,Germany,Legitimate Interest,False,Webinar,2026-01-01
C005001,A01028,Jay,Nord,jay.nord@viklund.com,Data Engineering Manager,User,United States,,False,Free Trial,2026-09-14
C005002,A00153,Elise,Mitchell,elise.mitchell@henningsson.com,Analytics Engineer,User,United States,,False,Referral,2026-04-04
C005003,A01148,Bruce,Nelson,bruce.nelson@karlsson.com,VP Data,Economic Buyer,Ireland,Legitimate Interest,False,Webinar,2026-08-10
C005004,A01243,Michael,van de Pol,michael.van de pol@geisel.com,Head of Data Engineering,Champion,Denmark,Legitimate Interest,False,SDR Outbound,2025-05-21
C005005,A01169,Cord,Lee,cord.lee@van.com,Staff Data Engineer,User,Germany,Legitimate Interest,False,Referral,2025-02-08
C005006,A00174,Zoe,Hill,zoe.hill@gustafsson.com,Chief Data Officer,Economic Buyer,United States,,False,Paid Search,2025-03-21
C005007,A01671,Lesley,Mielcarek,lesley.mielcarek@lee.com,Data Engineering Manager,User,United States,,False,Event,2026-06-26
C005008,A00756,Nikolaj,Andersson,nikolaj.andersson@hutchinson.com,"Director, Data Engineering",Champion,United States,,False,Content Download,2024-12-04
C005009,A00801,Claudia,Garcia,claudia.garcia@baum.com,Data Engineering Manager,User,United States,,False,Partner,2024-12-02
C005010,A00266,Annabel,Kranz,annabel.kranz@andersson.com,VP Data & Analytics,Economic Buyer,Germany,Legitimate Interest,False,Partner,2026-06-07
C005011,A00417,Timo,Tucker,timo.tucker@kensy.com,"Director, Data Engineering",Champion,Netherlands,Legitimate Interest,False,Event,2025-09-25
C005012,A00046,Charlotte,Beier,charlotte.beier@woods.com,VP Data & Analytics,Economic Buyer,Belgium,Legitimate Interest,False,Content Download,2026-07-21
C005013,A01909,Suzanne,Andersson,suzanne.andersson@verkade.com,Senior Data Engineer,User,Netherlands,Legitimate Interest,False,Referral,2026-02-12
C005014,A00569,Lot,Sullivan,lot.sullivan@söderlund.com,Manager,,United States,,False,SDR Outbound,2026-03-22
C005015,A01640,Ann-Marie,Lundqvist,ann-marie.lundqvist@patel-barber.com,Head of Data Platform,Champion,Denmark,Legitimate Interest,False,Paid Search,2025-06-06
C005016,A01743,Pamela,Graham,pamela.graham@ali.com,Data Engineering Manager,User,United States,,False,Free Trial,2023-05-25
C005017,A01112,Michael,van Bruchem,michael.van bruchem@glover.com,Analytics Engineer,User,United States,,True,Webinar,2025-06-04
C005018,A00593,Ulla,Miller,ulla.miller@matthews.com,Chief Data Officer,Economic Buyer,United States,,True,Content Download,2025-02-08
C005019,A01931,Torbjörn,van Enschot,torbjörn.van enschot@winkler.com,Staff Data Engineer,User,Canada,,False,Free Trial,2026-05-18
C005020,A01504,Clarissa,Eklund,clarissa.eklund@stichting.com,Head of Data Engineering,Champion,United States,,False,Webinar,2026-09-24
C005021,A00263,Sam,Dijkman,sam.dijkman@striebitz.com,test,,Germany,Legitimate Interest,False,Referral,2026-04-19
C005022,A01550,Noortje,Ball,noortje.ball@caspar.com,Staff Data Engineer,User,Norway,Legitimate Interest,False,Paid Search,2026-06-05
C005023,A00154,Marvin,Ekström,marvin.ekström@dussen.com,Analytics Engineer,User,United Kingdom,Legitimate Interest,False,Referral,2024-08-25
C005024,A01619,Conor,Seifert,conor.seifert@reyes.com,Data Engineering Manager,User,United States,,False,SDR Outbound,2025-08-29
C005025,A00929,Bo,Löchel,bo.löchel@klemt.com,Senior Data Engineer,User,Norway,Legitimate Interest,False,Webinar,2026-08-12
C005026,A01667,Theodor,Kaur,theodor.kaur@anderson.com,Senior Data Engineer,User,Netherlands,Legitimate Interest,False,Referral,2025-01-11
C005027,A00356,Julie,Scott,julie.scott@eigenwillig.com,Chief Information Officer,Economic Buyer,United States,,False,SDR Outbound,2025-09-28
C005028,A01673,Emma,Carlberg,emma.carlberg@exact.com,Staff Data Engineer,User,United States,,False,Free Trial,2025-11-12
C005029,A01024,Charlotte,Jansse,charlotte.jansse@owens-pineda.com,data guy,,United States,,False,Event,2025-10-02
C005030,A00768,Taylor,Vertoor,taylor.vertoor@griffiths.com,Staff Data Engineer,User,United States,,True,Free Trial,2025-08-10
C005031,A01022,Arvid,Reuter,arvid.reuter@van.com,x,,Sweden,Legitimate Interest,False,Webinar,2026-02-17
C005032,A01623,Suse,van Dalem,suse.van dalem@nieuwstraten.com,Analytics Engineer,User,Netherlands,Legitimate Interest,False,Webinar,2025-08-20
C005033,A00100,Viktor,Burgess,viktor.burgess@stage.com,Head of Data Platform,Champion,Norway,Legitimate Interest,False,SDR Outbound,2026-07-05
C005034,A00824,Thomas,Pearson,thomas.pearson@zimmer.com,Senior Data Engineer,User,United States,,False,Webinar,2023-12-16
C005035,A01610,Harald,Hutchinson,harald.hutchinson@seifert.com,Senior Data Engineer,User,Germany,Legitimate Interest,False,Referral,2026-06-01
C005036,A01782,Jip,de Hoogh,jip.de hoogh@burrows.com,Data Engineering Manager,User,Ireland,Legitimate Interest,False,SDR Outbound,2026-04-30
C005037,A00694,Emily,Persson,emily.persson@rust.com,Head of Data Engineering,Champion,Germany,,False,Partner,2026-08-09
C005038,A00292,Conor,Bohnbach,conor.bohnbach@gomez-ortega.com,Analytics Engineer,User,United States,,False,Referral,2025-09-20
C005039,A00069,Mareike,Martin,mareike.martin@broeckx.com,Analytics Engineer,User,United States,,False,Paid Search,2026-07-02
C005040,A01749,Maureen,Jacob,maureen.jacob@leonard.com,Head of Data Platform,Champion,Germany,Legitimate Interest,False,Referral,2026-02-26
C005041,A01024,Fabian,Burgess,fabian.burgess@owens-pineda.com,Director of Data Platform,Champion,United States,,False,Event,2026-06-12
C005042,A01291,Tommy,Howarth,tommy.howarth@säuberlich.com,IT Security Manager,Blocker,United States,,True,Free Trial,2026-09-15
C005043,A01596,Amanda,Svensson,amanda.svensson@evans.com,Analytics Engineer,User,United States,,False,Referral,2026-05-17
C005044,A01353,John,Neuteboom,john.neuteboom@kraushaar.com,Data Engineering Manager,User,United States,,False,Referral,2026-05-13
C005045,A01162,Maria,Giles,maria.giles@evans.com,x,,Netherlands,Legitimate Interest,False,Webinar,2026-06-19
C005046,A01108,Vincent,Hellevoort,vincent.hellevoort@karlsson.com,Data Engineering Manager,User,United States,,False,Webinar,2026-07-29
C005047,A01478,Natasha,Gustafsson,natasha.gustafsson@coleman.com,Staff Data Engineer,User,United States,,True,Event,2025-11-11
C005048,A00633,Fernando,van de Darnau,fernando.van de darnau@lundh.com,Analytics Engineer,User,United States,,False,Event,2025-12-20
C005049,A00821,Jorn,Deleon,jorn.deleon@robinson-thompson.com,Staff Data Engineer,User,Netherlands,Legitimate Interest,False,Event,2026-02-12
C005050,A00757,Alan,Thomas,alan.thomas@johnson-weaver.com,Senior Data Engineer,User,United States,,False,Partner,2026-09-06
C005051,A00054,Margaret,Faust,margaret.faust@medina.com,Head of Procurement,Blocker,United States,,False,Content Download,2026-04-04
C005052,A00527,Bryan,Niemeier,bryan.niemeier@miller.com,Head of Data Engineering,Champion,United States,,False,Webinar,2026-07-13
C005053,A01279,Josephine,Bailey,josephine.bailey@royal.com,Head of Data Engineering,Champion,United States,,False,Referral,2026-06-17
C005054,A00627,Myrthe,van Mispelen,myrthe.van mispelen@bohnbach.com,Senior Data Engineer,User,United Kingdom,Legitimate Interest,False,SDR Outbound,2026-03-10
C005055,A00133,Katherine,Hermans,katherine.hermans@elberts.com,Manager,,United States,,False,SDR Outbound,2023-12-26
C005056,A01542,Carina,Hak,carina.hak@van.com,"Director, Data Engineering",Champion,Netherlands,Legitimate Interest,False,Free Trial,2026-06-24
C005057,A00352,Rayan,Johansson,rayan.johansson@ali.com,Chief Information Officer,Economic Buyer,United States,,False,Partner,2026-08-29
C005058,A01382,Seth,le Gallen,seth.le gallen@ahmed.com,Data Engineering Manager,User,Germany,Legitimate Interest,False,Partner,2026-03-30
C005059,A00236,Artur,Lindqvist,artur.lindqvist@paillet.com,Data Engineering Manager,User,Austria,Legitimate Interest,False,Free Trial,2025-12-09
C005060,A01927,Ashley,Chamberlain,ashley.chamberlain@stey.com,Data Engineering Manager,User,United States,,False,SDR Outbound,2026-03-02
C005061,A01886,Alexei,Gilbert,alexei.gilbert@biggen.com,"Director, Data Engineering",Champion,United Kingdom,,False,Content Download,2026-05-11
C005062,A01319,Gerfried,Hudson,gerfried.hudson@powell.com,Senior Data Engineer,User,Belgium,Legitimate Interest,False,Content Download,2024-05-21
C005063,A00159,Traude,Fleming,traude.fleming@klingelhöfer.com,Director of Data Platform,Champion,United States,,False,Paid Search,2026-04-22
C005064,A00450,Janna,Gunpf,janna.gunpf@karlsson.com,Data Engineering Manager,User,United States,,False,Webinar,2026-04-27
C005065,A01690,Fem,Andrews,fem.andrews@aumann.com,"Director, Data Engineering",Champion,Belgium,Legitimate Interest,False,Partner,2026-03-31
C005066,A01884,Scott,Riley,scott.riley@stichting.com,Staff Data Engineer,User,Belgium,Legitimate Interest,False,Free Trial,2024-09-24
C005067,A00240,Ingo,Nilsson,ingo.nilsson@roberts.com,Staff Data Engineer,User,Canada,,False,SDR Outbound,2024-11-10
C005068,A01770,Aron,Süßebier,aron.süßebier@solis.com,Head of Data Platform,Champion,United States,,False,SDR Outbound,2025-08-10
C005069,A01241,Wojciech,Oliver,wojciech.oliver@klingelhöfer.com,Head of Data Engineering,Champion,United States,,False,Webinar,2025-11-02
C005070,A00580,Matthew,Bergman,matthew.bergman@bell.com,VP Data,Economic Buyer,Ireland,Legitimate Interest,False,SDR Outbound,2026-09-07
C005071,A00063,Arne,Williams,arne.williams@davids.com,Head of Data Engineering,Champion,United States,,False,Webinar,2025-09-05
C005072,A00957,Jolijn,Burton,jolijn.burton@stumpf.com,Analytics Engineer,User,United States,,False,SDR Outbound,2026-03-17
C005073,A00829,William,Alexander,william.alexander@price.com,Senior Data Engineer,User,Denmark,,False,SDR Outbound,2026-01-09
C005074,A01951,Birgitta,King,birgitta.king@long-carter.com,CISO,Blocker,United States,,True,Event,2026-02-19
C005075,A00877,Saar,Scheuermann,saar.scheuermann@van.com,Head of Data Platform,Champion,United States,,False,Content Download,2026-01-22
C005076,A01497,Nisa,Svensson,nisa.svensson@gustafsson.com,Chief Data Officer,Economic Buyer,United Kingdom,Legitimate Interest,False,Content Download,2026-05-30
C005077,A01663,Gerald,Hövel,gerald.hövel@jäntsch.com,Staff Data Engineer,User,Germany,Legitimate Interest,False,Webinar,2026-04-30
C005078,A00703,Agnes,Evans,agnes.evans@lynch-campbell.com,Head of Procurement,Blocker,United States,,False,Webinar,2025-12-30
C005079,A01893,Carol,Campbell,carol.campbell@johansson.com,Staff Data Engineer,User,United States,,False,Paid Search,2026-04-06
C005080,A00168,Wesley,Axelsson,wesley.axelsson@wilson.com,Data Engineering Manager,User,Austria,Legitimate Interest,False,Free Trial,2025-06-11
C005081,A00360,Raphael,Morgan,raphael.morgan@van.com,"Director, Data Engineering",Champion,United States,,False,Event,2024-05-16
C005082,A00445,Paulina,Schuurmans,paulina.schuurmans@berggren.com,Senior Data Engineer,User,United States,,False,Free Trial,2026-08-26
C005083,A00860,Dean,Mcdowell,dean.mcdowell@hawkins-arnold.com,CISO,Blocker,United States,,False,Event,2024-09-22
C005084,A01367,Sherri,Jans,sherri.jans@bloch.com,Analytics Engineer,User,United States,,True,Webinar,2026-06-23
C005085,A01331,Sven,Fiebig,sven.fiebig@kreusel.com,Chief Data Officer,Economic Buyer,United States,,False,Webinar,2025-07-18
C005086,A00764,Fredric,van der Mast,fredric.van der mast@bradley.com,Head of Procurement,Blocker,United States,,False,Content Download,2025-01-10
C005087,A00774,Jose,Ström,jose.ström@ellis.com,Head of Data Platform,Champion,Austria,Legitimate Interest,False,Free Trial,2025-09-16
C005088,A00176,Isabella,Harris,isabella.harris@persson.com,Chief Information Officer,Economic Buyer,Germany,Legitimate Interest,False,Partner,2026-06-15
C005089,A01457,Lisa,Brown,lisa.brown@seip.com,Data Engineering Manager,User,United States,,False,Referral,2025-01-13
C005090,A00616,Isa,Miller,isa.miller@king-wright.com,Chief Information Officer,Economic Buyer,Sweden,Legitimate Interest,True,Partner,2026-09-14
C005091,A01982,Lot,Flores,lot.flores@van.com,Analytics Engineer,User,United Kingdom,Legitimate Interest,False,Referral,2025-03-16
C005092,A01141,Anders,Holt,anders.holt@turner.com,"Director, Data Engineering",Champion,United States,,False,Webinar,2024-05-08
C005093,A01514,Gareth,Heijmen,gareth.heijmen@ho-cole.com,Head of Data Engineering,Champion,United Kingdom,Legitimate Interest,False,Partner,2024-09-30
C005094,A01135,Vajèn,Elliott,vajèn.elliott@jacobs.com,IT Security Manager,Blocker,United States,,False,Webinar,2026-07-23
C005095,A01277,Damian,Linke,damian.linke@interfood.com,Head of Data Engineering,Champion,United Kingdom,Legitimate Interest,False,Content Download,2024-12-30
C005096,A01277,Margaret,Nilsson,margaret.nilsson@interfood.com,VP Data,Economic Buyer,United Kingdom,Legitimate Interest,False,Webinar,2026-06-23
C005097,A00856,James,Meadows,james.meadows@thompson-joyce.com,Analytics Engineer,User,United States,,False,Content Download,2026-07-16
C005098,A00688,Jennifer,Andersson,jennifer.andersson@koch.com,Director of Data Platform,Champion,United Kingdom,Legitimate Interest,False,Content Download,2024-12-22
C005099,A01595,Catarina,Tran,catarina.tran@patel-murphy.com,Staff Data Engineer,User,United States,,False,Referral,2026-09-27
C005100,A01625,Emil,Pacheco,emil.pacheco@bolnbach.com,Analytics Engineer,User,United States,,False,SDR Outbound,2026-07-30
C005101,A00249,Monja,Wang,monja.wang@wood.com,Head of Procurement,Blocker,Canada,,False,Webinar,2025-04-12
C005102,A01436,Kerry,Goodwin,kerry.goodwin@juncken.com,Staff Data Engineer,User,Norway,Legitimate Interest,False,Referral,2024-09-25
C005103,A00418,Carlos,Ring,carlos.ring@daniels.com,test,,Netherlands,Legitimate Interest,False,Content Download,2025-08-01
C005104,A00676,Julia,Mohammed,julia.mohammed@barker.com,Senior Data Engineer,User,Canada,,False,Event,2026-01-11
C005105,A00436,Jeanette,Mclean,jeanette.mclean@fry.com,Chief Information Officer,Economic Buyer,Netherlands,Legitimate Interest,False,Content Download,2024-12-27
C005106,A00409,Ashleigh,van Beieren,ashleigh.van beieren@mohamed.com,Data Engineering Manager,User,Canada,,False,Paid Search,2025-04-13
C005107,A01420,Dex,Welch,dex.welch@terrell-sims.com,Head of Data Platform,Champion,United Kingdom,Legitimate Interest,False,Webinar,2026-03-05
C005108,A01025,Jens,Svantesson,jens.svantesson@mcfarland.com,N/A,,Sweden,Legitimate Interest,False,Referral,2026-10-01
C005109,A01952,William,Taylor,william.taylor@tomlinson.com,VP Data,Economic Buyer,United Kingdom,Legitimate Interest,False,Event,2024-04-27
C005110,A00917,Frances,van den Eijssel,frances.van den eijssel@hill-juarez.com,intern,,United States,,False,Event,2026-05-01
C005111,A00932,Michael,Gustafsson,michael.gustafsson@bergström.com,Analytics Engineer,User,Germany,,False,Partner,2025-06-18
C005112,A00489,Puk,Wilmsen,puk.wilmsen@barnes.com,Head of Data Engineering,Champion,United States,,False,Paid Search,2025-01-13
C005113,A01667,Mirthe,Wiggins,mirthe.wiggins@anderson.com,Head of Data Platform,Champion,Netherlands,Legitimate Interest,False,Referral,2023-02-24
C005114,A00068,Liam,Johnson,liam.johnson@fowler.com,Senior Data Engineer,User,Germany,Legitimate Interest,False,Paid Search,2025-04-20
C005115,A01647,Hanne-Lore,Söderström,hanne-lore.söderström@finke.com,CISO,Blocker,United States,,False,Content Download,2025-03-01
C005116,A00983,John,Johansson,john.johansson@kelly-schultz.com,"Director, Data Engineering",Champion,United States,,False,Content Download,2025-10-08
C005117,A00982,Rachael,van de Coterlet,rachael.van de coterlet@malone.com,Staff Data Engineer,User,Canada,,False,Event,2024-10-11
C005118,A00546,Fredo,Grant,fredo.grant@van.com,Senior Data Engineer,User,United States,,False,Event,2024-08-08
C005119,A00012,Julie,King,julie.king@hornig.com,Director of Data Platform,Champion,Germany,Legitimate Interest,False,Event,2025-05-16
C005120,A00234,Johannes,Willemsen,johannes.willemsen@lundholm.com,"Director, Data Engineering",Champion,Canada,,False,Paid Search,2026-03-12
C005121,A01391,Katherine,Sullivan,katherine.sullivan@chaney-martin.com,Staff Data Engineer,User,Germany,Legitimate Interest,False,SDR Outbound,2025-05-26
C005122,A00810,Thijmen,Giselmeyer,thijmen.giselmeyer@svedberg.com,Staff Data Engineer,User,United States,,True,Partner,2023-09-16
C005123,A00584,Åke,Hofman,åke.hofman@richardson-baker.com,Data Engineering Manager,User,United States,,False,Paid Search,2026-02-28
C005124,A01845,Anna,Hanson,anna.hanson@eigenwillig.com,Data Engineering Manager,User,United Kingdom,Legitimate Interest,False,Paid Search,2026-03-20
C005125,A00773,Ann,Karlsson,ann.karlsson@engdahl.com,Staff Data Engineer,User,Sweden,Legitimate Interest,False,Referral,2025-09-17
C005126,A01213,Andree,Chandler,andree.chandler@lehmann.com,Analytics Engineer,User,United States,,False,SDR Outbound,2025-11-27
C005127,A00197,Nynke,Nicholls,nynke.nicholls@adams.com,Data Engineering Manager,User,United States,,False,Referral,2026-06-18
C005128,A00468,Jesper,Bäckman,jesper.bäckman@silva-robles.com,Data Engineering Manager,User,United States,,False,Paid Search,2025-12-14
C005129,A01923,Thom,van Gent,thom.van gent@kuilenburg.com,Data Engineering Manager,User,United States,,False,Event,2026-10-08
C005130,A01978,Maj-Britt,Ahmadi,maj-britt.ahmadi@ortmann.com,Head of Data Platform,Champion,Belgium,Legitimate Interest,False,Paid Search,2026-01-23
C005131,A00367,Lucy,Frankhuizen,lucy.frankhuizen@peukert.com,Head of Procurement,Blocker,Belgium,Legitimate Interest,False,Webinar,2026-01-19
C005132,A00472,Marit,Geisler,marit.geisler@smith.com,Director of Data Platform,Champion,Belgium,Legitimate Interest,False,SDR Outbound,2026-09-02
C005133,A00117,Georgina,Moberg,georgina.moberg@strand.com,x,,United States,,False,Partner,2025-02-12
C005134,A01272,Sylvia,Ford,sylvia.ford@karlsson.com,Analytics Engineer,User,United Kingdom,Legitimate Interest,False,Referral,2023-11-20
C005135,A00398,Carina,Rosemann,carina.rosemann@royal.com,Head of Data Platform,Champion,United Kingdom,Legitimate Interest,False,Paid Search,2025-12-13
C005136,A00954,Einar,Karge,einar.karge@mangold.com,Chief Information Officer,Economic Buyer,United States,,False,Paid Search,2025-11-15
C005137,A01139,Ulf,Kas,ulf.kas@karlsson.com,Data Engineering Manager,User,United States,,False,Referral,2025-09-05
C005138,A00908,Nathan,Pettersson,nathan.pettersson@sauer.com,Senior Data Engineer,User,United States,,False,Free Trial,2025-01-18
C005139,A00097,Melle,Dunn,melle.dunn@gumprich.com,Staff Data Engineer,User,Germany,Legitimate Interest,False,SDR Outbound,2026-07-06
C005140,A01394,Nicole,Weihmann,nicole.weihmann@svensson.com,Chief Data Officer,Economic Buyer,Sweden,Legitimate Interest,False,SDR Outbound,2024-04-06
C005141,A00395,Anders,Glass,anders.glass@ebert.com,Staff Data Engineer,User,Netherlands,Legitimate Interest,False,Partner,2026-10-01
C005142,A01526,Faruk,Haneberg,faruk.haneberg@dawson.com,DATA ENG,,United States,,False,SDR Outbound,2025-10-29
C005143,A01850,Niek,van het Heerenveen,niek.van het heerenveen@totwiller.com,DATA ENG,,Ireland,,False,Paid Search,2026-06-29
C005144,A01353,Hugo,Ashley,hugo.ashley@kraushaar.com,Senior Data Engineer,User,United States,,False,Free Trial,2025-05-06
C005145,A01436,Marie,Kroker,marie.kroker@juncken.com,Chief Data Officer,Economic Buyer,Norway,Legitimate Interest,False,Paid Search,2026-09-03
C005146,A00268,Luzie,Ferguson,luzie.ferguson@clark.com,Staff Data Engineer,User,United States,,False,Paid Search,2025-07-27
C005147,A00964,Daniël,Skinner,daniël.skinner@pena-smith.com,Staff Data Engineer,User,Germany,Legitimate Interest,False,Webinar,2026-09-26
C005148,A00945,Anneli,Breugelensis,anneli.breugelensis@brown.com,intern,,United States,,False,Webinar,2026-09-04
C005149,A00203,Morgan,Wohlgemut,morgan.wohlgemut@nette.com,IT Security Manager,Blocker,United States,,False,Partner,2026-07-12
C005150,A01171,Adam,Danielsson,adam.danielsson@verbeeck.com,VP Data & Analytics,Economic Buyer,Germany,Legitimate Interest,False,Content Download,2024-09-26
C005151,A01900,Diana,Norris,diana.norris@stichting.com,Data Engineering Manager,User,United Kingdom,Legitimate Interest,False,SDR Outbound,2026-05-31
C005152,A01940,Daphne,Westerbeek,daphne.westerbeek@baker.com,Director of Data Platform,Champion,Sweden,Legitimate Interest,False,Content Download,2026-09-17
C005153,A00028,Boris,Graham,boris.graham@howe.com,Analytics Engineer,User,United States,,False,Content Download,2024-04-25
C005154,A01045,Joan,Brown,joan.brown@lidström.com,Staff Data Engineer,User,Germany,Legitimate Interest,False,Partner,2026-10-08
C005155,A01780,Jessica,Cook,jessica.cook@harris.com,Staff Data Engineer,User,United States,,False,Content Download,2026-06-20
C005156,A00932,Caleb,Isaksson,caleb.isaksson@bergström.com,Head of Data Platform,Champion,Germany,Legitimate Interest,True,Webinar,2026-02-07
C005157,A01228,Trevor,Bradshaw,trevor.bradshaw@eberth.com,x,,United States,,False,Referral,2026-09-01
C005158,A00700,Richard,Hedman,richard.hedman@green-evans.com,Staff Data Engineer,User,United Kingdom,Legitimate Interest,False,SDR Outbound,2026-06-09
C005159,A00104,Shaun,Barton,shaun.barton@van.com,Analytics Engineer,User,United States,,False,Webinar,2026-04-21
C005160,A00406,Eva,Perry,eva.perry@wilkins.com,Chief Data Officer,Economic Buyer,United States,,False,Paid Search,2025-07-18
C005161,A00579,Alfred,Shah,alfred.shah@ali.com,Staff Data Engineer,User,United States,,False,SDR Outbound,2026-08-14
C005162,A01436,Kimberly,Lutterveld,kimberly.lutterveld@juncken.com,Head of Data Engineering,Champion,Norway,Legitimate Interest,False,Partner,2026-03-20
C005163,A00256,Shelby,Zimmer,shelby.zimmer@williams.com,Senior Data Engineer,User,United States,,False,Free Trial,2026-08-13
C005164,A01576,Emma,Jans,emma.jans@kuit.com,Staff Data Engineer,User,United States,,False,Event,2025-04-05
C005165,A01559,Hiltraud,Johansson,hiltraud.johansson@eriksson.com,VP Data & Analytics,Economic Buyer,United Kingdom,Legitimate Interest,False,SDR Outbound,2026-07-19
C005166,A00799,Pauline,Barth,pauline.barth@henriksson.com,VP Data,Economic Buyer,United Kingdom,Legitimate Interest,False,Partner,2025-01-08
C005167,A01291,Agathe,Roman,agathe.roman@säuberlich.com,Analytics Engineer,User,United States,,False,Free Trial,2026-05-30
C005168,A01040,Leo,Zevenboom,leo.zevenboom@lund.com,Staff Data Engineer,User,United States,,False,Referral,2024-05-29
C005169,A01096,Ize,Rek,ize.rek@gashi.com,Staff Data Engineer,User,United States,,False,Content Download,2024-03-13
C005170,A01219,Jennifer,Ström,jennifer.ström@kolen.com,Analytics Engineer,User,Belgium,Legitimate Interest,True,Partner,2025-04-29
C005171,A00413,Linda,Herrmann,linda.herrmann@sundström.com,Data Engineering Manager,User,United States,,False,SDR Outbound,2026-05-31
C005172,A00290,Heinz-Otto,Kabus,heinz-otto.kabus@de.com,Staff Data Engineer,User,United States,,False,Webinar,2024-12-17
C005173,A01066,Juan,van der Velde,juan.van der velde@mende.com,"Director, Data Engineering",Champion,United States,,False,Free Trial,2024-12-28
C005174,A01277,Eva,Wildschut,eva.wildschut@interfood.com,Analytics Engineer,User,United Kingdom,Legitimate Interest,False,Referral,2024-12-07
C005175,A00427,Ingvar,Patberg,ingvar.patberg@dawson.com,Senior Data Engineer,User,Germany,Legitimate Interest,False,Content Download,2024-07-12
C005176,A01532,Bryan,Nordström,bryan.nordström@heser.com,Senior Data Engineer,User,United States,,False,Event,2026-03-15
C005177,A00761,Irene,Sölzer,irene.sölzer@white.com,Staff Data Engineer,User,United States,,False,Paid Search,2024-04-14
C005178,A01950,Signe,Davis,signe.davis@morgan.com,IT Security Manager,Blocker,Germany,Legitimate Interest,False,Partner,2024-01-17
C005179,A01159,Kai,de Marduras,kai.de marduras@dahlström.com,Senior Data Engineer,User,United States,,False,Event,2025-12-19
C005180,A01769,Anna-Luise,Hendriks,anna-luise.hendriks@lindblom.com,Data Engineering Manager,User,United States,,False,Referral,2024-08-09
C005181,A01667,Robert,van Noort,robert.van noort@anderson.com,Head of Data Engineering,Champion,Netherlands,Legitimate Interest,False,Event,2025-07-31
C005182,A01492,Anneke,Aeije,anneke.aeije@eriksson.com,Staff Data Engineer,User,United States,,False,Free Trial,2025-09-12
C005183,A00570,Maya,Henk,maya.henk@asr.com,VP Data & Analytics,Economic Buyer,Germany,Legitimate Interest,False,SDR Outbound,2026-10-03
C005184,A00742,Naomi,Molenaar,naomi.molenaar@zijlemans.com,Head of Procurement,Blocker,United States,,False,Referral,2025-06-14
C005185,A00358,Kuno,Carr,kuno.carr@van.com,Senior Data Engineer,User,United States,,False,Webinar,2026-09-01
C005186,A01022,Esila,Reising,esila.reising@van.com,intern,,Sweden,Legitimate Interest,True,Referral,2026-04-14
C005187,A01696,Michael,Juncken,michael.juncken@fuentes.com,Staff Data Engineer,User,Germany,Legitimate Interest,False,Webinar,2026-02-10
C005188,A00097,Michael,Carlson,michael.carlson@gumprich.com,Staff Data Engineer,User,Germany,Legitimate Interest,False,Free Trial,2026-09-08
C005189,A01184,Klas,Koret,klas.koret@garner-green.com,test,,United States,,False,Referral,2024-12-26
C005190,A00258,Brett,White,brett.white@ibrahim.com,CISO,Blocker,United Kingdom,Legitimate Interest,False,Paid Search,2026-05-26
C005191,A00349,Karin,Andersson,karin.andersson@flink.com,Senior Data Engineer,User,United States,,False,Referral,2025-11-09
C005192,A01109,Timo,Austin,timo.austin@olykan.com,Analytics Engineer,User,United States,,False,Partner,2025-08-23
C005193,A01975,Rosalie,Watts,rosalie.watts@van.com,CISO,Blocker,United States,,False,Paid Search,2024-12-26
C005194,A00187,Marcus,Stahr,marcus.stahr@sauer.com,Director of Data Platform,Champion,United States,,False,Event,2024-03-12
C005195,A01161,John,Brown,john.brown@hein.com,x,,United States,,False,Event,2025-12-01
C005196,A01875,Albert,Öberg,albert.öberg@schleich.com,VP Data,Economic Buyer,United States,,False,Webinar,2025-06-09
C005197,A00910,Michael,Conway,michael.conway@andersson.com,Staff Data Engineer,User,Denmark,Legitimate Interest,False,Event,2024-10-24
C005198,A00338,Kevin,Barkholz,kevin.barkholz@van.com,Staff Data Engineer,User,United States,,False,SDR Outbound,2026-06-04
C005199,A01742,Chelsea,Collins,chelsea.collins@royal.com,Director of Data Platform,Champion,United States,,False,Paid Search,2026-06-19
C005200,A01618,Henrik,Taylor,henrik.taylor@nordgren.com,Chief Information Officer,Economic Buyer,United States,,False,Referral,2026-01-15
C005201,A01715,Esila,Wirth,esila.wirth@garcia.com,VP Data,Economic Buyer,United States,,False,Event,2026-02-22
C005202,A01361,Francis,Verheuvel,francis.verheuvel@lennartsson.com,Manager,,United Kingdom,Legitimate Interest,False,Free Trial,2026-07-09
C005203,A01867,Jason,Rodriguez,jason.rodriguez@booker-douglas.com,Senior Data Engineer,User,United Kingdom,Legitimate Interest,True,Referral,2026-07-30
C005204,A00577,Sylvia,Ruppert,sylvia.ruppert@magnusson.com,Chief Information Officer,Economic Buyer,Ireland,Legitimate Interest,False,Content Download,2026-01-24
C005205,A01289,Joshua,Alexander,joshua.alexander@svensson.com,VP Data & Analytics,Economic Buyer,United States,,False,Event,2024-12-26
C005206,A01524,Kelly,Fischer,kelly.fischer@abbott.com,VP Data,Economic Buyer,Canada,,False,Webinar,2026-09-23
C005207,A00074,Simon,Le Grand,simon.le grand@staude.com,Senior Data Engineer,User,Ireland,Legitimate Interest,False,Event,2026-03-12
C005208,A01929,Emmerich,Mills,emmerich.mills@nollee.com,CISO,Blocker,Germany,Legitimate Interest,False,SDR Outbound,2026-05-22
C005209,A01392,Kian,Edström,kian.edström@speer.com,Staff Data Engineer,User,United States,,False,SDR Outbound,2026-02-08
C005210,A00473,Nicolai,Karz,nicolai.karz@williams.com,Senior Data Engineer,User,United States,,False,Content Download,2026-08-21
C005211,A01251,Jordan,Brisee,jordan.brisee@nyström.com,DATA ENG,,United States,,False,Free Trial,2026-10-06
C005212,A01144,Lovisa,Richards,lovisa.richards@dunn.com,Senior Data Engineer,User,United States,,False,Referral,2025-06-02
C005213,A00820,Dominic,Woods,dominic.woods@verhoeven.com,Analytics Engineer,User,United States,,False,SDR Outbound,2026-04-03
C005214,A00338,Mohammed,Johann,mohammed.johann@van.com,Staff Data Engineer,User,United States,,False,SDR Outbound,2025-10-16
C005215,A01529,Charlene,Borman,charlene.borman@chavez.com,Analytics Engineer,User,United States,,False,Content Download,2025-01-19
C005216,A01302,Ian,Lensen,ian.lensen@mulders.com,"Director, Data Engineering",Champion,United States,,False,Partner,2026-08-23
C005217,A01454,Margareta,van Jumiège,margareta.van jumiège@rodriguez-mendoza.com,Head of Data Engineering,Champion,Switzerland,Legitimate Interest,True,SDR Outbound,2025-01-16
C005218,A00121,Louis,Prins,louis.prins@sundberg.com,Chief Data Officer,Economic Buyer,United Kingdom,Legitimate Interest,False,Free Trial,2024-02-15
C005219,A01913,Duuk,Baker,duuk.baker@long.com,Staff Data Engineer,User,United Kingdom,Legitimate Interest,False,Webinar,2026-07-11
C005220,A01962,Maritta,de Bruijn,maritta.de bruijn@zamora.com,Head of Data Platform,Champion,Netherlands,Legitimate Interest,False,Referral,2026-01-05
C005221,A00017,Juliette,Carter,juliette.carter@svensson.com,Head of Data Engineering,Champion,Netherlands,Legitimate Interest,False,Partner,2026-07-06
C005222,A00737,Rebekka,Thompson,rebekka.thompson@weiß.com,CISO,Blocker,Belgium,Legitimate Interest,False,Event,2026-09-12
C005223,A00123,Bart,Farah,bart.farah@junken.com,Chief Data Officer,Economic Buyer,Belgium,Legitimate Interest,False,Free Trial,2026-01-31
C005224,A00354,William,de Mol,william.de mol@doyle.com,Director of Data Platform,Champion,United States,,False,Referral,2026-07-25
C005225,A01024,Stephen,Ljung,stephen.ljung@owens-pineda.com,Staff Data Engineer,User,United States,,False,Partner,2026-03-09
C005226,A00115,Rodney,Short,rodney.short@james.com,Director of Data Platform,Champion,United States,,False,Webinar,2024-12-12
C005227,A00106,Levi,Tyler,levi.tyler@smith.com,Analytics Engineer,User,Germany,Legitimate Interest,False,Content Download,2026-09-04
C005228,A00186,Marian,Hasan,marian.hasan@reynolds-williams.com,Analytics Engineer,User,Switzerland,Legitimate Interest,False,Webinar,2025-11-30
C005229,A00910,Ryan,Corstiaens,ryan.corstiaens@andersson.com,-,,Denmark,Legitimate Interest,False,Partner,2025-05-15
C005230,A00145,Micha,Joseph,micha.joseph@neuschäfer.com,Analytics Engineer,User,United States,,False,Partner,2024-01-13
C005231,A01735,Louise,Bodin,louise.bodin@stichting.com,ceo ,,United Kingdom,Legitimate Interest,False,Paid Search,2026-07-04
C005232,A01187,Sian,van Formbach,sian.van formbach@auch.com,CISO,Blocker,United Kingdom,Legitimate Interest,False,SDR Outbound,2026-05-14
C005233,A01470,Sian,Meza,sian.meza@shaw.com,Data Engineering Manager,User,Germany,Legitimate Interest,False,Partner,2026-10-07
C005234,A00715,Leonard,Mason,leonard.mason@blair.com,Head of Data Platform,Champion,Denmark,Legitimate Interest,False,Paid Search,2024-08-29
C005235,A00901,Nora,Viklund,nora.viklund@erickson.com,Head of Data Platform,Champion,United Kingdom,Legitimate Interest,False,Event,2026-09-23
C005236,A01989,Alla,Conradi,alla.conradi@small-lewis.com,Head of Data Platform,Champion,Belgium,Legitimate Interest,False,Referral,2026-03-08
C005237,A00876,Gabi,George,gabi.george@kemp.com,"Director, Data Engineering",Champion,United States,,False,SDR Outbound,2026-03-25
C005238,A01133,Edith,Matthews,edith.matthews@dennenberg.com,Director of Data Platform,Champion,United States,,False,SDR Outbound,2026-08-16
C005239,A01106,Bastian,Fisher,bastian.fisher@mosley.com,Analytics Engineer,User,United Kingdom,Legitimate Interest,False,SDR Outbound,2025-05-30
C005240,A00786,Kenneth,Smith,kenneth.smith@gotthard.com,Data Engineering Manager,User,Netherlands,Legitimate Interest,False,Content Download,2026-02-24
C005241,A01735,Ravi,Margraf,ravi.margraf@stichting.com,Manager,,United Kingdom,Legitimate Interest,False,Webinar,2026-07-30
C005242,A00257,Vigo,Butler,vigo.butler@drub.com,Staff Data Engineer,User,Belgium,Legitimate Interest,False,Paid Search,2026-02-12
C005243,A00145,Daniel,Hornich,daniel.hornich@neuschäfer.com,Chief Information Officer,Economic Buyer,United States,,False,Webinar,2025-06-25
C005244,A00331,Anders,Schottin,anders.schottin@mans.com,Staff Data Engineer,User,United States,,False,Free Trial,2023-11-22
C005245,A00005,Hans-Karl,Boyd,hans-karl.boyd@moore.com,Analytics Engineer,User,Germany,Legitimate Interest,False,Webinar,2025-06-05
C005246,A00185,Eileen,Hering,eileen.hering@benthin.com,Data Engineering Manager,User,Canada,,False,Event,2025-12-27
C005247,A00832,Phileine,Holmström,phileine.holmström@tucker.com,Head of Procurement,Blocker,Ireland,Legitimate Interest,False,Event,2025-02-19
C005248,A01410,Olivia,King,olivia.king@jäntsch.com,Director of Data Platform,Champion,Canada,,False,Referral,2023-04-09
C005249,A01695,Viktor,Gregory,viktor.gregory@merck.com,CISO,Blocker,Germany,Legitimate Interest,False,Event,2025-05-04
C005250,A00480,Malik,Jonkman,malik.jonkman@vaughan-cole.com,Head of Procurement,Blocker,Germany,Legitimate Interest,False,Partner,2026-10-06
C005251,A00103,Emil,Hondeveld,emil.hondeveld@andersson.com,"Director, Data Engineering",Champion,United States,,False,Referral,2025-07-21
C005252,A01092,Roos,Bolnbach,roos.bolnbach@king.com,"Director, Data Engineering",Champion,United States,,False,Referral,2026-07-22
C005253,A01250,Justin,Bond,justin.bond@freeman.com,Analytics Engineer,User,United States,,False,Webinar,2026-03-12
C005254,A01935,Ivan,Arvidsson,ivan.arvidsson@petersen.com,IT Security Manager,Blocker,United States,,False,Event,2024-12-06
C005255,A00717,Jessica,Oennen,jessica.oennen@foster.com,Data Engineering Manager,User,United States,,False,Free Trial,2025-01-05
C005256,A01780,Gunnar,Wheeler,gunnar.wheeler@harris.com,Analytics Engineer,User,United States,,False,Referral,2026-09-20
C005257,A01918,Patricia,Strandberg,patricia.strandberg@van.com,Head of Data Platform,Champion,Ireland,Legitimate Interest,False,Webinar,2026-10-02
C005258,A00274,Thorben,Davies,thorben.davies@demmendaal.com,"Director, Data Engineering",Champion,United Kingdom,Legitimate Interest,False,Webinar,2024-05-23
C005259,A01692,Lize,Heijmans,lize.heijmans@lloyd.com,VP Data,Economic Buyer,Sweden,Legitimate Interest,False,Free Trial,2024-12-03
C005260,A01478,Michael,Karlsson,michael.karlsson@coleman.com,Data Engineering Manager,User,United States,,False,Free Trial,2025-07-26
C005261,A01130,Yusuf,Ramos,yusuf.ramos@olsson.com,Head of Data Engineering,Champion,Germany,Legitimate Interest,False,Free Trial,2023-12-30
C005262,A00086,Muzaffer,Nordqvist,muzaffer.nordqvist@månsson.com,ceo ,,United Kingdom,Legitimate Interest,False,Paid Search,2026-05-29
C005263,A01160,Nathaniel,George,nathaniel.george@ouwel.com,Analytics Engineer,User,Denmark,Legitimate Interest,False,Free Trial,2026-05-10
C005264,A00554,Manuel,Smith,manuel.smith@boone-davis.com,Data Engineering Manager,User,United States,,False,Webinar,2026-01-26
C005265,A00846,Thomas,Russell,thomas.russell@d'.com,Chief Information Officer,Economic Buyer,United Kingdom,Legitimate Interest,False,Free Trial,2024-10-12
C005266,A01723,Laura,Eriksson,laura.eriksson@koninklijke.com,Director of Data Platform,Champion,Canada,,False,Partner,2026-07-30
C005267,A00161,Cornelia,Andersson,cornelia.andersson@thomas-holloway.com,test,,United Kingdom,Legitimate Interest,False,Paid Search,2026-08-24
C005268,A01875,Dylan,Blümel,dylan.blümel@schleich.com,Senior Data Engineer,User,United States,,False,Partner,2026-02-13
C005269,A01148,Marilyn,Paffrath,marilyn.paffrath@karlsson.com,Head of Procurement,Blocker,Ireland,Legitimate Interest,False,Free Trial,2026-04-11
C005270,A00325,Tristan,Brumleve,tristan.brumleve@einarsson.com,intern,,United States,,False,Webinar,2025-11-05
C005271,A00147,Francesca,Nelson,francesca.nelson@atzler.com,test,,United States,,False,Free Trial,2026-05-19
C005272,A00187,Kristina,Robertson,kristina.robertson@sauer.com,Senior Data Engineer,User,United States,,False,SDR Outbound,2025-04-20
C005273,A00190,Ize,Huhn,ize.huhn@ali-hughes.com,VP Data,Economic Buyer,Norway,Legitimate Interest,False,Paid Search,2026-09-08
C005274,A01696,Amanda,Smith,amanda.smith@fuentes.com,Chief Information Officer,Economic Buyer,Germany,Legitimate Interest,False,Partner,2026-07-14
C005275,A01669,Carlijn,Bengtsson,carlijn.bengtsson@ortiz.com,Analytics Engineer,User,Germany,Legitimate Interest,False,Content Download,2024-11-04
C005276,A00013,Pamela,Malmqvist,pamela.malmqvist@harper-atkinson.com,Staff Data Engineer,User,Denmark,Legitimate Interest,False,Event,2026-04-20
C005277,A00863,Jesper,Williams,jesper.williams@jorlink.com,"Director, Data Engineering",Champion,United Kingdom,Legitimate Interest,False,Free Trial,2025-05-13
C005278,A00706,Eckhardt,Smith,eckhardt.smith@dominguez.com,Data Engineering Manager,User,Canada,,False,Event,2026-09-23
C005279,A00560,Bryan,Gardner,bryan.gardner@ekman.com,Senior Data Engineer,User,United States,,False,Paid Search,2026-05-09
C005280,A01676,Kieran,Garcia,kieran.garcia@walker-berry.com,Data Engineering Manager,User,United Kingdom,Legitimate Interest,False,Referral,2026-08-28
C005281,A01760,Emma,Evans,emma.evans@nguyen.com,Head of Procurement,Blocker,United States,,False,Free Trial,2026-07-01
C005282,A01760,Kyle,Wise,kyle.wise@nguyen.com,Analytics Engineer,User,United States,,False,Event,2026-08-15
C005283,A01896,Lydia,Keith,lydia.keith@aertsz.com,Senior Data Engineer,User,United States,,False,Referral,2024-10-07
C005284,A00517,Anouk,Cummings,anouk.cummings@karlsson.com,Senior Data Engineer,User,United Kingdom,,False,Paid Search,2024-04-10
C005285,A01805,Kevin,Ariens,kevin.ariens@royal.com,x,,Germany,Legitimate Interest,False,Referral,2026-06-07
C005286,A00977,Shannon,Moberg,shannon.moberg@abbas.com,Director of Data Platform,Champion,Canada,,False,Paid Search,2024-10-31
C005287,A01693,Deborah,Pieters van der Maes,deborah.pieters van der maes@james.com,Chief Information Officer,Economic Buyer,Canada,,False,Referral,2026-07-23
C005288,A00832,Esmée,Owens,esmée.owens@tucker.com,Analytics Engineer,User,Ireland,Legitimate Interest,False,Paid Search,2025-04-17
C005289,A01397,Cecilia,Seifert,cecilia.seifert@garner.com,Analytics Engineer,User,United States,,False,Event,2024-01-02
C005290,A01370,Thijn,Leene,thijn.leene@ismail.com,Data Engineering Manager,User,Netherlands,Legitimate Interest,True,Paid Search,2024-02-20
C005291,A01852,Brad,Ehlert,brad.ehlert@hernandez.com,Senior Data Engineer,User,United States,,False,Webinar,2026-02-24
C005292,A01612,Jonathan,Deleon,jonathan.deleon@van.com,DATA ENG,,United States,,False,Event,2025-11-19
C005293,A01766,Sanne,Bryant,sanne.bryant@gutknecht.com,Data Engineering Manager,User,Switzerland,Legitimate Interest,False,SDR Outbound,2024-12-21
C005294,A01742,Levi,Rörricht,levi.rörricht@royal.com,CISO,Blocker,United States,,False,Webinar,2026-08-07
C005295,A01745,Ottilie,Bauer,ottilie.bauer@achmea.com,Director of Data Platform,Champion,Belgium,Legitimate Interest,False,Webinar,2024-06-09
C005296,A00480,Margareta,Döhn,margareta.döhn@vaughan-cole.com,ceo ,,Germany,Legitimate Interest,False,Referral,2026-08-21
C005297,A00924,Robin,Amalrada,robin.amalrada@smith.com,Head of Data Engineering,Champion,Ireland,Legitimate Interest,False,Content Download,2026-03-14
C005298,A01470,Olof,Khan,olof.khan@shaw.com,Manager,,Germany,Legitimate Interest,False,Free Trial,2026-03-13
C005299,A00072,Josefine,Forsgren,josefine.forsgren@oversteeg.com,Data Engineering Manager,User,United States,,False,SDR Outbound,2026-08-25
C005300,A00236,Otfried,Knappe,otfried.knappe@paillet.com,Staff Data Engineer,User,Austria,Legitimate Interest,False,Content Download,2025-11-01
C005301,A01665,Evelien,Jansse,evelien.jansse@athlon.com,intern,,United States,,False,Paid Search,2026-02-28
C005302,A00190,Per,Krebs,per.krebs@ali-hughes.com,Director of Data Platform,Champion,Norway,Legitimate Interest,False,Event,2026-09-08
C005303,A00466,Carol,van Dalem,carol.van dalem@karlsson.com,Staff Data Engineer,User,United Kingdom,,False,Event,2026-05-16
C005304,A01945,Daniel,Williams,daniel.williams@mitchell.com,N/A,,United States,,False,Event,2026-08-12
C005305,A01669,Hailey,Karlsson,hailey.karlsson@ortiz.com,-,,Germany,Legitimate Interest,False,Partner,2024-03-26
C005306,A00171,Diane,Jackson,diane.jackson@gustavsson.com,Director of Data Platform,Champion,Denmark,Legitimate Interest,True,Free Trial,2026-01-22
C005307,A01282,Fabian,Cox,fabian.cox@hendriks.com,Director of Data Platform,Champion,Canada,,False,SDR Outbound,2026-05-05
C005308,A00062,Senna,van der Schuijt,senna.van der schuijt@niemeier.com,Director of Data Platform,Champion,United States,,False,Free Trial,2026-07-29
C005309,A01217,Peter,Knappe,peter.knappe@yates-harper.com,Director of Data Platform,Champion,United States,,False,Paid Search,2026-08-07
C005310,A00654,Julian,Giselmeyer,julian.giselmeyer@gunpf.com,Head of Data Platform,Champion,United States,,False,Paid Search,2024-09-23
C005311,A01327,Paige,Jonsson,paige.jonsson@de.com,Analytics Engineer,User,United States,,False,SDR Outbound,2023-08-17
C005312,A00182,Marie-Luise,Martin,marie-luise.martin@microsoft.com,VP Data & Analytics,Economic Buyer,Germany,Legitimate Interest,False,Webinar,2025-11-22
C005313,A01834,Charlie,Stahr,charlie.stahr@gardner-james.com,Head of Data Platform,Champion,Denmark,Legitimate Interest,False,Content Download,2026-04-30
C005314,A00335,Victoria,Turner,victoria.turner@wood.com,ceo ,,Sweden,Legitimate Interest,False,Partner,2023-06-10
C005315,A01215,Pien,Köster,pien.köster@hussain-wilkinson.com,CISO,Blocker,United States,,False,Content Download,2026-08-16
C005316,A00229,Teun,Wood,teun.wood@john.com,Analytics Engineer,User,United Kingdom,Legitimate Interest,False,Partner,2025-11-22
C005317,A01513,Kenneth,Jones,kenneth.jones@radisch.com,Analytics Engineer,User,United States,,False,Content Download,2025-06-08
C005318,A00422,Stefan,Sutton,stefan.sutton@lindskog.com,Chief Data Officer,Economic Buyer,United States,,False,SDR Outbound,2026-03-04
C005319,A01220,Kayleigh,Brooks,kayleigh.brooks@room.com,Head of Data Engineering,Champion,United States,,False,Partner,2025-03-29
C005320,A01389,Angelika,Clark,angelika.clark@nash.com,Senior Data Engineer,User,United States,,False,SDR Outbound,2025-09-04
C005321,A01820,Bente,Meijer,bente.meijer@risma.com,Analytics Engineer,User,United States,,True,Partner,2026-04-10
C005322,A00010,Luuk,Boddaugh,luuk.boddaugh@royal.com,IT Security Manager,Blocker,Norway,Legitimate Interest,False,Webinar,2026-06-17
C005323,A01257,Reinald,Kostolzin,reinald.kostolzin@hill.com,Staff Data Engineer,User,United States,,False,Partner,2026-09-20
C005324,A00974,Ulla,van de Velden,ulla.van de velden@axelsson.com,Chief Information Officer,Economic Buyer,United States,,False,Free Trial,2026-08-29
C005325,A01683,Silke,Robinson,silke.robinson@humphries-sharpe.com,Director of Data Platform,Champion,Sweden,Legitimate Interest,False,Content Download,2026-01-06
C005326,A00171,Barbara,Harper,barbara.harper@gustavsson.com,Staff Data Engineer,User,Denmark,Legitimate Interest,False,Referral,2024-07-01
C005327,A01396,Aysel,Jones,aysel.jones@smits.com,-,,Ireland,Legitimate Interest,False,Referral,2024-05-13
C005328,A01600,Nova,Alexander,nova.alexander@watson.com,Data Engineering Manager,User,United States,,False,Partner,2024-08-23
C005329,A01840,Hollie,Cannon,hollie.cannon@mude.com,"Director, Data Engineering",Champion,Netherlands,Legitimate Interest,False,Event,2025-07-12
C005330,A01748,Tuva,Marsh,tuva.marsh@peter.com,intern,,United States,,False,Referral,2024-04-05
C005331,A00810,Emil,Jones,emil.jones@svedberg.com,Staff Data Engineer,User,United States,,False,Partner,2024-10-26
C005332,A01970,Patrick,Ericson,patrick.ericson@blomkvist.com,VP Data & Analytics,Economic Buyer,United States,,False,Partner,2025-10-09
C005333,A00033,Bradley,Binner,bradley.binner@aalberts.com,Chief Data Officer,Economic Buyer,United States,,False,SDR Outbound,2026-10-03
C005334,A00462,Laura,Jackson,laura.jackson@pohl.com,Analytics Engineer,User,United Kingdom,Legitimate Interest,False,Paid Search,2025-08-20
C005335,A00616,Amy,Clarke,amy.clarke@king-wright.com,Analytics Engineer,User,Sweden,Legitimate Interest,False,Referral,2026-09-13
C005336,A01959,Leonard,Hoelen,leonard.hoelen@van.com,VP Data & Analytics,Economic Buyer,Ireland,Legitimate Interest,False,Event,2025-12-27
C005337,A01374,Håkan,Herrera,håkan.herrera@hunter.com,IT Security Manager,Blocker,Norway,Legitimate Interest,True,Webinar,2025-04-27
C005338,A00458,Jente,Olsson,jente.olsson@petersson.com,Head of Data Engineering,Champion,Canada,,False,Free Trial,2024-09-26
C005339,A01174,Hannah,Charles,hannah.charles@bakker.com,Data Engineering Manager,User,Sweden,Legitimate Interest,False,Free Trial,2024-04-09
C005340,A00355,Noud,van den Velden,noud.van den velden@pettersson.com,-,,Germany,Legitimate Interest,False,Free Trial,2026-04-15
C005341,A01477,Ingrid,Magnusson,ingrid.magnusson@ohra.com,Head of Data Platform,Champion,Sweden,Legitimate Interest,False,Partner,2025-08-06
C005342,A01268,Ulf,Salz,ulf.salz@andersson.com,Senior Data Engineer,User,United Kingdom,Legitimate Interest,False,Event,2025-12-02
C005343,A00347,Sven,Andersson,sven.andersson@reeves-adams.com,Data Engineering Manager,User,Austria,,False,Partner,2024-12-07
C005344,A01121,Barry,Henry,barry.henry@mills.com,Head of Procurement,Blocker,Sweden,Legitimate Interest,False,SDR Outbound,2024-11-06
C005345,A00093,Joshua,Vertooren,joshua.vertooren@lövgren.com,"Director, Data Engineering",Champion,Ireland,Legitimate Interest,False,Partner,2026-05-04
C005346,A00190,Quinten,Nordin,quinten.nordin@ali-hughes.com,Director of Data Platform,Champion,Norway,Legitimate Interest,False,Referral,2026-07-16
C005347,A01195,Elisabet,Cooley,elisabet.cooley@söding.com,Data Engineering Manager,User,Sweden,Legitimate Interest,False,Free Trial,2025-10-10
C005348,A01754,Ryan,Meyer,ryan.meyer@weihmann.com,Senior Data Engineer,User,United States,,True,Webinar,2026-08-13
C005349,A00595,Rudolf,Green,rudolf.green@larsson.com,Analytics Engineer,User,Norway,Legitimate Interest,False,Event,2026-04-28
C005350,A00658,Jort,Jackson,jort.jackson@persson.com,Staff Data Engineer,User,Canada,,False,Content Download,2026-02-05
C005351,A00942,Valerie,Kitzmann,valerie.kitzmann@lange.com,Staff Data Engineer,User,Canada,,False,Referral,2025-11-26
C005352,A01071,Marit,Morris,marit.morris@misicher.com,ceo ,,Germany,Legitimate Interest,False,Content Download,2026-02-13
C005353,A00823,Emir,Strijker,emir.strijker@clark-steele.com,ceo ,,United Kingdom,Legitimate Interest,False,Content Download,2024-08-31
C005354,A01034,Richard,van de Leemput,richard.van de leemput@vilhelmsson.com,Data Engineering Manager,User,Ireland,Legitimate Interest,False,SDR Outbound,2024-07-31
C005355,A01091,Christopher,Carey,christopher.carey@söding.com,Senior Data Engineer,User,United Kingdom,Legitimate Interest,True,Partner,2025-09-11
C005356,A01422,Elvira,Andersson,elvira.andersson@jopich.com,Senior Data Engineer,User,Canada,,False,Webinar,2026-04-01
C005357,A00365,Ulla,Harrison,ulla.harrison@royal.com,Data Engineering Manager,User,Canada,,True,Webinar,2026-04-13
C005358,A01586,Kathryn,Porter,kathryn.porter@groenestein.com,Staff Data Engineer,User,United States,,False,Event,2026-05-03
C005359,A01715,Adriana,Graf,adriana.graf@garcia.com,Senior Data Engineer,User,United States,,False,SDR Outbound,2026-09-22
C005360,A01044,Geoffrey,Mulders,geoffrey.mulders@thompson.com,Director of Data Platform,Champion,United States,,False,SDR Outbound,2026-09-01
C005361,A00242,Emily,Lang,emily.lang@glover.com,Data Engineering Manager,User,United States,,True,Free Trial,2026-02-28
C005362,A00952,Martin,van der Berg,martin.van der berg@york.com,Head of Data Engineering,Champion,United States,,False,Paid Search,2025-09-17
C005363,A01384,Juan,Andersson,juan.andersson@fox.com,Head of Data Platform,Champion,United States,,True,Free Trial,2026-06-10
C005364,A01731,Lance,Pettersson,lance.pettersson@bergström.com,Staff Data Engineer,User,United Kingdom,Legitimate Interest,False,Event,2026-01-04
C005365,A00265,Alice,Foster,alice.foster@davis-lewis.com,Senior Data Engineer,User,United Kingdom,Legitimate Interest,False,Partner,2026-08-07
C005366,A00999,Pedro,Olsson,pedro.olsson@mentzel.com,Senior Data Engineer,User,Switzerland,Legitimate Interest,False,SDR Outbound,2026-09-28
C005367,A00722,Johan,Ouwel,johan.ouwel@eigenwillig.com,"Director, Data Engineering",Champion,United States,,False,Content Download,2025-11-29
C005368,A00498,Nathalie,Nyström,nathalie.nyström@berggren.com,Head of Procurement,Blocker,United Kingdom,Legitimate Interest,True,Free Trial,2024-07-31
C005369,A00178,Eric,Wagner,eric.wagner@howard.com,Data Engineering Manager,User,Canada,,False,Free Trial,2026-06-12
C005370,A00571,Rachael,Lane,rachael.lane@etzold.com,Head of Data Platform,Champion,Belgium,Legitimate Interest,False,Partner,2026-07-23
C005371,A00713,Leonie,Döring,leonie.döring@richards-williams.com,Staff Data Engineer,User,United States,,False,Referral,2026-08-25
C005372,A01947,Maja,Bohnbach,maja.bohnbach@hendrix.com,"Director, Data Engineering",Champion,United Kingdom,Legitimate Interest,False,Free Trial,2025-11-17
C005373,A00240,Helena,Stanley,helena.stanley@roberts.com,"Director, Data Engineering",Champion,Canada,,False,Content Download,2024-11-11
C005374,A01183,Crystal,Nohlmans,crystal.nohlmans@cervantes.com,Senior Data Engineer,User,United States,,False,Event,2024-01-08
C005375,A00289,Renske,Franklin,renske.franklin@decker.com,"Director, Data Engineering",Champion,Netherlands,Legitimate Interest,False,Event,2026-07-08
C005376,A00420,Lori,Goddard,lori.goddard@smith.com,VP Data,Economic Buyer,Norway,Legitimate Interest,False,SDR Outbound,2026-06-17
C005377,A00197,Mara,Martinez,mara.martinez@adams.com,Director of Data Platform,Champion,United States,,False,Referral,2026-04-22
C005378,A01280,Per,Lindgren,per.lindgren@johansson.com,Senior Data Engineer,User,Germany,Legitimate Interest,False,Free Trial,2023-11-24
C005379,A00233,Jobst,Summers,jobst.summers@williams.com,IT Security Manager,Blocker,United Kingdom,Legitimate Interest,False,Event,2026-06-27
C005380,A00691,Karl,Green,karl.green@stichting.com,Data Engineering Manager,User,Ireland,,False,Webinar,2026-09-21
C005381,A00717,Kay,Morrison,kay.morrison@foster.com,Data Engineering Manager,User,United States,,False,Paid Search,2025-10-03
C005382,A00826,Patricia,de Werd,patricia.de werd@van.com,Head of Data Engineering,Champion,Sweden,Legitimate Interest,False,Event,2025-08-19
C005383,A01644,Ester,Wohlgemut,ester.wohlgemut@thomas.com,CISO,Blocker,Austria,Legitimate Interest,False,Paid Search,2025-09-22
C005384,A01334,Axel,Johansson,axel.johansson@scott.com,N/A,,United States,,False,Free Trial,2026-05-13
C005385,A00470,Otmar,Knutsson,otmar.knutsson@eriksson.com,Chief Data Officer,Economic Buyer,Canada,,False,Content Download,2026-08-24
C005386,A01293,Harriet,Vollbrecht,harriet.vollbrecht@nord.com,Director of Data Platform,Champion,United States,,True,Paid Search,2026-07-16
C005387,A00754,Anna,Lindholm,anna.lindholm@scholtz.com,-,,Norway,Legitimate Interest,False,Paid Search,2026-04-15
C005388,A00137,Rita,Murray,rita.murray@linke.com,Head of Data Platform,Champion,Germany,Legitimate Interest,False,Partner,2025-06-27
C005389,A00335,Hugh,Barnes,hugh.barnes@wood.com,Staff Data Engineer,User,Sweden,Legitimate Interest,False,Referral,2024-06-30
C005390,A01321,Bo,Stevens,bo.stevens@öberg.com,Chief Data Officer,Economic Buyer,United States,,False,Partner,2026-02-11
C005391,A00123,Torbjörn,van Herstal,torbjörn.van herstal@junken.com,"Director, Data Engineering",Champion,Belgium,Legitimate Interest,False,SDR Outbound,2025-10-12
C005392,A01806,Timothy,O'Neill,timothy.o'neill@camacho.com,Analytics Engineer,User,United States,,False,Paid Search,2025-12-08
C005393,A01212,Diana,Atzler,diana.atzler@furda.com,VP Data & Analytics,Economic Buyer,United Kingdom,Legitimate Interest,False,Event,2025-12-30
C005394,A01947,Stewart,Brooks,stewart.brooks@hendrix.com,"Director, Data Engineering",Champion,United Kingdom,Legitimate Interest,True,SDR Outbound,2026-07-06
C005395,A00894,Mathew,Barker,mathew.barker@vervoort.com,Analytics Engineer,User,Sweden,Legitimate Interest,False,SDR Outbound,2026-09-24
C005396,A00968,Mariana,Barker,mariana.barker@claesdr.com,CISO,Blocker,United Kingdom,Legitimate Interest,False,Free Trial,2025-09-07
C005397,A00292,Robert,Gallagher,robert.gallagher@gomez-ortega.com,Data Engineering Manager,User,United States,,False,Referral,2024-10-01
C005398,A01031,Tracy,Jäntsch,tracy.jäntsch@klingelhöfer.com,"Director, Data Engineering",Champion,Germany,Legitimate Interest,True,Referral,2025-01-19
C005399,A01263,Clinton,Bengtsson,clinton.bengtsson@hopkins.com,Staff Data Engineer,User,United States,,False,Event,2025-03-19
C005400,A00790,Klaus Dieter,Geisler,klaus dieter.geisler@van.com,Senior Data Engineer,User,United States,,False,Paid Search,2026-04-08
C005401,A01731,Kirstin,Sjöberg,kirstin.sjöberg@bergström.com,CISO,Blocker,United Kingdom,Legitimate Interest,False,Paid Search,2025-11-02
C005402,A00174,Gerold,Moore,gerold.moore@gustafsson.com,Senior Data Engineer,User,United States,,False,SDR Outbound,2024-11-02
C005403,A01465,Ioannis,Albers,ioannis.albers@bohnbach.com,VP Data,Economic Buyer,United States,,False,Event,2026-06-23
C005404,A00957,Lukas,Wever,lukas.wever@stumpf.com,Staff Data Engineer,User,United States,,False,Webinar,2026-05-28
C005405,A01563,David,Johansson,david.johansson@andersson.com,Staff Data Engineer,User,United Kingdom,Legitimate Interest,False,Event,2025-07-30
C005406,A01469,Tina,Scheer,tina.scheer@isaksson.com,Staff Data Engineer,User,United States,,False,Webinar,2026-10-07
C005407,A01849,Cheyenne,Green,cheyenne.green@johann.com,Senior Data Engineer,User,United States,,False,Partner,2025-04-12
C005408,A00229,Agathe,Gröttner,agathe.gröttner@john.com,Data Engineering Manager,User,United Kingdom,Legitimate Interest,False,Paid Search,2023-03-21
C005409,A01691,Anna,Merritt,anna.merritt@holmström.com,data guy,,Germany,Legitimate Interest,False,Referral,2025-02-21
C005410,A01597,Benjamin,Jockel,benjamin.jockel@carroll.com,Data Engineering Manager,User,United States,,False,Content Download,2024-04-24
C005411,A01746,Clifford,Davids,clifford.davids@hawkins.com,Head of Procurement,Blocker,United Kingdom,Legitimate Interest,False,Referral,2025-04-23
C005412,A00173,Bert,Cooper,bert.cooper@tucker.com,Chief Information Officer,Economic Buyer,United States,,False,SDR Outbound,2026-08-25
C005413,A01832,Elizabeth,Johnson,elizabeth.johnson@baxter-foster.com,Head of Data Platform,Champion,United States,,False,Event,2025-12-21
C005414,A00542,Elliott,Uphus,elliott.uphus@allen.com,Head of Data Engineering,Champion,United States,,False,Event,2025-09-27
C005415,A01821,Kjell,Linde,kjell.linde@paulsson.com,Senior Data Engineer,User,Germany,Legitimate Interest,False,Paid Search,2026-06-24
C005416,A01259,Alan,Smith,alan.smith@hunter.com,Data Engineering Manager,User,Canada,,False,Partner,2026-09-13
C005417,A00286,Joy,van Dooren,joy.van dooren@kuhl.com,Senior Data Engineer,User,Belgium,Legitimate Interest,False,Webinar,2026-01-08
C005418,A00939,Eva,Kuilenburg,eva.kuilenburg@higgins.com,Senior Data Engineer,User,United Kingdom,Legitimate Interest,False,Partner,2025-08-15
C005419,A00527,Shirley,Heintze,shirley.heintze@miller.com,N/A,,United States,,False,Free Trial,2026-08-18
C005420,A00439,Shannon,Gellemeyer,shannon.gellemeyer@henschel.com,Data Engineering Manager,User,United States,,False,Webinar,2023-12-21
C005421,A00373,Karl,Weber,karl.weber@textor.com,Analytics Engineer,User,Switzerland,Legitimate Interest,False,Free Trial,2024-05-08
C005422,A01487,Kristina,Jenkins,kristina.jenkins@jansson.com,Senior Data Engineer,User,Germany,Legitimate Interest,False,Webinar,2024-10-11
C005423,A00526,Mary,Gill,mary.gill@shupe.com,IT Security Manager,Blocker,Switzerland,Legitimate Interest,False,SDR Outbound,2024-08-28
C005424,A01179,Ferdi,Söding,ferdi.söding@nelson-noble.com,Analytics Engineer,User,United States,,False,SDR Outbound,2025-01-16
C005425,A01497,Billy,Gray,billy.gray@gustafsson.com,Head of Data Engineering,Champion,United Kingdom,Legitimate Interest,False,SDR Outbound,2024-09-24
C005426,A00872,Sally,Dixon,sally.dixon@taylor.com,N/A,,Germany,Legitimate Interest,False,Webinar,2025-07-04
C005427,A01951,Reece,Steuer,reece.steuer@long-carter.com,CISO,Blocker,United States,,False,Webinar,2025-12-06
C005428,A00260,Anna,Watson,anna.watson@gilbert-crosby.com,Analytics Engineer,User,United States,,False,Free Trial,2024-11-17
C005429,A01367,Hartwig,d' Heripon,hartwig.d' heripon@bloch.com,N/A,,United States,,False,Free Trial,2026-01-26
C005430,A00689,Sheila,Håkansson,sheila.håkansson@driessen.com,Data Engineering Manager,User,United States,,False,Webinar,2026-02-11
C005431,A00048,Karl,Romero,karl.romero@baldwin-ball.com,Staff Data Engineer,User,United States,,True,Free Trial,2026-08-22
C005432,A01293,Maren,Gertz,maren.gertz@nord.com,Head of Data Platform,Champion,United States,,False,Paid Search,2026-08-05
C005433,A00698,Jacob,Dahlberg,jacob.dahlberg@shell.com,Senior Data Engineer,User,United Kingdom,Legitimate Interest,False,Referral,2025-01-10
C005434,A00584,Signe,Hansson,signe.hansson@richardson-baker.com,N/A,,United States,,False,Content Download,2026-03-18
C005435,A00957,Shannon,Cook,shannon.cook@stumpf.com,Head of Procurement,Blocker,United States,,False,Paid Search,2026-05-02
C005436,A00212,Becky,Fröhlich,becky.fröhlich@thanel.com,Head of Data Platform,Champion,United States,,False,Event,2025-11-26
C005437,A01471,Elisabeth,Persson,elisabeth.persson@trupp.com,Director of Data Platform,Champion,Germany,Legitimate Interest,False,Referral,2026-05-13
C005438,A00987,Ehrentraud,Naser,ehrentraud.naser@rehorst.com,Analytics Engineer,User,United States,,False,Content Download,2026-10-02
C005439,A01899,John,van Brenen,john.van brenen@josefsson.com,ceo ,,United Kingdom,,False,Paid Search,2025-10-10
C005440,A00689,Mato,Stanley,mato.stanley@driessen.com,DATA ENG,,United States,,False,Free Trial,2023-10-16
C005441,A01328,Mary,die Witte,mary.die witte@washington-harper.com,Head of Data Platform,Champion,Sweden,Legitimate Interest,False,SDR Outbound,2024-11-20
C005442,A01939,Balthasar,Mielcarek,balthasar.mielcarek@holland.com,"Director, Data Engineering",Champion,United States,,False,SDR Outbound,2026-02-16
C005443,A00131,Leah,Eklund,leah.eklund@oconnell.com,Chief Information Officer,Economic Buyer,United States,,False,Webinar,2025-07-29
C005444,A00975,Kathleen,Hedin,kathleen.hedin@mcgee-smith.com,x,,Canada,,False,Event,2026-09-11
C005445,A01893,Georgina,Thorén,georgina.thorén@johansson.com,VP Data,Economic Buyer,United States,,False,Free Trial,2026-05-15
C005446,A01799,Henry,Warmer,henry.warmer@jönsson.com,ceo ,,United States,,True,SDR Outbound,2026-02-11
C005447,A00375,Elsa,van den Brand,elsa.van den brand@smith.com,Head of Data Platform,Champion,United States,,False,Webinar,2026-06-15
C005448,A00796,Thijs,van der Mast,thijs.van der mast@olofsson.com,Senior Data Engineer,User,United Kingdom,Legitimate Interest,False,Free Trial,2025-02-27
C005449,A00120,Camilla,Beijring,camilla.beijring@bell-robinson.com,Head of Data Engineering,Champion,United States,,True,Free Trial,2026-08-29
C005450,A00159,Jill,Ellis,jill.ellis@klingelhöfer.com,Staff Data Engineer,User,United States,,False,SDR Outbound,2026-09-27
C005451,A01853,Monica,Carnotte,monica.carnotte@jones.com,Data Engineering Manager,User,United States,,False,Paid Search,2026-05-22
C005452,A00028,Meghan,Johansson,meghan.johansson@howe.com,data guy,,United States,,True,Referral,2025-09-23
C005453,A01609,Christopher,Roberts,christopher.roberts@huisman.com,Data Engineering Manager,User,United States,,False,SDR Outbound,2024-07-10
C005454,A00137,Louise,Greij,louise.greij@linke.com,Staff Data Engineer,User,Germany,Legitimate Interest,False,Partner,2025-07-30
C005455,A00956,Rene,Wipstrik,rene.wipstrik@kpn.com,Manager,,United States,,False,Paid Search,2024-04-21
C005456,A00472,Thom,Ackermann,thom.ackermann@smith.com,Senior Data Engineer,User,Belgium,Legitimate Interest,False,Referral,2026-10-08
C005457,A00562,Cornelius,Nilsson,cornelius.nilsson@heß.com,Senior Data Engineer,User,Germany,Legitimate Interest,False,Free Trial,2025-09-25
C005458,A00671,Sylvie,Parks,sylvie.parks@berglund.com,Analytics Engineer,User,Ireland,Legitimate Interest,False,Referral,2026-07-14
C005459,A00981,Aaliyah,Heß,aaliyah.heß@jonasson.com,Analytics Engineer,User,United States,,False,Free Trial,2025-09-22
C005460,A00222,Marie,Martin,marie.martin@vallin.com,test,,United States,,False,Event,2025-08-20
C005461,A00725,Laura,Skog,laura.skog@baker.com,Senior Data Engineer,User,Germany,Legitimate Interest,False,Paid Search,2024-04-12
C005462,A01363,Elin,Hansson,elin.hansson@powell.com,Staff Data Engineer,User,United States,,True,Webinar,2026-07-11
C005463,A00702,Markus,Brewer,markus.brewer@garrett-barber.com,Head of Data Platform,Champion,United Kingdom,Legitimate Interest,False,Referral,2026-01-19
C005464,A00869,Simon,Olsson,simon.olsson@morris.com,Senior Data Engineer,User,Canada,,False,Paid Search,2026-02-04
C005465,A00407,Danielle,Jockel,danielle.jockel@holthuis.com,Staff Data Engineer,User,United Kingdom,Legitimate Interest,False,Partner,2026-08-20
C005466,A01802,Derek,Gieß,derek.gieß@trubin.com,"Director, Data Engineering",Champion,United Kingdom,Legitimate Interest,False,Free Trial,2026-01-27
C005467,A01783,Simon,van der Linden,simon.van der linden@hall-moore.com,test,,United States,,False,Partner,2024-10-18
C005468,A00219,Göran,Matthäi,göran.matthäi@jones.com,Director of Data Platform,Champion,Ireland,Legitimate Interest,False,Content Download,2026-10-01
C005469,A01438,Kevin,Richard,kevin.richard@clark-hayward.com,Staff Data Engineer,User,Norway,Legitimate Interest,False,Event,2026-09-25
C005470,A00448,Bertram,Powell,bertram.powell@kloppert.com,Analytics Engineer,User,Canada,,False,SDR Outbound,2026-08-26
C005471,A00178,Thijn,Davey,thijn.davey@howard.com,Chief Data Officer,Economic Buyer,Canada,,False,Paid Search,2025-07-09
C005472,A01841,Anja,Soto,anja.soto@wang.com,Analytics Engineer,User,United States,,False,Webinar,2026-09-18
C005473,A00987,Georgia,Ruppersberger,georgia.ruppersberger@rehorst.com,x,,United States,,False,Paid Search,2026-10-06
C005474,A00558,Jane,Sandström,jane.sandström@giles.com,Data Engineering Manager,User,United States,,False,Paid Search,2023-12-20
C005475,A00499,Joris,Peukert,joris.peukert@rfs.com,Analytics Engineer,User,United States,,False,Event,2024-07-30
C005476,A00526,Heinz-Wilhelm,Cortez,heinz-wilhelm.cortez@shupe.com,VP Data,Economic Buyer,Switzerland,Legitimate Interest,False,Partner,2025-05-27
C005477,A00358,Andrew,Horn,andrew.horn@van.com,Senior Data Engineer,User,United States,,False,Referral,2024-04-24
C005478,A00358,Jennifer,Lind,jennifer.lind@van.com,"Director, Data Engineering",Champion,United States,,False,Referral,2024-01-04
C005479,A00693,Michael,Lundqvist,michael.lundqvist@koninklijke.com,CISO,Blocker,United Kingdom,Legitimate Interest,False,Paid Search,2025-09-23
C005480,A01075,Katherine,Samuelsson,katherine.samuelsson@atkinson.com,Director of Data Platform,Champion,Sweden,Legitimate Interest,False,Event,2026-09-01
C005481,A01823,Lindsey,van Laarhoven,lindsey.van laarhoven@ali.com,Senior Data Engineer,User,United States,,False,SDR Outbound,2026-07-05
C005482,A01869,Annekatrin,van Oirschot,annekatrin.van oirschot@roberts.com,Chief Information Officer,Economic Buyer,United States,,False,Referral,2026-05-26
C005483,A01331,Patricia,Verbruggen,patricia.verbruggen@kreusel.com,x,,United States,,False,Paid Search,2025-06-28
C005484,A01065,Jake,Dougherty,jake.dougherty@harvey-mccullough.com,Data Engineering Manager,User,United States,,False,Free Trial,2025-09-28
C005485,A00704,Kai,Jähn,kai.jähn@woods.com,DATA ENG,,Denmark,Legitimate Interest,False,Referral,2026-09-21
C005486,A00522,Heimo,Flink,heimo.flink@larsson.com,"Director, Data Engineering",Champion,United States,,False,Event,2023-10-07
C005487,A00497,Kristina,Pierson,kristina.pierson@anders.com,VP Data & Analytics,Economic Buyer,United Kingdom,Legitimate Interest,False,SDR Outbound,2024-09-15
C005488,A01436,Stuart,Andersson,stuart.andersson@juncken.com,Analytics Engineer,User,Norway,Legitimate Interest,False,Paid Search,2024-09-01
C005489,A01591,Dominic,Middleton,dominic.middleton@dippel.com,"Director, Data Engineering",Champion,Norway,Legitimate Interest,False,Content Download,2026-03-15
C005490,A00891,Dex,Bruynzeels,dex.bruynzeels@mohaupt.com,"Director, Data Engineering",Champion,Canada,,False,Content Download,2026-09-29
C005491,A01710,Olivia,Bull,olivia.bull@keudel.com,Staff Data Engineer,User,Canada,,False,SDR Outbound,2025-09-19
C005492,A00844,Michael,Klemm,michael.klemm@engie.com,N/A,,United States,,False,Event,2025-03-06
C005493,A01632,Valentijn,Kuilenburg,valentijn.kuilenburg@reynolds.com,VP Data,Economic Buyer,United States,,False,SDR Outbound,2026-03-14
C005494,A01824,Pleun,McCarthy,pleun.mccarthy@lindskog.com,Analytics Engineer,User,United States,,False,Content Download,2026-08-06
C005495,A00369,Tim,Haglund,tim.haglund@brown-shaw.com,Head of Data Platform,Champion,United States,,False,SDR Outbound,2025-03-29
C005496,A01357,William,Svahn,william.svahn@collins.com,VP Data & Analytics,Economic Buyer,Norway,Legitimate Interest,False,Webinar,2025-12-21
C005497,A01125,Werner,Roukes,werner.roukes@van.com,Senior Data Engineer,User,Switzerland,Legitimate Interest,False,Partner,2026-01-13
C005498,A01298,Yasmin,Schmidtke,yasmin.schmidtke@riley.com,Manager,,United Kingdom,Legitimate Interest,False,Content Download,2025-12-01
C005499,A00383,Hedwig,Seip,hedwig.seip@putz.com,Senior Data Engineer,User,United Kingdom,Legitimate Interest,False,Paid Search,2026-04-16
C005500,A01983,Mitchell,Nilsson,mitchell.nilsson@lewis.com,N/A,,United States,,False,SDR Outbound,2025-09-21
C005501,A01942,Kate,Grein Groth,kate.grein groth@pärtzelt.com,-,,United States,,False,SDR Outbound,2026-08-25
C005502,A01052,Lena,Recers,lena.recers@kranz.com,Head of Data Engineering,Champion,United States,,False,SDR Outbound,2026-07-14
C005503,A01153,Suzanne,Jones,suzanne.jones@kranz.com,Staff Data Engineer,User,Netherlands,Legitimate Interest,False,Referral,2025-10-05
C005504,A01696,Sten,Jonsson,sten.jonsson@fuentes.com,VP Data,Economic Buyer,Germany,Legitimate Interest,False,Paid Search,2026-08-05
C005505,A01968,Joseph,Brown,joseph.brown@stichting.com,Analytics Engineer,User,United States,,False,Referral,2026-10-03
C005506,A01276,Stijn,Willems,stijn.willems@winters.com,Head of Procurement,Blocker,Ireland,Legitimate Interest,False,Content Download,2026-04-07
C005507,A00958,Kyle,Wever,kyle.wever@hehl.com,Staff Data Engineer,User,Canada,,False,Event,2026-07-18
C005508,A00120,Joel,Jones,joel.jones@bell-robinson.com,Head of Procurement,Blocker,United States,,False,Free Trial,2024-12-27
C005509,A01724,Lisanne,Riley,lisanne.riley@le.com,Staff Data Engineer,User,Norway,Legitimate Interest,False,Free Trial,2026-02-18
C005510,A00431,Darren,Lindberg,darren.lindberg@hermann.com,Data Engineering Manager,User,United States,,False,Free Trial,2025-01-23
C005511,A00175,Dawn,Duncan,dawn.duncan@otto.com,Senior Data Engineer,User,Austria,Legitimate Interest,False,Paid Search,2024-07-29
C005512,A01769,Jo,Hogan,jo.hogan@lindblom.com,Staff Data Engineer,User,United States,,False,Free Trial,2025-04-17
C005513,A01078,Rocco,van der Dussen,rocco.van der dussen@gilbert-norman.com,VP Data & Analytics,Economic Buyer,United States,,False,Partner,2026-06-18
C005514,A01028,George,Ullmann,george.ullmann@viklund.com,Staff Data Engineer,User,United States,,False,Partner,2026-03-26
C005515,A01319,Mohammad,Whittaker,mohammad.whittaker@powell.com,Head of Data Platform,Champion,Belgium,Legitimate Interest,False,Paid Search,2025-03-29
C005516,A00501,Geraldine,Wutke,geraldine.wutke@nicholls.com,IT Security Manager,Blocker,United States,,False,Event,2024-06-29
C005517,A01686,Glenn,Johnston,glenn.johnston@lee.com,Chief Information Officer,Economic Buyer,Switzerland,Legitimate Interest,False,SDR Outbound,2026-09-16
C005518,A00165,Victoria,Bos,victoria.bos@smith.com,Senior Data Engineer,User,Switzerland,Legitimate Interest,False,Webinar,2026-03-21
C005519,A00294,Michelle,Green,michelle.green@döhn.com,Analytics Engineer,User,United States,,False,Webinar,2025-05-15
C005520,A00293,Melissa,Nordin,melissa.nordin@simons.com,IT Security Manager,Blocker,United States,,False,SDR Outbound,2026-09-21
C005521,A00456,Brian,Bradley,brian.bradley@hoffman.com,"Director, Data Engineering",Champion,United States,,False,Content Download,2026-05-28
C005522,A01381,Viktoria,Linke,viktoria.linke@horne.com,"Director, Data Engineering",Champion,Sweden,Legitimate Interest,False,SDR Outbound,2023-04-30
C005523,A01421,Christian,Karlsson,christian.karlsson@butler.com,IT Security Manager,Blocker,United Kingdom,Legitimate Interest,False,Paid Search,2025-09-15
C005524,A00857,Isabell,Butte,isabell.butte@clarke.com,VP Data & Analytics,Economic Buyer,United States,,False,Content Download,2023-03-03
C005525,A00027,Amy,Paffrath,amy.paffrath@ahlgren.com,CISO,Blocker,United Kingdom,Legitimate Interest,False,Referral,2025-09-18
C005526,A01065,Lucy,Kühnert,lucy.kühnert@harvey-mccullough.com,Analytics Engineer,User,United States,,False,Webinar,2025-08-24
C005527,A00976,Dani,Vollbrecht,dani.vollbrecht@achmea.com,Staff Data Engineer,User,United States,,False,Event,2026-05-02
C005528,A00406,Wenzel,van Bunschoten,wenzel.van bunschoten@wilkins.com,Staff Data Engineer,User,United States,,False,Paid Search,2025-12-21
C005529,A01521,William,van de Ven,william.van de ven@atzler.com,Head of Data Platform,Champion,Sweden,Legitimate Interest,False,Content Download,2024-07-10
C005530,A01433,Isabella,Ramirez,isabella.ramirez@miranda.com,VP Data & Analytics,Economic Buyer,United States,,False,Partner,2026-05-31
C005531,A01018,Kim,Jansson,kim.jansson@zijlemans.com,"Director, Data Engineering",Champion,Switzerland,Legitimate Interest,False,Webinar,2026-04-24
C005532,A01924,Ceylin,Walters,ceylin.walters@hughes.com,Chief Information Officer,Economic Buyer,United States,,False,SDR Outbound,2026-09-02
C005533,A00084,Joy,Connolly,joy.connolly@de.com,VP Data & Analytics,Economic Buyer,Norway,Legitimate Interest,False,Referral,2026-09-22
C005534,A01413,Zofia,Lindberg,zofia.lindberg@lee.com,Director of Data Platform,Champion,United Kingdom,Legitimate Interest,False,Partner,2026-02-17
C005535,A00896,Alison,Andersson,alison.andersson@fischer.com,"Director, Data Engineering",Champion,United States,,False,Partner,2026-02-19
C005536,A01949,Rita,Marshall,rita.marshall@edwards.com,Senior Data Engineer,User,Switzerland,Legitimate Interest,False,SDR Outbound,2026-07-19
C005537,A01921,Jessica,Nilsson,jessica.nilsson@koninklijke.com,Analytics Engineer,User,United States,,False,Free Trial,2025-09-18
C005538,A00651,Sven,Bachmann,sven.bachmann@ibrahim.com,Staff Data Engineer,User,United States,,False,SDR Outbound,2024-01-25
C005539,A00004,Karl-Hans,Perrono,karl-hans.perrono@roukes.com,Data Engineering Manager,User,United States,,False,Event,2025-02-12
C005540,A01588,Anna,Austin,anna.austin@jacobson.com,data guy,,United States,,False,Partner,2026-09-30
C005541,A01355,Jon,Börner,jon.börner@hanson.com,Analytics Engineer,User,Germany,Legitimate Interest,False,Partner,2026-04-05
C005542,A00109,Craig,Ibrahim,craig.ibrahim@williams-edwards.com,Staff Data Engineer,User,Denmark,Legitimate Interest,False,Free Trial,2023-04-09
C005543,A00141,Kyle,Mende,kyle.mende@bt.com,Senior Data Engineer,User,United Kingdom,Legitimate Interest,False,Paid Search,2026-10-02
C005544,A00147,Allan,Lindblad,allan.lindblad@atzler.com,IT Security Manager,Blocker,United States,,False,Referral,2026-08-05
C005545,A01201,Jon,Hedberg,jon.hedberg@jackson.com,Data Engineering Manager,User,Norway,Legitimate Interest,False,Content Download,2026-01-07
C005546,A01362,Ullrich,Jacobi Jäckel,ullrich.jacobi jäckel@johansson.com,Analytics Engineer,User,United Kingdom,Legitimate Interest,False,Partner,2024-04-06
C005547,A01372,Paul,Mills,paul.mills@stenström.com,Director of Data Platform,Champion,United States,,False,SDR Outbound,2026-09-30
C005548,A01863,Karl-Peter,Smith,karl-peter.smith@brooks-hickman.com,Head of Data Platform,Champion,United States,,False,Free Trial,2026-06-17
C005549,A00123,Eric,Jonsson,eric.jonsson@junken.com,Director of Data Platform,Champion,Belgium,Legitimate Interest,False,SDR Outbound,2026-09-08
C005550,A01122,Susan,Medina,susan.medina@roberts.com,Staff Data Engineer,User,United States,,False,Partner,2026-02-27
C005551,A00887,Stan,Oestrovsky,stan.oestrovsky@martin.com,Data Engineering Manager,User,United States,,False,Webinar,2026-06-29
C005552,A00051,Michael,Harris,michael.harris@hettner.com,test,,United Kingdom,Legitimate Interest,False,Partner,2026-05-18
C005553,A00500,Claire,Wagner,claire.wagner@jones.com,Head of Data Platform,Champion,Ireland,Legitimate Interest,False,Content Download,2026-07-02
C005554,A00379,John,Evans,john.evans@hazenveld.com,Data Engineering Manager,User,United Kingdom,Legitimate Interest,False,Partner,2024-10-20
C005555,A01293,Hans-Michael,Lindner,hans-michael.lindner@nord.com,Senior Data Engineer,User,United States,,False,Webinar,2026-09-21
C005556,A01077,Antonia,Bailey,antonia.bailey@green.com,CISO,Blocker,Belgium,Legitimate Interest,False,Partner,2025-04-04
C005557,A01499,Saga,Holm,saga.holm@scholz.com,IT Security Manager,Blocker,Belgium,Legitimate Interest,False,SDR Outbound,2025-09-22
C005558,A00005,Annette,Burns,annette.burns@moore.com,Senior Data Engineer,User,Germany,Legitimate Interest,False,Paid Search,2025-10-22
C005559,A01629,Mattias,Persson,mattias.persson@hopkins-dickinson.com,Data Engineering Manager,User,United Kingdom,Legitimate Interest,False,Webinar,2026-05-07
C005560,A01177,Lisa,Gustafsson,lisa.gustafsson@eriksson.com,VP Data & Analytics,Economic Buyer,United States,,False,Partner,2025-12-14
C005561,A01077,Sabrina,Wikström,sabrina.wikström@green.com,"Director, Data Engineering",Champion,Belgium,Legitimate Interest,False,Content Download,2026-07-09
C005562,A01852,Oswin,Pettersson,oswin.pettersson@hernandez.com,Head of Data Platform,Champion,United States,,False,Referral,2026-09-02
C005563,A00411,Nicholas,Werner,nicholas.werner@owen.com,Data Engineering Manager,User,United Kingdom,Legitimate Interest,False,Content Download,2024-12-05
C005564,A00361,Harald,Ekman,harald.ekman@gude.com,VP Data & Analytics,Economic Buyer,United States,,False,Partner,2025-11-30
C005565,A00087,Briana,Reichmann,briana.reichmann@bohnbach.com,data guy,,United States,,False,SDR Outbound,2026-06-30
C005566,A00073,Dan,Oconnor,dan.oconnor@jennings-pratt.com,Analytics Engineer,User,United States,,False,Paid Search,2026-09-25
C005567,A01282,Stacey,Fuentes,stacey.fuentes@hendriks.com,Senior Data Engineer,User,Canada,,False,Event,2026-07-29
C005568,A00590,Jonas,Eckbauer,jonas.eckbauer@bruder.com,Staff Data Engineer,User,Germany,Legitimate Interest,False,Content Download,2025-12-02
C005569,A00782,Ulrika,Webster,ulrika.webster@franklin.com,Senior Data Engineer,User,Germany,Legitimate Interest,False,Content Download,2025-06-21
C005570,A01305,Timothy,Sjöblom,timothy.sjöblom@stichting.com,Data Engineering Manager,User,United States,,False,Free Trial,2026-01-19
C005571,A00477,Tobias,Stewart,tobias.stewart@haglund.com,Data Engineering Manager,User,United States,,False,Referral,2026-05-09
C005572,A00895,Mary,Thompson,mary.thompson@heß.com,IT Security Manager,Blocker,United States,,False,Partner,2026-09-19
C005573,A00130,Marcus,Louws,marcus.louws@auch.com,Analytics Engineer,User,United States,,False,SDR Outbound,2023-11-19
C005574,A01087,Dimitrios,Phillips,dimitrios.phillips@briere.com,VP Data & Analytics,Economic Buyer,United States,,False,Webinar,2025-06-21
C005575,A00693,Dex,Smith,dex.smith@koninklijke.com,Head of Data Engineering,Champion,United Kingdom,Legitimate Interest,False,Content Download,2025-02-19
C005576,A01068,Rebecca,Klotz,rebecca.klotz@sullivan.com,Staff Data Engineer,User,United States,,False,Content Download,2026-04-12
C005577,A01196,Alexander,Flores,alexander.flores@seidel.com,data guy,,United States,,False,SDR Outbound,2023-11-24
C005578,A01001,James,Hübel,james.hübel@walter.com,Head of Data Platform,Champion,United States,,False,Content Download,2023-12-29
C005579,A00839,Shannon,Axelsson,shannon.axelsson@evans.com,Data Engineering Manager,User,Austria,Legitimate Interest,False,Referral,2026-01-23
C005580,A00443,Patricia,Östman,patricia.östman@juncken.com,IT Security Manager,Blocker,Netherlands,Legitimate Interest,False,SDR Outbound,2024-11-23
C005581,A01431,Rafael,Larsson,rafael.larsson@abrahamsson.com,Chief Data Officer,Economic Buyer,Ireland,Legitimate Interest,False,Free Trial,2026-09-27
C005582,A01030,Marcus,le Guellec,marcus.le guellec@walker-lewis.com,IT Security Manager,Blocker,Norway,Legitimate Interest,False,Event,2026-10-06
C005583,A01992,Lenn,Junk,lenn.junk@royal.com,Head of Data Platform,Champion,Denmark,Legitimate Interest,False,Free Trial,2024-06-12
C005584,A00958,Ernst-Dieter,Nordström,ernst-dieter.nordström@hehl.com,Head of Procurement,Blocker,Canada,,False,Free Trial,2025-11-10
C005585,A01158,Jodie,Bengtsson,jodie.bengtsson@koninklijke.com,Senior Data Engineer,User,Canada,,False,Paid Search,2026-02-13
C005586,A01449,Sterre,Samuelsson,sterre.samuelsson@collins-newman.com,Head of Data Platform,Champion,United States,,False,Webinar,2023-03-22
C005587,A00589,Kjell,Hartley,kjell.hartley@eriksson.com,Senior Data Engineer,User,United States,,False,Paid Search,2024-04-20
C005588,A01150,Hedwig,Donovan,hedwig.donovan@nielsen.com,Senior Data Engineer,User,United States,,False,Event,2026-06-09
C005589,A01072,Andrew,Hardin,andrew.hardin@rohleder.com,Data Engineering Manager,User,United Kingdom,Legitimate Interest,False,Partner,2025-02-26
C005590,A00824,Frederique,Gellemeyer,frederique.gellemeyer@zimmer.com,CISO,Blocker,United States,,False,Referral,2024-09-24
C005591,A01546,Brian,Lundgren,brian.lundgren@galijn.com,Chief Information Officer,Economic Buyer,Germany,Legitimate Interest,False,Content Download,2026-08-26
C005592,A01194,Rosie,Eimer,rosie.eimer@martin.com,IT Security Manager,Blocker,Switzerland,Legitimate Interest,False,Content Download,2026-08-23
C005593,A00730,Richard,Fletcher,richard.fletcher@isaksson.com,ceo ,,Denmark,Legitimate Interest,False,Referral,2026-07-24
C005594,A01223,Pernilla,Holmes,pernilla.holmes@jarl.com,Head of Data Platform,Champion,United States,,False,Content Download,2025-01-02
C005595,A01326,Quinten,Kriens,quinten.kriens@bähr.com,Senior Data Engineer,User,Germany,Legitimate Interest,False,Free Trial,2025-12-05
C005596,A01750,Mette,Larsson,mette.larsson@jonsson.com,Data Engineering Manager,User,Switzerland,Legitimate Interest,False,Referral,2026-09-20
C005597,A00161,Vajèn,Holland,vajèn.holland@thomas-holloway.com,Data Engineering Manager,User,United Kingdom,Legitimate Interest,False,Event,2026-09-25
C005598,A00905,Julia,Oestrovsky,julia.oestrovsky@smith.com,Chief Data Officer,Economic Buyer,United States,,False,SDR Outbound,2026-04-29
C005599,A00463,Lina,Reese,lina.reese@blomgren.com,Staff Data Engineer,User,Denmark,Legitimate Interest,False,SDR Outbound,2026-10-04
C005600,A01415,Michael,Khan,michael.khan@taylor.com,Chief Data Officer,Economic Buyer,United States,,False,Partner,2026-08-04
C005601,A01037,Adriane,Carter,adriane.carter@johansson.com,data guy,,Denmark,Legitimate Interest,False,Free Trial,2026-04-26
C005602,A01593,Elisabeth,Warner,elisabeth.warner@richards-brown.com,Head of Data Platform,Champion,United States,,False,Partner,2025-08-21
C005603,A01287,Jacob,Williams,jacob.williams@brown-fuller.com,Data Engineering Manager,User,Sweden,Legitimate Interest,False,Paid Search,2025-09-16
C005604,A00407,Sanne,Römer,sanne.römer@holthuis.com,Analytics Engineer,User,United Kingdom,,False,Content Download,2026-07-26
C005605,A01604,Elisabeth,Horrocks,elisabeth.horrocks@jurrijens.com,Senior Data Engineer,User,United States,,False,SDR Outbound,2026-09-01
C005606,A01376,Magdalene,Humphreys,magdalene.humphreys@de.com,Data Engineering Manager,User,United Kingdom,Legitimate Interest,False,Referral,2026-08-17
C005607,A01193,Duane,Cichorius,duane.cichorius@elopak.com,"Director, Data Engineering",Champion,Germany,Legitimate Interest,False,Paid Search,2026-07-24
C005608,A00514,Mesut,Hutchinson,mesut.hutchinson@jones.com,Analytics Engineer,User,Germany,Legitimate Interest,False,Paid Search,2024-12-28
C005609,A00733,Mark,Sjöstrand,mark.sjöstrand@salazar-brown.com,Director of Data Platform,Champion,Netherlands,Legitimate Interest,True,Webinar,2026-02-24
C005610,A00465,Jasmine,Johnston,jasmine.johnston@kallert.com,Senior Data Engineer,User,United States,,True,Webinar,2026-02-07
C005611,A01820,Peter,Broeshart,peter.broeshart@risma.com,Head of Procurement,Blocker,United States,,False,Content Download,2026-07-03
C005612,A00069,Birgit,Thompson,birgit.thompson@broeckx.com,test,,United States,,False,Event,2026-08-30
C005613,A00486,Marcus,Barnes,marcus.barnes@finch.com,Director of Data Platform,Champion,United States,,False,Event,2026-02-03
C005614,A00718,Mina,Müller,mina.müller@liu.com,Data Engineering Manager,User,Canada,,False,Paid Search,2024-04-05
C005615,A01130,Toni,Vos,toni.vos@olsson.com,Head of Data Platform,Champion,Germany,Legitimate Interest,False,Event,2026-05-30
C005616,A00039,Jennifer,Scott,jennifer.scott@house.com,Data Engineering Manager,User,Belgium,Legitimate Interest,False,Paid Search,2025-12-22
C005617,A01655,Cynthia,Karlsson,cynthia.karlsson@johnson-williamson.com,Senior Data Engineer,User,United Kingdom,Legitimate Interest,False,Content Download,2026-01-05
C005618,A01289,Sebastiaan,Haase,sebastiaan.haase@svensson.com,IT Security Manager,Blocker,United States,,False,SDR Outbound,2026-02-23
C005619,A01260,Clayton,Verhagen,clayton.verhagen@olsson.com,Staff Data Engineer,User,United States,,False,Event,2024-02-21
C005620,A00108,Stephen,Quinn,stephen.quinn@neureuther.com,Head of Data Platform,Champion,Netherlands,Legitimate Interest,False,Content Download,2025-11-09
C005621,A00464,William,Svensson,william.svensson@scott-cox.com,Data Engineering Manager,User,United States,,False,Partner,2026-01-08
C005622,A01896,Kaylee,Wensen,kaylee.wensen@aertsz.com,CISO,Blocker,United States,,False,Webinar,2025-09-12
C005623,A00259,Jente,Ljungberg,jente.ljungberg@lindberg.com,Chief Information Officer,Economic Buyer,United Kingdom,Legitimate Interest,False,SDR Outbound,2026-06-13
C005624,A00282,Liam,McCarthy,liam.mccarthy@nilsson.com,Senior Data Engineer,User,Germany,Legitimate Interest,False,Referral,2025-12-05
C005625,A01593,Robert,Young,robert.young@richards-brown.com,-,,United States,,False,Webinar,2024-08-13
C005626,A00407,Marie,Dyer,marie.dyer@holthuis.com,"Director, Data Engineering",Champion,United Kingdom,Legitimate Interest,False,Referral,2024-09-25
C005627,A00069,Lauren,Humphreys,lauren.humphreys@broeckx.com,Chief Information Officer,Economic Buyer,United States,,False,Free Trial,2026-09-27
C005628,A01182,Sandra,Scherms,sandra.scherms@jakobsson.com,Staff Data Engineer,User,United States,,False,Content Download,2026-07-20
C005629,A00132,Roos,Molina,roos.molina@svensson.com,Manager,,Germany,Legitimate Interest,False,Content Download,2026-06-03
C005630,A01391,Alfred,Alfredsson,alfred.alfredsson@chaney-martin.com,Manager,,Germany,Legitimate Interest,False,Referral,2025-03-07
C005631,A00359,Erwin,Pölitz,erwin.pölitz@morrison-mitchell.com,Head of Procurement,Blocker,Ireland,Legitimate Interest,False,Referral,2026-05-24
C005632,A00498,Lillemor,Vollbrecht,lillemor.vollbrecht@berggren.com,IT Security Manager,Blocker,United Kingdom,Legitimate Interest,False,Referral,2026-08-19
C005633,A00371,Yvonne,Watson,yvonne.watson@galvan-combs.com,Data Engineering Manager,User,United Kingdom,Legitimate Interest,False,Partner,2023-09-16
C005634,A00746,Leif,Lawrence,leif.lawrence@fischer.com,"Director, Data Engineering",Champion,Sweden,Legitimate Interest,True,Webinar,2026-09-07
C005635,A00627,Jordan,Norberg,jordan.norberg@bohnbach.com,Staff Data Engineer,User,United Kingdom,Legitimate Interest,False,SDR Outbound,2025-09-17
C005636,A00041,Holm,Mans,holm.mans@konings.com,Head of Data Engineering,Champion,United States,,False,Partner,2023-12-14
C005637,A01781,Chelsea,Fox,chelsea.fox@holmes-smith.com,Senior Data Engineer,User,United States,,False,Event,2026-05-21
C005638,A00855,Susan,van Ochten,susan.van ochten@strid.com,Staff Data Engineer,User,United States,,False,Paid Search,2024-06-10
C005639,A00345,Ruth,Wilkins,ruth.wilkins@davis-gregory.com,Head of Data Platform,Champion,Netherlands,Legitimate Interest,False,Referral,2024-01-17
C005640,A00477,Jana,Clarke,jana.clarke@haglund.com,"Director, Data Engineering",Champion,United States,,False,Event,2026-07-15
C005641,A01613,Adriana,Morton,adriana.morton@stevenson.com,Analytics Engineer,User,Netherlands,Legitimate Interest,False,Paid Search,2026-04-04
C005642,A01318,Nina,Nyström,nina.nyström@cole-johnson.com,Analytics Engineer,User,United States,,False,Webinar,2026-09-18
C005643,A01078,Maria,Norén,maria.norén@gilbert-norman.com,DATA ENG,,United States,,False,Event,2025-02-03
C005644,A01935,Mette,Kramer,mette.kramer@petersen.com,Staff Data Engineer,User,United States,,False,Paid Search,2024-02-04
C005645,A00904,Jenna,Owen,jenna.owen@hawkins.com,IT Security Manager,Blocker,United States,,False,Partner,2026-01-28
C005646,A00190,Eva,Carey,eva.carey@ali-hughes.com,Data Engineering Manager,User,Norway,Legitimate Interest,False,Paid Search,2026-08-07
C005647,A00043,Paula,Wolf,paula.wolf@koninklijke.com,Data Engineering Manager,User,United States,,False,Partner,2026-09-30
C005648,A01421,Alison,Smith,alison.smith@butler.com,Staff Data Engineer,User,United Kingdom,Legitimate Interest,False,Paid Search,2025-12-23
C005649,A00358,Luke,van de Velde,luke.van de velde@van.com,Analytics Engineer,User,United States,,False,Content Download,2023-10-20
C005650,A01955,Mikael,Nilsson,mikael.nilsson@nilsson.com,Staff Data Engineer,User,United Kingdom,Legitimate Interest,False,Event,2026-08-24
C005651,A01218,Youssef,van Vliet,youssef.van vliet@brooks.com,Analytics Engineer,User,United States,,False,Free Trial,2024-11-24
C005652,A00694,Alvin,Schipper,alvin.schipper@rust.com,Data Engineering Manager,User,Germany,Legitimate Interest,False,Paid Search,2024-07-07
C005653,A00953,Luzie,Engström,luzie.engström@alvarado.com,Director of Data Platform,Champion,Switzerland,Legitimate Interest,False,Referral,2025-11-20
C005654,A01003,Jasmina,Ruppert,jasmina.ruppert@eigenwillig.com,Data Engineering Manager,User,United States,,False,Partner,2025-08-29
C005655,A00392,Marjan,Jonsson,marjan.jonsson@kruschwitz.com,Data Engineering Manager,User,United Kingdom,Legitimate Interest,False,SDR Outbound,2025-09-08
C005656,A00373,Jason,Evans,jason.evans@textor.com,Director of Data Platform,Champion,Switzerland,Legitimate Interest,False,Referral,2026-06-20
C005657,A00022,Jonathan,Vastenhouw,jonathan.vastenhouw@forsgren.com,CISO,Blocker,Canada,,False,Webinar,2025-07-03
C005658,A01944,Hedi,Schinke,hedi.schinke@stadelmann.com,Data Engineering Manager,User,United States,,False,Referral,2026-08-01
C005659,A00360,Stephanie,Jönsson,stephanie.jönsson@van.com,CISO,Blocker,United States,,False,Content Download,2026-06-25
C005660,A01340,Ida,Christoph,ida.christoph@meeusen.com,Chief Information Officer,Economic Buyer,Switzerland,Legitimate Interest,False,Content Download,2025-10-05
C005661,A01334,Janice,Putz,janice.putz@scott.com,Head of Procurement,Blocker,United States,,False,Webinar,2025-02-24
C005662,A00212,Janne,Rowe,janne.rowe@thanel.com,"Director, Data Engineering",Champion,United States,,False,Partner,2026-08-14
C005663,A01132,Kirsten,Combs,kirsten.combs@ruiz.com,DATA ENG,,Denmark,Legitimate Interest,False,Partner,2024-03-16
C005664,A01564,Kristy,Jönsson,kristy.jönsson@royal.com,ceo ,,United States,,False,Webinar,2026-09-24
C005665,A00423,Mesut,Phillips,mesut.phillips@sanders-love.com,Head of Data Platform,Champion,United States,,False,SDR Outbound,2026-09-12
C005666,A01684,Quinten,Boucsein,quinten.boucsein@stichting.com,Senior Data Engineer,User,United States,,False,Partner,2026-07-09
C005667,A01628,Leyla,The Elder,leyla.the elder@johansson.com,Head of Data Platform,Champion,Germany,Legitimate Interest,False,SDR Outbound,2025-08-21
C005668,A00998,Cheryl,van der Heijden,cheryl.van der heijden@schatteleijn.com,Analytics Engineer,User,United States,,False,Content Download,2024-09-17
C005669,A00703,Rune,Mcintyre,rune.mcintyre@lynch-campbell.com,Director of Data Platform,Champion,United States,,False,Referral,2026-02-17
C005670,A00970,Ariel,Dodd,ariel.dodd@flores-rivera.com,VP Data,Economic Buyer,United States,,False,Content Download,2026-02-08
C005671,A01394,Liv,Conley,liv.conley@svensson.com,Director of Data Platform,Champion,Sweden,Legitimate Interest,False,Partner,2024-01-05
C005672,A00025,Loes,Smart,loes.smart@post.com,Head of Data Engineering,Champion,United States,,False,SDR Outbound,2026-09-24
C005673,A01404,Katherine,Ruppert,katherine.ruppert@lundberg.com,Head of Data Platform,Champion,Austria,Legitimate Interest,False,Content Download,2023-09-03
C005674,A01288,Hannah,Thompson,hannah.thompson@pergande.com,Analytics Engineer,User,United States,,False,Event,2026-06-01
C005675,A00915,Friedrich-Wilhelm,Barry,friedrich-wilhelm.barry@cook-hatfield.com,Head of Data Engineering,Champion,Austria,Legitimate Interest,False,Event,2026-07-28
C005676,A01765,Lena,Rogers,lena.rogers@schmiedecke.com,Analytics Engineer,User,United Kingdom,,False,Referral,2026-01-06
C005677,A01471,Göran,van 't Riet,göran.van 't riet@trupp.com,Senior Data Engineer,User,Germany,Legitimate Interest,False,Paid Search,2026-02-16
C005678,A00249,Bengt,Olofsson,bengt.olofsson@wood.com,data guy,,Canada,,False,SDR Outbound,2026-06-08
C005679,A00756,Ilse,Friedman,ilse.friedman@hutchinson.com,Chief Information Officer,Economic Buyer,United States,,False,Webinar,2026-05-06
C005680,A00459,Therese,Anders,therese.anders@north.com,IT Security Manager,Blocker,United Kingdom,Legitimate Interest,False,Partner,2026-01-22
C005681,A00505,Dominic,Röhrdanz,dominic.röhrdanz@kühnert.com,Analytics Engineer,User,United Kingdom,Legitimate Interest,False,SDR Outbound,2026-09-11
C005682,A00186,Charles,Hartmann,charles.hartmann@reynolds-williams.com,Chief Information Officer,Economic Buyer,Switzerland,Legitimate Interest,False,Referral,2026-08-02
C005683,A00945,Leah,Patel,leah.patel@brown.com,Head of Procurement,Blocker,United States,,True,SDR Outbound,2026-10-08
C005684,A00017,Peter,Groenestein,peter.groenestein@svensson.com,Director of Data Platform,Champion,Netherlands,Legitimate Interest,False,SDR Outbound,2026-03-22
C005685,A00639,Mathias,Heydrich,mathias.heydrich@mitschke.com,Head of Data Engineering,Champion,United States,,False,Free Trial,2024-11-10
C005686,A01245,Nynke,Reed,nynke.reed@ariens.com,Analytics Engineer,User,Ireland,Legitimate Interest,True,Paid Search,2026-03-16
C005687,A00080,Gunnar,Brisee,gunnar.brisee@segebahn.com,Analytics Engineer,User,United Kingdom,Legitimate Interest,False,Free Trial,2026-06-10
C005688,A00896,Marie,Ruijs,marie.ruijs@fischer.com,Data Engineering Manager,User,United States,,False,Webinar,2026-01-27
C005689,A00149,Fiene,Hughes,fiene.hughes@van.com,Staff Data Engineer,User,United States,,False,Webinar,2026-06-03
C005690,A00144,Crystal,Byrne,crystal.byrne@martinsson.com,Chief Data Officer,Economic Buyer,United States,,False,Partner,2024-01-10
C005691,A00179,Emine,Andersson,emine.andersson@petersson.com,Senior Data Engineer,User,United States,,False,SDR Outbound,2025-12-11
C005692,A00229,Gunilla,Persson,gunilla.persson@john.com,Senior Data Engineer,User,United Kingdom,Legitimate Interest,True,Paid Search,2025-08-02
C005693,A00790,Saban,Keijzer,saban.keijzer@van.com,Staff Data Engineer,User,United States,,False,Referral,2026-10-07
C005694,A00455,Oliver,Jackson,oliver.jackson@kobelt.com,Director of Data Platform,Champion,United States,,False,Paid Search,2025-11-20
C005695,A01064,Natasha,Jungfer,natasha.jungfer@tran.com,Senior Data Engineer,User,United States,,False,Event,2026-06-21
C005696,A00459,Nicole,Taylor,nicole.taylor@north.com,Data Engineering Manager,User,United Kingdom,Legitimate Interest,False,Paid Search,2026-07-10
C005697,A00390,Twan,Juncken,twan.juncken@smits.com,"Director, Data Engineering",Champion,Ireland,Legitimate Interest,False,Partner,2026-04-22
C005698,A01000,Filip,Cooper,filip.cooper@royal.com,Chief Data Officer,Economic Buyer,United States,,False,SDR Outbound,2025-05-24
C005699,A01357,Luke,Hewitt,luke.hewitt@collins.com,VP Data,Economic Buyer,Norway,Legitimate Interest,False,Webinar,2026-05-13
C005700,A01864,Robin,van de Wal,robin.van de wal@hernandez-miller.com,Analytics Engineer,User,Switzerland,Legitimate Interest,False,Webinar,2026-08-11
C005701,A01203,Kevin,Adriaansen,kevin.adriaansen@andersson.com,Data Engineering Manager,User,United States,,False,Paid Search,2025-07-13
C005702,A00264,Daphne,Olsson,daphne.olsson@hjalmarsson.com,Staff Data Engineer,User,Germany,Legitimate Interest,False,Referral,2025-11-18
C005703,A00334,Marie,Carsten,marie.carsten@göransson.com,Analytics Engineer,User,Canada,,False,SDR Outbound,2026-09-25
C005704,A00238,Hannele,Lawson,hannele.lawson@foster.com,VP Data,Economic Buyer,United States,,False,Partner,2026-04-29
C005705,A01984,Stephen,Koch II,stephen.koch ii@svensson.com,Analytics Engineer,User,Netherlands,Legitimate Interest,False,Webinar,2026-09-01
C005706,A01197,Eric,Jacob,eric.jacob@koninklijke.com,Analytics Engineer,User,Germany,Legitimate Interest,False,Paid Search,2026-09-05
C005707,A00795,Laura,Olsson,laura.olsson@brown-frey.com,Senior Data Engineer,User,Canada,,False,Event,2026-09-18
C005708,A01569,Harold,Jordan,harold.jordan@brisee.com,Analytics Engineer,User,United States,,False,Referral,2025-01-09
C005709,A01443,Elma,Dahlberg,elma.dahlberg@andersson.com,Director of Data Platform,Champion,Germany,Legitimate Interest,False,Event,2025-11-27
C005710,A00540,Georgia,Spieß,georgia.spieß@van.com,Manager,,United States,,False,Content Download,2026-02-09
C005711,A00069,Ulf,van Gils,ulf.van gils@broeckx.com,Analytics Engineer,User,United States,,False,Webinar,2026-05-24
C005712,A01967,Pieter,Uphuis,pieter.uphuis@evans-doyle.com,Head of Data Engineering,Champion,United States,,False,Content Download,2024-05-17
C005713,A01063,Matilda,Berends,matilda.berends@gumprich.com,Senior Data Engineer,User,Germany,Legitimate Interest,False,Webinar,2026-02-24
C005714,A01800,Massimo,van der Dussen,massimo.van der dussen@gardner-wells.com,Head of Data Platform,Champion,United States,,False,Referral,2025-10-08
C005715,A01566,Kent,Dawson,kent.dawson@halvarsson.com,x,,United States,,False,Webinar,2025-12-24
C005716,A01662,Helge,van der Linden,helge.van der linden@stichting.com,"Director, Data Engineering",Champion,United States,,False,SDR Outbound,2026-05-13
C005717,A00535,Imke,Govarts,imke.govarts@stichting.com,Senior Data Engineer,User,Canada,,False,SDR Outbound,2025-09-23
C005718,A00035,Natalie,Kuit,natalie.kuit@hering.com,Senior Data Engineer,User,United States,,False,Referral,2025-02-12
C005719,A00757,Paul,Forslund,paul.forslund@johnson-weaver.com,Analytics Engineer,User,United States,,False,Webinar,2026-09-24
C005720,A01413,Maria,Tucker,maria.tucker@lee.com,CISO,Blocker,United Kingdom,Legitimate Interest,False,Partner,2026-07-11
C005721,A00627,Joel,Reed,joel.reed@bohnbach.com,Analytics Engineer,User,United Kingdom,Legitimate Interest,False,SDR Outbound,2025-07-28
C005722,A00525,Denise,van Luyssel,denise.van luyssel@svensson.com,data guy,,Germany,Legitimate Interest,False,Paid Search,2026-09-07
C005723,A01043,Virginia,Rodriguez,virginia.rodriguez@stichting.com,Analytics Engineer,User,Germany,Legitimate Interest,False,Content Download,2025-02-22
C005724,A00712,Francoise,Misicher,francoise.misicher@hamann.com,Senior Data Engineer,User,United States,,True,Partner,2026-08-17
C005725,A01285,Nikki,Perkins,nikki.perkins@larson-holmes.com,Senior Data Engineer,User,Canada,,False,Referral,2024-06-19
C005726,A01859,Stina,Adams,stina.adams@lindberg.com,Head of Data Platform,Champion,United Kingdom,Legitimate Interest,False,SDR Outbound,2026-08-15
C005727,A00466,Henri,Jonsson,henri.jonsson@karlsson.com,Head of Procurement,Blocker,United Kingdom,Legitimate Interest,False,Webinar,2026-07-19
C005728,A00765,Jay,Mosemann,jay.mosemann@smith-saunders.com,Staff Data Engineer,User,Switzerland,Legitimate Interest,False,Free Trial,2026-07-09
C005729,A01238,Mikael,Döhn,mikael.döhn@åberg.com,CISO,Blocker,United Kingdom,Legitimate Interest,False,Paid Search,2026-09-08
C005730,A01268,Glenn,Seifert,glenn.seifert@andersson.com,Manager,,United Kingdom,Legitimate Interest,False,Event,2023-09-19
C005731,A01548,Milan,Long,milan.long@naylor.com,Chief Information Officer,Economic Buyer,United States,,False,Referral,2025-01-29
C005732,A01548,Pauline,Mosemann,pauline.mosemann@naylor.com,Senior Data Engineer,User,United States,,False,Content Download,2024-02-10
C005733,A01846,Jasmine,Flantz,jasmine.flantz@blomqvist.com,VP Data,Economic Buyer,United States,,False,SDR Outbound,2026-04-07
C005734,A00584,Jacob,Holmberg,jacob.holmberg@richardson-baker.com,Staff Data Engineer,User,United States,,False,Referral,2026-04-02
C005735,A01610,Nicolaus,Ali,nicolaus.ali@seifert.com,"Director, Data Engineering",Champion,Germany,Legitimate Interest,False,Webinar,2026-04-09
C005736,A01992,Kristina,Neureuther,kristina.neureuther@royal.com,Staff Data Engineer,User,Denmark,Legitimate Interest,False,Referral,2025-03-23
C005737,A00662,Liam,Wooning,liam.wooning@van.com,Analytics Engineer,User,Ireland,Legitimate Interest,False,Free Trial,2026-04-11
C005738,A01825,David,den Haag,david.den haag@romijn.com,"Director, Data Engineering",Champion,Canada,,False,Partner,2026-04-09
C005739,A01684,Eric,Olsson,eric.olsson@stichting.com,Staff Data Engineer,User,United States,,False,Content Download,2026-09-09
C005740,A00355,Ernestine,Frank,ernestine.frank@pettersson.com,Data Engineering Manager,User,Germany,Legitimate Interest,False,Content Download,2026-08-20
C005741,A00705,Jelle,Dobson,jelle.dobson@karlsson.com,Data Engineering Manager,User,Ireland,Legitimate Interest,False,SDR Outbound,2024-10-10
C005742,A01622,Till,Turner,till.turner@smith-clark.com,Head of Data Platform,Champion,United States,,False,Content Download,2025-01-01
C005743,A00368,Emir,Kühnert,emir.kühnert@velasquez.com,Data Engineering Manager,User,United States,,False,Partner,2026-09-15
C005744,A00733,Yvonne,Gerrits,yvonne.gerrits@salazar-brown.com,-,,Netherlands,Legitimate Interest,False,SDR Outbound,2026-05-02
C005745,A00166,Janet,van Straaten,janet.van straaten@morales.com,Analytics Engineer,User,United States,,False,Partner,2025-09-23
C005746,A01121,Gregory,Hawkins,gregory.hawkins@mills.com,Director of Data Platform,Champion,Sweden,Legitimate Interest,False,Free Trial,2026-04-09
C005747,A01219,Charlotte,Berger,charlotte.berger@kolen.com,IT Security Manager,Blocker,Belgium,Legitimate Interest,False,Event,2026-09-25
C005748,A00577,Ing-Britt,Schuurmans,ing-britt.schuurmans@magnusson.com,Chief Information Officer,Economic Buyer,Ireland,Legitimate Interest,False,Paid Search,2026-07-26
C005749,A01705,Inken,Brandon,inken.brandon@andersson.com,Analytics Engineer,User,United Kingdom,Legitimate Interest,False,Partner,2025-08-26
C005750,A01013,Steven,Jenkins,steven.jenkins@nordström.com,Data Engineering Manager,User,United Kingdom,Legitimate Interest,False,Event,2026-04-03
C005751,A01783,Elias,Miller,elias.miller@hall-moore.com,Director of Data Platform,Champion,United States,,False,Referral,2026-04-19
C005752,A00636,Elise,Hopkins,elise.hopkins@döring.com,Senior Data Engineer,User,United Kingdom,Legitimate Interest,False,Event,2026-10-05
C005753,A00033,Katherine,"Bourgondië, van","katherine.bourgondië, van@aalberts.com",Staff Data Engineer,User,United States,,False,Referral,2026-09-29
C005754,A00271,Tyler,Olsson,tyler.olsson@smith.com,CISO,Blocker,Belgium,Legitimate Interest,False,Content Download,2026-10-02
C005755,A00680,Christiane,Burns,christiane.burns@renner.com,Senior Data Engineer,User,United States,,False,Partner,2026-09-27
C005756,A01465,Jill,Dahlgren,jill.dahlgren@bohnbach.com,Head of Data Engineering,Champion,United States,,False,Paid Search,2026-09-17
C005757,A01561,Malte,Sanders,malte.sanders@carr-conley.com,Analytics Engineer,User,Switzerland,Legitimate Interest,False,Paid Search,2025-04-10
C005758,A01088,Jamie,Sager,jamie.sager@tlustek.com,Staff Data Engineer,User,Denmark,Legitimate Interest,False,Paid Search,2026-05-24
C005759,A00224,Rosie,Olsson,rosie.olsson@weinhold.com,Senior Data Engineer,User,United States,,False,Event,2026-08-14
C005760,A00916,Rolf,Pratt,rolf.pratt@bohlander.com,IT Security Manager,Blocker,United States,,False,Referral,2026-08-18
C005761,A00261,Hans-Theo,van Schevinghuizen,hans-theo.van schevinghuizen@stumpf.com,Head of Data Platform,Champion,Germany,Legitimate Interest,False,SDR Outbound,2026-09-30
C005762,A01759,Laura,Tlustek,laura.tlustek@kallert.com,Head of Data Engineering,Champion,United States,,False,Free Trial,2026-05-14
C005763,A00341,Charlotta,Burns,charlotta.burns@smith.com,Head of Data Engineering,Champion,United States,,False,Referral,2026-01-12
C005764,A01697,Hamza,Wilkinson,hamza.wilkinson@koninklijke.com,Senior Data Engineer,User,United States,,False,Paid Search,2024-03-25
C005765,A01101,Mathew,Rasmussen,mathew.rasmussen@berry.com,test,,Denmark,Legitimate Interest,True,Partner,2026-07-05
C005766,A00462,Leigh,Mullins,leigh.mullins@pohl.com,Director of Data Platform,Champion,United Kingdom,Legitimate Interest,False,Content Download,2025-09-11
C005767,A01765,Albin,Grein Groth,albin.grein groth@schmiedecke.com,Staff Data Engineer,User,United Kingdom,Legitimate Interest,False,Partner,2026-03-25
C005768,A01928,Cassandra,Gehringer,cassandra.gehringer@persson.com,Senior Data Engineer,User,Netherlands,Legitimate Interest,False,Free Trial,2026-05-29
C005769,A01915,Fleur,Schmiedecke,fleur.schmiedecke@van.com,Chief Data Officer,Economic Buyer,United Kingdom,Legitimate Interest,False,Paid Search,2026-09-22
C005770,A00109,Ann,Niermann,ann.niermann@williams-edwards.com,Senior Data Engineer,User,Denmark,Legitimate Interest,False,Paid Search,2025-03-18
C005771,A01171,Wolf-Dieter,Jensen,wolf-dieter.jensen@verbeeck.com,Analytics Engineer,User,Germany,Legitimate Interest,False,Paid Search,2025-01-17
C005772,A00387,Stephanie,Pölitz,stephanie.pölitz@moss.com,Director of Data Platform,Champion,United Kingdom,Legitimate Interest,False,Partner,2026-06-05
C005773,A00050,James,Beck,james.beck@karlsson.com,x,,Austria,Legitimate Interest,False,Partner,2026-07-17
C005774,A01457,Ise,Roberts,ise.roberts@seip.com,Senior Data Engineer,User,United States,,False,Webinar,2026-03-02
C005775,A01512,Milou,Rörricht,milou.rörricht@richardson-black.com,Director of Data Platform,Champion,United States,,False,Content Download,2025-09-11
C005776,A01348,Janet,Palmer,janet.palmer@dean.com,Chief Information Officer,Economic Buyer,Denmark,Legitimate Interest,False,Referral,2025-05-12
C005777,A00087,Hans-Bernd,Paillet,hans-bernd.paillet@bohnbach.com,Head of Data Engineering,Champion,United States,,False,SDR Outbound,2025-09-22
C005778,A01238,Maja,Söderström,maja.söderström@åberg.com,Senior Data Engineer,User,United Kingdom,Legitimate Interest,False,Free Trial,2026-07-28
C005779,A01000,Donald,Sandberg,donald.sandberg@royal.com,Staff Data Engineer,User,United States,,False,Content Download,2024-11-29
C005780,A01091,Per,Berg,per.berg@söding.com,Head of Data Platform,Champion,United Kingdom,Legitimate Interest,False,SDR Outbound,2024-11-01
C005781,A01463,Ellie,Andrews,ellie.andrews@bergman.com,Staff Data Engineer,User,United States,,False,Paid Search,2024-12-26
C005782,A00153,Keith,Schomber,keith.schomber@henningsson.com,Staff Data Engineer,User,United States,,False,Free Trial,2026-03-23
C005783,A00027,Brandon,Nelson,brandon.nelson@ahlgren.com,Staff Data Engineer,User,United Kingdom,Legitimate Interest,True,Webinar,2025-09-26
C005784,A01244,Sandra,Jönsson,sandra.jönsson@dussen.com,Head of Data Platform,Champion,United Kingdom,Legitimate Interest,False,Event,2026-01-05
C005785,A01368,Birgitta,Watts,birgitta.watts@johansson.com,Data Engineering Manager,User,United States,,False,Event,2026-06-22
C005786,A01910,Maria,Uphaus,maria.uphaus@norberg.com,DATA ENG,,United Kingdom,Legitimate Interest,False,Partner,2024-10-08
C005787,A00546,Yara,Schuchhardt,yara.schuchhardt@van.com,Head of Data Platform,Champion,United States,,False,Webinar,2025-10-04
C005788,A01130,Piotr,Thies,piotr.thies@olsson.com,VP Data,Economic Buyer,Germany,Legitimate Interest,False,Paid Search,2025-08-14
C005789,A01278,Jeremy,Striebitz,jeremy.striebitz@sparks.com,intern,,United States,,False,Webinar,2025-10-12
C005790,A00801,Karl-Josef,Buchholz,karl-josef.buchholz@baum.com,VP Data & Analytics,Economic Buyer,United States,,False,Partner,2025-02-26
C005791,A00980,Abigail,Malmström,abigail.malmström@wilms.com,Chief Information Officer,Economic Buyer,United Kingdom,Legitimate Interest,False,Event,2024-09-21
C005792,A01548,Detlef,Palmer,detlef.palmer@naylor.com,data guy,,United States,,False,Webinar,2026-01-04
C005793,A01559,Jonas,Wallin,jonas.wallin@eriksson.com,Director of Data Platform,Champion,United Kingdom,Legitimate Interest,False,SDR Outbound,2026-03-07
C005794,A01577,Friedrich-Karl,Harris,friedrich-karl.harris@nilsson.com,Analytics Engineer,User,United Kingdom,Legitimate Interest,False,Paid Search,2025-11-05
C005795,A01325,David,Englund,david.englund@price.com,Head of Data Platform,Champion,Germany,Legitimate Interest,False,Partner,2026-03-20
C005796,A01149,Angelina,Zahn,angelina.zahn@frye.com,Data Engineering Manager,User,United States,,False,Paid Search,2026-08-24
C005797,A01514,Amanda,Oestrovsky,amanda.oestrovsky@ho-cole.com,N/A,,United Kingdom,Legitimate Interest,False,Free Trial,2025-11-30
C005798,A01314,Jorge,Thompson,jorge.thompson@ljungberg.com,Senior Data Engineer,User,Germany,Legitimate Interest,False,Partner,2026-06-19
C005799,A00977,Jose,Eriksson,jose.eriksson@abbas.com,Data Engineering Manager,User,Canada,,False,Paid Search,2026-01-02
C005800,A00515,Brandon,Bonbach,brandon.bonbach@jeppsson.com,VP Data,Economic Buyer,United States,,False,Free Trial,2023-01-12
C005801,A00090,Daniel,Krabbe,daniel.krabbe@edman.com,Analytics Engineer,User,Sweden,Legitimate Interest,True,Content Download,2026-05-29
C005802,A00701,Jan,Backer,jan.backer@beck-banks.com,ceo ,,United Kingdom,Legitimate Interest,True,Referral,2025-05-12
C005803,A01311,David,Jonsson,david.jonsson@powers.com,Chief Information Officer,Economic Buyer,Ireland,Legitimate Interest,False,Free Trial,2026-04-26
C005804,A00537,Selina,Mosemann,selina.mosemann@eriksson.com,DATA ENG,,United States,,False,Partner,2026-09-21
C005805,A01770,Bjorn,Ahmad,bjorn.ahmad@solis.com,IT Security Manager,Blocker,United States,,False,Webinar,2024-10-10
C005806,A01337,Indy,van Duyvenvoorde,indy.van duyvenvoorde@lindskog.com,intern,,United Kingdom,Legitimate Interest,False,Content Download,2024-08-25
C005807,A01529,Teresa,Russell,teresa.russell@chavez.com,Chief Information Officer,Economic Buyer,United States,,False,Event,2026-08-18
C005808,A00394,Jack,Holmström,jack.holmström@zahn.com,Chief Data Officer,Economic Buyer,Norway,Legitimate Interest,False,Referral,2025-02-09
C005809,A00206,Stijn,Dijkman,stijn.dijkman@karge.com,Data Engineering Manager,User,United Kingdom,Legitimate Interest,False,Paid Search,2025-03-29
C005810,A00628,Joey,Porter,joey.porter@ns.com,Senior Data Engineer,User,Canada,,False,Webinar,2025-09-26
C005811,A00282,Julian,Rasmussen,julian.rasmussen@nilsson.com,CISO,Blocker,Germany,Legitimate Interest,False,Event,2024-05-06
C005812,A01609,Daphne,Douglas,daphne.douglas@huisman.com,Data Engineering Manager,User,United States,,False,Free Trial,2026-03-30
C005813,A00672,Walter,Ericson,walter.ericson@näslund.com,Senior Data Engineer,User,Sweden,Legitimate Interest,False,Webinar,2026-04-09
C005814,A01579,Vanessa,Cooper,vanessa.cooper@hardy.com,Head of Data Platform,Champion,United Kingdom,Legitimate Interest,False,Webinar,2025-01-05
C005815,A00403,Geraldine,Kühnert,geraldine.kühnert@wijland.com,Data Engineering Manager,User,Austria,Legitimate Interest,False,Paid Search,2025-11-11
C005816,A00143,Elisabet,van Maaren,elisabet.van maaren@henk.com,VP Data,Economic Buyer,United States,,False,SDR Outbound,2026-09-08
C005817,A01589,Elmar,Lindström,elmar.lindström@koninklijke.com,VP Data,Economic Buyer,Belgium,Legitimate Interest,False,Webinar,2026-06-13
C005818,A00830,Ben,Trupp,ben.trupp@juncken.com,Data Engineering Manager,User,United States,,False,Paid Search,2026-08-19
C005819,A01870,Tina,Hughes,tina.hughes@weimer.com,Chief Information Officer,Economic Buyer,United States,,False,Paid Search,2025-02-11
C005820,A00198,Louise,Andersson,louise.andersson@thanel.com,-,,United States,,False,Free Trial,2025-01-22
C005821,A00750,Ingela,Beekman,ingela.beekman@roberts.com,Staff Data Engineer,User,Sweden,Legitimate Interest,False,Webinar,2026-08-12
C005822,A01669,Joel,Holt,joel.holt@ortiz.com,Head of Data Platform,Champion,Germany,Legitimate Interest,False,Referral,2025-10-11
C005823,A01195,Janet,Johansson,janet.johansson@söding.com,"Director, Data Engineering",Champion,Sweden,Legitimate Interest,False,Partner,2024-08-23
C005824,A00388,David,Mclaughlin,david.mclaughlin@persson.com,Head of Data Platform,Champion,United States,,True,Paid Search,2024-06-23
C005825,A00591,Britta,Bengtsson,britta.bengtsson@rose.com,Senior Data Engineer,User,United Kingdom,Legitimate Interest,False,Free Trial,2025-11-03
C005826,A01901,Catharina,Jackson,catharina.jackson@bates.com,Data Engineering Manager,User,United States,,False,Webinar,2025-10-13
C005827,A01285,Vajèn,Ford,vajèn.ford@larson-holmes.com,CISO,Blocker,Canada,,False,Partner,2026-01-22
C005828,A00269,Terence,Hentschel,terence.hentschel@zirme.com,N/A,,United States,,False,Referral,2024-03-05
C005829,A01260,Carmen,Jacquot,carmen.jacquot@olsson.com,Data Engineering Manager,User,United States,,False,Referral,2026-01-24
C005830,A00244,Urte,Alexander,urte.alexander@walker.com,Data Engineering Manager,User,United States,,False,Webinar,2026-02-27
C005831,A00148,Donald,Henderson,donald.henderson@asplund.com,Director of Data Platform,Champion,United States,,False,Free Trial,2024-08-08
C005832,A00082,Andrea,Johansson,andrea.johansson@hunt.com,Data Engineering Manager,User,Canada,,False,Webinar,2026-05-03
C005833,A01802,Anja,Thomas,anja.thomas@trubin.com,Data Engineering Manager,User,United Kingdom,Legitimate Interest,False,Event,2025-01-24
C005834,A00685,Johannes,Ritter,johannes.ritter@gilbert.com,x,,Germany,Legitimate Interest,False,Webinar,2025-09-28
C005835,A01393,Stephanie,Gröttner,stephanie.gröttner@olsson.com,Head of Data Engineering,Champion,Germany,Legitimate Interest,False,Referral,2024-02-01
C005836,A00316,Elise,Russell,elise.russell@van.com,Analytics Engineer,User,United States,,False,SDR Outbound,2026-01-07
C005837,A00509,Leon,Caspar,leon.caspar@säuberlich.com,DATA ENG,,United States,,False,Content Download,2025-04-02
C005838,A00761,Milo,Herrmann,milo.herrmann@white.com,CISO,Blocker,United States,,False,Webinar,2025-05-07
C005839,A01176,Elif,Vaughan,elif.vaughan@girschner.com,Staff Data Engineer,User,United States,,False,SDR Outbound,2026-02-21
C005840,A00527,Evangelos,Liu,evangelos.liu@miller.com,Data Engineering Manager,User,United States,,False,Paid Search,2026-09-14
C005841,A00899,Kevin,Hernandez,kevin.hernandez@jimenez.com,Senior Data Engineer,User,Germany,Legitimate Interest,False,Webinar,2026-09-27
C005842,A00642,Josef,Duncan,josef.duncan@guerra.com,IT Security Manager,Blocker,Belgium,Legitimate Interest,False,Referral,2026-04-23
C005843,A01285,Anika,Nilsson,anika.nilsson@larson-holmes.com,VP Data,Economic Buyer,Canada,,False,Paid Search,2024-11-06
C005844,A01198,Britta,Cook,britta.cook@wallin.com,Staff Data Engineer,User,United States,,False,Partner,2026-07-18
C005845,A01007,Sören,van Velzen,sören.van velzen@van.com,Chief Data Officer,Economic Buyer,United States,,False,SDR Outbound,2026-09-19
C005846,A00412,Melody,Lee,melody.lee@fitzgerald.com,Analytics Engineer,User,Belgium,Legitimate Interest,False,Referral,2025-09-02
C005847,A00041,Salvatore,Johansson,salvatore.johansson@konings.com,Senior Data Engineer,User,United States,,False,Webinar,2025-07-17
C005848,A01473,Patricia,Briemer,patricia.briemer@farmer-hutchinson.com,Staff Data Engineer,User,United States,,False,Webinar,2025-08-09
C005849,A00725,Howard,Aeije,howard.aeije@baker.com,Chief Information Officer,Economic Buyer,Germany,Legitimate Interest,True,Free Trial,2024-03-24
C005850,A00768,Dogan,Recer,dogan.recer@griffiths.com,Analytics Engineer,User,United States,,False,Content Download,2025-07-30
C005851,A00161,Linnéa,Lindblad,linnéa.lindblad@thomas-holloway.com,Analytics Engineer,User,United Kingdom,Legitimate Interest,False,Partner,2026-06-21
C005852,A00606,Shane,de Jode Vastraedsd,shane.de jode vastraedsd@klingelhöfer.com,Senior Data Engineer,User,United States,,False,Paid Search,2026-08-14
C005853,A01327,Karl,Johansson,karl.johansson@de.com,"Director, Data Engineering",Champion,United States,,False,SDR Outbound,2026-09-05
C005854,A00082,Tygo,van Eck,tygo.van eck@hunt.com,Staff Data Engineer,User,Canada,,False,Webinar,2025-12-07
C005855,A01540,Albert,Hauffer,albert.hauffer@van.com,Senior Data Engineer,User,United States,,False,Partner,2023-12-16
C005856,A00824,Marten,Palmqvist,marten.palmqvist@zimmer.com,DATA ENG,,United States,,False,Content Download,2026-08-02
C005857,A00576,Ivy,Gray,ivy.gray@murphy.com,Chief Data Officer,Economic Buyer,Canada,,False,SDR Outbound,2026-09-02
C005858,A01499,Lindsey,Thomas,lindsey.thomas@scholz.com,DATA ENG,,Belgium,Legitimate Interest,False,Free Trial,2024-10-21
C005859,A01735,Edward,Salz,edward.salz@stichting.com,x,,United Kingdom,Legitimate Interest,False,Free Trial,2026-08-10
C005860,A01645,Lena,Vermeulen,lena.vermeulen@johansson.com,Senior Data Engineer,User,United Kingdom,Legitimate Interest,False,Content Download,2026-10-03
C005861,A00474,Quinty,Karge,quinty.karge@marshall-craig.com,VP Data & Analytics,Economic Buyer,Germany,Legitimate Interest,False,Content Download,2026-02-12
C005862,A01652,Kimberly,Riehl,kimberly.riehl@stahr.com,VP Data,Economic Buyer,United States,,False,Content Download,2024-07-12
C005863,A01684,Rosita,Samuelsson,rosita.samuelsson@stichting.com,Analytics Engineer,User,United States,,False,Webinar,2025-05-09
C005864,A00967,Louis,Mol,louis.mol@ward-davies.com,Analytics Engineer,User,United States,,False,Paid Search,2026-04-13
C005865,A00764,Amber,Kraushaar,amber.kraushaar@bradley.com,IT Security Manager,Blocker,United States,,False,Paid Search,2025-04-29
C005866,A00119,Melissa,Fröhlich,melissa.fröhlich@royal.com,Data Engineering Manager,User,United States,,False,Partner,2024-04-04
C005867,A00715,Bradley,Wolfswinkel,bradley.wolfswinkel@blair.com,Analytics Engineer,User,Denmark,Legitimate Interest,False,Event,2024-01-29
C005868,A00308,Ingegerd,Müller,ingegerd.müller@dörschner.com,Analytics Engineer,User,United States,,False,Free Trial,2026-04-05
C005869,A00727,Merel,Garcia,merel.garcia@johansson.com,Head of Data Engineering,Champion,United Kingdom,Legitimate Interest,False,Partner,2024-06-02
C005870,A01015,Timothy,Jonasson,timothy.jonasson@hughes-frye.com,ceo ,,Switzerland,Legitimate Interest,False,Webinar,2024-11-09
C005871,A01533,Raissa,Wooning,raissa.wooning@rees-robinson.com,N/A,,United States,,False,Free Trial,2026-08-28
C005872,A01687,Gundel,Lindner,gundel.lindner@landström.com,Analytics Engineer,User,United Kingdom,Legitimate Interest,False,Referral,2024-03-19
C005873,A00933,Victor,Lewis,victor.lewis@royal.com,Staff Data Engineer,User,Belgium,Legitimate Interest,False,Webinar,2026-02-17
C005874,A01158,Jamie,Cooper,jamie.cooper@koninklijke.com,Data Engineering Manager,User,Canada,,True,SDR Outbound,2026-04-12
C005875,A01170,Jan,Hassan,jan.hassan@hagström.com,Senior Data Engineer,User,United States,,False,SDR Outbound,2026-09-15
C005876,A01607,Katherine,Ahmad,katherine.ahmad@van.com,VP Data & Analytics,Economic Buyer,United States,,False,SDR Outbound,2025-07-20
C005877,A00732,Karl,van der Heiden,karl.van der heiden@smith.com,Head of Data Platform,Champion,United Kingdom,Legitimate Interest,False,Event,2025-05-10
C005878,A00164,Jolanta,Backer,jolanta.backer@naser.com,Staff Data Engineer,User,United States,,False,SDR Outbound,2024-11-29
C005879,A01548,Ruben,Nilsson,ruben.nilsson@naylor.com,N/A,,United States,,False,SDR Outbound,2025-10-26
C005880,A01971,Francesca,Dirven,francesca.dirven@black-lee.com,Director of Data Platform,Champion,United States,,False,Content Download,2026-09-07
C005881,A00159,Maureen,Begum,maureen.begum@klingelhöfer.com,Head of Data Engineering,Champion,United States,,False,Paid Search,2025-07-19
C005882,A00287,Ulf,Olofsson,ulf.olofsson@simmons-ortega.com,Staff Data Engineer,User,United States,,False,Content Download,2024-08-15
C005883,A00334,Phileine,van Kasteelen,phileine.van kasteelen@göransson.com,Chief Data Officer,Economic Buyer,Canada,,False,Content Download,2025-08-08
C005884,A00493,Esila,Mosemann,esila.mosemann@bonbach.com,VP Data & Analytics,Economic Buyer,United States,,False,SDR Outbound,2026-04-28
C005885,A00518,Katherine,Pearce,katherine.pearce@leach.com,Chief Information Officer,Economic Buyer,United Kingdom,Legitimate Interest,False,SDR Outbound,2026-05-28
C005886,A01960,Jack,Nedermeijer,jack.nedermeijer@davids.com,Staff Data Engineer,User,United States,,False,Partner,2025-11-09
C005887,A00007,Vince,Danielsson,vince.danielsson@axelsson.com,x,,United States,,False,Paid Search,2025-09-26
C005888,A01590,Collin,Brown,collin.brown@wulff.com,test,,Belgium,Legitimate Interest,False,Partner,2025-07-07
C005889,A01548,Linde,Scott,linde.scott@naylor.com,Director of Data Platform,Champion,United States,,False,Referral,2023-08-24
C005890,A01492,David,Johansson,david.johansson@eriksson.com,Senior Data Engineer,User,United States,,False,Paid Search,2026-08-23
C005891,A00960,Irene,Russell,irene.russell@kpmg.com,ceo ,,United States,,False,Event,2024-11-13
C005892,A01351,Gerard,O'Brien,gerard.o'brien@stroh.com,Chief Information Officer,Economic Buyer,United Kingdom,Legitimate Interest,False,Referral,2025-07-30
C005893,A01140,Lydia,Barnett,lydia.barnett@allen-smith.com,Head of Data Platform,Champion,Ireland,Legitimate Interest,False,Content Download,2024-03-27
C005894,A00955,Robin,Lindberg,robin.lindberg@briggs-white.com,Chief Data Officer,Economic Buyer,Canada,,False,Free Trial,2025-03-24
C005895,A00047,Howard,Kramer,howard.kramer@miller.com,VP Data & Analytics,Economic Buyer,Germany,Legitimate Interest,False,Referral,2026-07-23
C005896,A00777,Kristin,Davenport,kristin.davenport@larsson.com,Head of Procurement,Blocker,United Kingdom,Legitimate Interest,False,SDR Outbound,2025-11-09
C005897,A01623,Dewi,Trommler,dewi.trommler@nieuwstraten.com,Head of Data Engineering,Champion,Netherlands,Legitimate Interest,False,SDR Outbound,2025-10-30
C005898,A00017,Gail,Ross,gail.ross@svensson.com,Chief Data Officer,Economic Buyer,Netherlands,Legitimate Interest,False,Content Download,2025-12-28
C005899,A01879,Geraldine,Bates,geraldine.bates@shepherd-austin.com,DATA ENG,,Germany,Legitimate Interest,False,SDR Outbound,2026-08-09
C005900,A00067,Bo,Veenendaal,bo.veenendaal@landry.com,Senior Data Engineer,User,United States,,False,Free Trial,2024-05-11
C005901,A00921,June,Conradi,june.conradi@asml.com,Director of Data Platform,Champion,Germany,Legitimate Interest,False,Free Trial,2024-05-06
C005902,A00422,Leanne,Henk,leanne.henk@lindskog.com,-,,United States,,False,Paid Search,2026-01-30
C005903,A01732,Julia,Johnson,julia.johnson@wilms.com,Senior Data Engineer,User,Netherlands,Legitimate Interest,False,Content Download,2023-05-07
C005904,A00011,Ninthe,Herrmann,ninthe.herrmann@dyer.com,-,,United Kingdom,Legitimate Interest,False,Referral,2026-03-01
C005905,A01065,Marie,Hasan,marie.hasan@harvey-mccullough.com,IT Security Manager,Blocker,United States,,False,Webinar,2025-12-13
C005906,A00204,Valdemar,Henschel,valdemar.henschel@de.com,Analytics Engineer,User,United States,,False,Partner,2026-06-23
C005907,A01726,Darren,Lundberg,darren.lundberg@aumann.com,Analytics Engineer,User,United Kingdom,Legitimate Interest,False,Partner,2024-10-15
C005908,A01084,Kristina,Geisel,kristina.geisel@dekker.com,Analytics Engineer,User,United States,,False,SDR Outbound,2025-10-11
C005909,A00801,Niels,Fechner,niels.fechner@baum.com,Analytics Engineer,User,United States,,False,Referral,2025-03-10
C005910,A00286,Linda,Hentschel,linda.hentschel@kuhl.com,Staff Data Engineer,User,Belgium,Legitimate Interest,False,Free Trial,2026-05-17
C005911,A01279,Sjoerd,Eigenwillig,sjoerd.eigenwillig@royal.com,DATA ENG,,United States,,False,SDR Outbound,2026-04-02
C005912,A01933,Meinhard,Castillo,meinhard.castillo@berg.com,x,,Ireland,Legitimate Interest,False,Webinar,2026-04-17
C005913,A01272,Charlotte,Lundgren,charlotte.lundgren@karlsson.com,Data Engineering Manager,User,United Kingdom,Legitimate Interest,False,Paid Search,2023-06-10
C005914,A01590,Catharina,Boer,catharina.boer@wulff.com,Staff Data Engineer,User,Belgium,Legitimate Interest,False,Paid Search,2026-04-04
C005915,A00288,Luke,Wood,luke.wood@striebitz.com,Senior Data Engineer,User,Germany,Legitimate Interest,True,SDR Outbound,2026-04-17
C005916,A00442,Leslie,Wright,leslie.wright@fechner.com,Data Engineering Manager,User,United States,,False,SDR Outbound,2026-07-16
C005917,A01967,Sally,Winters,sally.winters@evans-doyle.com,Data Engineering Manager,User,United States,,False,Event,2025-02-24
C005918,A01588,Christy,Römer,christy.römer@jacobson.com,Head of Data Engineering,Champion,United States,,False,Referral,2026-04-30
C005919,A01471,Yara,Melet,yara.melet@trupp.com,Director of Data Platform,Champion,Germany,Legitimate Interest,False,Free Trial,2026-03-25
C005920,A00992,Kerstin,Powell,kerstin.powell@cgi.com,Chief Information Officer,Economic Buyer,Germany,Legitimate Interest,False,SDR Outbound,2024-03-16
C005921,A00949,Dewi,Olsson,dewi.olsson@koninklijke.com,Data Engineering Manager,User,United States,,False,Partner,2024-06-18
C005922,A01331,Maureen,Martens,maureen.martens@kreusel.com,Staff Data Engineer,User,United States,,False,Free Trial,2025-04-17
C005923,A00918,John,Nelson,john.nelson@miller.com,ceo ,,United Kingdom,Legitimate Interest,False,Free Trial,2024-01-20
C005924,A01529,Ola,Kuiper,ola.kuiper@chavez.com,CISO,Blocker,United States,,False,SDR Outbound,2025-09-10
C005925,A00633,Lise-Lotte,de Mol,lise-lotte.de mol@lundh.com,test,,United States,,False,Referral,2026-03-10
C005926,A01091,Kuno,Simmons,kuno.simmons@söding.com,ceo ,,United Kingdom,Legitimate Interest,False,SDR Outbound,2026-02-27
C005927,A00325,Gordon,Freeman,gordon.freeman@einarsson.com,Director of Data Platform,Champion,United States,,False,Partner,2024-06-08
C005928,A01065,Albin,Smith,albin.smith@harvey-mccullough.com,"Director, Data Engineering",Champion,United States,,False,Referral,2025-06-15
C005929,A01210,Jacqueline,Hill,jacqueline.hill@johansson.com,intern,,United Kingdom,Legitimate Interest,False,SDR Outbound,2026-01-04
C005930,A01121,Mike,Hernandez,mike.hernandez@mills.com,Chief Data Officer,Economic Buyer,Sweden,Legitimate Interest,False,SDR Outbound,2026-02-12
C005931,A01882,Dylan,Elliott,dylan.elliott@hill-miah.com,"Director, Data Engineering",Champion,United States,,False,Webinar,2025-05-14
C005932,A01893,Christopher,Wolters,christopher.wolters@johansson.com,Chief Data Officer,Economic Buyer,United States,,False,Partner,2026-07-11
C005933,A01616,Pasquale,Börner,pasquale.börner@weller.com,x,,United States,,False,Content Download,2025-02-06
C005934,A00980,Mason,Karlsson,mason.karlsson@wilms.com,Analytics Engineer,User,United Kingdom,Legitimate Interest,False,Event,2025-03-10
C005935,A00699,Katy,Brown,katy.brown@huijzing.com,Chief Data Officer,Economic Buyer,United Kingdom,Legitimate Interest,False,SDR Outbound,2025-10-11
C005936,A00589,Rudi,Huijs,rudi.huijs@eriksson.com,Head of Data Engineering,Champion,United States,,False,Event,2026-05-08
C005937,A01635,Muhammed,Chan,muhammed.chan@lopez-johnson.com,Analytics Engineer,User,Germany,Legitimate Interest,False,Paid Search,2025-05-21
C005938,A01820,Günter,van Grinsven,günter.van grinsven@risma.com,Analytics Engineer,User,United States,,False,Paid Search,2026-04-14
C005939,A00433,Karl-August,Mason,karl-august.mason@carlsson.com,Senior Data Engineer,User,United States,,False,Content Download,2026-09-23
C005940,A00439,Patricia,Olson,patricia.olson@henschel.com,Senior Data Engineer,User,United States,,False,Referral,2026-03-04
C005941,A01678,Klaus-Günter,Svensson,klaus-günter.svensson@reese.com,Analytics Engineer,User,Germany,Legitimate Interest,True,SDR Outbound,2025-06-02
C005942,A00705,Reece,Berry,reece.berry@karlsson.com,"Director, Data Engineering",Champion,Ireland,Legitimate Interest,False,Paid Search,2024-05-19
C005943,A00505,Ana,Jansse,ana.jansse@kühnert.com,"Director, Data Engineering",Champion,United Kingdom,Legitimate Interest,False,Webinar,2024-05-18
C005944,A00896,Charlene,Englund,charlene.englund@fischer.com,test,,United States,,False,Paid Search,2026-07-11
C005945,A00589,Hilda,Simmons,hilda.simmons@eriksson.com,Director of Data Platform,Champion,United States,,False,SDR Outbound,2024-11-13
C005946,A00145,Michelle,Matthäi,michelle.matthäi@neuschäfer.com,Analytics Engineer,User,United States,,False,Referral,2025-06-23
C005947,A00439,Gunnar,Alexander,gunnar.alexander@henschel.com,Manager,,United States,,False,Paid Search,2025-07-21
C005948,A01508,Joseph,Hedlund,joseph.hedlund@van.com,Head of Procurement,Blocker,Netherlands,Legitimate Interest,False,Referral,2025-04-03
C005949,A01058,Christine,Ansems,christine.ansems@kling.com,Director of Data Platform,Champion,Belgium,Legitimate Interest,False,Event,2025-06-14
C005950,A00150,Michael,Cunningham,michael.cunningham@geldens.com,Chief Data Officer,Economic Buyer,Austria,Legitimate Interest,False,SDR Outbound,2024-08-06
C005951,A01895,Evi,Huijzing,evi.huijzing@hendrix.com,Senior Data Engineer,User,United Kingdom,Legitimate Interest,False,Event,2025-11-02
C005952,A00949,Christina,Briemer,christina.briemer@koninklijke.com,Director of Data Platform,Champion,United States,,False,SDR Outbound,2026-08-17
C005953,A00806,Erik,Allison,erik.allison@hill.com,Director of Data Platform,Champion,Ireland,Legitimate Interest,False,Event,2025-09-27
C005954,A00973,Georgina,Eberth,georgina.eberth@raet.com,Chief Data Officer,Economic Buyer,Netherlands,Legitimate Interest,False,Partner,2026-04-04
C005955,A01561,Julian,Morgan,julian.morgan@carr-conley.com,Analytics Engineer,User,Switzerland,Legitimate Interest,False,Free Trial,2025-10-17
C005956,A01844,Mila,Guerra,mila.guerra@fors.com,Chief Data Officer,Economic Buyer,Belgium,Legitimate Interest,False,Free Trial,2025-01-20
C005957,A00039,Else,Mitchell,else.mitchell@house.com,Head of Data Engineering,Champion,Belgium,Legitimate Interest,False,Content Download,2026-05-25
C005958,A00185,Mikael,Wright,mikael.wright@benthin.com,Staff Data Engineer,User,Canada,,False,Webinar,2024-05-25
C005959,A00431,Matthew,Junitz,matthew.junitz@hermann.com,data guy,,United States,,False,Referral,2024-08-21
C005960,A01360,Chris,Roberts,chris.roberts@moss.com,Senior Data Engineer,User,Canada,,False,SDR Outbound,2025-11-11
C005961,A01002,Dave,Schinke,dave.schinke@engman.com,Senior Data Engineer,User,Germany,Legitimate Interest,False,Webinar,2026-09-29
C005962,A00625,Jack,Verschut,jack.verschut@turner.com,Staff Data Engineer,User,Sweden,Legitimate Interest,False,Partner,2024-08-21
C005963,A01224,Michael,Cooley,michael.cooley@griffiths-murphy.com,IT Security Manager,Blocker,United States,,False,Partner,2026-04-11
C005964,A00103,Silke,Burns,silke.burns@andersson.com,Staff Data Engineer,User,United States,,False,Paid Search,2025-11-03
C005965,A00506,Meike,Jackson,meike.jackson@holden.com,Staff Data Engineer,User,United States,,False,Partner,2025-11-19
C005966,A01043,Emma,Ward,emma.ward@stichting.com,x,,Germany,Legitimate Interest,False,Webinar,2024-11-07
C005967,A00301,Zachary,Eriksson,zachary.eriksson@jakobsson.com,Staff Data Engineer,User,Netherlands,Legitimate Interest,False,Content Download,2025-10-25
C005968,A00183,Gregory,Turesson,gregory.turesson@skoglund.com,Director of Data Platform,Champion,Austria,Legitimate Interest,False,Referral,2025-11-21
C005969,A01208,Kaylee,Overdijk,kaylee.overdijk@mosemann.com,Head of Data Engineering,Champion,United States,,False,SDR Outbound,2026-05-25
C005970,A01854,Jolijn,van Poppel,jolijn.van poppel@enexis.com,Head of Data Platform,Champion,United Kingdom,Legitimate Interest,False,Referral,2025-11-21
C005971,A00213,Garry,Grein Groth,garry.grein groth@eriksson.com,"Director, Data Engineering",Champion,Germany,Legitimate Interest,False,Event,2026-06-22
C005972,A00786,Hans-Rudolf,Jähn,hans-rudolf.jähn@gotthard.com,Analytics Engineer,User,Netherlands,Legitimate Interest,False,SDR Outbound,2026-02-17
C005973,A01778,Mary,Karlsson,mary.karlsson@morris.com,Director of Data Platform,Champion,Belgium,Legitimate Interest,False,Partner,2024-07-07
C005974,A00040,Tora,Wooning,tora.wooning@jones-dobson.com,Analytics Engineer,User,Denmark,Legitimate Interest,False,Event,2026-03-14
C005975,A00291,Felix,Lachmann,felix.lachmann@lindberg.com,VP Data,Economic Buyer,Germany,Legitimate Interest,False,Free Trial,2026-06-04
C005976,A00813,Hellmut,Sandin,hellmut.sandin@hope.com,Senior Data Engineer,User,United States,,False,Free Trial,2025-02-27
C005977,A01741,Mary,Svanberg,mary.svanberg@soos.com,Chief Information Officer,Economic Buyer,United Kingdom,Legitimate Interest,False,Free Trial,2026-09-24
C005978,A01205,Kathryn,Dixon,kathryn.dixon@huynh.com,"Director, Data Engineering",Champion,United States,,False,Webinar,2025-12-08
C005979,A00010,Elsa,Eberth,elsa.eberth@royal.com,VP Data & Analytics,Economic Buyer,Norway,Legitimate Interest,False,Partner,2025-09-24
C005980,A00477,Werner,Sandberg,werner.sandberg@haglund.com,intern,,United States,,False,Partner,2026-06-17
C005981,A00994,Courtney,Bradley,courtney.bradley@pettersson.com,Senior Data Engineer,User,United States,,False,Content Download,2025-05-07
C005982,A01069,Carolyn,Willems,carolyn.willems@webster.com,Senior Data Engineer,User,Switzerland,Legitimate Interest,False,Free Trial,2026-02-24
C005983,A01424,Koen,van Beeck,koen.van beeck@price-watson.com,Data Engineering Manager,User,United Kingdom,Legitimate Interest,False,Free Trial,2026-01-28
C005984,A00074,Gerard,Stevenson,gerard.stevenson@staude.com,Senior Data Engineer,User,Ireland,Legitimate Interest,False,Content Download,2025-04-10
C005985,A00794,Malcolm,Heß,malcolm.heß@hartmann.com,Staff Data Engineer,User,United Kingdom,Legitimate Interest,False,Webinar,2026-07-31
C005986,A00810,Gunnar,Walker,gunnar.walker@svedberg.com,Analytics Engineer,User,United States,,False,Webinar,2026-09-18
C005987,A00744,Johan,Näslund,johan.näslund@yang.com,Data Engineering Manager,User,United Kingdom,Legitimate Interest,False,Partner,2024-12-15
C005988,A00091,Stefani,Gaines,stefani.gaines@pearce.com,Chief Data Officer,Economic Buyer,United States,,False,Event,2026-08-29
C005989,A00055,Geert,Perrono,geert.perrono@keudel.com,VP Data & Analytics,Economic Buyer,Canada,,False,Referral,2026-06-30
C005990,A01267,Sheryl,Goodwin,sheryl.goodwin@lindblad.com,Manager,,United States,,False,SDR Outbound,2026-05-18
C005991,A01221,Justin,The Elder,justin.the elder@van.com,Data Engineering Manager,User,United Kingdom,Legitimate Interest,False,Paid Search,2026-08-02
C005992,A00913,Jonathan,Linke,jonathan.linke@floraholland.com,Senior Data Engineer,User,Denmark,Legitimate Interest,False,Webinar,2026-08-29
C005993,A01205,Therese,Koch,therese.koch@huynh.com,test,,United States,,False,Content Download,2025-04-24
C005994,A00911,Aimee,Bell,aimee.bell@koninklijke.com,Data Engineering Manager,User,Netherlands,Legitimate Interest,False,Event,2025-10-19
C005995,A01034,Charlie,Schmidt,charlie.schmidt@vilhelmsson.com,Analytics Engineer,User,Ireland,Legitimate Interest,False,Partner,2023-10-04
C005996,A00084,Veronica,Meister,veronica.meister@de.com,Analytics Engineer,User,Norway,Legitimate Interest,False,Webinar,2025-07-18
C005997,A01833,Gottlob,Allen,gottlob.allen@stey.com,Analytics Engineer,User,United States,,False,SDR Outbound,2026-08-01
C005998,A01159,Eileen,Schmiedt,eileen.schmiedt@dahlström.com,Senior Data Engineer,User,United States,,False,Free Trial,2026-01-13
C005999,A01038,Janne,van Rheineck,janne.van rheineck@carsten.com,Analytics Engineer,User,United States,,False,SDR Outbound,2026-08-23
C006000,A00076,Lucy,Bird,lucy.bird@van.com,ceo ,,United Kingdom,Legitimate Interest,False,Free Trial,2026-08-25
C006001,A01731,Lan,Pettersson,lance.pettersson@bergström.com,Staff Data Engineer,User,United Kingdom,Legitimate Interest,False,Event,2026-08-01
C006002,A00817,Tara,Hein ,tara.hein@fry.com,Data Engineering Manager,User,Germany,Legitimate Interest,False,Content Download,2026-09-16
C006003,A01372,Sam,van Geest,sami.van geest@stenström.com,Director of Data Platform,Champion,United States,,False,Free Trial,2026-08-18
C006004,A01428,Tommy,Hamann ,tommy.hamann@koninklijke.com,"Director, Data Engineering",Champion,United Kingdom,Legitimate Interest,False,Webinar,2026-09-14
C006005,A00229,Eric,Smith ,eric.smith@john.com,data guy,,United Kingdom,Legitimate Interest,False,Webinar,2026-03-16
C006006,A01939,Norma,Ferguson,norma.ferguson@holland.com,Senior Data Engineer,User,United States,,False,Event,2026-08-10
C006007,A01894,Hans-Eberhard,van Gils ,hans-eberhard.van gils@hahn.com,test,,United States,,False,Free Trial,2025-03-19
C006008,A00494,Kat,Heidrich,kathryn.heidrich@andrews.com,Data Engineering Manager,User,Ireland,Legitimate Interest,False,Referral,2026-02-15
C006009,A00501,Neil,Oskarsson,neil.oskarsson@nicholls.com,Director of Data Platform,Champion,United States,,False,Event,2025-04-04
C006010,A01166,Tara,Jackson,TARA.JACKSON@VAN.COM,VP Data,Economic Buyer,United States,,False,Partner,2026-09-27
C006011,A00488,Helen,Fitzgerald,HELEN.FITZGERALD@DAVIES.COM,"Director, Data Engineering",Champion,Netherlands,Legitimate Interest,False,Paid Search,2026-09-21
C006012,A01577,Stephanie,Boyle,stephanie.boyle@nilsson.com,-,,United Kingdom,Legitimate Interest,False,Webinar,2026-03-03
C006013,A01480,Gem,Sorgatz,gemma.sorgatz@brown.com,Data Engineering Manager,User,United Kingdom,Legitimate Interest,False,Free Trial,2026-08-18
C006014,A01643,Margita,Åslund,MARGITA.ÅSLUND@MARSHALL.COM,Senior Data Engineer,User,Germany,Legitimate Interest,False,Content Download,2025-06-28
C006015,A00091,Nicole,Lewis,NICOLE.LEWIS@PEARCE.COM,Data Engineering Manager,User,United States,,False,Free Trial,2026-09-28
C006016,A00882,Kjell,Evans ,kjell.evans@johnson.com,Senior Data Engineer,User,United States,,False,Referral,2026-08-25
C006017,A01202,Hermann,Thulin ,hermann.thulin@zuniga.com,"Director, Data Engineering",Champion,United States,,False,SDR Outbound,2026-01-26
C006018,A01691,Ann,Merritt,anna.merritt@holmström.com,data guy,,Germany,Legitimate Interest,False,Referral,2025-03-15
C006019,A01238,Mikael,Döhn,mikael.döhn@åberg.com,CISO,Blocker,United Kingdom,Legitimate Interest,False,Paid Search,2026-10-01
C006020,A01125,Ing,Pohl,ingeborg.pohl@van.com,Data Engineering Manager,User,Switzerland,Legitimate Interest,False,Webinar,2026-09-28
C006021,A01082,Martina,Watson,martina.watson@sullivan.com,"Director, Data Engineering",Champion,United States,,False,Content Download,2025-09-10
C006022,A00518,Cheyenne,Padilla,CHEYENNE.PADILLA@LEACH.COM,Staff Data Engineer,User,United Kingdom,Legitimate Interest,False,SDR Outbound,2026-09-05
C006023,A01587,Shaun,Zuidweg ,shaun.zuidweg@thompson.com,Senior Data Engineer,User,Switzerland,Legitimate Interest,False,Referral,2026-09-25
C006024,A01559,Jon,Wallin,jonas.wallin@eriksson.com,Director of Data Platform,Champion,United Kingdom,Legitimate Interest,False,SDR Outbound,2026-05-16
C006025,A00499,Ham,Nilsson,hamza.nilsson@rfs.com,Chief Data Officer,Economic Buyer,United States,,False,Partner,2023-11-12
C006026,A01595,Kelly,Hansson,kelly.hansson@patel-murphy.com,Head of Data Engineering,Champion,United States,,True,Partner,2026-09-10
C006027,A00050,James,Beck,james.beck@karlsson.com,x,,Austria,Legitimate Interest,False,Partner,2026-07-24
C006028,A00669,Jes,Nilsson,jesper.nilsson@höfig.com,CISO,Blocker,Ireland,Legitimate Interest,False,Event,2026-10-08
C006029,A01936,Gabriel,Håkansson,gabriel.håkansson@carlsson.com,Analytics Engineer,User,Netherlands,Legitimate Interest,False,Paid Search,2025-11-29
C006030,A00544,Jol,Haynes,jolie.haynes@jensen.com,Senior Data Engineer,User,United States,,False,Partner,2026-06-01
C006031,A00093,Ing,van Praagh,inga-lill.van praagh@lövgren.com,Senior Data Engineer,User,Ireland,Legitimate Interest,False,Free Trial,2025-01-31
C006032,A00589,Kje,Hartley,kjell.hartley@eriksson.com,Senior Data Engineer,User,United States,,False,Paid Search,2024-12-24
C006033,A01726,Kristin,den Buytelaar,KRISTIN.DEN BUYTELAAR@AUMANN.COM,Senior Data Engineer,User,United Kingdom,Legitimate Interest,False,Event,2026-07-06
C006034,A00563,Harry,Andersson,harry.andersson@de.com,Senior Data Engineer,User,United States,,False,Paid Search,2026-08-12
C006035,A00591,Britta,Bengtsson ,britta.bengtsson@rose.com,Senior Data Engineer,User,United Kingdom,Legitimate Interest,False,Free Trial,2026-05-19
C006036,A01045,Per,Säuberlich ,per.säuberlich@lidström.com,Staff Data Engineer,User,Germany,Legitimate Interest,False,Paid Search,2026-09-25
C006037,A00928,Göran,van der Dussen,göran.van der dussen@hassan.com,Head of Data Platform,Champion,Belgium,Legitimate Interest,False,Free Trial,2026-08-21
C006038,A00146,Cat,Knuf,catherine.knuf@karge.com,Analytics Engineer,User,United States,,False,Partner,2024-01-10
C006039,A01180,George,Nordqvist ,george.nordqvist@van.com,Head of Data Engineering,Champion,United States,,False,Referral,2024-08-11
C006040,A01906,Claire,Malm ,claire.malm@campbell.com,VP Data,Economic Buyer,United States,,False,Referral,2026-06-13
C006041,A00082,Birgitta,Kohl,birgitta.kohl@hunt.com,Staff Data Engineer,User,Canada,,False,Event,2026-08-03
C006042,A00404,Richard,Vance ,richard.vance@royal.com,Chief Information Officer,Economic Buyer,United States,,True,Referral,2026-10-03
C006043,A01499,Sag,Holm,saga.holm@scholz.com,IT Security Manager,Blocker,Belgium,Legitimate Interest,False,SDR Outbound,2026-03-24
C006044,A01020,Axel,Aarden,axel.aarden@gierschner.com,CISO,Blocker,United States,,False,Paid Search,2025-01-20
C006045,A01990,Ebb,Löchel,ebba.löchel@heyne.com,Analytics Engineer,User,United States,,False,Paid Search,2026-10-04
C006046,A01005,Heather,Baker ,heather.baker@naser.com,Staff Data Engineer,User,Germany,Legitimate Interest,False,Content Download,2026-09-14
C006047,A01290,Adam,van Wessex ,adam.van wessex@stichting.com,Staff Data Engineer,User,Belgium,Legitimate Interest,False,Referral,2026-10-06
C006048,A01671,Pim,Drubin,pim.drubin@lee.com,VP Data,Economic Buyer,United States,,False,Content Download,2026-03-27
C006049,A01578,Danique,Brandt,DANIQUE.BRANDT@LINDNER.COM,Senior Data Engineer,User,United States,,True,SDR Outbound,2026-01-02
C006050,A01753,James,Kallert ,james.kallert@garza.com,Head of Data Engineering,Champion,United States,,False,Free Trial,2026-05-05
C006051,A01092,Roos,Bolnbach,ROOS.BOLNBACH@KING.COM,"Director, Data Engineering",Champion,United States,,False,Referral,2026-09-24
C006052,A00414,Amy,Eigenwillig ,amy.eigenwillig@segerszoen.com,IT Security Manager,Blocker,United Kingdom,Legitimate Interest,False,Event,2025-12-12
C006053,A00777,Hanna,Peters,HANNA.PETERS@LARSSON.COM,"Director, Data Engineering",Champion,United Kingdom,Legitimate Interest,False,Content Download,2026-08-20
C006054,A01948,Helmut,Bradley,HELMUT.BRADLEY@STICHTING.COM,VP Data & Analytics,Economic Buyer,Germany,,False,Paid Search,2026-08-11
C006055,A01831,Sune,Schiffer,SUNE.SCHIFFER@WEINHOLD.COM,Chief Data Officer,Economic Buyer,United States,,False,Event,2026-05-19
C006056,A00063,Cha,Ljungberg,charlotte.ljungberg@davids.com,"Director, Data Engineering",Champion,United States,,False,Webinar,2026-02-06
C006057,A00232,Tyler,Persson,TYLER.PERSSON@SANTANA-BYRD.COM,x,,Norway,Legitimate Interest,False,Partner,2026-09-20
C006058,A01452,Amber,Hiller,AMBER.HILLER@KREIN.COM,Staff Data Engineer,User,Belgium,Legitimate Interest,False,Paid Search,2026-08-05
C006059,A01228,Leif,Sundqvist,LEIF.SUNDQVIST@EBERTH.COM,Analytics Engineer,User,United States,,False,Partner,2026-09-28
C006060,A00222,Julian,Craig ,julian.craig@vallin.com,Chief Data Officer,Economic Buyer,United States,,False,Referral,2026-01-26
C006061,A00506,Denise,Fischer,DENISE.FISCHER@HOLDEN.COM,CISO,Blocker,United States,,False,Free Trial,2026-08-04
C006062,A01461,Pleun,Brooks ,pleun.brooks@olsson.com,Data Engineering Manager,User,United States,,False,Event,2025-01-14
C006063,A01329,Clare,Knight,CLARE.KNIGHT@GONZALEZ.COM,Head of Data Engineering,Champion,United States,,False,Event,2026-10-08
C006064,A00754,Katrin,Lindholm,KATRIN.LINDHOLM@SCHOLTZ.COM,Head of Procurement,Blocker,Norway,Legitimate Interest,True,Event,2026-03-20
C006065,A00193,Rac,Steenbakkers,rachael.steenbakkers@van.com,VP Data,Economic Buyer,United Kingdom,Legitimate Interest,False,SDR Outbound,2026-07-22
C006066,A00240,Ingo,Nilsson ,ingo.nilsson@roberts.com,Staff Data Engineer,User,Canada,,False,SDR Outbound,2025-11-14
C006067,A00147,James,Lawrence,JAMES.LAWRENCE@ATZLER.COM,Director of Data Platform,Champion,United States,,False,SDR Outbound,2026-09-24
C006068,A00900,Rotraut,Perez ,rotraut.perez@verkade.com,VP Data,Economic Buyer,United States,,False,SDR Outbound,2025-05-12
C006069,A01589,Henry,Garcia ,henry.garcia@koninklijke.com,Senior Data Engineer,User,Belgium,Legitimate Interest,False,Partner,2026-04-13
C006070,A00464,Colin,Larsen,colin.larsen@scott-cox.com,IT Security Manager,Blocker,United States,,False,Free Trial,2025-07-15
C006071,A01436,Kim,Lutterveld,kimberly.lutterveld@juncken.com,Head of Data Engineering,Champion,Norway,Legitimate Interest,False,Partner,2026-04-14
C006072,A01204,Geo,Wheeler,george.wheeler@berg.com,CISO,Blocker,Germany,Legitimate Interest,False,Event,2024-09-30
C006073,A00100,Cha,Romijn,charlotta.romijn@stage.com,Analytics Engineer,User,Norway,Legitimate Interest,False,Referral,2026-08-09
C006074,A01589,Elmar,Lindström,elmar.lindström@koninklijke.com,VP Data,Economic Buyer,Belgium,Legitimate Interest,False,Webinar,2026-06-20
C006075,A01142,Inaya,Veenstra,inaya.veenstra@kroker.com,intern,,United Kingdom,Legitimate Interest,False,Event,2025-10-19
C006076,A01304,Joe,Hein,joe.hein@duncan-williams.com,Head of Data Engineering,Champion,Belgium,Legitimate Interest,False,Referral,2026-04-28
C006077,A01421,Christian,Karlsson,christian.karlsson@butler.com,IT Security Manager,Blocker,United Kingdom,Legitimate Interest,False,Paid Search,2026-07-25
C006078,A00125,Annelie,Muijs,annelie.muijs@stichting.com,Head of Procurement,Blocker,United States,,False,SDR Outbound,2026-01-22
C006079,A00904,Kathryn,Karlsson,kathryn.karlsson@hawkins.com,Analytics Engineer,User,United States,,False,Free Trial,2026-09-07
C006080,A00987,Ale,Newton,alexander.newton@rehorst.com,Data Engineering Manager,User,United States,,False,SDR Outbound,2026-10-01
C006081,A01965,Ebb,Johnsson,ebbe.johnsson@patberg.com,Head of Data Engineering,Champion,United States,,False,Paid Search,2026-04-11
C006082,A01325,Guu,Hall,guus.hall@price.com,Data Engineering Manager,User,Germany,Legitimate Interest,False,Partner,2025-08-06
C006083,A00227,Jasper,Mitchell,jasper.mitchell@howard-jordan.com,VP Data,Economic Buyer,United States,,True,Free Trial,2026-09-12
C006084,A01390,Lei,Anderson,leila.anderson@gustafsson.com,IT Security Manager,Blocker,Canada,,False,Event,2026-09-24
C006085,A00733,Mark,Sjöstrand,mark.sjöstrand@salazar-brown.com,Director of Data Platform,Champion,Netherlands,Legitimate Interest,True,Webinar,2026-04-30
C006086,A00417,Timo,Tucker,TIMO.TUCKER@KENSY.COM,"Director, Data Engineering",Champion,Netherlands,Legitimate Interest,False,Event,2025-11-19
C006087,A01333,Chloe,Robinson,chloe.robinson@otto.com,Director of Data Platform,Champion,Ireland,Legitimate Interest,False,Referral,2026-08-29
C006088,A01829,Brigitta,Andersson ,brigitta.andersson@berenschot.com,Senior Data Engineer,User,Switzerland,Legitimate Interest,False,Paid Search,2026-10-08
C006089,A01034,Chr,Mays,christian.mays@vilhelmsson.com,Senior Data Engineer,User,Ireland,Legitimate Interest,True,Partner,2026-02-03
C006090,A00953,Luz,Engström,luzie.engström@alvarado.com,Director of Data Platform,Champion,Switzerland,Legitimate Interest,False,Referral,2026-01-15
C006091,A01067,Frank,Aschman ,frank.aschman@sauer.com,Staff Data Engineer,User,United Kingdom,Legitimate Interest,False,Free Trial,2026-07-18
C006092,A00486,Marcus,Barnes,marcus.barnes@finch.com,Director of Data Platform,Champion,United States,,False,Event,2026-09-17
C006093,A01867,Christina,Blom,CHRISTINA.BLOM@BOOKER-DOUGLAS.COM,Senior Data Engineer,User,United Kingdom,Legitimate Interest,False,Free Trial,2025-01-30
C006094,A00106,Levi,Tyler ,levi.tyler@smith.com,Analytics Engineer,User,Germany,Legitimate Interest,False,Content Download,2026-10-06
C006095,A01785,Liv,Williams ,liv.williams@moore.com,Chief Information Officer,Economic Buyer,Sweden,Legitimate Interest,False,Event,2026-06-25
C006096,A00761,Alida,Crawford,alida.crawford@white.com,DATA ENG,,United States,,False,Event,2024-06-04
C006097,A01733,Aut,Morgan,autumn.morgan@fredriksson.com,intern,,United States,,False,Content Download,2026-03-21
C006098,A00970,Hansjörg,Hayward,hansjörg.hayward@flores-rivera.com,ceo ,,United States,,False,Partner,2026-09-01
C006099,A00293,Melissa,Nordin ,melissa.nordin@simons.com,IT Security Manager,Blocker,United States,,False,SDR Outbound,2026-09-22
C006100,A00885,Maria,Stevens ,maria.stevens@krause.com,Analytics Engineer,User,United Kingdom,Legitimate Interest,False,Event,2026-09-22
C006101,A00046,Man,Englund,mandy.englund@woods.com,Data Engineering Manager,User,Belgium,Legitimate Interest,False,Event,2026-07-31
C006102,A00496,Daj,Kloppert,dajana.kloppert@french-lopez.com,Senior Data Engineer,User,United States,,False,SDR Outbound,2026-07-02
C006103,A00417,Lyn,Wilmont,lynn.wilmont@kensy.com,Director of Data Platform,Champion,Netherlands,Legitimate Interest,False,Webinar,2026-07-16
C006104,A00928,Angela,Dudley,angela.dudley@hassan.com,Manager,,Belgium,Legitimate Interest,False,Referral,2024-08-06
C006105,A00782,Ral,White,ralph.white@franklin.com,Analytics Engineer,User,Germany,Legitimate Interest,False,Paid Search,2026-07-13
C006106,A00153,Keith,Schomber ,keith.schomber@henningsson.com,Staff Data Engineer,User,United States,,False,Free Trial,2026-07-06
C006107,A01041,Annika,Morse ,annika.morse@douglas.com,VP Data,Economic Buyer,Norway,Legitimate Interest,False,Free Trial,2026-02-10
C006108,A01707,Dale,Chapman,DALE.CHAPMAN@MORA.COM,Staff Data Engineer,User,Ireland,Legitimate Interest,False,Free Trial,2026-08-27
C006109,A01647,Liam,Ruppersberger,liam.ruppersberger@finke.com,Senior Data Engineer,User,United States,,False,Paid Search,2026-05-14
C006110,A01662,Ortwin,Berg,ORTWIN.BERG@STICHTING.COM,Chief Data Officer,Economic Buyer,United States,,False,Content Download,2025-02-09
C006111,A00846,Dennis,van den Velden ,dennis.van den velden@d'.com,Director of Data Platform,Champion,United Kingdom,Legitimate Interest,False,Paid Search,2026-08-21
C006112,A00073,Charlie,Karge,CHARLIE.KARGE@JENNINGS-PRATT.COM,Director of Data Platform,Champion,United States,,False,Paid Search,2026-09-06
C006113,A00320,Merijn,Weaver ,merijn.weaver@pettersson.com,CISO,Blocker,United States,,False,Free Trial,2026-09-27
C006114,A00012,Klaus-Werner,Barth,KLAUS-WERNER.BARTH@HORNIG.COM,Staff Data Engineer,User,Germany,Legitimate Interest,False,Event,2026-06-30
C006115,A00526,Mar,Gill,mary.gill@shupe.com,IT Security Manager,Blocker,Switzerland,Legitimate Interest,False,SDR Outbound,2026-02-07
C006116,A01791,Angelina,Louws,ANGELINA.LOUWS@HAHN-RAMSEY.COM,"Director, Data Engineering",Champion,United States,,False,Content Download,2026-08-22
C006117,A01098,Ale,Verhoeven,alexander.verhoeven@hall.com,Staff Data Engineer,User,United States,,False,Referral,2026-10-08
C006118,A00675,Den,Persson,denise.persson@christoph.com,Data Engineering Manager,User,United States,,False,Free Trial,2026-08-15
C006119,A01989,Ekkehart,Meyer,ekkehart.meyer@small-lewis.com,Head of Data Engineering,Champion,Belgium,,False,Paid Search,2024-06-10
C006120,A01139,Van,Smith,vanessa.smith@karlsson.com,N/A,,United States,,False,SDR Outbound,2025-05-17
C006121,A00061,Gar,Meyer,garrett.meyer@striebitz.com,Senior Data Engineer,User,Canada,,False,Paid Search,2026-05-22
C006122,A01548,Pauline,Mosemann,PAULINE.MOSEMANN@NAYLOR.COM,Senior Data Engineer,User,United States,,False,Content Download,2026-02-05
C006123,A01280,Marieluise,Carlsson ,marieluise.carlsson@johansson.com,"Director, Data Engineering",Champion,Germany,Legitimate Interest,False,Paid Search,2025-10-15
C006124,A01588,Anna,Austin,anna.austin@jacobson.com,data guy,,United States,,False,Partner,2026-10-03
C006125,A01471,Eli,Persson,elisabeth.persson@trupp.com,Director of Data Platform,Champion,Germany,Legitimate Interest,False,Referral,2026-05-18
C006126,A00948,Abigail,Hoffman,abigail.hoffman@heinrich.com,Staff Data Engineer,User,United States,,False,Referral,2026-06-29
C006127,A01372,Ralph,Alvarez,RALPH.ALVAREZ@STENSTRÖM.COM,CISO,Blocker,United States,,False,Event,2026-07-07
C006128,A01148,Ing,Willemsen,ingemar.willemsen@karlsson.com,ceo ,,Ireland,Legitimate Interest,False,Content Download,2026-10-08
C006129,A01379,Pim,Oderwald,PIM.ODERWALD@BENTLEY.COM,Data Engineering Manager,User,United States,,False,Webinar,2026-05-13
C006130,A01442,Theodor,Green,theodor.green@kemp.com,Chief Information Officer,Economic Buyer,Germany,Legitimate Interest,False,Partner,2026-10-06
C006131,A00233,Jobst,Summers,JOBST.SUMMERS@WILLIAMS.COM,IT Security Manager,Blocker,United Kingdom,Legitimate Interest,False,Event,2026-08-09
C006132,A00097,Catherine,Jonsson,catherine.jonsson@gumprich.com,Chief Data Officer,Economic Buyer,Germany,Legitimate Interest,False,Free Trial,2026-09-07
C006133,A00502,Stephanie,Lundgren,STEPHANIE.LUNDGREN@ROSENOW.COM,Data Engineering Manager,User,United Kingdom,Legitimate Interest,False,Free Trial,2026-07-01
C006134,A00470,Isabell,Sellers,isabell.sellers@eriksson.com,Analytics Engineer,User,Canada,,False,Paid Search,2026-09-23
C006135,A00303,Marie-Luise,Bergstrand ,marie-luise.bergstrand@webster-duncan.com,"Director, Data Engineering",Champion,Germany,Legitimate Interest,False,SDR Outbound,2026-07-06
C006136,A00734,Mats,Boucsein,MATS.BOUCSEIN@BROWN.COM,Head of Procurement,Blocker,Germany,Legitimate Interest,False,Partner,2026-07-14
C006137,A01684,Ilona,Westman,ILONA.WESTMAN@STICHTING.COM,Analytics Engineer,User,United States,,False,Event,2026-03-02
C006138,A00522,Gülay,Metz ,gülay.metz@larsson.com,Staff Data Engineer,User,United States,,False,Event,2026-08-14
C006139,A00413,Linda,Herrmann ,linda.herrmann@sundström.com,Data Engineering Manager,User,United States,,False,SDR Outbound,2026-07-19
C006140,A00555,Volkhard,Wilms,VOLKHARD.WILMS@PHILLIPS.COM,Director of Data Platform,Champion,United Kingdom,Legitimate Interest,False,Paid Search,2026-07-29
C006141,A00430,Martyn,Huber ,martyn.huber@may-reynolds.com,VP Data,Economic Buyer,United Kingdom,Legitimate Interest,False,Paid Search,2026-08-21
C006142,A01642,Maj,Williams,maj.williams@bennett.com,ceo ,,Belgium,Legitimate Interest,False,Referral,2025-11-03
C006143,A01237,Andreas,Palmer,andreas.palmer@murray.com,Head of Data Engineering,Champion,Ireland,Legitimate Interest,False,Webinar,2026-02-10
C006144,A00370,Myrthe,Bergman,myrthe.bergman@turner-patel.com,Analytics Engineer,User,United States,,False,Webinar,2026-08-04
C006145,A01326,Quinten,Kriens,quinten.kriens@bähr.com,Senior Data Engineer,User,Germany,Legitimate Interest,False,Free Trial,2026-04-07
C006146,A00358,Luk,van de Velde,luke.van de velde@van.com,Analytics Engineer,User,United States,,False,Content Download,2025-07-10
C006147,A00990,Carolyn,Allen ,carolyn.allen@wernecke.com,Chief Information Officer,Economic Buyer,United States,,False,Paid Search,2026-10-07
C006148,A01811,Hildegard,van Ooyen ,hildegard.van ooyen@verkade.com,Chief Information Officer,Economic Buyer,United Kingdom,,False,Partner,2026-10-05
C006149,A00027,Riza,Rose,RIZA.ROSE@AHLGREN.COM,CISO,Blocker,United Kingdom,,False,Paid Search,2026-08-05
C006150,A00286,Wendy,Mcneil ,wendy.mcneil@kuhl.com,CISO,Blocker,Belgium,Legitimate Interest,False,Content Download,2026-07-31
C006151,A01365,Robin,Trujillo,ROBIN.TRUJILLO@INTERFOOD.COM,Staff Data Engineer,User,United States,,False,Partner,2024-07-29
C006152,A00855,Sus,van Ochten,susan.van ochten@strid.com,Staff Data Engineer,User,United States,,False,Paid Search,2026-09-09
C006153,A01186,Annelies,King,annelies.king@bärer.com,Chief Information Officer,Economic Buyer,United Kingdom,Legitimate Interest,False,Content Download,2026-09-17
C006154,A01393,Holly,Steuer,holly.steuer@olsson.com,Analytics Engineer,User,Germany,Legitimate Interest,False,SDR Outbound,2025-11-18
C006155,A00698,Moritz,Mathurin,moritz.mathurin@shell.com,Head of Procurement,Blocker,United Kingdom,,False,SDR Outbound,2026-09-28
C006156,A01972,Maartje,de Grunt ,maartje.de grunt@dippel.com,-,,United States,,False,Content Download,2026-09-29
C006157,A01438,Matthijs,Andersson,MATTHIJS.ANDERSSON@CLARK-HAYWARD.COM,Analytics Engineer,User,Norway,Legitimate Interest,False,Partner,2026-04-11
C006158,A01813,Ingemar,Holm,INGEMAR.HOLM@HALE.COM,Senior Data Engineer,User,Germany,Legitimate Interest,False,Content Download,2026-08-20
C006159,A00746,Lun,Blees,luna.blees@fischer.com,Staff Data Engineer,User,Sweden,Legitimate Interest,False,SDR Outbound,2026-10-03
C006160,A00606,Tara,Schomber ,tara.schomber@klingelhöfer.com,"Director, Data Engineering",Champion,United States,,False,Event,2026-08-25
C006161,A01053,Alm,Trapp,almut.trapp@moore-robinson.com,Staff Data Engineer,User,United States,,False,Free Trial,2026-05-26
C006162,A00082,Maria,Gordon,MARIA.GORDON@HUNT.COM,Head of Data Platform,Champion,Canada,,False,Free Trial,2025-06-06
C006163,A00442,Mehmet,Thomas,MEHMET.THOMAS@FECHNER.COM,Head of Procurement,Blocker,United States,,False,Free Trial,2026-07-15
C006164,A00599,Frederick,Hendrikse,frederick.hendrikse@werner.com,Head of Data Engineering,Champion,Netherlands,Legitimate Interest,False,Referral,2026-09-17
C006165,A01655,Dörte,Hellberg ,dörte.hellberg@johnson-williamson.com,VP Data,Economic Buyer,United Kingdom,Legitimate Interest,False,SDR Outbound,2026-10-03
C006166,A00790,Alexandros,Brisee,ALEXANDROS.BRISEE@VAN.COM,Analytics Engineer,User,United States,,False,Paid Search,2026-09-13
C006167,A00931,Catherine,Forsman,catherine.forsman@hunter.com,Head of Procurement,Blocker,United States,,False,Free Trial,2023-09-03
C006168,A01184,Femke,Johnston ,femke.johnston@garner-green.com,Senior Data Engineer,User,United States,,False,Free Trial,2026-07-16
C006169,A00185,Hed,Moss,hedvig.moss@benthin.com,Senior Data Engineer,User,Canada,,False,Webinar,2026-07-10
C006170,A00137,Kathleen,d' Heripon ,kathleen.d' heripon@linke.com,Data Engineering Manager,User,Germany,Legitimate Interest,False,Partner,2024-11-24
C006171,A01850,Andrea,Duffy ,andrea.duffy@totwiller.com,Senior Data Engineer,User,Ireland,Legitimate Interest,False,Paid Search,2026-08-19
C006172,A01914,Anne,Krause,ANNE.KRAUSE@FRANK.COM,Chief Data Officer,Economic Buyer,Germany,Legitimate Interest,False,Free Trial,2026-05-20
C006173,A00153,Elise,Mitchell,ELISE.MITCHELL@HENNINGSSON.COM,Analytics Engineer,User,United States,,False,Referral,2026-05-15
C006174,A00024,Victor,Kallert ,victor.kallert@koninklijke.com,CISO,Blocker,United States,,False,Referral,2026-02-23
C006175,A01470,Olof,Khan,OLOF.KHAN@SHAW.COM,Manager,,Germany,Legitimate Interest,False,Free Trial,2026-08-24
C006176,A01406,Victoria,Rijntjes,VICTORIA.RIJNTJES@JOHNSON.COM,Data Engineering Manager,User,United States,,False,SDR Outbound,2025-08-27
C006177,A00893,Johannes,Cunningham,JOHANNES.CUNNINGHAM@LINDE.COM,VP Data,Economic Buyer,Canada,,False,Webinar,2025-10-21
C006178,A01420,Tony,Riehl,tony.riehl@terrell-sims.com,-,,United Kingdom,Legitimate Interest,False,SDR Outbound,2026-09-29
C006179,A00049,Trevor,Lantz,trevor.lantz@wright.com,Head of Data Engineering,Champion,United States,,False,Paid Search,2026-08-12
C006180,A01404,Katherine,Ruppert ,katherine.ruppert@lundberg.com,Head of Data Platform,Champion,Austria,Legitimate Interest,False,Content Download,2025-11-24
C006181,A01700,Rhonda,Perez,RHONDA.PEREZ@OLSEN.COM,Analytics Engineer,User,Netherlands,Legitimate Interest,False,Webinar,2026-08-22
C006182,A00391,Darren,Cichorius,darren.cichorius@blackwell.com,Analytics Engineer,User,United States,,False,Referral,2025-07-22
C006183,A00595,Rudolf,Green ,rudolf.green@larsson.com,Analytics Engineer,User,Norway,Legitimate Interest,False,Event,2026-08-20
C006184,A00082,Annie,Schouten,ANNIE.SCHOUTEN@HUNT.COM,VP Data & Analytics,Economic Buyer,Canada,,False,Free Trial,2026-03-23
C006185,A00994,Mar,Kranz,marie.kranz@pettersson.com,Head of Data Platform,Champion,United States,,False,Free Trial,2025-06-01
C006186,A00324,Danielle,Hunter,DANIELLE.HUNTER@DENNIS.COM,Head of Data Platform,Champion,United States,,False,Partner,2026-08-22
C006187,A01486,Leslie,Sullivan,LESLIE.SULLIVAN@LILJEGREN.COM,VP Data & Analytics,Economic Buyer,United States,,False,Partner,2026-08-04
C006188,A00207,Paul,Eriksson,paul.eriksson@holzapfel.com,Staff Data Engineer,User,United States,,False,Paid Search,2026-09-21
C006189,A00643,Ise,Burgess ,ise.burgess@webster-murphy.com,Staff Data Engineer,User,United Kingdom,Legitimate Interest,False,Free Trial,2026-03-31
C006190,A00779,Per,Seifert ,per.seifert@west.com,Analytics Engineer,User,United States,,False,Event,2025-04-04
C006191,A00292,Thomas,Stahr,thomas.stahr@gomez-ortega.com,Staff Data Engineer,User,United States,,True,Free Trial,2026-03-28
C006192,A01497,Nadeschda,van de Ven,NADESCHDA.VAN DE VEN@GUSTAFSSON.COM,"Director, Data Engineering",Champion,United Kingdom,Legitimate Interest,False,Free Trial,2026-03-01
C006193,A01623,Dew,Trommler,dewi.trommler@nieuwstraten.com,Head of Data Engineering,Champion,Netherlands,Legitimate Interest,False,SDR Outbound,2025-12-31
C006194,A01653,Katy,Booth,KATY.BOOTH@BRIGGS.COM,VP Data & Analytics,Economic Buyer,United Kingdom,Legitimate Interest,False,Paid Search,2026-06-11
C006195,A01895,Christine,Geldens,CHRISTINE.GELDENS@HENDRIX.COM,VP Data & Analytics,Economic Buyer,United Kingdom,Legitimate Interest,False,Paid Search,2026-08-21
C006196,A01805,Sco,Parker,scott.parker@royal.com,Staff Data Engineer,User,Germany,Legitimate Interest,True,SDR Outbound,2026-09-12
C006197,A00377,Heinz-Georg,van Berkum,heinz-georg.van berkum@jacobi.com,IT Security Manager,Blocker,United States,,False,Paid Search,2026-09-19
C006198,A01100,Kristin,Ryan ,kristin.ryan@wade.com,Head of Procurement,Blocker,United Kingdom,Legitimate Interest,False,Event,2026-10-03
C006199,A00717,Kay,Morrison,kay.morrison@foster.com,Data Engineering Manager,User,United States,,False,Paid Search,2026-05-26
C006200,A00299,Olof,Heuser,olof.heuser@campbell-herbert.com,Staff Data Engineer,User,United States,,False,Content Download,2026-09-21
C006201,A01783,Julius,Taylor,JULIUS.TAYLOR@HALL-MOORE.COM,Analytics Engineer,User,United States,,False,Content Download,2026-06-21
C006202,A01856,Emilio,Mans ,emilio.mans@johansson.com,CISO,Blocker,Sweden,Legitimate Interest,False,Paid Search,2026-10-02
C006203,A00769,Ellinor,Nguyen ,ellinor.nguyen@dussen.com,Head of Procurement,Blocker,United States,,False,Paid Search,2026-09-08
C006204,A00646,Floris,van de Brink,floris.van de brink@wilson.com,Staff Data Engineer,User,United States,,False,Free Trial,2026-09-25
C006205,A00598,Jen,Jones,jennifer.jones@cook.com,Director of Data Platform,Champion,United States,,False,Content Download,2025-09-25
C006206,A01150,Hedwig,Donovan,hedwig.donovan@nielsen.com,Senior Data Engineer,User,United States,,False,Event,2026-07-26
C006207,A01739,Sam,Thornton,sami.thornton@stichting.com,Chief Information Officer,Economic Buyer,United States,,False,SDR Outbound,2025-05-02
C006208,A00585,Tina,Alm ,tina.alm@sullivan.com,Senior Data Engineer,User,United States,,False,Free Trial,2025-11-20
C006209,A01547,Scott,Johansson,scott.johansson@aronsson.com,CISO,Blocker,Denmark,Legitimate Interest,False,Webinar,2026-07-08
C006210,A01893,Luuk,Brown,LUUK.BROWN@JOHANSSON.COM,Manager,,United States,,False,Content Download,2026-09-14
C006211,A00786,Hans-Rudolf,Jähn,hans-rudolf.jähn@gotthard.com,Analytics Engineer,User,Netherlands,Legitimate Interest,False,SDR Outbound,2026-05-07
C006212,A01727,Olof,Saunders ,olof.saunders@de.com,Senior Data Engineer,User,United States,,False,Free Trial,2026-09-03
C006213,A00446,Frank-Peter,Jones,FRANK-PETER.JONES@HENTSCHEL.COM,Senior Data Engineer,User,United Kingdom,Legitimate Interest,False,Referral,2026-02-23
C006214,A01251,Jordan,Brisee,JORDAN.BRISEE@NYSTRÖM.COM,DATA ENG,,United States,,False,Free Trial,2026-10-08
C006215,A00117,Geo,Moberg,georgina.moberg@strand.com,x,,United States,,False,Partner,2026-02-23
C006216,A01463,Helen,de Marduras,HELEN.DE MARDURAS@BERGMAN.COM,IT Security Manager,Blocker,United States,,False,Event,2025-03-30
C006217,A00421,Rick,Poole,RICK.POOLE@SPENCER-WOOD.COM,VP Data,Economic Buyer,United Kingdom,Legitimate Interest,False,Content Download,2026-08-27
C006218,A00323,Milka,Rijntjes,milka.rijntjes@kade.com,Senior Data Engineer,User,Belgium,Legitimate Interest,False,Webinar,2025-10-03
C006219,A00986,Thomas,Fiebig ,thomas.fiebig@vasquez.com,Head of Procurement,Blocker,United States,,False,Referral,2026-01-04
C006220,A00783,Eil,Melton,eileen.melton@dunlap.com,Senior Data Engineer,User,Germany,Legitimate Interest,False,Content Download,2026-01-08
C006221,A01600,Zoe,Lundmark,zoe.lundmark@watson.com,data guy,,United States,,False,Paid Search,2025-06-07
C006222,A01032,Matthijs,Barnes,MATTHIJS.BARNES@JONSSON.COM,Director of Data Platform,Champion,Ireland,Legitimate Interest,False,SDR Outbound,2025-03-08
C006223,A00424,Collin,Barnett,COLLIN.BARNETT@AVERY.COM,VP Data,Economic Buyer,United Kingdom,Legitimate Interest,False,SDR Outbound,2026-06-29
C006224,A00896,Irm,Shaffer,irmengard.shaffer@fischer.com,Chief Information Officer,Economic Buyer,United States,,False,Content Download,2026-03-15
C006225,A00710,Friederike,Karlsson ,friederike.karlsson@janssen.com,test,,United States,,True,Partner,2026-09-28
C006226,A01695,Vik,Gregory,viktor.gregory@merck.com,CISO,Blocker,Germany,Legitimate Interest,False,Event,2025-11-23
C006227,A00466,Christian,Roach,christian.roach@karlsson.com,Data Engineering Manager,User,United Kingdom,Legitimate Interest,False,Webinar,2026-08-01
C006228,A01182,San,Scherms,sandra.scherms@jakobsson.com,Staff Data Engineer,User,United States,,False,Content Download,2026-09-28
C006229,A00276,Slobodan,Smith,SLOBODAN.SMITH@BROEKHOVEN.COM,Analytics Engineer,User,Belgium,Legitimate Interest,False,SDR Outbound,2025-03-22
C006230,A01761,Seth,Larsson,seth.larsson@ström.com,Chief Data Officer,Economic Buyer,United States,,False,Event,2026-10-02
C006231,A01920,Samuel,Ahmad,SAMUEL.AHMAD@WOOD-BLACK.COM,Staff Data Engineer,User,Germany,Legitimate Interest,True,Referral,2026-01-09
C006232,A01224,Michael,Cooley ,michael.cooley@griffiths-murphy.com,IT Security Manager,Blocker,United States,,False,Partner,2026-08-23
C006233,A00160,Jacqueline,Nyberg,JACQUELINE.NYBERG@TROMMLER.COM,ceo ,,United States,,False,Event,2026-04-03
C006234,A01356,Karen,Shields,KAREN.SHIELDS@HARTUNG.COM,Data Engineering Manager,User,Canada,,False,Content Download,2026-03-08
C006235,A00450,Han,Wulf,hannah.wulf@karlsson.com,IT Security Manager,Blocker,United States,,False,Referral,2026-07-15
C006236,A01964,Fem,Kvist,FEM.KVIST@NORBERG.COM,Analytics Engineer,User,Sweden,Legitimate Interest,False,Paid Search,2026-09-02
C006237,A00529,Caroline,Verheij,caroline.verheij@microsoft.com,Staff Data Engineer,User,United States,,False,Webinar,2025-08-10
C006238,A01125,Werner,Roukes,werner.roukes@van.com,Senior Data Engineer,User,Switzerland,Legitimate Interest,False,Partner,2026-04-05
C006239,A01532,Dex,Gustafsson ,dex.gustafsson@heser.com,Chief Data Officer,Economic Buyer,United States,,False,Event,2025-12-11
C006240,A01989,Bethany,Campbell,bethany.campbell@small-lewis.com,Data Engineering Manager,User,Belgium,Legitimate Interest,False,Partner,2026-04-08
C006241,A00043,Jan,McDonald,jan-peter.mcdonald@koninklijke.com,data guy,,United States,,False,Paid Search,2026-08-15
C006242,A01159,Eileen,Schmiedt ,eileen.schmiedt@dahlström.com,Senior Data Engineer,User,United States,,False,Free Trial,2026-09-04
C006243,A01575,Linnea,Täsche,linnea.täsche@mende.com,Head of Procurement,Blocker,United States,,False,Partner,2026-07-11
C006244,A01984,Ste,Koch II,stephen.koch ii@svensson.com,Analytics Engineer,User,Netherlands,Legitimate Interest,False,Webinar,2026-09-25
C006245,A00432,Norman,Williams,norman.williams@bergvall.com,Senior Data Engineer,User,United States,,False,Free Trial,2026-10-08
C006246,A00120,Janice,Schmidtke,janice.schmidtke@bell-robinson.com,Senior Data Engineer,User,United States,,False,Free Trial,2025-07-03
C006247,A01746,Clifford,Davids,CLIFFORD.DAVIDS@HAWKINS.COM,Head of Procurement,Blocker,United Kingdom,Legitimate Interest,False,Referral,2025-12-28
C006248,A00235,Emily,Hall,emily.hall@stichting.com,Head of Data Platform,Champion,United States,,False,Content Download,2026-05-19
C006249,A01059,Henriette,Claesdr,henriette.claesdr@cox.com,Analytics Engineer,User,United Kingdom,Legitimate Interest,False,Content Download,2026-05-05
C006250,A00100,Vik,Burgess,viktor.burgess@stage.com,Head of Data Platform,Champion,Norway,Legitimate Interest,False,SDR Outbound,2026-07-23
C006251,A01882,Flo,Heyne,floor.heyne@hill-miah.com,Data Engineering Manager,User,United States,,False,Event,2024-02-18
C006252,A01265,Lotte,Gehringer,LOTTE.GEHRINGER@HIGGINS.COM,Senior Data Engineer,User,United States,,False,Content Download,2026-08-24
C006253,A01371,Engin,Holden,engin.holden@lambers.com,Data Engineering Manager,User,United States,,False,Paid Search,2026-09-21
C006254,A00488,Emine,Reijers,EMINE.REIJERS@DAVIES.COM,x,,Netherlands,Legitimate Interest,False,Referral,2026-09-18
C006255,A01579,Anna,Cichorius,anna.cichorius@hardy.com,VP Data,Economic Buyer,United Kingdom,Legitimate Interest,False,Partner,2025-12-15
C006256,A00001,Artur,Stroh ,artur.stroh@hein.com,Chief Information Officer,Economic Buyer,United Kingdom,Legitimate Interest,False,Free Trial,2026-05-18
C006257,A01266,Heidelore,Kaiser ,heidelore.kaiser@avr.com,Senior Data Engineer,User,United States,,False,Free Trial,2025-07-22
C006258,A01233,John,Meis,JOHN.MEIS@PHILLIPS.COM,Head of Data Engineering,Champion,United States,,False,Free Trial,2026-08-20
C006259,A00407,Phileine,Langern,PHILEINE.LANGERN@HOLTHUIS.COM,Director of Data Platform,Champion,United Kingdom,Legitimate Interest,False,SDR Outbound,2025-04-28
C006260,A01783,Elias,Miller,ELIAS.MILLER@HALL-MOORE.COM,Director of Data Platform,Champion,United States,,False,Referral,2026-07-02
C006261,A01459,Chl,Hodgson,chloë.hodgson@phillipsen.com,IT Security Manager,Blocker,Germany,Legitimate Interest,False,Content Download,2026-05-29
C006262,A00539,Jus,Johansson,justin.johansson@yang.com,Chief Data Officer,Economic Buyer,United States,,False,Webinar,2025-12-31
C006263,A01562,Sta,Roskoth,stan.roskoth@wilson.com,IT Security Manager,Blocker,Canada,,False,Referral,2026-10-03
C006264,A01506,Charlotte,Fuller,CHARLOTTE.FULLER@RIGGS-COFFEY.COM,data guy,,United States,,False,Event,2026-01-26
C006265,A01721,Mohamed,Lundberg,mohamed.lundberg@hövel.com,Data Engineering Manager,User,Switzerland,Legitimate Interest,False,Content Download,2026-09-28
C006266,A01328,Michael,Howard ,michael.howard@washington-harper.com,Senior Data Engineer,User,Sweden,Legitimate Interest,False,Event,2025-08-12
C006267,A00090,Irmtrud,Johansson,IRMTRUD.JOHANSSON@EDMAN.COM,-,,Sweden,Legitimate Interest,False,Paid Search,2026-02-17
C006268,A00021,Sus,Fischer,susan.fischer@björk.com,Analytics Engineer,User,Canada,,False,Webinar,2025-09-25
C006269,A00983,Tor,Peukert,torbjörn.peukert@kelly-schultz.com,Senior Data Engineer,User,United States,,False,Partner,2026-09-12
C006270,A00890,Ashley,Waltrade Walderade,ASHLEY.WALTRADE WALDERADE@KOHL.COM,-,,Canada,,False,Free Trial,2025-04-07
C006271,A00986,Per,Turnbull,PER.TURNBULL@VASQUEZ.COM,Head of Data Engineering,Champion,United States,,False,Webinar,2026-07-19
C006272,A00060,Jas,Steuer,jasmine.steuer@franzén.com,Data Engineering Manager,User,Canada,,False,Partner,2026-01-10
C006273,A00743,Rebecca,Lundberg,rebecca.lundberg@ruppersberger.com,Chief Information Officer,Economic Buyer,United Kingdom,Legitimate Interest,True,Event,2025-09-23
C006274,A00436,Fra,Keudel,franz.keudel@fry.com,Senior Data Engineer,User,Netherlands,Legitimate Interest,False,Content Download,2026-06-18
C006275,A00669,Ast,Johansson,astrid.johansson@höfig.com,Data Engineering Manager,User,Ireland,Legitimate Interest,False,Referral,2025-10-10
C006276,A01478,Michael,Karlsson,MICHAEL.KARLSSON@COLEMAN.COM,Data Engineering Manager,User,United States,,False,Free Trial,2025-09-23
C006277,A00711,Michelle,Nilsson,michelle.nilsson@ahlqvist.com,Director of Data Platform,Champion,United States,,False,Paid Search,2024-04-09
C006278,A00459,Nic,Taylor,nicole.taylor@north.com,Data Engineering Manager,User,United Kingdom,Legitimate Interest,False,Paid Search,2026-08-05
C006279,A01263,Ott,Newton,ottokar.newton@hopkins.com,Chief Data Officer,Economic Buyer,United States,,False,Partner,2025-04-24
C006280,A00129,Ingrid,Prinsen ,ingrid.prinsen@johansson.com,Director of Data Platform,Champion,United States,,False,Content Download,2026-10-01
C006281,A00755,Declan,Eriksson,DECLAN.ERIKSSON@CHAN-PAGE.COM,Senior Data Engineer,User,United States,,False,SDR Outbound,2026-07-29
C006282,A01025,Tessa,Henderson ,tessa.henderson@mcfarland.com,test,,Sweden,Legitimate Interest,False,SDR Outbound,2026-09-30
C006283,A00315,Frederique,Ketel ,frederique.ketel@persson.com,Data Engineering Manager,User,United States,,False,Paid Search,2026-09-14
C006284,A01151,Hel,van Breugel,helena.van breugel@hunt-hale.com,Head of Data Platform,Champion,United States,,False,Event,2026-04-04
C006285,A00010,Paula,Guerrero,PAULA.GUERRERO@ROYAL.COM,Senior Data Engineer,User,Norway,Legitimate Interest,False,Paid Search,2026-08-01
C006286,A01004,Ayden,Schweitzer,ayden.schweitzer@freeman.com,Chief Information Officer,Economic Buyer,United Kingdom,Legitimate Interest,False,SDR Outbound,2026-08-14
C006287,A01990,Pet,Mohaupt,peter.mohaupt@heyne.com,IT Security Manager,Blocker,United States,,False,SDR Outbound,2026-10-08
C006288,A01825,David,den Haag,david.den haag@romijn.com,"Director, Data Engineering",Champion,Canada,,False,Partner,2026-08-06
C006289,A01988,Nicholas,Andrews,nicholas.andrews@leonard.com,Senior Data Engineer,User,United States,,False,Free Trial,2026-05-01
C006290,A01495,Finn,Jones,FINN.JONES@HANSSON.COM,Senior Data Engineer,User,United States,,False,Webinar,2026-07-26
C006291,A01772,Andy,van der Horst ,andy.van der horst@ekholm.com,Staff Data Engineer,User,United States,,False,Paid Search,2026-08-21
C006292,A00439,Shannon,Gellemeyer,SHANNON.GELLEMEYER@HENSCHEL.COM,Data Engineering Manager,User,United States,,False,Webinar,2025-11-14
C006293,A01867,Jason,Rodriguez,jason.rodriguez@booker-douglas.com,Senior Data Engineer,User,United Kingdom,Legitimate Interest,True,Referral,2026-08-02
C006294,A00424,Fay,Larsson,faye.larsson@avery.com,Staff Data Engineer,User,United Kingdom,Legitimate Interest,False,Paid Search,2026-07-12
C006295,A00992,Sebastian,Seifert,sebastian.seifert@cgi.com,Senior Data Engineer,User,Germany,,False,Event,2025-03-17
C006296,A01770,Bar,Adriaense,bart.adriaense@solis.com,Director of Data Platform,Champion,United States,,False,Paid Search,2025-12-19
C006297,A00086,Kik,van den Heuvel,kiki.van den heuvel@månsson.com,Head of Data Platform,Champion,United Kingdom,Legitimate Interest,False,Paid Search,2026-06-15
C006298,A00985,Julia,Robinson,JULIA.ROBINSON@DÖRING.COM,VP Data,Economic Buyer,United States,,False,Referral,2026-07-04
C006299,A00221,Jenny,van der Noot,jenny.van der noot@vergeer.com,Data Engineering Manager,User,Germany,Legitimate Interest,False,Paid Search,2026-03-07
C006300,A00863,Joey,van der Kint ,joey.van der kint@jorlink.com,Head of Procurement,Blocker,United Kingdom,Legitimate Interest,False,Free Trial,2026-03-11
C006301,A01316,Anke,van Gemert,anke.van gemert@brown.com,Director of Data Platform,Champion,Sweden,Legitimate Interest,False,Webinar,2026-05-24
C006302,A01382,Inga,Thulin,inga.thulin@ahmed.com,Data Engineering Manager,User,Germany,Legitimate Interest,False,Partner,2025-11-02
C006303,A00794,Justin,Wilmsen ,justin.wilmsen@hartmann.com,Director of Data Platform,Champion,United Kingdom,Legitimate Interest,False,Free Trial,2026-08-31
C006304,A01158,Dennis,Kruschwitz,DENNIS.KRUSCHWITZ@KONINKLIJKE.COM,Data Engineering Manager,User,Canada,,False,Paid Search,2026-08-05
C006305,A00416,Dag,Putz,dag.putz@van.com,Senior Data Engineer,User,United States,,False,Partner,2026-06-04
C006306,A00320,Kirsty,Doorhof,kirsty.doorhof@pettersson.com,Senior Data Engineer,User,United States,,False,Referral,2026-05-23
C006307,A01443,Sar,Olofsson,sarah.olofsson@andersson.com,Chief Data Officer,Economic Buyer,Germany,Legitimate Interest,False,Content Download,2026-07-13
C006308,A00520,Niels,de la Fleche,niels.de la fleche@jackson.com,CISO,Blocker,United States,,False,Free Trial,2026-03-13
C006309,A00166,Isabelle,Cooper ,isabelle.cooper@morales.com,Analytics Engineer,User,United States,,False,Webinar,2026-07-16
C006310,A01268,Ulf,Salz,ulf.salz@andersson.com,Senior Data Engineer,User,United Kingdom,Legitimate Interest,False,Event,2026-06-24
C006311,A00479,Sharon,Brown,SHARON.BROWN@EDSTRÖM.COM,data guy,,United States,,False,Referral,2026-01-19
C006312,A00526,Dio,van Buuren,dion.van buuren@shupe.com,Senior Data Engineer,User,Switzerland,Legitimate Interest,False,Partner,2026-09-09
C006313,A01983,Mitchell,Nilsson ,mitchell.nilsson@lewis.com,N/A,,United States,,False,SDR Outbound,2026-07-31
C006314,A00546,Yara,Schuchhardt ,yara.schuchhardt@van.com,Head of Data Platform,Champion,United States,,False,Webinar,2026-07-29
C006315,A01717,Lis,Kling,lissi.kling@langevoort.com,data guy,,Denmark,Legitimate Interest,False,Free Trial,2026-10-05
C006316,A00505,Ana,Jansse,ANA.JANSSE@KÜHNERT.COM,"Director, Data Engineering",Champion,United Kingdom,Legitimate Interest,False,Webinar,2025-08-21
C006317,A00452,Ize,Bennett,ize.bennett@ingram.com,Chief Information Officer,Economic Buyer,United Kingdom,Legitimate Interest,False,SDR Outbound,2026-09-26
C006318,A01955,Hilary,Lange,HILARY.LANGE@NILSSON.COM,"Director, Data Engineering",Champion,United Kingdom,Legitimate Interest,False,Webinar,2026-08-27
C006319,A01430,Lud,Morton,ludwig.morton@hoogvliet.com,Director of Data Platform,Champion,United States,,False,Referral,2026-06-04
C006320,A00363,Jesper,van der Spaendonck ,jesper.van der spaendonck@johansson.com,Data Engineering Manager,User,United States,,False,Webinar,2026-06-07
C006321,A01697,Liam,Wilson,liam.wilson@koninklijke.com,Data Engineering Manager,User,United States,,False,Webinar,2026-09-11
C006322,A01297,Dennis,Walker,dennis.walker@lindau.com,Senior Data Engineer,User,United Kingdom,Legitimate Interest,False,Partner,2026-09-11
C006323,A01551,Britt-Marie,Wesack,BRITT-MARIE.WESACK@FOWLER.COM,"Director, Data Engineering",Champion,Sweden,Legitimate Interest,False,SDR Outbound,2026-06-30
C006324,A01350,Mohammed,Trüb,MOHAMMED.TRÜB@ERIKSSON.COM,"Director, Data Engineering",Champion,Canada,,False,Paid Search,2026-07-22
C006325,A00507,Matthew,Perkins,MATTHEW.PERKINS@ALBERS.COM,"Director, Data Engineering",Champion,Austria,Legitimate Interest,False,Event,2024-04-05
C006326,A00529,Frida,Alpaidis ,frida.alpaidis@microsoft.com,Analytics Engineer,User,United States,,True,Paid Search,2023-12-09
C006327,A00069,Ulf,van Gils,ulf.van gils@broeckx.com,Analytics Engineer,User,United States,,False,Webinar,2026-07-17
C006328,A01714,Imre,Buchholz ,imre.buchholz@wende.com,Director of Data Platform,Champion,United States,,False,Free Trial,2026-06-04
C006329,A00652,Göran,Howe,göran.howe@bolnbach.com,Director of Data Platform,Champion,United States,,False,Webinar,2025-02-06
C006330,A01550,Noortje,Ball,NOORTJE.BALL@CASPAR.COM,Staff Data Engineer,User,Norway,Legitimate Interest,False,Paid Search,2026-09-22
C006331,A00563,Cor,Gordon,cornelius.gordon@de.com,intern,,United States,,False,Referral,2026-05-13
C006332,A00932,Michael,Gustafsson,michael.gustafsson@bergström.com,Analytics Engineer,User,Germany,,False,Partner,2026-06-06
C006333,A01576,Emma,Jans,emma.jans@kuit.com,Staff Data Engineer,User,United States,,False,Event,2026-06-23
C006334,A01640,Ann-Marie,Lundqvist,ann-marie.lundqvist@patel-barber.com,Head of Data Platform,Champion,Denmark,Legitimate Interest,False,Paid Search,2026-07-13
C006335,A01112,Patrik,Brown ,patrik.brown@glover.com,Head of Data Engineering,Champion,United States,,False,SDR Outbound,2025-06-05
C006336,A00178,Gillis,van der Hoeven,GILLIS.VAN DER HOEVEN@HOWARD.COM,Staff Data Engineer,User,Canada,,False,Paid Search,2026-08-18
C006337,A01642,Thomas,Smith,thomas.smith@bennett.com,CISO,Blocker,Belgium,Legitimate Interest,False,Paid Search,2026-05-13
C006338,A00850,Evelyn,van den Eijssel,EVELYN.VAN DEN EIJSSEL@KING.COM,"Director, Data Engineering",Champion,United Kingdom,Legitimate Interest,False,SDR Outbound,2026-01-19
C006339,A01618,Juliette,'s Gravensande ,juliette.'s gravensande@nordgren.com,VP Data,Economic Buyer,United States,,False,Free Trial,2025-04-09
C006340,A00487,Hans-Günter,Riley,hans-günter.riley@franzén.com,Analytics Engineer,User,Sweden,,False,Content Download,2025-10-29
C006341,A00366,Jeremy,Norgren ,jeremy.norgren@green.com,Data Engineering Manager,User,United Kingdom,Legitimate Interest,False,Referral,2026-06-10
C006342,A00371,Alwin,Simpson ,alwin.simpson@galvan-combs.com,Head of Data Platform,Champion,United Kingdom,Legitimate Interest,False,Content Download,2026-05-09
C006343,A00084,Therese,Trub,THERESE.TRUB@DE.COM,Staff Data Engineer,User,Norway,Legitimate Interest,False,Partner,2026-09-04
C006344,A00657,Leslie,Davis,leslie.davis@hellberg.com,Head of Data Platform,Champion,United States,,False,Webinar,2025-10-23
C006345,A01289,Maya,Hagendoorn ,maya.hagendoorn@svensson.com,Head of Data Engineering,Champion,United States,,False,Content Download,2025-11-22
C006346,A00528,Daniel,Seifert,daniel.seifert@koninklijke.com,Chief Information Officer,Economic Buyer,United States,,True,Free Trial,2026-05-09
C006347,A00143,Elisabet,van Maaren,ELISABET.VAN MAAREN@HENK.COM,VP Data,Economic Buyer,United States,,False,SDR Outbound,2026-09-21
C006348,A01957,Sebastian,Kerr ,sebastian.kerr@lachmann.com,"Director, Data Engineering",Champion,United States,,False,SDR Outbound,2026-09-23
C006349,A01391,Dirk,Herring,DIRK.HERRING@CHANEY-MARTIN.COM,Head of Data Engineering,Champion,Germany,,False,Webinar,2025-12-30
C006350,A01133,Madlen,Håkansson,madlen.håkansson@dennenberg.com,Data Engineering Manager,User,United States,,False,Content Download,2026-08-25
C006351,A01116,Herta,Archer,herta.archer@moreno.com,N/A,,Germany,Legitimate Interest,False,Referral,2026-08-14
C006352,A00979,Jacob,Schulz,JACOB.SCHULZ@HAUFFER.COM,Chief Information Officer,Economic Buyer,Norway,Legitimate Interest,False,Content Download,2025-05-07
C006353,A01525,Len,Gibbs,lena.gibbs@mays.com,Chief Information Officer,Economic Buyer,Sweden,Legitimate Interest,False,Content Download,2026-08-12
C006354,A00722,Maria,Clarke ,maria.clarke@eigenwillig.com,"Director, Data Engineering",Champion,United States,,False,Free Trial,2026-05-16
C006355,A00717,Leah,Deleon,leah.deleon@foster.com,Staff Data Engineer,User,United States,,False,Free Trial,2026-05-28
C006356,A00999,Christina,Girschner,christina.girschner@mentzel.com,Director of Data Platform,Champion,Switzerland,Legitimate Interest,False,Event,2026-08-28
C006357,A00731,Alexander,Nilsson ,alexander.nilsson@mälzer.com,Head of Procurement,Blocker,Canada,,False,Paid Search,2026-08-20
C006358,A01158,Jamie,Cooper,JAMIE.COOPER@KONINKLIJKE.COM,Data Engineering Manager,User,Canada,,True,SDR Outbound,2026-09-27
C006359,A01967,Allison,Rouwenhorst,ALLISON.ROUWENHORST@EVANS-DOYLE.COM,intern,,United States,,False,Webinar,2026-09-19
C006360,A00799,Joy,Hoogers,JOY.HOOGERS@HENRIKSSON.COM,Staff Data Engineer,User,United Kingdom,Legitimate Interest,False,Paid Search,2026-04-16
C006361,A00112,Syl,Sanders,sylvia.sanders@stevens.com,Staff Data Engineer,User,Canada,,False,Partner,2026-05-19
C006362,A00798,Lil,Hethur,lillemor.hethur@andersson.com,Staff Data Engineer,User,United States,,False,Paid Search,2026-09-29
C006363,A00695,Evelien,Allen,evelien.allen@davis.com,Staff Data Engineer,User,United Kingdom,Legitimate Interest,False,SDR Outbound,2026-03-23
C006364,A01707,Rosemary,Fowler,ROSEMARY.FOWLER@MORA.COM,IT Security Manager,Blocker,Ireland,Legitimate Interest,False,Event,2026-08-22
C006365,A01959,Stacey,Hodgson ,stacey.hodgson@van.com,Analytics Engineer,User,Ireland,Legitimate Interest,False,Referral,2026-08-11
C006366,A00621,Paige,Lange,paige.lange@eklund.com,Director of Data Platform,Champion,Germany,Legitimate Interest,False,Event,2026-08-27
C006367,A01298,Michael,Karlsson ,michael.karlsson@riley.com,Senior Data Engineer,User,United Kingdom,Legitimate Interest,False,Partner,2026-03-27
C006368,A01937,Therése,Floyd,therése.floyd@fraser-harris.com,Senior Data Engineer,User,United States,,False,Paid Search,2026-08-09
C006369,A00727,Jas,Robertson,jason.robertson@johansson.com,Head of Data Platform,Champion,United Kingdom,Legitimate Interest,False,Referral,2026-07-30
C006370,A01609,Christopher,Roberts,christopher.roberts@huisman.com,Data Engineering Manager,User,United States,,False,SDR Outbound,2024-07-18
C006371,A01325,Dav,Englund,david.englund@price.com,Head of Data Platform,Champion,Germany,Legitimate Interest,False,Partner,2026-09-23
C006372,A00593,Debra,Hedlund,debra.hedlund@matthews.com,Senior Data Engineer,User,United States,,False,Paid Search,2025-02-17
C006373,A00405,Karla,Pergande,KARLA.PERGANDE@WALSH.COM,CISO,Blocker,United Kingdom,Legitimate Interest,False,Partner,2026-08-20
C006374,A01861,Ben,Textor ,ben.textor@verhaar.com,CISO,Blocker,United States,,True,Partner,2026-06-22
C006375,A00177,Daan,le Luc,DAAN.LE LUC@LUNDQVIST.COM,VP Data & Analytics,Economic Buyer,United Kingdom,Legitimate Interest,False,SDR Outbound,2026-09-29
C006376,A00683,Anders,Weeks,anders.weeks@bell-chambers.com,IT Security Manager,Blocker,Germany,Legitimate Interest,False,Webinar,2026-04-25
C006377,A00999,Iain,Howard,iain.howard@mentzel.com,"Director, Data Engineering",Champion,Switzerland,Legitimate Interest,False,Webinar,2026-08-29
C006378,A00700,Jeremy,van de Darnau,jeremy.van de darnau@green-evans.com,Analytics Engineer,User,United Kingdom,Legitimate Interest,False,Free Trial,2026-07-19
C006379,A00718,Ain,Russell,aina.russell@liu.com,Head of Data Platform,Champion,Canada,,True,Paid Search,2026-09-14
C006380,A01404,Lynn,Jungfer ,lynn.jungfer@lundberg.com,VP Data & Analytics,Economic Buyer,Austria,Legitimate Interest,False,Content Download,2026-09-21
C006381,A00632,Stephanie,Hertrampf ,stephanie.hertrampf@olsson.com,ceo ,,Germany,Legitimate Interest,False,Paid Search,2025-11-14
C006382,A01502,Jessica,Collins,jessica.collins@austermühle.com,Head of Data Engineering,Champion,United States,,False,Webinar,2024-12-25
C006383,A01929,Lesley,Söding,lesley.söding@nollee.com,Data Engineering Manager,User,Germany,Legitimate Interest,False,SDR Outbound,2026-09-25
C006384,A01743,Rus,Girschner,russell.girschner@ali.com,Chief Data Officer,Economic Buyer,United States,,False,Event,2026-08-22
C006385,A00812,Dittmar,Larsson,DITTMAR.LARSSON@HASSAN.COM,"Director, Data Engineering",Champion,United States,,False,Paid Search,2025-06-29
C006386,A01278,Sandra,Forsberg,SANDRA.FORSBERG@SPARKS.COM,Analytics Engineer,User,United States,,True,Free Trial,2026-09-20
C006387,A01044,Kristina,Jäkel ,kristina.jäkel@thompson.com,IT Security Manager,Blocker,United States,,False,Referral,2026-04-26
C006388,A01639,Mar,Nash,mark.nash@zobel.com,Analytics Engineer,User,Switzerland,Legitimate Interest,False,Partner,2026-07-10
C006389,A00011,Ninthe,Herrmann,ninthe.herrmann@dyer.com,-,,United Kingdom,Legitimate Interest,False,Referral,2026-03-29
C006390,A01269,Jennifer,Schwartsbach ,jennifer.schwartsbach@van.com,test,,United Kingdom,Legitimate Interest,False,Partner,2026-03-26
C006391,A00160,Chl,Richardson,chloë.richardson@trommler.com,Data Engineering Manager,User,United States,,False,Free Trial,2025-11-27
C006392,A01195,Elisabet,Cooley,ELISABET.COOLEY@SÖDING.COM,Data Engineering Manager,User,Sweden,Legitimate Interest,False,Free Trial,2026-05-18
C006393,A00057,Eli,Schmiedt,elizabeth.schmiedt@gustafsson.com,Senior Data Engineer,User,Germany,Legitimate Interest,False,Paid Search,2026-09-09
C006394,A01495,Monica,Klerks,MONICA.KLERKS@HANSSON.COM,Head of Data Platform,Champion,United States,,False,Referral,2026-10-08
C006395,A00677,Fel,Rogers,felix.rogers@schmidt.com,IT Security Manager,Blocker,Germany,Legitimate Interest,False,Event,2026-09-26
C006396,A00365,Zofia,Heinz ,zofia.heinz@royal.com,Senior Data Engineer,User,Canada,,False,Content Download,2026-07-24
C006397,A00137,Jovan,Buchholz,JOVAN.BUCHHOLZ@LINKE.COM,Staff Data Engineer,User,Germany,Legitimate Interest,False,Content Download,2026-08-21
C006398,A00072,Ruth,Wood ,ruth.wood@oversteeg.com,Staff Data Engineer,User,United States,,False,Referral,2026-07-16
C006399,A01948,Emelie,Lloyd ,emelie.lloyd@stichting.com,data guy,,Germany,Legitimate Interest,False,Content Download,2026-06-27
C006400,A01613,Emily,Andersson,EMILY.ANDERSSON@STEVENSON.COM,IT Security Manager,Blocker,Netherlands,Legitimate Interest,False,Partner,2026-05-03
C006401,A00522,Abdul,Fliegner,ABDUL.FLIEGNER@LARSSON.COM,"Director, Data Engineering",Champion,United States,,False,Free Trial,2025-09-30
C006402,A00878,Otto,Eriksson,otto.eriksson@gardiner.com,Analytics Engineer,User,Switzerland,Legitimate Interest,False,Free Trial,2026-08-16
C006403,A01832,Cameron,Edberg,cameron.edberg@baxter-foster.com,Senior Data Engineer,User,United States,,False,Partner,2026-09-18
C006404,A00353,Silvio,Kleibrink,silvio.kleibrink@gröttner.com,VP Data & Analytics,Economic Buyer,Belgium,Legitimate Interest,False,Content Download,2026-09-13
C006405,A01763,Naomi,Farmer ,naomi.farmer@hammar.com,data guy,,United States,,False,Free Trial,2026-03-25
C006406,A00019,Joel,Wilkinson ,joel.wilkinson@smith.com,CISO,Blocker,United States,,False,Paid Search,2026-03-15
C006407,A00857,Hamza,Larsen,hamza.larsen@clarke.com,Staff Data Engineer,User,United States,,False,Paid Search,2026-08-04
C006408,A01608,Kyle,Jäntsch ,kyle.jäntsch@doherty.com,Data Engineering Manager,User,United States,,False,SDR Outbound,2026-03-31
C006409,A01407,Lawrence,Mahmood ,lawrence.mahmood@charles.com,Analytics Engineer,User,United Kingdom,Legitimate Interest,False,SDR Outbound,2026-09-23
C006410,A00725,Laura,Skog,LAURA.SKOG@BAKER.COM,Senior Data Engineer,User,Germany,Legitimate Interest,False,Paid Search,2026-07-17
C006411,A00503,Horst-Peter,Roht,HORST-PETER.ROHT@MORRISON.COM,Staff Data Engineer,User,United Kingdom,Legitimate Interest,False,Event,2026-09-06
C006412,A00150,Walther,Vial ,walther.vial@geldens.com,Analytics Engineer,User,Austria,Legitimate Interest,False,Free Trial,2026-07-01
C006413,A00546,Fredo,Grant,fredo.grant@van.com,Senior Data Engineer,User,United States,,False,Event,2025-07-12
C006414,A01173,Tar,Dixon,tara.dixon@koninklijke.com,CISO,Blocker,Ireland,Legitimate Interest,False,SDR Outbound,2026-01-10
C006415,A01776,Christopher,Karge,christopher.karge@svensson.com,VP Data & Analytics,Economic Buyer,United Kingdom,Legitimate Interest,False,Paid Search,2025-02-18
C006416,A01480,Jes,Vos,jesse.vos@brown.com,Head of Data Engineering,Champion,United Kingdom,Legitimate Interest,True,Paid Search,2024-06-15
C006417,A01473,Marc,Thornton,marc.thornton@farmer-hutchinson.com,Head of Data Engineering,Champion,United States,,False,Free Trial,2026-05-19
C006418,A00260,Kate,Lidén,KATE.LIDÉN@GILBERT-CROSBY.COM,Data Engineering Manager,User,United States,,False,Partner,2026-07-06
C006419,A01441,Helmtrud,Eigenwillig ,helmtrud.eigenwillig@henschel.com,Senior Data Engineer,User,United States,,False,Free Trial,2026-04-18
C006420,A01909,Clare,Sanders ,clare.sanders@verkade.com,Senior Data Engineer,User,Netherlands,Legitimate Interest,True,Event,2026-10-01
C006421,A00048,Jay,Gustafsson,JAY.GUSTAFSSON@BALDWIN-BALL.COM,Analytics Engineer,User,United States,,False,Referral,2026-06-05
C006422,A01672,Phi,Gunnarsson,philip.gunnarsson@andersson.com,Staff Data Engineer,User,United States,,False,Content Download,2026-07-13
C006423,A00331,And,Schottin,anders.schottin@mans.com,Staff Data Engineer,User,United States,,False,Free Trial,2024-03-23
C006424,A01519,Bo,Kostolzin,bo.kostolzin@johansson.com,Analytics Engineer,User,Canada,,False,Event,2026-10-08
C006425,A01767,Wilhelm,Poole,WILHELM.POOLE@LEWIS.COM,Senior Data Engineer,User,United Kingdom,Legitimate Interest,False,SDR Outbound,2025-12-15
C006426,A00042,Len,Abdi,lena.abdi@baker-bowers.com,VP Data & Analytics,Economic Buyer,United States,,False,Free Trial,2025-09-01
C006427,A00027,Bethany,Karlsson,BETHANY.KARLSSON@AHLGREN.COM,CISO,Blocker,United Kingdom,Legitimate Interest,False,Paid Search,2025-08-28
C006428,A01308,Kevin,Holmes,kevin.holmes@larsson.com,Data Engineering Manager,User,United States,,False,Partner,2026-09-08
C006429,A01164,Dave,Post,dave.post@roos.com,Chief Data Officer,Economic Buyer,United States,,True,Free Trial,2026-08-09
C006430,A01940,Birgitt,Ström,BIRGITT.STRÖM@BAKER.COM,test,,Sweden,Legitimate Interest,False,Content Download,2026-07-22
C006431,A00786,Sara,Östman ,sara.östman@gotthard.com,IT Security Manager,Blocker,Netherlands,Legitimate Interest,False,Paid Search,2026-10-07
C006432,A00145,Lieschen,Ahmed,lieschen.ahmed@neuschäfer.com,Head of Data Engineering,Champion,United States,,False,Free Trial,2023-11-06
C006433,A00528,Olo,Dörschner,olof.dörschner@koninklijke.com,"Director, Data Engineering",Champion,United States,,False,Free Trial,2025-11-27
C006434,A01303,Mahmut,Jakobsson,MAHMUT.JAKOBSSON@FINKE.COM,"Director, Data Engineering",Champion,Belgium,Legitimate Interest,False,Referral,2026-06-05
C006435,A00330,Pat,Eriksson,patrick.eriksson@johansson.com,Data Engineering Manager,User,Ireland,Legitimate Interest,False,Content Download,2025-12-12
C006436,A00225,Mel,Wolfsdr,melissa.wolfsdr@godfrey.com,Chief Data Officer,Economic Buyer,United States,,False,Paid Search,2025-12-18
C006437,A01276,Esila,Juncken ,esila.juncken@winters.com,Staff Data Engineer,User,Ireland,Legitimate Interest,True,Webinar,2025-12-01
C006438,A01019,Chr,Rohleder,christina.rohleder@olsson.com,Analytics Engineer,User,United States,,False,SDR Outbound,2026-02-25
C006439,A00738,Sahin,Konings ,sahin.konings@drubin.com,Director of Data Platform,Champion,United States,,False,Paid Search,2026-04-10
C006440,A01223,John,Jonsson,john.jonsson@jarl.com,Director of Data Platform,Champion,United States,,False,Content Download,2025-11-06
C006441,A00659,Stephanie,van Venrooy,STEPHANIE.VAN VENROOY@ASPLUND.COM,Senior Data Engineer,User,United Kingdom,Legitimate Interest,False,Content Download,2025-12-03
C006442,A00435,Ann,Dixon,annette.dixon@petersson.com,Analytics Engineer,User,Netherlands,Legitimate Interest,False,Partner,2026-09-19
C006443,A01798,Jim,Reed,JIM.REED@APOLLO.COM,Data Engineering Manager,User,Norway,Legitimate Interest,False,Paid Search,2026-09-21
C006444,A01824,Ann,House,annette.house@lindskog.com,Head of Data Platform,Champion,United States,,False,Paid Search,2026-09-28
C006445,A00838,Hedwig,Edwards,HEDWIG.EDWARDS@ARMSTRONG-LARSEN.COM,N/A,,Canada,,False,Free Trial,2026-09-17
C006446,A01731,Iva,Baldwin,ivan.baldwin@bergström.com,Director of Data Platform,Champion,United Kingdom,Legitimate Interest,False,Paid Search,2026-05-15
C006447,A00468,Jes,Bäckman,jesper.bäckman@silva-robles.com,Data Engineering Manager,User,United States,,False,Paid Search,2026-06-24
C006448,A00182,Eth,Kraus,ethan.kraus@microsoft.com,VP Data & Analytics,Economic Buyer,Germany,Legitimate Interest,False,Paid Search,2026-04-08
C006449,A00328,Fre,Torstensson,frederik.torstensson@bean.com,Manager,,Germany,Legitimate Interest,False,Partner,2026-01-03
C006450,A01169,Cor,Lee,cord.lee@van.com,Staff Data Engineer,User,Germany,Legitimate Interest,False,Referral,2025-04-19
C006451,A01578,Cet,Morgan,cetin.morgan@lindner.com,Data Engineering Manager,User,United States,,False,Free Trial,2026-06-12
C006452,A00671,Kre,Heser,kreszenz.heser@berglund.com,Chief Data Officer,Economic Buyer,Ireland,Legitimate Interest,False,Event,2026-08-08
C006453,A00345,Tie,Hedlund,ties.hedlund@davis-gregory.com,Head of Procurement,Blocker,Netherlands,Legitimate Interest,False,Content Download,2026-03-17
C006454,A00706,Jon,Andersson,jonas.andersson@dominguez.com,Head of Data Platform,Champion,Canada,,False,Free Trial,2026-07-20
C006455,A00939,Laura,Hutchinson,LAURA.HUTCHINSON@HIGGINS.COM,VP Data,Economic Buyer,United Kingdom,Legitimate Interest,False,Partner,2026-09-01
C006456,A00063,Chloë,Ullrich ,chloë.ullrich@davids.com,Head of Data Engineering,Champion,United States,,False,SDR Outbound,2025-07-13
C006457,A01728,Jas,Lidén,jasper.lidén@moberg.com,Analytics Engineer,User,United States,,True,Event,2026-01-12
C006458,A00987,Lina,Wagner ,lina.wagner@rehorst.com,Analytics Engineer,User,United States,,False,Free Trial,2026-10-05
C006459,A01172,Luc,Boyle,luc.boyle@davidsson.com,CISO,Blocker,United States,,False,Referral,2025-12-26
C006460,A00433,Kar,Mason,karl-august.mason@carlsson.com,Senior Data Engineer,User,United States,,False,Content Download,2026-09-23
C006461,A00041,Olov,Karlsson,OLOV.KARLSSON@KONINGS.COM,Analytics Engineer,User,United States,,False,Event,2026-02-28
C006462,A01844,Katrin,Mansvelt,katrin.mansvelt@fors.com,Staff Data Engineer,User,Belgium,Legitimate Interest,False,Webinar,2026-08-19
C006463,A00820,Emily,Bender,emily.bender@verhoeven.com,Data Engineering Manager,User,United States,,False,Webinar,2026-02-28
C006464,A00420,Lori,Goddard,LORI.GODDARD@SMITH.COM,VP Data,Economic Buyer,Norway,Legitimate Interest,False,SDR Outbound,2026-06-25
C006465,A01824,Katy,van den Brink ,katy.van den brink@lindskog.com,Chief Information Officer,Economic Buyer,United States,,False,Referral,2026-10-02
C006466,A01140,Lydia,Barnett,lydia.barnett@allen-smith.com,Head of Data Platform,Champion,Ireland,Legitimate Interest,False,Content Download,2026-08-09
C006467,A01558,Bas,Arts,BAS.ARTS@LAMBERT-JONES.COM,Analytics Engineer,User,United States,,False,Paid Search,2026-05-15
C006468,A00114,Brian,Schagen,BRIAN.SCHAGEN@MCCARTHY-MORAN.COM,Head of Data Engineering,Champion,Netherlands,Legitimate Interest,False,Referral,2026-10-06
C006469,A01012,Anthony,Wilkinson,anthony.wilkinson@higgins.com,VP Data,Economic Buyer,Netherlands,,False,Free Trial,2026-08-04
C006470,A01811,Olaf,Taylor ,olaf.taylor@verkade.com,Data Engineering Manager,User,United Kingdom,Legitimate Interest,False,Free Trial,2026-09-22
C006471,A00176,Esmee,Krein,ESMEE.KREIN@PERSSON.COM,Data Engineering Manager,User,Germany,Legitimate Interest,False,Free Trial,2026-09-14
C006472,A01039,Leo,Booth,leon.booth@bonilla.com,Analytics Engineer,User,United States,,False,Referral,2026-02-14
C006473,A01442,Rachel,Faust ,rachel.faust@kemp.com,-,,Germany,Legitimate Interest,False,Content Download,2026-09-02
C006474,A00143,Mirthe,Freshour ,mirthe.freshour@henk.com,Data Engineering Manager,User,United States,,False,Webinar,2026-09-23
C006475,A00998,Cheryl,van der Heijden,cheryl.van der heijden@schatteleijn.com,Analytics Engineer,User,United States,,False,Content Download,2026-10-07
C006476,A00200,Lena,Hughes,lena.hughes@larsson.com,CISO,Blocker,United Kingdom,Legitimate Interest,False,Paid Search,2026-10-02
C006477,A00824,Tho,Pearson,thomas.pearson@zimmer.com,Senior Data Engineer,User,United States,,False,Webinar,2025-06-01
C006478,A01720,Adam,Alexandersson,ADAM.ALEXANDERSSON@RODRIGUEZ-TAYLOR.COM,Data Engineering Manager,User,Switzerland,Legitimate Interest,False,Free Trial,2026-09-29
C006479,A01647,Hanne-Lore,Söderström,hanne-lore.söderström@finke.com,CISO,Blocker,United States,,False,Content Download,2025-11-17
C006480,A00068,Melissa,James,melissa.james@fowler.com,Data Engineering Manager,User,Germany,Legitimate Interest,False,Partner,2025-09-11
C006481,A01359,Bastiaan,Johnson ,bastiaan.johnson@bmc.com,Staff Data Engineer,User,Sweden,Legitimate Interest,False,Event,2025-12-19
C006482,A01526,Mirja,Franzén,mirja.franzén@dawson.com,"Director, Data Engineering",Champion,United States,,False,Content Download,2026-08-18
C006483,A00455,Shannon,Meeres,shannon.meeres@kobelt.com,Senior Data Engineer,User,United States,,False,Paid Search,2026-04-02
C006484,A00303,Birgid,Conradi,birgid.conradi@webster-duncan.com,Staff Data Engineer,User,Germany,,False,Paid Search,2025-11-04
C006485,A00709,Heinz-Dieter,Berends,heinz-dieter.berends@richardson-evans.com,IT Security Manager,Blocker,United Kingdom,Legitimate Interest,False,Event,2026-09-09
C006486,A00197,Mara,Martinez ,mara.martinez@adams.com,Director of Data Platform,Champion,United States,,False,Referral,2026-06-13
C006487,A01029,Mic,van Santen,michael.van santen@jeppsson.com,Data Engineering Manager,User,Netherlands,Legitimate Interest,False,Webinar,2026-06-24
C006488,A01556,Kar,Marshall,karl.marshall@söderberg.com,VP Data & Analytics,Economic Buyer,United States,,False,Free Trial,2025-06-29
C006489,A00383,Ernst-Otto,Stephens,ERNST-OTTO.STEPHENS@PUTZ.COM,IT Security Manager,Blocker,United Kingdom,Legitimate Interest,False,Webinar,2026-09-12
C006490,A01404,Yfke,van Dalem,yfke.van dalem@lundberg.com,Chief Data Officer,Economic Buyer,Austria,Legitimate Interest,False,SDR Outbound,2024-11-29
C006491,A00840,Samantha,Todd ,samantha.todd@colon-weber.com,Analytics Engineer,User,Germany,Legitimate Interest,False,Free Trial,2025-02-01
C006492,A00297,Susan,Zobel,SUSAN.ZOBEL@HECKER.COM,Head of Data Engineering,Champion,United States,,True,Partner,2026-07-08
C006493,A01896,Laura,Cooper,LAURA.COOPER@AERTSZ.COM,Staff Data Engineer,User,United States,,False,Paid Search,2026-09-19
C006494,A00667,Rol,Briere,roland.briere@yara.com,Head of Data Engineering,Champion,Netherlands,Legitimate Interest,False,Webinar,2025-06-10
C006495,A00211,Julia,van de Ven ,julia.van de ven@dkg.com,ceo ,,Canada,,False,Paid Search,2026-05-08
C006496,A00514,Cody,van Brunswijk ,cody.van brunswijk@jones.com,Head of Data Platform,Champion,Germany,Legitimate Interest,False,Partner,2026-08-12
C006497,A01718,Cameron,Romero ,cameron.romero@bayer.com,ceo ,,United Kingdom,Legitimate Interest,False,Paid Search,2026-08-12
C006498,A01121,Gre,Hawkins,gregory.hawkins@mills.com,Director of Data Platform,Champion,Sweden,Legitimate Interest,False,Free Trial,2026-08-24
C006499,A01627,Her,Kruschwitz,herlinde.kruschwitz@mckinney-gregory.com,Chief Information Officer,Economic Buyer,United Kingdom,Legitimate Interest,False,Partner,2026-08-15
C006500,A00618,Mir,van der Velde,mirco.van der velde@bailey-byrne.com,Staff Data Engineer,User,Germany,Legitimate Interest,False,SDR Outbound,2025-08-25
C006501,A00734,Bir,Geißler,birte.geißler@brown.com,CISO,Blocker,Germany,Legitimate Interest,False,Webinar,2026-10-08
C006502,A01159,Che,Karge,cheryl.karge@dahlström.com,Senior Data Engineer,User,United States,,False,Content Download,2025-07-19
C006503,A01769,Anna-Luise,Hendriks,anna-luise.hendriks@lindblom.com,Data Engineering Manager,User,United States,,False,Referral,2026-01-29
C006504,A00392,Laura,Cox,laura.cox@kruschwitz.com,Head of Data Platform,Champion,United Kingdom,Legitimate Interest,False,Partner,2026-04-12
C006505,A01569,Bente,Jones ,bente.jones@brisee.com,VP Data & Analytics,Economic Buyer,United States,,False,Content Download,2026-09-14
C006506,A01961,Kelsey,Murray,KELSEY.MURRAY@KARLSSON.COM,Chief Information Officer,Economic Buyer,United Kingdom,Legitimate Interest,False,Content Download,2026-10-03
C006507,A01652,Kimberly,Riehl ,kimberly.riehl@stahr.com,VP Data,Economic Buyer,United States,,False,Content Download,2026-05-03
C006508,A00029,Melker,Mcdaniel,MELKER.MCDANIEL@YOUNG.COM,VP Data,Economic Buyer,Sweden,Legitimate Interest,False,Paid Search,2026-06-30
C006509,A00580,Kat,Geisel,katarina.geisel@bell.com,Head of Data Platform,Champion,Ireland,Legitimate Interest,False,Referral,2026-08-25
C006510,A01889,Nils,Seip,NILS.SEIP@SAUER.COM,Staff Data Engineer,User,United States,,False,Free Trial,2026-08-05
C006511,A01987,Salvatore,Hansson ,salvatore.hansson@neureuther.com,Head of Data Engineering,Champion,Netherlands,Legitimate Interest,False,Paid Search,2026-09-16
C006512,A01631,Marie,Durham ,marie.durham@clark-kennedy.com,Head of Data Platform,Champion,Switzerland,Legitimate Interest,False,Webinar,2026-04-16
C006513,A00772,Bradley,Gustafsson,BRADLEY.GUSTAFSSON@TEXTOR.COM,Senior Data Engineer,User,United Kingdom,Legitimate Interest,False,Event,2026-01-29
C006514,A01397,Noëlle,van der Strigt,noëlle.van der strigt@garner.com,Data Engineering Manager,User,United States,,False,Referral,2026-02-26
C006515,A00411,Ash,Waardeloo,ashley.waardeloo@owen.com,IT Security Manager,Blocker,United Kingdom,Legitimate Interest,False,Free Trial,2026-06-03
C006516,A00265,Lin,Dalton,linda.dalton@davis-lewis.com,"Director, Data Engineering",Champion,United Kingdom,Legitimate Interest,False,Free Trial,2026-09-30
C006517,A01751,Lillemor,Nilsson ,lillemor.nilsson@koninklijke.com,Head of Data Engineering,Champion,Sweden,Legitimate Interest,False,SDR Outbound,2026-09-25
C006518,A00587,Rik,Bauer,rik.bauer@bruce-newman.com,VP Data,Economic Buyer,United States,,False,Event,2026-01-15
C006519,A00009,Adriana,Michael,ADRIANA.MICHAEL@VINCI.COM,Staff Data Engineer,User,United States,,False,Free Trial,2025-12-11
C006520,A00108,Ste,Quinn,stephen.quinn@neureuther.com,Head of Data Platform,Champion,Netherlands,Legitimate Interest,False,Content Download,2026-01-12
C006521,A01951,Reece,Steuer,reece.steuer@long-carter.com,CISO,Blocker,United States,,False,Webinar,2026-07-30
C006522,A00694,Emi,Persson,emily.persson@rust.com,Head of Data Engineering,Champion,Germany,,False,Partner,2026-10-05
C006523,A00479,Sandra,Rutten,sandra.rutten@edström.com,Senior Data Engineer,User,United States,,False,Partner,2025-09-16
C006524,A01915,Paul,Larsson,paul.larsson@van.com,Chief Information Officer,Economic Buyer,United Kingdom,Legitimate Interest,False,SDR Outbound,2026-10-08
C006525,A00821,Jorn,Deleon ,jorn.deleon@robinson-thompson.com,Staff Data Engineer,User,Netherlands,Legitimate Interest,False,Event,2026-04-15
C006526,A00632,Jul,Sundström,julia.sundström@olsson.com,Data Engineering Manager,User,Germany,Legitimate Interest,False,Paid Search,2026-09-11
C006527,A01549,Warren,Wilmsen,WARREN.WILMSEN@BOOTH-WHEELER.COM,Staff Data Engineer,User,Germany,Legitimate Interest,False,Event,2026-08-15
C006528,A00741,Maria,Bailey ,maria.bailey@gibson-ward.com,Staff Data Engineer,User,United States,,False,Partner,2026-09-18
C006529,A01941,Wolfgang,Nilsson ,wolfgang.nilsson@pieters.com,intern,,Netherlands,Legitimate Interest,False,SDR Outbound,2026-10-08
C006530,A01107,Sebastiaan,Edvardsson,SEBASTIAAN.EDVARDSSON@OTTOSSON.COM,Director of Data Platform,Champion,Sweden,Legitimate Interest,False,Event,2025-09-25
C006531,A01619,Lars,Juarez ,lars.juarez@reyes.com,Analytics Engineer,User,United States,,False,Free Trial,2026-07-29
C006532,A00745,Hans-Hinrich,Riley,hans-hinrich.riley@sanchez.com,data guy,,United States,,False,Content Download,2026-06-25
C006533,A01832,Elizabeth,Johnson,elizabeth.johnson@baxter-foster.com,Head of Data Platform,Champion,United States,,False,Event,2026-06-06
C006534,A00522,Jor,Parsons,jort.parsons@larsson.com,Data Engineering Manager,User,United States,,False,Event,2026-07-28
C006535,A01446,Ann,Freshour,annette.freshour@koninklijke.com,VP Data,Economic Buyer,Germany,Legitimate Interest,False,Webinar,2025-03-14
C006536,A01072,Alexa,Adryaens,ALEXA.ADRYAENS@ROHLEDER.COM,Chief Data Officer,Economic Buyer,United Kingdom,Legitimate Interest,True,Free Trial,2025-07-15
C006537,A00994,Fre,Ditschlerin,fredy.ditschlerin@pettersson.com,Staff Data Engineer,User,United States,,False,SDR Outbound,2026-07-28
C006538,A00212,Becky,Fröhlich,becky.fröhlich@thanel.com,Head of Data Platform,Champion,United States,,False,Event,2026-05-16
C006539,A00706,Steven,Textor,STEVEN.TEXTOR@DOMINGUEZ.COM,Data Engineering Manager,User,Canada,,False,Free Trial,2025-08-17
C006540,A00580,Jan-Åke,van Ooste,JAN-ÅKE.VAN OOSTE@BELL.COM,Head of Data Platform,Champion,Ireland,Legitimate Interest,False,Content Download,2026-10-04
C006541,A00782,Kei,Franke,keith.franke@franklin.com,VP Data & Analytics,Economic Buyer,Germany,Legitimate Interest,False,Event,2026-09-10
C006542,A01521,Gotthold,Warren,gotthold.warren@atzler.com,VP Data & Analytics,Economic Buyer,Sweden,Legitimate Interest,False,Free Trial,2026-02-04
C006543,A00931,George,Noble,GEORGE.NOBLE@HUNTER.COM,Analytics Engineer,User,United States,,True,Content Download,2026-06-02
C006544,A00358,Jennifer,Lind,jennifer.lind@van.com,"Director, Data Engineering",Champion,United States,,False,Referral,2025-11-11
C006545,A01272,Charlotte,Lundgren,charlotte.lundgren@karlsson.com,Data Engineering Manager,User,United Kingdom,Legitimate Interest,False,Paid Search,2025-11-23
C006546,A01634,Elof,Henry,elof.henry@ward-williams.com,IT Security Manager,Blocker,United States,,False,Content Download,2026-09-02
C006547,A01706,Jos,van Dagsburg,joseph.van dagsburg@turner.com,Chief Data Officer,Economic Buyer,United States,,False,Event,2026-08-07
C006548,A01741,Mary,Svanberg ,mary.svanberg@soos.com,Chief Information Officer,Economic Buyer,United Kingdom,Legitimate Interest,False,Free Trial,2026-10-04
C006549,A01722,Mike,Nguyen ,mike.nguyen@andersson.com,Data Engineering Manager,User,Austria,Legitimate Interest,False,Paid Search,2026-04-06
C006550,A01735,Thomas,Kaur,THOMAS.KAUR@STICHTING.COM,Staff Data Engineer,User,United Kingdom,Legitimate Interest,False,Content Download,2026-09-27
C006551,A00741,Martin,Reed,martin.reed@gibson-ward.com,Staff Data Engineer,User,United States,,False,Event,2025-06-20
C006552,A00013,Sar,Faust,sara.faust@harper-atkinson.com,test,,Denmark,Legitimate Interest,False,Partner,2026-09-27
C006553,A01199,Maria,Ball,maria.ball@luna.com,Chief Information Officer,Economic Buyer,United States,,False,Webinar,2026-02-25
C006554,A00487,Lara,Harris,lara.harris@franzén.com,test,,Sweden,Legitimate Interest,False,Content Download,2026-08-01
C006555,A00483,Tra,Holm,tracy.holm@stichting.com,Head of Procurement,Blocker,United States,,False,SDR Outbound,2026-03-01
C006556,A00830,Ben,Trupp ,ben.trupp@juncken.com,Data Engineering Manager,User,United States,,False,Paid Search,2026-09-07
C006557,A00226,Christine,Bush,christine.bush@burns.com,Analytics Engineer,User,United States,,False,Content Download,2026-08-06
C006558,A01084,Allan,le Gulcher,allan.le gulcher@dekker.com,Data Engineering Manager,User,United States,,False,Webinar,2026-04-14
C006559,A01431,Annette,Briere ,annette.briere@abrahamsson.com,Manager,,Ireland,Legitimate Interest,False,Event,2026-09-04
C006560,A00150,Amb,Mann,amber.mann@geldens.com,Analytics Engineer,User,Austria,Legitimate Interest,False,Content Download,2025-06-16
C006561,A01783,David,Svensson,DAVID.SVENSSON@HALL-MOORE.COM,Data Engineering Manager,User,United States,,False,SDR Outbound,2026-01-15
C006562,A00702,Markus,Brewer ,markus.brewer@garrett-barber.com,Head of Data Platform,Champion,United Kingdom,Legitimate Interest,False,Referral,2026-02-01
C006563,A01289,Norman,Clark,NORMAN.CLARK@SVENSSON.COM,Senior Data Engineer,User,United States,,False,SDR Outbound,2025-02-21
C006564,A01272,Sylvia,Ford,SYLVIA.FORD@KARLSSON.COM,Analytics Engineer,User,United Kingdom,Legitimate Interest,False,Referral,2024-04-13
C006565,A00824,Frederique,Gellemeyer ,frederique.gellemeyer@zimmer.com,CISO,Blocker,United States,,False,Referral,2026-02-02
C006566,A01416,Quinty,Smith,quinty.smith@johansson.com,Senior Data Engineer,User,Germany,Legitimate Interest,False,Free Trial,2026-07-02
C006567,A01133,Nova,Fechner,NOVA.FECHNER@DENNENBERG.COM,Staff Data Engineer,User,United States,,False,Free Trial,2026-06-29
C006568,A01773,John,Åkesson,JOHN.ÅKESSON@SJÖHOLM.COM,Chief Data Officer,Economic Buyer,Canada,,False,Free Trial,2026-03-15
C006569,A01531,Mor,Gibbons,moritz.gibbons@kranz.com,Senior Data Engineer,User,United Kingdom,Legitimate Interest,False,Referral,2026-06-21
C006570,A00765,Kevin,O'Sullivan,kevin.o'sullivan@smith-saunders.com,Data Engineering Manager,User,Switzerland,Legitimate Interest,False,Free Trial,2026-08-25
C006571,A01331,Patricia,Verbruggen,PATRICIA.VERBRUGGEN@KREUSEL.COM,x,,United States,,False,Paid Search,2026-02-24
C006572,A01625,Emi,Pacheco,emil.pacheco@bolnbach.com,Analytics Engineer,User,United States,,False,SDR Outbound,2026-08-21
C006573,A00890,Ellen,Norman,ellen.norman@kohl.com,Data Engineering Manager,User,Canada,,False,Content Download,2026-04-11
C006574,A00873,Thomas,Miller ,thomas.miller@koninklijke.com,Senior Data Engineer,User,Switzerland,Legitimate Interest,False,SDR Outbound,2026-05-26
C006575,A01020,Charles,Wong ,charles.wong@gierschner.com,Analytics Engineer,User,United States,,False,Paid Search,2026-10-07
C006576,A01111,Der,Richardson,derek.richardson@taylor.com,test,,United Kingdom,Legitimate Interest,False,Webinar,2026-08-18
C006577,A01784,Kevin,Cook ,kevin.cook@honeywell.com,Data Engineering Manager,User,United States,,False,SDR Outbound,2026-04-02
C006578,A01788,Luka,Wiley,LUKA.WILEY@COENEN.COM,Analytics Engineer,User,Ireland,Legitimate Interest,False,Referral,2026-06-26
C006579,A01487,Johan,Eliasson,johan.eliasson@jansson.com,data guy,,Germany,Legitimate Interest,False,Referral,2026-04-29
C006580,A00936,James,Eerden,JAMES.EERDEN@TINTZMANN.COM,Head of Procurement,Blocker,United States,,False,Webinar,2026-03-03
C006581,A01319,Ryan,Rowe,RYAN.ROWE@POWELL.COM,Chief Information Officer,Economic Buyer,Belgium,Legitimate Interest,False,Content Download,2026-09-26
C006582,A01644,Karin,Bird ,karin.bird@thomas.com,Data Engineering Manager,User,Austria,Legitimate Interest,False,Free Trial,2026-09-30
C006583,A00693,Paulina,Jakobsson,PAULINA.JAKOBSSON@KONINKLIJKE.COM,VP Data & Analytics,Economic Buyer,United Kingdom,Legitimate Interest,False,Referral,2025-09-28
C006584,A01297,Michael,Perkins ,michael.perkins@lindau.com,Staff Data Engineer,User,United Kingdom,Legitimate Interest,False,Event,2026-07-13
C006585,A01930,Hendrik,Wilson,hendrik.wilson@josefsson.com,Head of Data Engineering,Champion,United States,,False,Free Trial,2025-05-08
C006586,A00977,Thom,Chadwick,thom.chadwick@abbas.com,VP Data,Economic Buyer,Canada,,False,Partner,2026-06-24
C006587,A00693,Michael,Lundqvist,MICHAEL.LUNDQVIST@KONINKLIJKE.COM,CISO,Blocker,United Kingdom,Legitimate Interest,False,Paid Search,2026-03-29
C006588,A00527,Shi,Heintze,shirley.heintze@miller.com,N/A,,United States,,False,Free Trial,2026-09-08
C006589,A01692,Lize,Heijmans ,lize.heijmans@lloyd.com,VP Data,Economic Buyer,Sweden,Legitimate Interest,False,Free Trial,2026-09-25
C006590,A01999,Mark,Eriksson ,mark.eriksson@cichorius.com,"Director, Data Engineering",Champion,United States,,False,Partner,2026-10-06
C006591,A01225,Johan,Roy,JOHAN.ROY@ROYAL.COM,Head of Data Platform,Champion,Netherlands,Legitimate Interest,False,Event,2025-05-21
C006592,A00392,Paul,Clements ,paul.clements@kruschwitz.com,Data Engineering Manager,User,United Kingdom,Legitimate Interest,False,Content Download,2024-10-03
C006593,A00882,Asta,Rivera ,asta.rivera@johnson.com,VP Data & Analytics,Economic Buyer,United States,,False,Event,2026-09-25
C006594,A01484,Jon,Larsson,jonathan.larsson@ljungberg.com,Senior Data Engineer,User,United States,,False,Free Trial,2026-07-31
C006595,A00494,Ver,Burch,vera.burch@andrews.com,Head of Data Engineering,Champion,Ireland,Legitimate Interest,False,Content Download,2025-07-15
C006596,A00622,Marie,Smith,MARIE.SMITH@WÄHNER.COM,VP Data & Analytics,Economic Buyer,United States,,False,Referral,2026-07-03
C006597,A01402,Jul,Villa,juliette.villa@ruppert.com,Data Engineering Manager,User,Canada,,True,SDR Outbound,2025-09-25
C006598,A00102,Björn,van Vlaanderen,BJÖRN.VAN VLAANDEREN@ROBINSON-BROCK.COM,Data Engineering Manager,User,Norway,Legitimate Interest,False,Webinar,2026-10-07
C006599,A00722,Rotraud,Hellberg,rotraud.hellberg@eigenwillig.com,Director of Data Platform,Champion,United States,,False,Event,2026-05-20
C006600,A00418,Carlos,Ring,CARLOS.RING@DANIELS.COM,test,,Netherlands,Legitimate Interest,False,Content Download,2026-01-12
C006601,A01228,Trevor,Bradshaw,trevor.bradshaw@eberth.com,x,,United States,,False,Referral,2026-09-10
C006602,A01020,Wibke,Gustavsson,WIBKE.GUSTAVSSON@GIERSCHNER.COM,Senior Data Engineer,User,United States,,False,Referral,2026-05-27
C006603,A00171,Barbara,Harper ,barbara.harper@gustavsson.com,Staff Data Engineer,User,Denmark,Legitimate Interest,False,Referral,2025-08-18
C006604,A01097,Zit,de Groot,zita.de groot@trupp.com,Chief Information Officer,Economic Buyer,United States,,True,Event,2026-08-28
C006605,A01236,Nina,Willems,nina.willems@vaughan-williams.com,Director of Data Platform,Champion,United States,,False,Partner,2026-06-12
C006606,A01947,Stewart,Brooks,STEWART.BROOKS@HENDRIX.COM,"Director, Data Engineering",Champion,United Kingdom,Legitimate Interest,True,SDR Outbound,2026-08-09
C006607,A01072,Åke,Johansson,åke.johansson@rohleder.com,Data Engineering Manager,User,United Kingdom,Legitimate Interest,False,Event,2026-08-02
C006608,A01616,Lina,Phillipsen,LINA.PHILLIPSEN@WELLER.COM,Chief Information Officer,Economic Buyer,United States,,False,Webinar,2026-03-09
C006609,A01460,Ern,Mohamed,ernst.mohamed@cooper-cook.com,Staff Data Engineer,User,United Kingdom,Legitimate Interest,False,Free Trial,2026-03-22
C006610,A01214,Bra,Lafleur,brad.lafleur@ackermann.com,Head of Data Platform,Champion,United States,,False,Content Download,2026-03-24
C006611,A01023,Galina,Hörle,GALINA.HÖRLE@BJÖRK.COM,Data Engineering Manager,User,Switzerland,Legitimate Interest,False,Event,2026-07-25
C006612,A00018,Reinhard,Cartwright,reinhard.cartwright@hickman.com,Head of Data Platform,Champion,United States,,False,Content Download,2026-07-29
C006613,A00448,Sofie,Olsson,sofie.olsson@kloppert.com,Analytics Engineer,User,Canada,,False,Event,2026-09-12
C006614,A01733,Belinda,Bresé ,belinda.bresé@fredriksson.com,Analytics Engineer,User,United States,,False,Event,2024-10-08
C006615,A00328,Ben,Gibbs,ben.gibbs@bean.com,Staff Data Engineer,User,Germany,,False,Webinar,2025-10-01
C006616,A01360,Rafael,Boeser ,rafael.boeser@moss.com,Analytics Engineer,User,Canada,,False,Event,2026-01-05
C006617,A00483,Göran,Lindholm ,göran.lindholm@stichting.com,Senior Data Engineer,User,United States,,False,Webinar,2026-02-03
C006618,A01222,Merel,Peters,MEREL.PETERS@WEIMER.COM,Staff Data Engineer,User,Canada,,False,Partner,2026-06-27
C006619,A00013,Colleen,Bylund,COLLEEN.BYLUND@HARPER-ATKINSON.COM,Head of Data Engineering,Champion,Denmark,Legitimate Interest,False,Referral,2026-10-06
C006620,A00488,Wayne,Wahlgren,WAYNE.WAHLGREN@DAVIES.COM,Senior Data Engineer,User,Netherlands,,False,Content Download,2026-08-08
C006621,A01182,Elw,Bell,elwira.bell@jakobsson.com,CISO,Blocker,United States,,False,Referral,2026-09-22
C006622,A00123,Eric,Jonsson,ERIC.JONSSON@JUNKEN.COM,Director of Data Platform,Champion,Belgium,Legitimate Interest,False,SDR Outbound,2026-09-17
C006623,A01001,Beverley,Ackermann,BEVERLEY.ACKERMANN@WALTER.COM,DATA ENG,,United States,,False,Referral,2026-09-25
C006624,A01294,Mar,Lee,marcus.lee@van.com,Analytics Engineer,User,United States,,False,Free Trial,2026-02-27
C006625,A01951,Chr,Björkman,christer.björkman@long-carter.com,Head of Data Platform,Champion,United States,,False,Event,2026-02-17
C006626,A00532,Jack,Jansson,jack.jansson@nilsson.com,VP Data & Analytics,Economic Buyer,Sweden,Legitimate Interest,False,Free Trial,2026-07-08
C006627,A00634,Maria,Wilson,MARIA.WILSON@SEIFERT.COM,Director of Data Platform,Champion,United States,,False,Paid Search,2026-07-17
C006628,A00474,Quinty,Karge,QUINTY.KARGE@MARSHALL-CRAIG.COM,VP Data & Analytics,Economic Buyer,Germany,Legitimate Interest,False,Content Download,2026-05-19
C006629,A01667,Anna,Persson,ANNA.PERSSON@ANDERSON.COM,Data Engineering Manager,User,Netherlands,Legitimate Interest,False,Content Download,2025-02-28
C006630,A00840,Lisbeth,Martinez,lisbeth.martinez@colon-weber.com,Staff Data Engineer,User,Germany,Legitimate Interest,False,Partner,2025-07-15
C006631,A00001,Lindsey,Hanna,LINDSEY.HANNA@HEIN.COM,IT Security Manager,Blocker,United Kingdom,Legitimate Interest,False,SDR Outbound,2026-10-03
C006632,A00654,Joshua,Jonsson,joshua.jonsson@gunpf.com,Director of Data Platform,Champion,United States,,False,Referral,2025-08-03
C006633,A01387,Gareth,Schweitzer ,gareth.schweitzer@larsson.com,Analytics Engineer,User,United States,,False,Free Trial,2026-02-17
C006634,A00375,Joshua,Kjellberg,joshua.kjellberg@smith.com,VP Data,Economic Buyer,United States,,False,Referral,2026-08-15
C006635,A00259,Tina,Berry ,tina.berry@lindberg.com,Head of Data Platform,Champion,United Kingdom,Legitimate Interest,False,Content Download,2026-05-24
C006636,A01881,Yvonne,Webb,YVONNE.WEBB@PETERSON.COM,Chief Data Officer,Economic Buyer,United States,,False,Event,2026-08-24
C006637,A00113,Veli,Davies ,veli.davies@daf.com,Head of Data Platform,Champion,United States,,False,Content Download,2026-04-18
C006638,A00260,Lisette,Brouwer,lisette.brouwer@gilbert-crosby.com,data guy,,United States,,False,Referral,2026-02-12
C006639,A00826,Bry,Rivera,bryan.rivera@van.com,Staff Data Engineer,User,Sweden,Legitimate Interest,False,Free Trial,2026-03-02
C006640,A01594,Kelsey,Danielsson ,kelsey.danielsson@moet.com,Analytics Engineer,User,United States,,False,SDR Outbound,2026-05-16
C006641,A01391,Katherine,Sullivan ,katherine.sullivan@chaney-martin.com,Staff Data Engineer,User,Germany,Legitimate Interest,False,SDR Outbound,2026-01-12
C006642,A00645,Sarah,Sjölin,SARAH.SJÖLIN@STICHTING.COM,Head of Data Engineering,Champion,Germany,Legitimate Interest,False,Referral,2026-05-21
C006643,A00422,Stefan,Sutton,stefan.sutton@lindskog.com,Chief Data Officer,Economic Buyer,United States,,False,SDR Outbound,2026-06-24
C006644,A00168,Edda,Ekholm ,edda.ekholm@wilson.com,Head of Data Engineering,Champion,Austria,Legitimate Interest,False,Content Download,2025-10-09
C006645,A00225,Jason,Ågren ,jason.ågren@godfrey.com,"Director, Data Engineering",Champion,United States,,False,Partner,2026-07-27
C006646,A00235,Phillip,Lundkvist ,phillip.lundkvist@stichting.com,Data Engineering Manager,User,United States,,False,Partner,2026-09-28
C006647,A00740,Elfriede,Westerberg ,elfriede.westerberg@joseph-ray.com,Analytics Engineer,User,United States,,False,Webinar,2026-05-18
C006648,A00234,Joh,Willemsen,johannes.willemsen@lundholm.com,"Director, Data Engineering",Champion,Canada,,False,Paid Search,2026-08-05
C006649,A01093,Jennifer,Brolin,jennifer.brolin@koninklijke.com,"Director, Data Engineering",Champion,Norway,Legitimate Interest,False,Webinar,2025-07-31
C006650,A00245,Rachel,Süßebier,RACHEL.SÜSSEBIER@MARCHAL.COM,Head of Data Engineering,Champion,United Kingdom,Legitimate Interest,False,Webinar,2026-02-15
C006651,A00758,Grace,Norton,GRACE.NORTON@SMITH-SANDOVAL.COM,Data Engineering Manager,User,United States,,False,Content Download,2026-06-03
C006652,A00769,Ser,Karlsson,serpil.karlsson@dussen.com,Senior Data Engineer,User,United States,,False,Free Trial,2026-09-20
C006653,A00940,Tyler,Issa,tyler.issa@gonzalez-gonzalez.com,Data Engineering Manager,User,United States,,False,Webinar,2026-10-06
C006654,A01909,Suzanne,Andersson ,suzanne.andersson@verkade.com,Senior Data Engineer,User,Netherlands,Legitimate Interest,False,Referral,2026-05-22
C006655,A00931,Ano,Drewes,anouk.drewes@hunter.com,N/A,,United States,,False,Referral,2025-09-04
C006656,A01267,Sheryl,Goodwin,sheryl.goodwin@lindblad.com,Manager,,United States,,False,SDR Outbound,2026-07-02
C006657,A01449,Sterre,Samuelsson ,sterre.samuelsson@collins-newman.com,Head of Data Platform,Champion,United States,,False,Webinar,2023-07-21
C006658,A01263,Bir,Schäfer,birgitta.schäfer@hopkins.com,Head of Data Platform,Champion,United States,,False,Webinar,2026-10-04
C006659,A01541,Sibilla,Thorpe,sibilla.thorpe@skf.com,x,,United States,,False,Paid Search,2025-03-02
C006660,A00811,Hartmuth,van Bovene,HARTMUTH.VAN BOVENE@BUSH-BATES.COM,Head of Data Platform,Champion,United States,,False,Free Trial,2025-05-31
C006661,A00351,Erdogan,Day,ERDOGAN.DAY@LUNDQVIST.COM,Data Engineering Manager,User,United States,,False,Partner,2026-09-26
C006662,A01371,Gudula,Timmermans,gudula.timmermans@lambers.com,Staff Data Engineer,User,United States,,False,Referral,2024-12-24
C006663,A01901,Allan,Kelly,ALLAN.KELLY@BATES.COM,Staff Data Engineer,User,United States,,False,Event,2025-12-31
C006664,A00896,Tiffany,Schmidt,tiffany.schmidt@fischer.com,"Director, Data Engineering",Champion,United States,,False,Webinar,2026-08-19
C006665,A00253,Anouk,Momberg ,anouk.momberg@jennings-young.com,Senior Data Engineer,User,United States,,False,Paid Search,2026-08-06
C006666,A01756,Jonas,Long,jonas.long@killer.com,Data Engineering Manager,User,Canada,,False,Event,2026-09-19
C006667,A00247,Pepijn,Hänel ,pepijn.hänel@hübel.com,Head of Data Engineering,Champion,Netherlands,Legitimate Interest,False,Event,2025-09-03
C006668,A00269,Ken,Andrews,kenneth.andrews@zirme.com,Chief Data Officer,Economic Buyer,United States,,False,Partner,2025-08-29
C006669,A01782,Jip,de Hoogh,jip.de hoogh@burrows.com,Data Engineering Manager,User,Ireland,Legitimate Interest,False,SDR Outbound,2026-09-15
C006670,A01910,Dav,Contreras,david.contreras@norberg.com,VP Data,Economic Buyer,United Kingdom,Legitimate Interest,False,Event,2026-03-05
C006671,A01698,Rolf,Gardner,ROLF.GARDNER@BALL-ANDERSON.COM,N/A,,Denmark,Legitimate Interest,False,Paid Search,2026-09-22
C006672,A00484,Tadeusz,Scheuermann ,tadeusz.scheuermann@moses-miller.com,Senior Data Engineer,User,Netherlands,,False,Event,2026-08-09
C006673,A01566,Kent,Dawson,kent.dawson@halvarsson.com,x,,United States,,False,Webinar,2026-06-21
C006674,A00951,Mat,Gray,matthijs.gray@stey.com,Analytics Engineer,User,Denmark,Legitimate Interest,False,Paid Search,2025-07-01
C006675,A00086,Shirley,Kranz ,shirley.kranz@månsson.com,data guy,,United Kingdom,Legitimate Interest,False,Free Trial,2025-06-23
C006676,A00708,Jillian,Lee ,jillian.lee@archer-forster.com,ceo ,,United States,,False,Partner,2026-07-25
C006677,A00076,Nicole,Kuit,NICOLE.KUIT@VAN.COM,Analytics Engineer,User,United Kingdom,Legitimate Interest,False,Event,2026-07-04
C006678,A01045,Joan,Brown,JOAN.BROWN@LIDSTRÖM.COM,Staff Data Engineer,User,Germany,Legitimate Interest,False,Partner,2026-10-08
C006679,A01705,Inken,Brandon ,inken.brandon@andersson.com,Analytics Engineer,User,United Kingdom,Legitimate Interest,False,Partner,2025-10-01
C006680,A00046,Kevin,Zahn ,kevin.zahn@woods.com,Analytics Engineer,User,Belgium,Legitimate Interest,False,Webinar,2026-09-30
C006681,A01039,Barbara,Jacob,barbara.jacob@bonilla.com,Head of Data Platform,Champion,United States,,False,SDR Outbound,2026-08-29
C006682,A00387,Stephanie,Pölitz ,stephanie.pölitz@moss.com,Director of Data Platform,Champion,United Kingdom,Legitimate Interest,False,Partner,2026-06-08
C006683,A01671,Felix,Morrison,felix.morrison@lee.com,VP Data,Economic Buyer,United States,,False,SDR Outbound,2026-04-02
C006684,A00123,Bart,Farah ,bart.farah@junken.com,Chief Data Officer,Economic Buyer,Belgium,Legitimate Interest,False,Free Trial,2026-08-22
C006685,A00045,Stefania,Smith,STEFANIA.SMITH@KVIST.COM,Head of Procurement,Blocker,United States,,False,Referral,2026-06-26
C006686,A00912,Debra,Ponci,debra.ponci@chambers.com,Analytics Engineer,User,Denmark,Legitimate Interest,False,Partner,2026-09-07
C006687,A00954,Nor,Klomp Jan,norman.klomp jan@mangold.com,VP Data,Economic Buyer,United States,,False,Referral,2026-10-02
C006688,A01610,Harald,Hutchinson,HARALD.HUTCHINSON@SEIFERT.COM,Senior Data Engineer,User,Germany,Legitimate Interest,False,Referral,2026-09-05
C006689,A01038,Janne,van Rheineck,janne.van rheineck@carsten.com,Analytics Engineer,User,United States,,False,SDR Outbound,2026-09-23
C006690,A00160,Leopold,de Bruijn,leopold.de bruijn@trommler.com,Data Engineering Manager,User,United States,,False,Content Download,2026-07-19
C006691,A00935,Moh,Morris,mohammad.morris@wilson.com,-,,Netherlands,Legitimate Interest,False,Partner,2026-10-05
C006692,A00358,Kuno,Carr,kuno.carr@van.com,Senior Data Engineer,User,United States,,False,Webinar,2026-09-20
C006693,A01735,Nora,van den Pol ,nora.van den pol@stichting.com,"Director, Data Engineering",Champion,United Kingdom,Legitimate Interest,False,Free Trial,2026-09-26
C006694,A01162,Mar,Giles,maria.giles@evans.com,x,,Netherlands,Legitimate Interest,False,Webinar,2026-09-28
C006695,A00527,Anna,Rivera,ANNA.RIVERA@MILLER.COM,Staff Data Engineer,User,United States,,False,Free Trial,2026-08-20
C006696,A01578,Sara,Livingston,SARA.LIVINGSTON@LINDNER.COM,Head of Data Engineering,Champion,United States,,False,Referral,2025-06-20
C006697,A01413,Hilary,Cooper ,hilary.cooper@lee.com,Data Engineering Manager,User,United Kingdom,Legitimate Interest,True,Partner,2026-09-30
C006698,A01402,Karl-Georg,Briggs,KARL-GEORG.BRIGGS@RUPPERT.COM,Analytics Engineer,User,Canada,,False,SDR Outbound,2026-07-06
C006699,A00360,Edith,Bolnbach,edith.bolnbach@van.com,Chief Information Officer,Economic Buyer,United States,,False,Content Download,2026-03-13
C006700,A01664,Annaliese,Eriksson,annaliese.eriksson@luna.com,Director of Data Platform,Champion,Switzerland,Legitimate Interest,False,Content Download,2025-07-19
C006701,A00065,Cameron,Hutchinson ,cameron.hutchinson@schweitzer.com,VP Data,Economic Buyer,United States,,False,Referral,2026-09-15
C006702,A00020,Nikki,Jackson,NIKKI.JACKSON@DENNIS.COM,VP Data & Analytics,Economic Buyer,United States,,False,Partner,2026-09-12
C006703,A00848,Frederick,van Rooij,FREDERICK.VAN ROOIJ@MOHAUPT.COM,N/A,,Canada,,False,SDR Outbound,2026-03-29
C006704,A00998,Edward,Zwijsen ,edward.zwijsen@schatteleijn.com,Staff Data Engineer,User,United States,,False,Paid Search,2025-08-07
C006705,A01976,Abi,Evans,abigail.evans@putz.com,Staff Data Engineer,User,Canada,,False,Referral,2026-09-03
C006706,A01971,Charles,Smith,CHARLES.SMITH@BLACK-LEE.COM,Director of Data Platform,Champion,United States,,False,Free Trial,2025-04-03
C006707,A01013,Ste,Bradshaw,stefan.bradshaw@nordström.com,data guy,,United Kingdom,Legitimate Interest,False,Referral,2026-07-19
C006708,A00066,Albin,Dehmel,ALBIN.DEHMEL@WILLIAMS.COM,Chief Information Officer,Economic Buyer,United States,,False,SDR Outbound,2025-10-23
C006709,A01432,Astrid,Smith,ASTRID.SMITH@HANSSON.COM,Staff Data Engineer,User,United States,,False,Referral,2026-09-28
C006710,A01213,Traugott,Hudson,TRAUGOTT.HUDSON@LEHMANN.COM,"Director, Data Engineering",Champion,United States,,False,Free Trial,2026-08-19
C006711,A00159,Maureen,Begum,MAUREEN.BEGUM@KLINGELHÖFER.COM,Head of Data Engineering,Champion,United States,,False,Paid Search,2025-08-02
C006712,A00407,Sanne,Römer,sanne.römer@holthuis.com,Analytics Engineer,User,United Kingdom,,False,Content Download,2026-09-07
C006713,A01397,Eri,Howard,erik.howard@garner.com,Senior Data Engineer,User,United States,,False,Content Download,2026-07-31
C006714,A00656,Rik,Harloff,rikard.harloff@haglund.com,DATA ENG,,United States,,False,Event,2026-10-05
C006715,A00920,Kyano,Pineda,KYANO.PINEDA@BCC.COM,Head of Data Engineering,Champion,United States,,False,Partner,2026-04-02
C006716,A00373,Jason,Evans,JASON.EVANS@TEXTOR.COM,Director of Data Platform,Champion,Switzerland,Legitimate Interest,False,Referral,2026-07-19
C006717,A01104,Mic,Westerberg,michael.westerberg@schuurmans.com,Staff Data Engineer,User,Germany,Legitimate Interest,False,Event,2024-03-23
C006718,A01244,Sandra,Jönsson,sandra.jönsson@dussen.com,Head of Data Platform,Champion,United Kingdom,Legitimate Interest,False,Event,2026-05-23
C006719,A01090,Owen,Duivenvoorden ,owen.duivenvoorden@larsson.com,Senior Data Engineer,User,Ireland,Legitimate Interest,False,Free Trial,2026-09-20
C006720,A00702,Linnea,Palmer ,linnea.palmer@garrett-barber.com,CISO,Blocker,United Kingdom,Legitimate Interest,False,Partner,2025-06-10
C006721,A01392,Kia,Edström,kian.edström@speer.com,Staff Data Engineer,User,United States,,False,SDR Outbound,2026-09-26
C006722,A01658,Niklas,Mohaupt,NIKLAS.MOHAUPT@SHORT.COM,Head of Data Engineering,Champion,United States,,False,SDR Outbound,2026-03-23
C006723,A01040,Leo,Zevenboom,LEO.ZEVENBOOM@LUND.COM,Staff Data Engineer,User,United States,,False,Referral,2024-11-28
C006724,A01854,Jolijn,van Poppel,jolijn.van poppel@enexis.com,Head of Data Platform,Champion,United Kingdom,Legitimate Interest,False,Referral,2025-12-07
C006725,A00887,Patrick,Perkins ,patrick.perkins@martin.com,Director of Data Platform,Champion,United States,,False,Referral,2026-08-18
C006726,A01559,Hiltraud,Johansson,hiltraud.johansson@eriksson.com,VP Data & Analytics,Economic Buyer,United Kingdom,Legitimate Interest,False,SDR Outbound,2026-07-24
C006727,A01907,Donald,Gibbons ,donald.gibbons@marchand.com,Data Engineering Manager,User,Austria,Legitimate Interest,False,SDR Outbound,2026-10-07
C006728,A01818,Cal,van Wassenaar,callum.van wassenaar@edwards.com,Analytics Engineer,User,Belgium,Legitimate Interest,False,Webinar,2026-01-30
C006729,A01151,Peter,Martin ,peter.martin@hunt-hale.com,"Director, Data Engineering",Champion,United States,,False,Partner,2025-03-06
C006730,A00774,Jose,Ström,jose.ström@ellis.com,Head of Data Platform,Champion,Austria,Legitimate Interest,False,Free Trial,2025-10-26
C006731,A01943,Phileine,Axelsson,phileine.axelsson@trubin.com,Staff Data Engineer,User,United States,,False,Free Trial,2025-12-24
C006732,A01548,Linde,Scott,linde.scott@naylor.com,Director of Data Platform,Champion,United States,,False,Referral,2026-03-13
C006733,A01293,Van,Harrison,vanessa.harrison@nord.com,x,,United States,,False,Partner,2026-10-07
C006734,A00642,Josef,Duncan ,josef.duncan@guerra.com,IT Security Manager,Blocker,Belgium,Legitimate Interest,False,Referral,2026-06-05
C006735,A00456,Josephine,Brookes ,josephine.brookes@hoffman.com,Analytics Engineer,User,United States,,False,Event,2025-06-03
C006736,A00689,Mato,Stanley,mato.stanley@driessen.com,DATA ENG,,United States,,False,Free Trial,2024-08-04
C006737,A01623,Suse,van Dalem ,suse.van dalem@nieuwstraten.com,Analytics Engineer,User,Netherlands,Legitimate Interest,False,Webinar,2026-06-03
C006738,A00673,Robert,Gnodde,ROBERT.GNODDE@ÅSLUND.COM,Data Engineering Manager,User,United Kingdom,Legitimate Interest,False,Partner,2026-03-25
C006739,A01709,Stefan,Faulkner,STEFAN.FAULKNER@THOMAS.COM,Head of Data Engineering,Champion,United Kingdom,Legitimate Interest,False,Webinar,2026-02-05
C006740,A01008,Manuel,Meyer,MANUEL.MEYER@THOMAS-SANTIAGO.COM,Director of Data Platform,Champion,United States,,False,Referral,2026-04-25
C006741,A01922,Damian,Holm ,damian.holm@granath.com,Director of Data Platform,Champion,Austria,Legitimate Interest,False,Event,2026-10-03
C006742,A00733,Yvo,Gerrits,yvonne.gerrits@salazar-brown.com,-,,Netherlands,Legitimate Interest,False,SDR Outbound,2026-07-26
C006743,A01401,Lot,Broeders,lotte.broeders@koninklijke.com,Chief Information Officer,Economic Buyer,United States,,False,SDR Outbound,2026-09-20
C006744,A00924,Rob,Amalrada,robin.amalrada@smith.com,Head of Data Engineering,Champion,Ireland,Legitimate Interest,False,Content Download,2026-07-21
C006745,A00563,Yar,Marsden,yara.marsden@de.com,"Director, Data Engineering",Champion,United States,,False,Event,2026-07-14
C006746,A00305,Josef,Niemeier,JOSEF.NIEMEIER@MELANDER.COM,data guy,,United Kingdom,Legitimate Interest,False,Partner,2026-10-05
C006747,A01205,Ashley,Sire,ASHLEY.SIRE@HUYNH.COM,Analytics Engineer,User,United States,,False,Paid Search,2026-08-13
C006748,A00822,Doris,Pierson,doris.pierson@santiago.com,Senior Data Engineer,User,United States,,False,Partner,2026-09-01
C006749,A01253,Mari,Fiebig ,mari.fiebig@sutton-jones.com,Head of Data Platform,Champion,United States,,False,Webinar,2026-08-30
C006750,A01660,Thijn,Garcia ,thijn.garcia@sundberg.com,Senior Data Engineer,User,Belgium,Legitimate Interest,False,Content Download,2026-01-27
C006751,A00744,Roy,Oennen,roy.oennen@yang.com,VP Data & Analytics,Economic Buyer,United Kingdom,Legitimate Interest,False,Webinar,2026-06-23
C006752,A01672,Milan,Burton,MILAN.BURTON@ANDERSSON.COM,Head of Data Platform,Champion,United States,,False,Free Trial,2026-07-18
C006753,A01523,Rag,van Geest,ragnhild.van geest@mustafa.com,Senior Data Engineer,User,Canada,,False,SDR Outbound,2026-08-07
C006754,A00910,Rosa,Brown,rosa.brown@andersson.com,Senior Data Engineer,User,Denmark,,False,SDR Outbound,2026-07-10
C006755,A00273,Helena,Olsson ,helena.olsson@alexandersson.com,CISO,Blocker,Norway,Legitimate Interest,False,Content Download,2026-01-06
C006756,A00054,Ryan,Sorgatz ,ryan.sorgatz@medina.com,Staff Data Engineer,User,United States,,False,Content Download,2026-10-06
C006757,A00569,Apr,Sjöberg,april.sjöberg@söderlund.com,Head of Data Engineering,Champion,United States,,False,Partner,2026-09-20
C006758,A00673,Gareth,van Egisheim,gareth.van egisheim@åslund.com,Staff Data Engineer,User,United Kingdom,Legitimate Interest,False,Referral,2026-08-26
C006759,A00790,Klaus Dieter,Geisler ,klaus dieter.geisler@van.com,Senior Data Engineer,User,United States,,False,Paid Search,2026-09-25
C006760,A01790,Noah,Ek,noah.ek@mosley-powers.com,DATA ENG,,United Kingdom,Legitimate Interest,False,Paid Search,2026-10-08
C006761,A00774,Cassandra,van de Biesenbos,cassandra.van de biesenbos@ellis.com,Staff Data Engineer,User,Austria,Legitimate Interest,False,SDR Outbound,2026-07-21
C006762,A01677,Din,Wagenvoort,dino.wagenvoort@hubbard.com,Staff Data Engineer,User,Canada,,False,Content Download,2026-02-27
C006763,A01768,Scott,auch Schlauchin,SCOTT.AUCH SCHLAUCHIN@PERSSON.COM,VP Data,Economic Buyer,Ireland,Legitimate Interest,False,Content Download,2026-04-12
C006764,A00189,Ede,Karlsson,edeltraut.karlsson@koninklijke.com,Analytics Engineer,User,United States,,False,Partner,2026-09-18
C006765,A01379,Linn,Gustafsson,LINN.GUSTAFSSON@BENTLEY.COM,VP Data & Analytics,Economic Buyer,United States,,False,Webinar,2026-07-12
C006766,A00128,Rita,Rivera,rita.rivera@hernandez.com,Senior Data Engineer,User,United States,,False,Paid Search,2026-04-24
C006767,A01873,Karl,Doyle,KARL.DOYLE@MARSH-KIRBY.COM,Staff Data Engineer,User,Sweden,Legitimate Interest,False,SDR Outbound,2023-11-14
C006768,A01180,Levi,Taylor,levi.taylor@van.com,Staff Data Engineer,User,United States,,False,Paid Search,2026-01-30
C006769,A01064,Fabiënne,van 't Wel ,fabiënne.van 't wel@tran.com,Staff Data Engineer,User,United States,,False,Event,2025-10-25
C006770,A00500,Carl,Svensson ,carl.svensson@jones.com,IT Security Manager,Blocker,Ireland,Legitimate Interest,False,Content Download,2026-08-26
C006771,A00501,Rik,Steenbakkers ,rik.steenbakkers@nicholls.com,Manager,,United States,,False,Paid Search,2026-01-31
C006772,A01295,Jos,Hamilton,joshua.hamilton@gustafsson.com,Chief Information Officer,Economic Buyer,Austria,Legitimate Interest,False,Free Trial,2026-08-30
C006773,A01809,Xav,van der Lede,xavi.van der lede@royal.com,Director of Data Platform,Champion,Belgium,Legitimate Interest,False,SDR Outbound,2026-07-04
C006774,A00305,Antje,Campbell,antje.campbell@melander.com,Data Engineering Manager,User,United Kingdom,Legitimate Interest,False,SDR Outbound,2026-09-03
C006775,A00527,Ian,de Roos ,ian.de roos@miller.com,"Director, Data Engineering",Champion,United States,,False,SDR Outbound,2026-10-07
C006776,A01120,Mic,Kelly,michelle.kelly@stichting.com,Senior Data Engineer,User,United States,,False,Free Trial,2026-07-26
C006777,A01229,Joanne,Eriksson ,joanne.eriksson@davis.com,Chief Information Officer,Economic Buyer,United States,,False,Webinar,2026-06-18
C006778,A00087,Lia,Winkler,liam.winkler@bohnbach.com,Director of Data Platform,Champion,United States,,False,SDR Outbound,2026-07-23
C006779,A00118,Diane,Rogner,DIANE.ROGNER@GOOGLE.COM,Senior Data Engineer,User,United States,,False,Partner,2025-12-04
C006780,A01030,Nikolas,Jones,NIKOLAS.JONES@WALKER-LEWIS.COM,"Director, Data Engineering",Champion,Norway,Legitimate Interest,False,Free Trial,2026-09-29
C006781,A00091,Patricia,Andersson ,patricia.andersson@pearce.com,Staff Data Engineer,User,United States,,False,Partner,2026-09-19
C006782,A01241,Joshua,Blake,joshua.blake@klingelhöfer.com,Head of Data Platform,Champion,United States,,False,Free Trial,2026-09-03
C006783,A00803,Wen,Hethur,wendy.hethur@wells.com,Senior Data Engineer,User,United Kingdom,Legitimate Interest,False,Webinar,2026-07-08
C006784,A01311,Dav,Jonsson,david.jonsson@powers.com,Chief Information Officer,Economic Buyer,Ireland,Legitimate Interest,False,Free Trial,2026-06-02
C006785,A00328,Linn,Klotz,LINN.KLOTZ@BEAN.COM,VP Data & Analytics,Economic Buyer,Germany,Legitimate Interest,False,SDR Outbound,2026-06-08
C006786,A00700,Richard,Hedman,RICHARD.HEDMAN@GREEN-EVANS.COM,Staff Data Engineer,User,United Kingdom,Legitimate Interest,False,SDR Outbound,2026-08-07
C006787,A01971,Jelte,Matthäi,jelte.matthäi@black-lee.com,Head of Data Engineering,Champion,United States,,False,Referral,2026-07-13
C006788,A01602,Hugo,Weinhage,hugo.weinhage@jones.com,IT Security Manager,Blocker,United States,,False,Paid Search,2026-08-03
C006789,A00522,Heimo,Flink,heimo.flink@larsson.com,"Director, Data Engineering",Champion,United States,,False,Event,2024-01-05
C006790,A00842,Seth,de Graaf ,seth.de graaf@dawson.com,CISO,Blocker,Canada,,False,Paid Search,2026-05-13
C006791,A01388,Zeynep,Jungfer,ZEYNEP.JUNGFER@HARTLEY.COM,intern,,United States,,False,Paid Search,2025-10-02
C006792,A00352,Rayan,Johansson ,rayan.johansson@ali.com,Chief Information Officer,Economic Buyer,United States,,False,Partner,2026-10-01
C006793,A00557,Johanna,Reynolds,JOHANNA.REYNOLDS@VERMEULEN.COM,Head of Data Platform,Champion,United States,,False,Referral,2026-05-17
C006794,A00732,Loek,Andersson,LOEK.ANDERSSON@SMITH.COM,Data Engineering Manager,User,United Kingdom,Legitimate Interest,False,Free Trial,2025-05-22
C006795,A00459,Owe,Finch,owen.finch@north.com,Analytics Engineer,User,United Kingdom,Legitimate Interest,False,Free Trial,2026-05-07
C006796,A01198,Britta,Cook,BRITTA.COOK@WALLIN.COM,Staff Data Engineer,User,United States,,False,Partner,2026-08-17
C006797,A01406,Eleni,Geißler,ELENI.GEISSLER@JOHNSON.COM,Head of Data Engineering,Champion,United States,,False,Paid Search,2026-07-30
C006798,A00406,Wenzel,van Bunschoten ,wenzel.van bunschoten@wilkins.com,Staff Data Engineer,User,United States,,False,Paid Search,2026-03-26
C006799,A00212,Emelie,Pearce,EMELIE.PEARCE@THANEL.COM,Senior Data Engineer,User,United States,,False,Free Trial,2026-09-22
C006800,A01890,Cecilia,Moody ,cecilia.moody@bergman.com,Staff Data Engineer,User,Norway,Legitimate Interest,False,Referral,2026-09-28
C006801,A00458,Brandon,Holmberg,brandon.holmberg@petersson.com,Head of Data Platform,Champion,Canada,,False,Partner,2026-08-24
C006802,A00657,Eileen,Holt,EILEEN.HOLT@HELLBERG.COM,ceo ,,United States,,False,Partner,2026-06-24
C006803,A00115,Rodney,Short,RODNEY.SHORT@JAMES.COM,Director of Data Platform,Champion,United States,,False,Webinar,2026-06-27
C006804,A01199,Oskar,Linschoten ,oskar.linschoten@luna.com,Head of Data Platform,Champion,United States,,False,Webinar,2025-01-28
C006805,A00480,Margareta,Döhn,margareta.döhn@vaughan-cole.com,ceo ,,Germany,Legitimate Interest,False,Referral,2026-09-16
C006806,A01455,Mer,Cox,merijn.cox@read-butler.com,Analytics Engineer,User,United Kingdom,Legitimate Interest,False,Free Trial,2025-09-08
C006807,A00688,Johan,Hartmann,johan.hartmann@koch.com,Head of Procurement,Blocker,United Kingdom,Legitimate Interest,False,Content Download,2026-05-23
C006808,A01765,Eric,Schmiedt ,eric.schmiedt@schmiedecke.com,CISO,Blocker,United Kingdom,Legitimate Interest,False,Paid Search,2025-12-11
C006809,A00193,Jacek,Malmström,jacek.malmström@van.com,data guy,,United Kingdom,Legitimate Interest,False,Referral,2025-10-27
C006810,A01307,Deborah,Hancock ,deborah.hancock@van.com,Analytics Engineer,User,United Kingdom,Legitimate Interest,False,Free Trial,2026-07-30
C006811,A00778,Laura,Price ,laura.price@brown.com,Director of Data Platform,Champion,Norway,Legitimate Interest,True,Paid Search,2025-08-20
C006812,A00589,Joe,Westerberg,joel.westerberg@eriksson.com,CISO,Blocker,United States,,False,Event,2026-06-09
C006813,A01124,Stephanie,Harper,STEPHANIE.HARPER@ROYAL.COM,Data Engineering Manager,User,United Kingdom,Legitimate Interest,False,Free Trial,2025-12-12
C006814,A01700,Diane,Brodin ,diane.brodin@olsen.com,DATA ENG,,Netherlands,Legitimate Interest,False,Content Download,2026-08-27
C006815,A01618,Annica,van Oosten ,annica.van oosten@nordgren.com,Director of Data Platform,Champion,United States,,False,Partner,2026-10-03
C006816,A00269,Car,Heidrich,caren.heidrich@zirme.com,Senior Data Engineer,User,United States,,False,Event,2025-04-25
C006817,A00830,Patrik,Roy ,patrik.roy@juncken.com,Data Engineering Manager,User,United States,,False,Webinar,2026-09-12
C006818,A01497,Nisa,Svensson,NISA.SVENSSON@GUSTAFSSON.COM,Chief Data Officer,Economic Buyer,United Kingdom,Legitimate Interest,False,Content Download,2026-09-26
C006819,A00450,Chr,Taylor,christin.taylor@karlsson.com,Analytics Engineer,User,United States,,False,Free Trial,2026-04-06
C006820,A01632,Victor,Long,VICTOR.LONG@REYNOLDS.COM,IT Security Manager,Blocker,United States,,False,Referral,2026-05-08
C006821,A00864,Daniël,Westerbeek,DANIËL.WESTERBEEK@CHAN.COM,Analytics Engineer,User,United Kingdom,Legitimate Interest,False,Partner,2026-03-27
C006822,A01259,Tho,Gibson,thomas.gibson@hunter.com,Analytics Engineer,User,Canada,,False,Content Download,2026-09-26
C006823,A01336,Amanda,Benthin ,amanda.benthin@fremie.com,Staff Data Engineer,User,United States,,False,SDR Outbound,2025-11-05
C006824,A01413,Ehrentraud,Holmes,EHRENTRAUD.HOLMES@LEE.COM,Senior Data Engineer,User,United Kingdom,Legitimate Interest,False,Event,2026-09-22
C006825,A00660,Felicia,Jackson,FELICIA.JACKSON@HARDY-PATEL.COM,Head of Data Platform,Champion,United Kingdom,Legitimate Interest,False,Referral,2026-05-13
C006826,A00377,Alfred,Matthews,ALFRED.MATTHEWS@JACOBI.COM,Staff Data Engineer,User,United States,,False,Webinar,2026-08-08
C006827,A00208,Jennifer,Lehmann,JENNIFER.LEHMANN@SAGER.COM,Staff Data Engineer,User,Denmark,Legitimate Interest,False,Partner,2025-02-25
C006828,A01708,Joa,Lynn,joanna.lynn@danielsson.com,VP Data,Economic Buyer,Switzerland,Legitimate Interest,False,SDR Outbound,2026-10-01
C006829,A01709,Haj,Holmes,hajo.holmes@thomas.com,test,,United Kingdom,Legitimate Interest,False,Free Trial,2026-06-05
C006830,A01666,Kerstin,Mayer,kerstin.mayer@morgan.com,IT Security Manager,Blocker,Germany,Legitimate Interest,False,Content Download,2026-10-07
C006831,A00030,Margita,Kriens,margita.kriens@hudson.com,"Director, Data Engineering",Champion,United States,,True,Content Download,2026-09-18
C006832,A00713,Henry,Andersson,HENRY.ANDERSSON@RICHARDS-WILLIAMS.COM,Staff Data Engineer,User,United States,,False,Partner,2026-09-14
C006833,A01760,Jake,Rees ,jake.rees@nguyen.com,Head of Data Platform,Champion,United States,,False,Content Download,2025-12-20
C006834,A00860,Gotthilf,Gibson,GOTTHILF.GIBSON@HAWKINS-ARNOLD.COM,"Director, Data Engineering",Champion,United States,,False,Partner,2026-08-11
C006835,A00284,Diether,Ullrich ,diether.ullrich@curtis.com,IT Security Manager,Blocker,United Kingdom,Legitimate Interest,False,Content Download,2026-09-02
C006836,A00300,Elisa,Cadefau,ELISA.CADEFAU@ALBERS.COM,Director of Data Platform,Champion,Canada,,False,Content Download,2025-02-08
C006837,A01827,Sigvard,Karlsson,sigvard.karlsson@hayward.com,Head of Procurement,Blocker,Germany,Legitimate Interest,False,Paid Search,2026-09-24
C006838,A00143,Laurie,Lawson,laurie.lawson@henk.com,Senior Data Engineer,User,United States,,False,SDR Outbound,2026-10-08
C006839,A01832,Brianna,Schagen ,brianna.schagen@baxter-foster.com,Head of Procurement,Blocker,United States,,False,Paid Search,2026-10-07
C006840,A00960,Krista,Lin,KRISTA.LIN@KPMG.COM,Staff Data Engineer,User,United States,,False,Content Download,2024-12-05
C006841,A00909,Mikael,Allen ,mikael.allen@brown-walters.com,Data Engineering Manager,User,Canada,,False,Content Download,2026-07-27
C006842,A01118,Pirmin,Krabbe,pirmin.krabbe@reijers.com,Staff Data Engineer,User,Canada,,False,Partner,2026-04-08
C006843,A01639,Leonore,Smith,LEONORE.SMITH@ZOBEL.COM,Analytics Engineer,User,Switzerland,Legitimate Interest,False,Content Download,2026-10-04
C006844,A00665,Beth,Thorén,BETH.THORÉN@LUSTER.COM,Director of Data Platform,Champion,United States,,False,Referral,2026-07-14
C006845,A01563,Reinhardt,Wähner ,reinhardt.wähner@andersson.com,Manager,,United Kingdom,Legitimate Interest,False,Referral,2026-07-16
C006846,A01749,Mau,Jacob,maureen.jacob@leonard.com,Head of Data Platform,Champion,Germany,Legitimate Interest,False,Referral,2026-05-04
C006847,A00456,Jasper,Frid ,jasper.frid@hoffman.com,Staff Data Engineer,User,United States,,False,Paid Search,2026-04-19
C006848,A01552,Troy,Lundin,troy.lundin@jönsson.com,Analytics Engineer,User,United Kingdom,Legitimate Interest,False,Referral,2026-08-16
C006849,A01034,Richard,van de Leemput,richard.van de leemput@vilhelmsson.com,Data Engineering Manager,User,Ireland,Legitimate Interest,False,SDR Outbound,2026-03-24
C006850,A00677,Elin,van Susa,elin.van susa@schmidt.com,Analytics Engineer,User,Germany,Legitimate Interest,False,Paid Search,2026-07-20
C006851,A01045,Inge,Mattsson,inge.mattsson@lidström.com,Head of Data Platform,Champion,Germany,Legitimate Interest,False,Free Trial,2026-10-05
C006852,A00785,Rafael,Françoise,rafael.françoise@mammoet.com,Senior Data Engineer,User,Canada,,False,Webinar,2026-03-24
C006853,A00283,Ger,Sölzer,gerrit.sölzer@de.com,Head of Data Engineering,Champion,United States,,False,Event,2026-06-15
C006854,A01972,Sabri,Berger,SABRI.BERGER@DIPPEL.COM,Chief Information Officer,Economic Buyer,United States,,False,Content Download,2026-09-09
C006855,A01822,Paula,Weinhage ,paula.weinhage@kreusel.com,Staff Data Engineer,User,United States,,False,SDR Outbound,2026-09-12
C006856,A00383,Hedwig,Seip ,hedwig.seip@putz.com,Senior Data Engineer,User,United Kingdom,Legitimate Interest,False,Paid Search,2026-04-24
C006857,A01882,Dylan,Elliott,dylan.elliott@hill-miah.com,"Director, Data Engineering",Champion,United States,,False,Webinar,2025-10-31
C006858,A00621,Christopher,Andrews ,christopher.andrews@eklund.com,VP Data & Analytics,Economic Buyer,Germany,Legitimate Interest,False,SDR Outbound,2026-10-04
C006859,A01287,Jacob,Williams,jacob.williams@brown-fuller.com,Data Engineering Manager,User,Sweden,Legitimate Interest,False,Paid Search,2026-05-08
C006860,A00294,Mad,van de Plas,madison.van de plas@döhn.com,IT Security Manager,Blocker,United States,,False,SDR Outbound,2026-08-04
C006861,A00577,Syl,Ruppert,sylvia.ruppert@magnusson.com,Chief Information Officer,Economic Buyer,Ireland,Legitimate Interest,False,Content Download,2026-07-12
C006862,A01648,Larry,Ryan,LARRY.RYAN@KHALIL.COM,"Director, Data Engineering",Champion,United States,,False,Paid Search,2025-12-31
C006863,A01754,Mar,Weitzel,marcus.weitzel@weihmann.com,Chief Information Officer,Economic Buyer,United States,,False,Content Download,2025-10-18
C006864,A00070,Lin,Ruppersberger,linda.ruppersberger@klemt.com,Head of Data Engineering,Champion,Switzerland,Legitimate Interest,False,Referral,2026-09-23
C006865,A01593,Isabelle,Fowler,ISABELLE.FOWLER@RICHARDS-BROWN.COM,Staff Data Engineer,User,United States,,False,Webinar,2025-09-11
C006866,A00698,Maria,Griffin ,maria.griffin@shell.com,Senior Data Engineer,User,United Kingdom,Legitimate Interest,False,Free Trial,2024-11-19
C006867,A00440,Fenne,Romijn,fenne.romijn@briemer.com,Head of Data Engineering,Champion,Canada,,False,Referral,2026-07-19
C006868,A01078,Alexander,van Loon,alexander.van loon@gilbert-norman.com,Head of Procurement,Blocker,United States,,False,Content Download,2026-04-28
C006869,A01334,Axel,Johansson ,axel.johansson@scott.com,N/A,,United States,,False,Free Trial,2026-06-29
C006870,A00358,Abbas,Pearson,ABBAS.PEARSON@VAN.COM,test,,United States,,False,Webinar,2026-05-07
C006871,A00375,Dimitrios,Olsson ,dimitrios.olsson@smith.com,Director of Data Platform,Champion,United States,,False,Free Trial,2026-06-30
C006872,A01418,Ger,auch Schlauchin,gerard.auch schlauchin@vincent.com,Analytics Engineer,User,United States,,True,Partner,2025-12-26
C006873,A00761,Henrik,Trupp,HENRIK.TRUPP@WHITE.COM,Head of Data Engineering,Champion,United States,,False,Referral,2026-09-19
C006874,A01268,Glenn,Seifert,GLENN.SEIFERT@ANDERSSON.COM,Manager,,United Kingdom,Legitimate Interest,False,Event,2025-07-16
C006875,A00309,Carol,Brown,CAROL.BROWN@KARLSSON.COM,Staff Data Engineer,User,Netherlands,Legitimate Interest,False,Event,2026-09-05
C006876,A01968,Fenne,Berger,fenne.berger@stichting.com,IT Security Manager,Blocker,United States,,False,Content Download,2026-09-30
C006877,A00704,Kai,Jähn ,kai.jähn@woods.com,DATA ENG,,Denmark,Legitimate Interest,False,Referral,2026-09-30
C006878,A01044,Patricia,Clayton,PATRICIA.CLAYTON@THOMPSON.COM,Head of Data Platform,Champion,United States,,False,Event,2026-06-05
C006879,A01219,Jennifer,Ström,JENNIFER.STRÖM@KOLEN.COM,Analytics Engineer,User,Belgium,Legitimate Interest,True,Partner,2026-04-29
C006880,A01190,Ayden,van Ooyen,AYDEN.VAN OOYEN@RFS.COM,Senior Data Engineer,User,United States,,False,Content Download,2026-06-08
C006881,A01706,Adele,Lind ,adele.lind@turner.com,Data Engineering Manager,User,United States,,False,Partner,2026-03-03
C006882,A00497,Cäcilia,Trommler,cäcilia.trommler@anders.com,Head of Data Engineering,Champion,United Kingdom,Legitimate Interest,False,SDR Outbound,2026-05-09
C006883,A00090,Wal,Hörle,walter.hörle@edman.com,Staff Data Engineer,User,Sweden,Legitimate Interest,False,Referral,2026-07-16
C006884,A00295,David,Eberth,david.eberth@moss.com,Head of Data Platform,Champion,United Kingdom,Legitimate Interest,False,Paid Search,2026-10-08
C006885,A00547,Cornelia,Payne,CORNELIA.PAYNE@STECKEL.COM,Analytics Engineer,User,United States,,False,Free Trial,2025-10-24
C006886,A01457,Dylan,Lees,dylan.lees@seip.com,Staff Data Engineer,User,United States,,False,Partner,2026-06-12
C006887,A01712,Erik,Bird,erik.bird@karlsson.com,VP Data,Economic Buyer,United States,,False,Referral,2026-09-28
C006888,A00819,Agn,Davison,agneta.davison@lundin.com,Head of Data Platform,Champion,United Kingdom,Legitimate Interest,False,Event,2026-07-25
C006889,A00625,Filiz,Cox ,filiz.cox@turner.com,test,,Sweden,Legitimate Interest,False,Partner,2026-08-19
C006890,A00706,Steven,Perrono ,steven.perrono@dominguez.com,Head of Data Engineering,Champion,Canada,,False,Partner,2025-11-26
C006891,A01876,Catherine,Harris,catherine.harris@king-lee.com,Staff Data Engineer,User,Germany,Legitimate Interest,False,Webinar,2025-05-26
C006892,A01670,Henri,Jüttner,henri.jüttner@van.com,Analytics Engineer,User,United States,,False,SDR Outbound,2026-07-07
C006893,A00192,Ben,Dietz ,ben.dietz@junitz.com,Data Engineering Manager,User,Sweden,Legitimate Interest,False,Partner,2025-09-16
C006894,A01044,Christina,Werner ,christina.werner@thompson.com,Data Engineering Manager,User,United States,,False,Webinar,2026-09-10
C006895,A00562,Dia,Totwiller,diane.totwiller@heß.com,Analytics Engineer,User,Germany,Legitimate Interest,False,Webinar,2026-07-30
C006896,A00997,Michal,van de Weterink,MICHAL.VAN DE WETERINK@KRAUS.COM,Senior Data Engineer,User,United States,,False,Referral,2026-09-10
C006897,A00028,Boris,Graham,boris.graham@howe.com,Analytics Engineer,User,United States,,False,Content Download,2026-01-04
C006898,A01436,Marie,Kroker ,marie.kroker@juncken.com,Chief Data Officer,Economic Buyer,Norway,Legitimate Interest,False,Paid Search,2026-09-07
C006899,A00749,Derek,Mills,derek.mills@watson.com,Data Engineering Manager,User,United States,,False,Content Download,2026-10-07
C006900,A00285,Thomas,Klapp,thomas.klapp@price-wilson.com,Head of Data Engineering,Champion,Switzerland,Legitimate Interest,False,Content Download,2026-09-11
C006901,A00096,Marilyn,Clarke,marilyn.clarke@weitzel.com,Director of Data Platform,Champion,Ireland,Legitimate Interest,False,Referral,2025-09-16
C006902,A00770,Stewart,Richardson,stewart.richardson@herbert-pritchard.com,Analytics Engineer,User,United States,,False,Partner,2025-07-27
C006903,A02001,Anastasios,Krantz,anastasios.krantz@harris.com,Staff Data Engineer,User,United Kingdom,Legitimate Interest,False,Event,2026-05-01
C006904,A01974,Edith,Eklöf,edith.eklöf@coleman.com,"Director, Data Engineering",Champion,Netherlands,Legitimate Interest,False,Paid Search,2026-07-18
C006905,A00167,Mikael,Goedhart,mikael.goedhart@månsson.com,Head of Procurement,Blocker,United Kingdom,Legitimate Interest,False,Referral,2026-10-02
C006906,A01416,Julian,Hering,julian.hering@johansson.com,Staff Data Engineer,User,Germany,Legitimate Interest,False,Free Trial,2025-10-17
C006907,A02002,Mohamed,Lehmann,mohamed.lehmann@frey-knight.com,IT Security Manager,Blocker,United Kingdom,Legitimate Interest,False,Content Download,2026-01-22
C006908,A02003,Aimee,Jansson,aimee.jansson@schleich.com,"Director, Data Engineering",Champion,Canada,,False,Partner,2026-01-01
C006909,A00872,Ljiljana,Roman,ljiljana.roman@taylor.com,IT Security Manager,Blocker,Germany,Legitimate Interest,False,Free Trial,2026-08-12
C006910,A00674,Carl,Verda,carl.verda@gmail.com,Head of Data Engineering,Champion,United States,,False,SDR Outbound,2025-09-07
C006911,A02004,Hannah,Price,hannah.price@korsman.com,Head of Procurement,Blocker,United States,,False,Partner,2026-05-22
C006912,A02005,Maxim,Jakobsson,maxim.jakobsson@bolander.com,Chief Information Officer,Economic Buyer,United States,,False,SDR Outbound,2025-10-04
C006913,A01776,Femke,Werdes,femke.werdes@svensson.com,Head of Procurement,Blocker,United Kingdom,Legitimate Interest,False,SDR Outbound,2026-07-31
C006914,A01668,Konstanze,Kerkhof,konstanze.kerkhof@gmail.com,Head of Data Engineering,Champion,United States,,False,Free Trial,2025-04-28
C006915,A01008,Patricia,de Lange,patricia.de lange@thomas-santiago.com,Chief Information Officer,Economic Buyer,United States,,False,Paid Search,2026-07-27
C006916,A02006,Robert,van Duivenvoorde,robert.van duivenvoorde@johnston-john.com,Head of Data Platform,Champion,Canada,,False,Webinar,2026-03-29
C006917,A00790,Nikolas,Conradi,nikolas.conradi@van.com,IT Security Manager,Blocker,United States,,False,SDR Outbound,2026-07-04
C006918,A02007,Mark,Burns,mark.burns@baum.com,Analytics Engineer,User,Germany,Legitimate Interest,False,SDR Outbound,2026-09-10
C006919,A00653,Birgitta,Radisch,birgitta.radisch@paulsson.com,IT Security Manager,Blocker,United Kingdom,Legitimate Interest,False,Event,2025-12-24
C006920,A02008,Lindsay,van Luinenburg,lindsay.van luinenburg@yahoo.com,Head of Data Engineering,Champion,Switzerland,Legitimate Interest,False,Paid Search,2025-11-22
C006921,A00979,Katie,Arnold,katie.arnold@hauffer.com,Analytics Engineer,User,Norway,Legitimate Interest,False,Partner,2026-05-04
C006922,A01262,Stefani,Barnes,stefani.barnes@hammarström.com,Chief Data Officer,Economic Buyer,Germany,Legitimate Interest,False,Partner,2026-09-08
C006923,A00437,Holly,Lonen,holly.lonen@häring.com,Head of Data Platform,Champion,Netherlands,Legitimate Interest,False,Paid Search,2026-01-07
C006924,A02009,Margareta,Jessel,margareta.jessel@johnson.com,Analytics Engineer,User,United Kingdom,Legitimate Interest,False,Referral,2026-05-05
C006925,A01626,Robin,Lucas,robin.lucas@neureuther.com,Senior Data Engineer,User,Germany,Legitimate Interest,False,SDR Outbound,2026-02-08
C006926,A01432,Barbara,Rowland,barbara.rowland@hansson.com,"Director, Data Engineering",Champion,United States,,False,Free Trial,2025-07-12
C006927,A02010,Sarah,Ruiz,sarah.ruiz@forsberg.com,Director of Data Platform,Champion,United States,,False,Content Download,2025-12-27
C006928,A00008,Jenny,Ruiz,jenny.ruiz@walsh.com,Data Engineering Manager,User,United States,,False,Paid Search,2026-05-28
C006929,A00611,Iris,Olausson,iris.olausson@kraushaar.com,Head of Data Platform,Champion,United States,,False,Event,2025-05-28
C006930,A01430,Chloe,Benthin,chloe.benthin@hoogvliet.com,CISO,Blocker,United States,,False,Free Trial,2026-06-07
C006931,A01684,Konrad,Petersson,konrad.petersson@stichting.com,Senior Data Engineer,User,United States,,False,Paid Search,2026-06-15
C006932,A02011,Noah,Travis,noah.travis@murphy.com,Head of Procurement,Blocker,Switzerland,Legitimate Interest,False,SDR Outbound,2026-09-03
C006933,A02012,Karl,Delacruz,karl.delacruz@johnson-barnes.com,Chief Data Officer,Economic Buyer,Canada,,False,Paid Search,2025-09-14
C006934,A00162,Sharon,Nilsson,sharon.nilsson@eberth.com,Data Engineering Manager,User,United States,,False,Partner,2026-05-27
C006935,A01805,Andrew,Taylor,andrew.taylor@royal.com,Data Engineering Manager,User,Germany,Legitimate Interest,False,Partner,2026-07-26
C006936,A02013,Wolf-Dietrich,Cook,wolf-dietrich.cook@yahoo.com,Data Engineering Manager,User,Canada,,False,Content Download,2025-12-09
C006937,A00537,Jonathan,Cook,jonathan.cook@eriksson.com,VP Data & Analytics,Economic Buyer,United States,,False,Partner,2025-06-29
C006938,A02014,Anthony,Taylor,anthony.taylor@peters.com,Head of Procurement,Blocker,Germany,Legitimate Interest,False,Partner,2026-04-22
C006939,A01151,Benjamin,Potts,benjamin.potts@hunt-hale.com,Analytics Engineer,User,United States,,False,SDR Outbound,2025-08-08
C006940,A02015,Catharina,Schmidtke,catharina.schmidtke@koninklijke.com,Head of Data Platform,Champion,Germany,Legitimate Interest,False,Partner,2026-07-24
C006941,A02016,Hugo,Nilsson,hugo.nilsson@seip.com,Staff Data Engineer,User,United States,,False,Content Download,2026-06-28
C006942,A02017,Kerri,Augustsson,kerri.augustsson@read.com,Chief Data Officer,Economic Buyer,United Kingdom,Legitimate Interest,False,Event,2025-09-11
C006943,A00490,Zeynep,Finley,zeynep.finley@jacobs.com,Head of Procurement,Blocker,Germany,Legitimate Interest,False,Free Trial,2025-04-21
C006944,A02018,Maria,de Swart,maria.de swart@wheeler-campbell.com,Chief Information Officer,Economic Buyer,Belgium,Legitimate Interest,False,SDR Outbound,2026-08-12
C006945,A02019,Rita,Olsson,rita.olsson@roberts.com,Chief Information Officer,Economic Buyer,United States,,False,Free Trial,2026-03-06
C006946,A02020,Annaliese,Marsh,annaliese.marsh@blevins.com,"Director, Data Engineering",Champion,Switzerland,Legitimate Interest,False,Event,2025-09-19
C006947,A01849,Robin,Plath,robin.plath@johann.com,Chief Information Officer,Economic Buyer,United States,,False,Content Download,2026-02-12
C006948,A01666,Ian,Oda,ian.oda@morgan.com,Head of Procurement,Blocker,Germany,Legitimate Interest,False,Content Download,2025-04-16
C006949,A02021,Beau,Vazquez,beau.vazquez@eriksson.com,Analytics Engineer,User,Germany,Legitimate Interest,False,Event,2025-08-13
C006950,A02022,Deborah,Mathol,deborah.mathol@rasmussen-newton.com,Chief Data Officer,Economic Buyer,Austria,Legitimate Interest,False,Free Trial,2025-05-02
C006951,A02023,Patricia,Gustafsson,patricia.gustafsson@pauwels.com,Chief Information Officer,Economic Buyer,Netherlands,Legitimate Interest,False,Partner,2026-04-03
C006952,A00972,Terry,Wohlgemut,terry.wohlgemut@hägg.com,CISO,Blocker,United States,,False,Referral,2026-03-22
C006953,A01170,Fanny,van Noordeloos,fanny.van noordeloos@hagström.com,Head of Procurement,Blocker,United States,,False,Event,2025-07-16
C006954,A00985,Barbro,Chen,barbro.chen@döring.com,Director of Data Platform,Champion,United States,,False,Paid Search,2025-10-15
C006955,A02024,Juul,Reuter,juul.reuter@lindell.com,CISO,Blocker,United States,,False,Referral,2025-07-13
C006956,A00829,Celine,Brown,celine.brown@price.com,CISO,Blocker,Denmark,Legitimate Interest,False,Webinar,2026-07-23
C006957,A02025,Esmée,O'Connor,esmée.o'connor@kuhl.com,Head of Procurement,Blocker,United States,,False,Partner,2026-01-07
C006958,A01821,Marcus,Johnson,marcus.johnson@paulsson.com,Head of Data Platform,Champion,Germany,Legitimate Interest,False,Partner,2026-07-19
C006959,A00852,Nils,Schuchhardt,nils.schuchhardt@booking.com.com,Head of Data Platform,Champion,United States,,False,Event,2026-01-31
C006960,A02026,Mees,Schweitzer,mees.schweitzer@lambert.com,CISO,Blocker,United States,,False,Content Download,2025-09-13
C006961,A01021,Sheila,van der Velde,sheila.van der velde@newman.com,Head of Data Engineering,Champion,Ireland,Legitimate Interest,False,SDR Outbound,2025-08-14
C006962,A00933,Marie,Weaver,marie.weaver@royal.com,Data Engineering Manager,User,Belgium,Legitimate Interest,False,Paid Search,2026-03-09
C006963,A01858,Ross,Gibbs,ross.gibbs@banks.com,VP Data,Economic Buyer,Switzerland,Legitimate Interest,False,Referral,2026-04-12
C006964,A02027,Emmy,Nilsson,emmy.nilsson@losekann.com,Senior Data Engineer,User,Belgium,Legitimate Interest,False,Referral,2026-05-17
C006965,A00013,Matthew,Bailey,matthew.bailey@harper-atkinson.com,IT Security Manager,Blocker,Denmark,Legitimate Interest,False,Event,2026-06-14
C006966,A02028,Julia,Mol,julia.mol@koninklijke.com,IT Security Manager,Blocker,United Kingdom,Legitimate Interest,False,Paid Search,2025-08-22
C006967,A02029,Leni,Eckbauer,leni.eckbauer@pärtzelt.com,IT Security Manager,Blocker,United States,,False,Partner,2025-11-22
C006968,A00695,Daniël,Hörle,daniël.hörle@davis.com,Head of Data Platform,Champion,United Kingdom,Legitimate Interest,False,Webinar,2025-08-15
C006969,A01435,Ove,Kitzmann,ove.kitzmann@gröttner.com,Staff Data Engineer,User,United States,,False,Paid Search,2026-01-27
C006970,A02030,Ingegerd,Gross,ingegerd.gross@karlsson.com,Data Engineering Manager,User,United States,,False,Webinar,2025-08-23
C006971,A01768,Alice,van de Wal,alice.van de wal@persson.com,IT Security Manager,Blocker,Ireland,Legitimate Interest,False,Content Download,2026-09-03
C006972,A00390,Niclas,Walter,niclas.walter@smits.com,VP Data,Economic Buyer,Ireland,Legitimate Interest,False,Content Download,2026-09-02
C006973,A00449,Dylan,Washington,dylan.washington@hagberg.com,Director of Data Platform,Champion,Denmark,Legitimate Interest,False,Partner,2025-06-18
C006974,A02031,Lennart,Wells,lennart.wells@yahoo.com,Chief Information Officer,Economic Buyer,United States,,False,Partner,2025-12-02
C006975,A00863,Michelle,van Bruchem,michelle.van bruchem@jorlink.com,Senior Data Engineer,User,United Kingdom,Legitimate Interest,False,Free Trial,2025-11-25
C006976,A01236,Danny,de Backer,danny.de backer@outlook.com,Data Engineering Manager,User,United States,,False,Paid Search,2026-05-04
C006977,A02032,Grazyna,Bolton,grazyna.bolton@sahlin.com,Chief Data Officer,Economic Buyer,United States,,False,Webinar,2025-08-16
C006978,A00233,Shannon,Mans,shannon.mans@williams.com,"Director, Data Engineering",Champion,United Kingdom,Legitimate Interest,False,Paid Search,2025-11-03
C006979,A02033,Justin,Vergeer,justin.vergeer@king.com,VP Data & Analytics,Economic Buyer,United States,,False,Content Download,2025-10-26
C006980,A02034,Megan,Förster,megan.förster@sims-watson.com,IT Security Manager,Blocker,United States,,False,Content Download,2025-07-02
C006981,A01526,Faye,Olsson,faye.olsson@dawson.com,Director of Data Platform,Champion,United States,,False,Content Download,2026-06-18
C006982,A01744,Wenke,Good,wenke.good@cole-farrell.com,CISO,Blocker,United States,,False,Partner,2025-05-06
C006983,A01950,Kelly,Ferguson,kelly.ferguson@morgan.com,Analytics Engineer,User,Germany,Legitimate Interest,False,SDR Outbound,2026-06-05
C006984,A00116,Linnéa,Dixon,linnéa.dixon@yahoo.com,VP Data & Analytics,Economic Buyer,United Kingdom,Legitimate Interest,False,SDR Outbound,2026-06-22
C006985,A01694,Heather,White,heather.white@pettersson.com,Senior Data Engineer,User,United Kingdom,Legitimate Interest,False,Paid Search,2026-03-08
C006986,A01458,Amy,Peukert,amy.peukert@patel-morales.com,"Director, Data Engineering",Champion,United Kingdom,Legitimate Interest,False,Partner,2025-09-07
C006987,A00478,Christian,Bruynzeels,christian.bruynzeels@moberg.com,Head of Data Engineering,Champion,United States,,False,Event,2025-08-04
C006988,A00916,Niels,Coolen,niels.coolen@outlook.com,Head of Data Engineering,Champion,United States,,False,Partner,2025-07-29
C006989,A01648,Elisabeth,Graf,elisabeth.graf@khalil.com,Director of Data Platform,Champion,United States,,False,Free Trial,2026-09-29
C006990,A02035,Lena,Olsson,lena.olsson@noble-richardson.com,Senior Data Engineer,User,United States,,False,Content Download,2025-12-22
C006991,A02036,Wolfram,Thies,wolfram.thies@pasman.com,Chief Data Officer,Economic Buyer,United States,,False,Event,2025-08-01
C006992,A02037,Thies,Rodriguez,thies.rodriguez@lucas.com,VP Data,Economic Buyer,Belgium,Legitimate Interest,False,SDR Outbound,2026-06-02
C006993,A02038,Christian,van der Veen,christian.van der veen@klotz.com,Staff Data Engineer,User,United States,,False,Content Download,2026-02-14
C006994,A01605,Hailey,Sundberg,hailey.sundberg@brievingh.com,VP Data,Economic Buyer,Sweden,Legitimate Interest,False,Event,2026-05-13
C006995,A02039,Floortje,Bergström,floortje.bergström@gonzalez.com,Chief Data Officer,Economic Buyer,United States,,False,Free Trial,2026-10-05
C006996,A01664,Nicole,Ahmed,nicole.ahmed@luna.com,Analytics Engineer,User,Switzerland,Legitimate Interest,False,Paid Search,2025-09-29
C006997,A00104,Jason,Montgomery,jason.montgomery@van.com,Data Engineering Manager,User,United States,,False,Free Trial,2025-07-26
C006998,A01011,Pleun,Aeije,pleun.aeije@outlook.com,Director of Data Platform,Champion,United Kingdom,Legitimate Interest,False,SDR Outbound,2025-06-08
C006999,A00982,Raymond,David,raymond.david@malone.com,Analytics Engineer,User,Canada,,False,SDR Outbound,2025-05-27
C007000,A00286,Jennifer,Butler,jennifer.butler@kuhl.com,VP Data & Analytics,Economic Buyer,Belgium,Legitimate Interest,False,Webinar,2026-03-20
C007001,A01959,Alexandra,Rydberg,alexandra.rydberg@van.com,"Director, Data Engineering",Champion,Ireland,Legitimate Interest,False,SDR Outbound,2026-06-27
C007002,A01151,James,Williams,james.williams@hunt-hale.com,Director of Data Platform,Champion,United States,,False,Paid Search,2026-01-13
C007003,A02040,Maureen,Schenk,maureen.schenk@aumann.com,Senior Data Engineer,User,United States,,False,Referral,2025-11-26
C007004,A01542,Leon,Dahlgren,leon.dahlgren@van.com,IT Security Manager,Blocker,Netherlands,Legitimate Interest,False,Partner,2026-09-21
C007005,A00254,Saar,Stichter,saar.stichter@yahoo.com,Chief Data Officer,Economic Buyer,United States,,False,Webinar,2025-11-23
C007006,A00153,Hans Josef,Stroh,hans josef.stroh@henningsson.com,VP Data,Economic Buyer,United States,,False,Content Download,2025-10-25
C007007,A02041,Nicole,Briemer,nicole.briemer@allen.com,IT Security Manager,Blocker,Sweden,Legitimate Interest,False,Content Download,2026-05-03
C007008,A02042,Suzanne,Ballard,suzanne.ballard@gorlitz.com,CISO,Blocker,Netherlands,Legitimate Interest,False,Free Trial,2025-07-14
C007009,A01105,Denise,Edlund,denise.edlund@jenkins-jones.com,IT Security Manager,Blocker,Netherlands,Legitimate Interest,False,Content Download,2026-07-03
C007010,A02043,Jennifer,Svensson,jennifer.svensson@plus.com,IT Security Manager,Blocker,Canada,,False,Content Download,2025-07-06
C007011,A02044,Elisabeth,Adams,elisabeth.adams@lindén.com,VP Data,Economic Buyer,United Kingdom,Legitimate Interest,False,Free Trial,2025-09-28
C007012,A00821,William,Klemt,william.klemt@robinson-thompson.com,Analytics Engineer,User,Netherlands,Legitimate Interest,False,Content Download,2026-04-11
C007013,A02045,Alejandra,Heydrich,alejandra.heydrich@coop.com,VP Data,Economic Buyer,United States,,False,Free Trial,2026-05-08
C007014,A02046,Birgitta,Sjöberg,birgitta.sjöberg@vitol.com,IT Security Manager,Blocker,United States,,False,SDR Outbound,2026-01-18
C007015,A01217,Brittany,Bowman,brittany.bowman@yahoo.com,Data Engineering Manager,User,United States,,False,Partner,2026-08-05
C007016,A00430,Joanne,Eklöf,joanne.eklöf@yahoo.com,Staff Data Engineer,User,United Kingdom,Legitimate Interest,False,Content Download,2025-11-29
C007017,A02047,Angelica,Steele,angelica.steele@yahoo.com,IT Security Manager,Blocker,United States,,False,Referral,2026-01-21
C007018,A02048,Maike,Hänel,maike.hänel@berntsson.com,Senior Data Engineer,User,United States,,False,Event,2025-09-23
C007019,A00486,Wiltrud,Otto,wiltrud.otto@finch.com,Chief Data Officer,Economic Buyer,United States,,False,Content Download,2025-09-13
C007020,A02049,Maria,Strand,maria.strand@martin.com,VP Data,Economic Buyer,United States,,False,Referral,2026-03-09
C007021,A00329,Christian,Morales,christian.morales@mazars.com,"Director, Data Engineering",Champion,United States,,False,Referral,2025-04-23
C007022,A00363,Nils,Porter,nils.porter@johansson.com,VP Data & Analytics,Economic Buyer,United States,,False,Webinar,2026-03-24
C007023,A02050,Hampus,Johansson,hampus.johansson@graves.com,Chief Data Officer,Economic Buyer,Denmark,Legitimate Interest,False,Referral,2026-08-26
C007024,A00769,Evi,Recer,evi.recer@dussen.com,Data Engineering Manager,User,United States,,False,Paid Search,2025-10-20
C007025,A00737,Mohamed,Scheibe,mohamed.scheibe@weiß.com,CISO,Blocker,Belgium,Legitimate Interest,False,Free Trial,2025-09-23
C007026,A01901,Benny,Lundin,benny.lundin@bates.com,CISO,Blocker,United States,,False,Event,2026-07-29
C007027,A01874,Earl,Welf,earl.welf@burns.com,VP Data,Economic Buyer,United States,,False,Paid Search,2026-02-10
C007028,A00780,Martha,Verbeeck,martha.verbeeck@willis.com,Data Engineering Manager,User,United Kingdom,Legitimate Interest,False,Webinar,2025-11-17
C007029,A01996,Claes,Love,claes.love@scholz.com,Director of Data Platform,Champion,Switzerland,Legitimate Interest,False,Webinar,2026-08-18
C007030,A00757,Carolyn,Barrett,carolyn.barrett@johnson-weaver.com,Chief Information Officer,Economic Buyer,United States,,False,Content Download,2025-07-18
C007031,A02051,Phileine,Hölzenbecher,phileine.hölzenbecher@dkg.com,VP Data,Economic Buyer,United Kingdom,Legitimate Interest,False,Webinar,2025-05-23
C007032,A00420,Jari,Wright,jari.wright@smith.com,Head of Data Platform,Champion,Norway,Legitimate Interest,False,Referral,2025-07-01
