lead_id,first_name,last_name,email,company,job_title,country,sales_region,lead_source,campaign_id,lead_status,lead_score,owner_id,created_date,mql_date,sql_date,converted_account_id,converted_contact_id
L00001,Marilyn,Clarke,marilyn.clarke@weitzel.com,Weitzel GbR,Director of Data Platform,Ireland,UK&I,Referral,CMP030,Converted,32,U011,2025-08-30,2025-09-02,2025-09-16,A00096,C006901
L00002,Sharon,Cox,sharon.cox@turner-patel.com,Turner-Patel,VP Data & Analytics,United States,North America,Event,CMP007,SQL,28,U004,2025-07-08,2025-07-25,2025-08-07,,
L00003,Kayleigh,Ahmed,kayleigh.ahmed@patel-murphy.com,Patel-Murphy,Data Engineering Manager,United States,North America,Free Trial,CMP010,New,50,U005,2026-06-10,,,,
L00004,Brad,Wilkins,brad.wilkins@emanuelsson.com,Emanuelsson Wall HB,Head of Data Engineering,United Kingdom,UK&I,Referral,CMP004,Disqualified,19,U010,2026-08-04,,,,
L00005,Algot,Warner,algot.warner@van.com,van Klaarwater & Hermans Ltd,Staff Data Engineer,Germany,Continental Europe,Paid Search,CMP032,New,55,U017,2025-07-31,,,,
L00006,Michelle,Jacobi Jäckel,michelle.jacobi jäckel@turner-chavez.com,Turner-Chavez,IT Security Manager,Canada,North America,Event,CMP031,New,76,U005,2025-06-04,,,,
L00007,Alison,Jönsson,alison.jönsson@ibrahim.com,Ibrahim Nilsson AB,Head of Data Platform,United States,North America,Event,CMP015,MQL,37,U004,2026-05-28,2026-06-05,,,
L00008,Hanns,Harvey,hanns.harvey@heß.com,Heß Sorgatz AG,Senior Data Engineer,Germany,Continental Europe,Free Trial,CMP002,Disqualified,19,U017,2026-07-06,,,,
L00009,William,Wood,william.wood@ullrich.com,Ullrich Roskoth KG,Data Engineering Manager,United States,North America,Event,CMP005,SQL,91,U005,2025-10-20,2025-10-24,2025-10-27,,
L00010,Traudl,Eriksson,traudl.eriksson@reynolds.com,Reynolds Clements and Shepherd,VP Data,United States,North America,Event,CMP004,Disqualified,58,U005,2025-10-14,,,,
L00011,Stewart,Richardson,stewart.richardson@herbert-pritchard.com,Herbert-Pritchard Ltd,Analytics Engineer,United States,North America,Partner,CMP022,Converted,26,U005,2025-07-13,2025-07-19,2025-07-27,A00770,C006902
L00012,Vanessa,Sandell,vanessa.sandell@scherms.com,Scherms NV,Director of Data Platform,United States,North America,Event,CMP043,New,89,U005,2025-06-29,,,,
L00013,Hanna,Meyer,hanna.meyer@peukert.com,Peukert GmbH & Co. KGaA,Head of Procurement,Denmark,Continental Europe,Referral,CMP021,MQL,80,U016,2025-06-19,2025-06-25,,,
L00014,Patricia,Brown,patricia.brown@mason.com,Mason PLC,"Director, Data Engineering",Netherlands,Continental Europe,Webinar,CMP008,MQL,88,U016,2026-04-03,2026-04-06,,,
L00015,Lars,Karge,lars.karge@baker.com,Baker Group,Data Engineering Manager,Sweden,Continental Europe,Content Download,CMP036,MQL,44,U017,2025-05-04,2025-05-21,,,
L00016,Mary,Ditschlerin,mary.ditschlerin@sutton.com,Sutton Davies and Bentley,Chief Data Officer,United States,North America,Free Trial,CMP038,New,95,U004,2025-07-31,,,,
L00017,Anastasios,Krantz,anastasios.krantz@harris.com,Harris Group,Staff Data Engineer,United Kingdom,UK&I,Event,CMP043,Converted,100,U010,2026-04-14,2026-04-27,2026-05-01,A02001,C006903
L00018,Clare,Hartley,clare.hartley@gmail.com,Hawkins-Arnold Group,CISO,United States,North America,Paid Search,CMP044,New,57,U004,2026-05-30,,,,
L00019,Boaz,Smith,boaz.smith@thomas-chadwick.com,Thomas-Chadwick,IT Security Manager,Switzerland,Continental Europe,Content Download,CMP034,Disqualified,61,U016,2026-08-09,,,,
L00020,Michael,Junk,michael.junk@green-day.com,Green-Day,"Director, Data Engineering",Belgium,Continental Europe,Content Download,CMP005,Disqualified,0,U017,2026-06-02,,,,
L00021,Maria,Brock,maria.brock@price-watson.com,Price-Watson,"Director, Data Engineering",United Kingdom,UK&I,Webinar,CMP029,Disqualified,78,U010,2026-07-06,,,,
L00022,Joshua,Bowen,joshua.bowen@thanel.com,Thanel,Head of Procurement,Denmark,Continental Europe,Partner,CMP023,New,95,U017,2025-06-06,,,,
L00023,Traute,Kreusel,traute.kreusel@washington-harper.com,Washington-Harper Inc,Head of Data Engineering,Sweden,Continental Europe,Referral,CMP018,New,42,U017,2025-12-21,,,,
L00024,Christos,Wheeler,christos.wheeler@johansson.com,Johansson Berglund AB,Analytics Engineer,Sweden,Continental Europe,SDR Outbound,CMP006,New,29,U017,2025-04-02,,,,
L00025,Danny,Dennis,danny.dennis@bradley-davis.com,Bradley-Davis,IT Security Manager,Canada,North America,Content Download,CMP007,MQL,11,U005,2025-08-07,2025-08-25,,,
L00026,Shelly,Andersson,shelly.andersson@outlook.com,van Hostaden NV,CISO,United States,North America,Webinar,CMP019,SQL,24,U004,2025-08-11,2025-08-12,2025-08-18,,
L00027,Megan,Bärer,megan.bärer@johnson.com,Johnson Richards and Williams,Director of Data Platform,United Kingdom,UK&I,Partner,CMP005,New,68,U011,2025-11-02,,,,
L00028,Charlene,Schmidt,charlene.schmidt@weimer.com,Weimer,Head of Procurement,Canada,North America,Webinar,CMP018,MQL,18,U005,2025-07-20,2025-07-31,,,
L00029,Svetlana,Jensen,svetlana.jensen@ahlqvist.com,Ahlqvist & Lundström HB,Head of Procurement,United States,North America,Partner,CMP023,SQL,27,U005,2026-01-02,2026-01-17,2026-01-25,,
L00030,Felix,Süßebier,felix.süßebier@dippel.com,Dippel GbR Ltd,VP Data & Analytics,Norway,Continental Europe,Webinar,CMP019,MQL,77,U017,2026-03-07,2026-03-25,,,
L00031,Nikki,Klemt,nikki.klemt@yahoo.com,de Hoog & van Breukeleveen,Head of Procurement,United States,North America,Content Download,CMP042,New,15,U005,2026-10-04,,,,
L00032,Kyle,Lundberg,kyle.lundberg@de.com,de Mol NV,Head of Data Platform,Germany,Continental Europe,Webinar,CMP001,MQL,9,U017,2025-10-27,2025-11-14,,,
L00033,Ricky,Pison,ricky.pison@graham.com,Graham Osborn and Burton,Head of Procurement,Germany,Continental Europe,Webinar,CMP030,New,70,U017,2025-12-15,,,,
L00034,Mary,Hermans,mary.hermans@mosley-powers.com,Mosley-Powers,Staff Data Engineer,United Kingdom,UK&I,SDR Outbound,CMP030,MQL,25,U011,2026-08-20,2026-09-04,,,
L00035,Rosalia,Palman,rosalia.palman@eerden.com,Eerden & van der Linden,"Director, Data Engineering",United States,North America,Referral,CMP035,MQL,41,,2025-12-14,2025-12-28,,,
L00036,Francisco,Sawyer,francisco.sawyer@santiago.com,Santiago Daniel and Rogers,Chief Information Officer,United States,North America,Webinar,CMP016,Disqualified,29,U005,2025-04-01,,,,
L00037,Stephen,Edwards,stephen.edwards@smith.com,Smith Gray and Taylor,VP Data,Netherlands,Continental Europe,Webinar,CMP006,New,6,U016,2026-05-23,,,,
L00038,German,Edwards,german.edwards@olsson.com,Olsson & Dahlberg HB,VP Data & Analytics,Germany,Continental Europe,Referral,CMP027,SQL,32,U017,2026-02-20,2026-03-03,2026-03-16,,
L00039,Stig,Torres,stig.torres@högberg.com,Högberg & Persson HB,Data Engineering Manager,United States,North America,SDR Outbound,CMP008,MQL,32,U005,2025-09-28,2025-10-05,,,
L00040,Hazel,Blewanus,hazel.blewanus@misicher.com,Misicher Geisel GmbH & Co. KG,Data Engineering Manager,Belgium,Continental Europe,Content Download,CMP021,SQL,93,U017,2026-03-20,2026-04-01,2026-04-05,,
L00041,Artur,Andersson,artur.andersson@koninklijke.com,Koninklijke van den Brink,Data Engineering Manager,United States,North America,Content Download,CMP012,New,11,U004,2026-03-17,,,,
L00042,Christian,Wieloch,christian.wieloch@westman.com,Westman & Andersson HB,Senior Data Engineer,Germany,Continental Europe,Paid Search,CMP012,New,46,U016,2025-05-13,,,,
L00043,Grace,Jones,grace.jones@cadefau.com,Cadefau Groep,CISO,United States,North America,Paid Search,CMP022,New,36,U004,2026-01-23,,,,
L00044,Juan,Heijmen,juan.heijmen@karlsson.com,Karlsson & Bengtsson AB,CISO,Germany,Continental Europe,Webinar,CMP009,MQL,11,U017,2025-05-14,2025-05-18,,,
L00045,Yasmine,Jonasson,yasmine.jonasson@van.com,van den Nuwenhuysen & Heijmans,Head of Data Engineering,Ireland,UK&I,Event,CMP038,MQL,84,U010,2025-04-18,2025-04-30,,,
L00046,Irma,Rose,irma.rose@stichting.com,Stichting van Geffen,"Director, Data Engineering",Germany,Continental Europe,SDR Outbound,CMP003,New,98,U016,2025-06-02,,,,
L00047,Swetlana,Bruggeman,swetlana.bruggeman@jones.com,Jones Group,Senior Data Engineer,Germany,Continental Europe,Paid Search,CMP033,MQL,44,U017,2026-03-31,2026-04-08,,,
L00048,Ove,van der Linden,ove.van der linden@beier.com,Beier,CISO,United Kingdom,UK&I,Content Download,CMP035,MQL,79,U010,2026-07-07,2026-07-07,,,
L00049,Jessica,Köster,jessica.köster@vincent.com,Vincent James and Newton,Chief Data Officer,United States,North America,Paid Search,CMP022,MQL,79,U005,2025-05-29,2025-05-29,,,
L00050,André,Kirpenstein,andré.kirpenstein@turner-patel.com,Turner-Patel,Senior Data Engineer,United States,North America,SDR Outbound,CMP027,MQL,49,U005,2026-08-04,2026-08-24,,,
L00051,Jason,Ramsey,jason.ramsey@junitz.com,Junitz Drub e.G.,CISO,Sweden,Continental Europe,Content Download,CMP045,New,69,U016,2025-11-18,,,,
L00052,Jari,Murphy,jari.murphy@mattsson.com,Mattsson HB,Director of Data Platform,United Kingdom,UK&I,SDR Outbound,CMP005,SQL,9,,2025-09-30,2025-10-17,2025-10-23,,
L00053,Johan,Chung,johan.chung@holzapfel.com,Holzapfel Bähr GmbH & Co. KG,Analytics Engineer,Germany,Continental Europe,Content Download,CMP010,New,62,U016,2025-07-24,,,,
L00054,Adam,van Gemert,adam.van gemert@franklin.com,Franklin LLC Inc,CISO,Germany,Continental Europe,Event,CMP019,MQL,92,U017,2025-04-05,2025-04-11,,,
L00055,Karin,Lundberg,karin.lundberg@gilbert-crosby.com,Gilbert-Crosby,Data Engineering Manager,United States,North America,Event,CMP003,New,3,U004,2026-07-12,,,,
L00056,Olof,Kensy,olof.kensy@lindskog.com,Lindskog & Lund AB Inc,IT Security Manager,United Kingdom,UK&I,Referral,CMP044,SQL,22,U011,2025-09-28,2025-09-30,2025-10-03,,
L00057,Edith,Eklöf,edith.eklöf@coleman.com,Coleman and Sons,"Director, Data Engineering",Netherlands,Continental Europe,Paid Search,CMP014,Converted,26,U016,2026-07-03,2026-07-17,2026-07-18,A01974,C006904
L00058,Puck,Green,puck.green@salomonsson.com,Salomonsson & Björkman AB Group,"Director, Data Engineering",United States,North America,Webinar,CMP007,MQL,12,U004,2025-10-03,2025-10-08,,,
L00059,Luuk,Andersson,luuk.andersson@grein.com,Grein Groth Jungfer GmbH,"Director, Data Engineering",Norway,Continental Europe,Partner,CMP002,New,50,U016,2025-11-06,,,,
L00060,Ruben,Karlsson,ruben.karlsson@brown.com,Brown Ltd Ltd,VP Data & Analytics,United Kingdom,UK&I,Content Download,CMP031,New,9,U011,2025-06-05,,,,
L00061,Tom,Bohnbach,tom.bohnbach@ward-williams.com,Ward-Williams Group,Director of Data Platform,United States,North America,Partner,CMP026,New,53,U005,2026-08-24,,,,
L00062,Mikael,Goedhart,mikael.goedhart@månsson.com,Månsson & Brink HB,Head of Procurement,United Kingdom,UK&I,Referral,CMP031,Converted,92,U010,2026-09-03,2026-09-21,2026-10-02,A00167,C006905
L00063,Ronald,Losekann,ronald.losekann@kramer.com,Kramer Stiftung & Co. KG,Chief Information Officer,Denmark,Continental Europe,Content Download,CMP015,MQL,43,U016,2026-02-24,2026-03-15,,,
L00064,Michael,Ottosson,michael.ottosson@girschner.com,Girschner,"Director, Data Engineering",Netherlands,Continental Europe,Referral,CMP036,New,0,U017,2025-07-11,,,,
L00065,Julian,Hering,julian.hering@johansson.com,Johansson Persson AB,Staff Data Engineer,Germany,Continental Europe,Free Trial,CMP021,Converted,0,U017,2025-09-17,2025-10-04,2025-10-17,A01416,C006906
L00066,William,Mercks,william.mercks@johansson.com,Johansson & Nyberg HB,Analytics Engineer,United Kingdom,UK&I,SDR Outbound,CMP014,SQL,80,U010,2025-11-12,2025-11-21,2025-11-24,,
L00067,Damien,Pettersson,damien.pettersson@alfredsson.com,Alfredsson AB,VP Data,United States,North America,Content Download,CMP035,MQL,33,U005,2025-04-29,2025-05-06,,,
L00068,Shane,van Oosten,shane.van oosten@kabus.com,Kabus Werner e.V.,Chief Information Officer,United States,North America,Content Download,CMP014,Disqualified,75,U005,2025-08-16,,,,
L00069,Louise,Brown,louise.brown@martin.com,Martin Riley and Lewis Ltd,Director of Data Platform,United States,North America,Paid Search,CMP043,New,42,U005,2025-07-03,,,,
L00070,Nigel,van Vliet,nigel.van vliet@simonis.com,Simonis & Vallenduuk,Analytics Engineer,Germany,Continental Europe,Event,CMP024,MQL,16,U016,2025-06-08,2025-06-25,,,
L00071,Victor,Olsson,victor.olsson@trupp.com,Trupp Ltd,Head of Procurement,United States,North America,Paid Search,CMP031,SQL,26,U005,2025-05-16,2025-05-18,2025-05-23,,
L00072,Fedde,Holzapfel,fedde.holzapfel@gmail.com,Andersson Petersson HB,Analytics Engineer,United States,North America,Free Trial,CMP037,Disqualified,81,U004,2025-04-27,,,,
L00073,Marcus,Taylor,marcus.taylor@yahoo.com,Mattsson Ahmed AB,Data Engineering Manager,Denmark,Continental Europe,Content Download,CMP038,New,86,U017,2026-07-08,,,,
L00074,Wendy,Schäfer,wendy.schäfer@yahoo.com,Kallert Jungfer AG,Senior Data Engineer,United States,North America,Webinar,CMP018,MQL,69,U005,2026-04-02,2026-04-18,,,
L00075,William,Wade,william.wade@hövel.com,Hövel Group,Head of Data Platform,Switzerland,Continental Europe,Event,CMP029,MQL,42,U016,2026-02-23,2026-02-24,,,
L00076,Nicole,Pearce,nicole.pearce@clark-kennedy.com,Clark-Kennedy,Head of Procurement,Switzerland,Continental Europe,Free Trial,CMP024,New,84,U016,2025-05-20,,,,
L00077,Sepp,Paillet,sepp.paillet@johansson.com,Johansson & Henningsson HB,VP Data,Germany,Continental Europe,Content Download,CMP002,MQL,100,U016,2026-05-17,2026-05-28,,,
L00078,Justin,Harris,justin.harris@jonsson.com,Jonsson & Gustavsson AB,Data Engineering Manager,United States,North America,Referral,CMP004,New,59,U004,2026-04-24,,,,
L00079,Jacek,Engström,jacek.engström@gumprich.com,Gumprich AG & Co. KG,Head of Procurement,Germany,Continental Europe,Free Trial,CMP023,New,72,U017,2026-05-25,,,,
L00080,Anthony,Aronsson,anthony.aronsson@white.com,White Inc GmbH,VP Data & Analytics,Germany,Continental Europe,Event,CMP025,MQL,84,U016,2025-04-30,2025-05-05,,,
L00081,Jack,Schilt,jack.schilt@fraser-parkes.com,Fraser-Parkes,Head of Procurement,Germany,Continental Europe,Paid Search,CMP009,New,90,U017,2025-04-28,,,,
L00082,Mohamed,Lehmann,mohamed.lehmann@frey-knight.com,Frey-Knight,IT Security Manager,United Kingdom,UK&I,Content Download,CMP034,Converted,75,U010,2025-12-24,2026-01-08,2026-01-22,A02002,C006907
L00083,Sarah,Boyd,sarah.boyd@van.com,van de Wal & van Voorst,IT Security Manager,Germany,Continental Europe,Event,CMP006,Disqualified,80,U016,2025-12-05,,,,
L00084,Alison,Schüler,alison.schüler@jerusalem.com,Jerusalem & Verwoert,Data Engineering Manager,United States,North America,Paid Search,CMP020,New,12,U005,2025-08-01,,,,
L00085,Brent,Martin,brent.martin@outlook.com,Cook-Hatfield Group,Chief Information Officer,Austria,Continental Europe,Paid Search,CMP008,MQL,31,U017,2025-11-27,2025-12-13,,,
L00086,Nathan,van Haspengouw Hesbaye,nathan.van haspengouw hesbaye@clarke.com,Clarke LLC,Director of Data Platform,Germany,Continental Europe,Webinar,CMP034,MQL,6,U017,2025-05-12,2025-05-13,,,
L00087,Jack,Hopkins,jack.hopkins@lundberg.com,Lundberg & Jönsson AB,Senior Data Engineer,Austria,Continental Europe,Free Trial,CMP028,MQL,32,,2026-01-14,2026-01-29,,,
L00088,Bianca,Mckenzie,bianca.mckenzie@moberg.com,Moberg & Bergsten HB,Head of Data Engineering,United States,North America,SDR Outbound,CMP041,New,90,U004,2026-08-01,,,,
L00089,Sandra,Clements,sandra.clements@turner.com,Turner Inc Inc,VP Data,United States,North America,Event,CMP023,New,30,U005,2026-09-06,,,,
L00090,Thijs,Mckinney,thijs.mckinney@gmail.com,Hassan HB,Data Engineering Manager,United States,North America,Partner,CMP006,New,90,U004,2026-08-18,,,,
L00091,Melissa,Jackson,melissa.jackson@koninklijke.com,Koninklijke Verkade Ltd,Head of Data Engineering,Germany,Continental Europe,Event,CMP030,MQL,80,U017,2026-08-23,2026-08-28,,,
L00092,Andreas,Håkansson,andreas.håkansson@koninklijke.com,Koninklijke van Santen,Head of Procurement,Sweden,Continental Europe,Webinar,CMP008,New,10,U016,2025-09-07,,,,
L00093,Evy,Rohleder,evy.rohleder@gmail.com,Barlow-Davidson,VP Data,United States,North America,Content Download,CMP005,New,1,U005,2026-04-30,,,,
L00094,Laszlo,Förster,laszlo.förster@van.com,van den Velden & Potters,Head of Data Platform,United States,North America,SDR Outbound,CMP017,SQL,81,U004,2026-04-22,2026-05-10,2026-05-23,,
L00095,Duane,Täsche,duane.täsche@hopkins.com,Hopkins Williams and Pace Group,Senior Data Engineer,United States,North America,Content Download,CMP025,MQL,65,U005,2025-07-17,2025-07-21,,,
L00096,Georg,Lantz,georg.lantz@mcdonald-miller.com,Mcdonald-Miller,CISO,Ireland,UK&I,SDR Outbound,CMP011,MQL,36,U011,2026-03-31,2026-04-09,,,
L00097,Laurens,Ellis,laurens.ellis@draaisma.com,Draaisma & Pierson,VP Data & Analytics,United States,North America,SDR Outbound,CMP026,MQL,33,U005,2025-12-13,2025-12-24,,,
L00098,Patric,Perez,patric.perez@koninklijke.com,Koninklijke van Haarlem Ltd,Analytics Engineer,United States,North America,Partner,CMP020,New,20,U005,2026-02-28,,,,
L00099,Jessica,Heymans,jessica.heymans@gentry.com,Gentry Inc,IT Security Manager,United Kingdom,UK&I,Paid Search,CMP044,MQL,3,U011,2025-08-16,2025-08-26,,,
L00100,Aimee,Jansson,aimee.jansson@schleich.com,Schleich e.G.,"Director, Data Engineering",Canada,North America,Partner,CMP008,Converted,33,U004,2025-11-30,2025-12-19,2026-01-01,A02003,C006908
L00101,David,Baker,david.baker@lindström.com,Lindström Andersson HB,Head of Procurement,Germany,Continental Europe,Webinar,CMP004,New,20,U017,2025-11-06,,,,
L00102,Morgan,Pettersson,morgan.pettersson@mahieu.com,Mahieu NV,VP Data,United Kingdom,UK&I,Content Download,CMP008,New,96,U010,2025-07-28,,,,
L00103,Mariah,Persson,mariah.persson@de.com,De Alliantie GmbH,Head of Procurement,United States,North America,Event,CMP012,Disqualified,76,U005,2025-10-08,,,,
L00104,Erik,Kostolzin,erik.kostolzin@drubin.com,Drubin,VP Data,United States,North America,Referral,CMP041,Disqualified,58,U004,2026-03-20,,,,
L00105,Danique,Martinsson,danique.martinsson@skoglund.com,Skoglund HB,Staff Data Engineer,United States,North America,Partner,CMP033,Disqualified,45,U004,2025-11-18,,,,
L00106,Dagobert,Davids,dagobert.davids@yahoo.com,Collins-Thomas,Analytics Engineer,United States,North America,Event,CMP027,New,93,U004,2026-05-31,,,,
L00107,Brian,Berg,brian.berg@karlsson.com,Karlsson AB,VP Data & Analytics,United States,North America,Webinar,CMP023,New,71,U004,2026-09-18,,,,
L00108,Heidi,Pope,heidi.pope@berg.com,Berg & Ahlström HB,Head of Data Platform,Germany,Continental Europe,Paid Search,CMP041,Disqualified,25,U017,2026-08-22,,,,
L00109,Sean,Martinsson,sean.martinsson@westerberg.com,Westerberg Lindberg AB,Head of Procurement,Netherlands,Continental Europe,Webinar,CMP004,New,80,U016,2026-03-14,,,,
L00110,Ludger,Bresse,ludger.bresse@nyrstar.com,Nyrstar holding,Head of Data Engineering,Sweden,Continental Europe,SDR Outbound,CMP006,SQL,78,U016,2026-01-02,2026-01-06,2026-01-10,,
L00111,Noel,Armstrong,noel.armstrong@cook.com,Cook PLC,Staff Data Engineer,United States,North America,Webinar,CMP040,Disqualified,39,U005,2026-07-15,,,,
L00112,Ljiljana,Roman,ljiljana.roman@taylor.com,Taylor Ltd,IT Security Manager,Germany,Continental Europe,Free Trial,CMP007,Converted,76,U016,2026-08-05,2026-08-09,2026-08-12,A00872,C006909
L00113,Twan,Phillips,twan.phillips@king-lee.com,King-Lee,Head of Data Platform,Germany,Continental Europe,Content Download,CMP034,Disqualified,83,U017,2025-05-22,,,,
L00114,Jose,Wiek,jose.wiek@karlsson.com,Karlsson Andersson AB,Chief Information Officer,United States,North America,Referral,CMP026,SQL,64,U005,2025-09-28,2025-10-15,2025-10-17,,
L00115,Mark,Mühle,mark.mühle@cook-hatfield.com,Cook-Hatfield,VP Data & Analytics,Austria,Continental Europe,Content Download,CMP027,Disqualified,37,U016,2025-07-19,,,,
L00116,Carl,Verda,carl.verda@gmail.com,Gardiner-Higgins,Head of Data Engineering,United States,North America,SDR Outbound,CMP001,Converted,2,U004,2025-08-26,2025-08-30,2025-09-07,A00674,C006910
L00117,Andrey,Stevens,andrey.stevens@stichting.com,Stichting van Hostaden,Data Engineering Manager,Germany,Continental Europe,Content Download,CMP044,MQL,57,U016,2026-05-01,2026-05-16,,,
L00118,Abel,Söderholm,abel.söderholm@outlook.com,Koninklijke van den Velde,Head of Data Engineering,United States,North America,Webinar,CMP039,New,75,U004,2026-01-01,,,,
L00119,Tina,Erickson,tina.erickson@stichting.com,Stichting van Munster,CISO,United States,North America,Event,CMP045,New,17,U004,2026-10-01,,,,
L00120,Yara,Boucsein,yara.boucsein@outlook.com,Stichting Lemmens,Head of Data Platform,Germany,Continental Europe,Webinar,CMP039,SQL,86,U017,2025-10-28,2025-10-28,2025-11-04,,
L00121,Pieter,Singh,pieter.singh@smith-jackson.com,Smith-Jackson,Analytics Engineer,United States,North America,Content Download,CMP032,New,63,U005,2025-09-11,,,,
L00122,Nicholas,Miller,nicholas.miller@outlook.com,Hellberg HB,Senior Data Engineer,United States,North America,Paid Search,CMP014,New,49,U005,2025-11-14,,,,
L00123,Christina,Hübel,christina.hübel@post.com,Post BV,Analytics Engineer,United States,North America,Free Trial,CMP014,MQL,54,U005,2025-11-17,2025-11-23,,,
L00124,Hannah,Price,hannah.price@korsman.com,Korsman NV,Head of Procurement,United States,North America,Partner,CMP037,Converted,96,U005,2026-04-29,2026-05-14,2026-05-22,A02004,C006911
L00125,Maxim,Jakobsson,maxim.jakobsson@bolander.com,Bolander GbR,Chief Information Officer,United States,North America,SDR Outbound,CMP027,Converted,48,U005,2025-09-18,2025-10-01,2025-10-04,A02005,C006912
L00126,Levi,Hussein,levi.hussein@karlsson.com,Karlsson HB,IT Security Manager,United States,North America,Referral,CMP002,SQL,28,U004,2025-11-21,2025-12-11,2025-12-25,,
L00127,Lisbeth,Franzén,lisbeth.franzén@smith.com,Smith PLC Group,Head of Data Platform,United States,North America,Webinar,CMP027,New,11,U004,2025-07-21,,,,
L00128,Anna,Mcdonald,anna.mcdonald@gmail.com,Bates Inc Inc,Senior Data Engineer,United States,North America,Free Trial,CMP043,MQL,70,U004,2026-02-20,2026-03-12,,,
L00129,Sandra,van Metz,sandra.van metz@mann-payne.com,Mann-Payne,Data Engineering Manager,United States,North America,Free Trial,CMP033,New,33,U005,2026-09-26,,,,
L00130,Mohamed,Sundberg,mohamed.sundberg@wallace.com,Wallace and Sons,IT Security Manager,United States,North America,Referral,CMP007,New,33,U004,2025-12-26,,,,
L00131,Aylin,Rodriguez,aylin.rodriguez@persson.com,Persson AB,VP Data,Sweden,Continental Europe,Free Trial,CMP024,New,67,U016,2026-03-24,,,,
L00132,Scott,Nilsson,scott.nilsson@lloyd-harris.com,Lloyd-Harris,CISO,Sweden,Continental Europe,Referral,CMP019,New,66,U017,2026-08-02,,,,
L00133,Anders,Adams,anders.adams@bouwhuisen.com,Bouwhuisen NV,Chief Information Officer,Germany,Continental Europe,Referral,CMP017,MQL,66,U017,2026-08-06,2026-08-06,,,
L00134,Diedrich,Käster,diedrich.käster@johansson.com,Johansson HB,Head of Data Platform,United States,North America,Free Trial,CMP039,New,61,U004,2026-04-18,,,,
L00135,Rolf,Heidrich,rolf.heidrich@smits.com,Smits NV Group,VP Data & Analytics,Ireland,UK&I,Free Trial,CMP012,New,24,U011,2025-09-06,,,,
L00136,Gina,Nilsson,gina.nilsson@king.com,King PLC,CISO,United Kingdom,UK&I,Paid Search,CMP045,MQL,48,U010,2025-06-15,2025-06-21,,,
L00137,Timothy,Cardenas,timothy.cardenas@fritsch.com,Fritsch Hein KG,Head of Procurement,United States,North America,Webinar,CMP009,MQL,90,U005,2025-11-13,2025-11-16,,,
L00138,Larry,Lindahl,larry.lindahl@smith-winter.com,Smith-Winter,VP Data & Analytics,United States,North America,SDR Outbound,CMP025,SQL,9,U004,2025-06-12,2025-06-19,2025-07-01,,
L00139,Femke,Werdes,femke.werdes@svensson.com,Svensson Nilsson AB Inc,Head of Procurement,United Kingdom,UK&I,SDR Outbound,CMP031,Converted,70,U011,2026-07-12,2026-07-26,2026-07-31,A01776,C006913
L00140,Hailey,Overdijk,hailey.overdijk@cooper.com,Cooper Griffiths and Cox,VP Data,United States,North America,Referral,CMP022,New,44,U004,2026-08-01,,,,
L00141,Virginia,Hunt,virginia.hunt@gmail.com,Hansson & Nilsson HB,Head of Procurement,United States,North America,Referral,CMP017,New,37,U004,2026-08-16,,,,
L00142,Konstanze,Kerkhof,konstanze.kerkhof@gmail.com,Andersson Wahlgren HB,Head of Data Engineering,United States,North America,Free Trial,CMP021,Converted,12,U004,2025-04-02,2025-04-14,2025-04-28,A01668,C006914
L00143,Dominic,Persson,dominic.persson@oderwald.com,Oderwald,Chief Data Officer,Switzerland,Continental Europe,SDR Outbound,CMP040,MQL,19,U016,2026-09-22,2026-09-23,,,
L00144,Gunnar,de Keijzer,gunnar.de keijzer@samuelsson.com,Samuelsson Westberg AB,Head of Data Engineering,United States,North America,Partner,CMP042,New,12,U004,2025-08-14,,,,
L00145,Henry,Eklund,henry.eklund@malmberg.com,Malmberg Forsberg AB,VP Data & Analytics,Austria,Continental Europe,Event,CMP028,New,0,U017,2025-08-03,,,,
L00146,Patricia,de Lange,patricia.de lange@thomas-santiago.com,Thomas-Santiago,Chief Information Officer,United States,North America,Paid Search,CMP005,Converted,22,U004,2026-07-19,2026-07-22,2026-07-27,A01008,C006915
L00147,Stella,Jordan,stella.jordan@smith.com,Smith and Sons,Head of Data Platform,United States,North America,Free Trial,CMP021,New,15,U005,2025-09-03,,,,
L00148,Otto,Lundin,otto.lundin@gmail.com,van de Berg BV Group,Staff Data Engineer,United States,North America,Partner,CMP002,MQL,41,U004,2026-07-01,2026-07-10,,,
L00149,Erik,Price,erik.price@uphus.com,Uphus & van Liendert,VP Data,Sweden,Continental Europe,Partner,CMP033,New,33,U016,2025-09-08,,,,
L00150,Astrid,McDonald,astrid.mcdonald@kreusel.com,Kreusel Stiftung & Co. KG,Data Engineering Manager,Sweden,Continental Europe,Free Trial,CMP015,SQL,27,,2026-03-06,2026-03-11,2026-03-16,,
L00151,Karolin,Kreusel,karolin.kreusel@tamsma.com,Tamsma NV Group,Senior Data Engineer,Ireland,UK&I,Paid Search,CMP014,New,19,U010,2026-04-19,,,,
L00152,Rolf,Perry,rolf.perry@werner.com,Werner Hansson HB GmbH,"Director, Data Engineering",Netherlands,Continental Europe,Referral,CMP021,MQL,54,U017,2025-09-06,2025-09-09,,,
L00153,Hanna,Beekman,hanna.beekman@avery.com,Avery Dennison,CISO,United Kingdom,UK&I,SDR Outbound,CMP002,New,5,U011,2026-01-12,,,,
L00154,Sheila,Klingelhöfer,sheila.klingelhöfer@francis-thomas.com,Francis-Thomas,Head of Procurement,Netherlands,Continental Europe,Webinar,CMP017,MQL,72,U017,2026-06-17,2026-07-01,,,
L00155,Tony,Jones,tony.jones@oosterhek.com,Oosterhek Groep,IT Security Manager,Sweden,Continental Europe,Event,CMP001,New,81,U016,2025-05-03,,,,
L00156,Susanne,Jungfer,susanne.jungfer@weaver.com,Weaver Foster and Mckay,Analytics Engineer,Canada,North America,Partner,CMP002,New,81,U005,2025-12-20,,,,
L00157,Paulina,Chrodtrud,paulina.chrodtrud@lee.com,Lee Brooks and Mills,VP Data & Analytics,United States,North America,Paid Search,CMP027,MQL,32,U004,2026-02-06,2026-02-26,,,
L00158,Brandon,Bowers,brandon.bowers@van.com,van Luin NV,Director of Data Platform,Belgium,Continental Europe,Webinar,CMP030,New,100,U016,2026-07-21,,,,
L00159,Daan,Draaisma,daan.draaisma@townsend.com,Townsend Brown and Meyers,Analytics Engineer,United States,North America,Free Trial,CMP030,MQL,88,U005,2026-07-24,2026-08-02,,,
L00160,Elisabeth,Taylor,elisabeth.taylor@edström.com,Edström Ferm HB,Chief Data Officer,United Kingdom,UK&I,Content Download,CMP014,Disqualified,29,U011,2026-03-17,,,,
L00161,Melissa,Williams,melissa.williams@ardagh.com,Ardagh Group,Data Engineering Manager,Netherlands,Continental Europe,Paid Search,CMP004,MQL,17,U016,2026-05-31,2026-06-06,,,
L00162,Merle,Ljunggren,merle.ljunggren@blomkvist.com,Blomkvist & Olofsson HB,Data Engineering Manager,United States,North America,Free Trial,CMP011,MQL,46,U005,2026-02-07,2026-02-23,,,
L00163,Mari,Hoogers,mari.hoogers@davidsson.com,Davidsson Forsberg HB,Chief Data Officer,United States,North America,Event,CMP008,New,25,U004,2026-04-13,,,,
L00164,Annemie,Snyder,annemie.snyder@begum.com,Begum Ford and Smith,Senior Data Engineer,United States,North America,Event,CMP015,New,39,U004,2026-07-22,,,,
L00165,Isabelle,Doyle,isabelle.doyle@van.com,van Arkel & Wouters,VP Data,United States,North America,Event,CMP023,New,45,U004,2025-07-27,,,,
L00166,Filip,Barton,filip.barton@heymans.com,Heymans Groep Ltd,Head of Procurement,United States,North America,Paid Search,CMP028,MQL,76,U005,2026-01-05,2026-01-23,,,
L00167,Anna-Lisa,Brown,anna-lisa.brown@brooks-hickman.com,Brooks-Hickman,Head of Data Engineering,United States,North America,SDR Outbound,CMP036,SQL,3,U005,2026-04-09,2026-04-20,2026-05-01,,
L00168,Jonathan,Nilsson,jonathan.nilsson@edwards-bell.com,Edwards-Bell Group,Head of Data Platform,Sweden,Continental Europe,Free Trial,CMP013,New,72,U017,2026-01-27,,,,
L00169,Maud,Eberhardt,maud.eberhardt@king.com,King Cunningham and Ward,Chief Information Officer,United Kingdom,UK&I,Paid Search,CMP029,New,21,U011,2025-08-28,,,,
L00170,Sam,Little,sam.little@gmail.com,Mälzer Inc,VP Data,Canada,North America,Referral,CMP019,New,10,U005,2026-06-30,,,,
L00171,Matthew,Barrett,matthew.barrett@dahlström.com,Dahlström HB,Analytics Engineer,Germany,Continental Europe,Free Trial,CMP038,SQL,14,U017,2025-07-21,2025-07-28,2025-08-04,,
L00172,Korinna,Vaughn,korinna.vaughn@austin-ford.com,Austin-Ford Inc,Analytics Engineer,United Kingdom,UK&I,Content Download,CMP013,Disqualified,6,U011,2025-10-21,,,,
L00173,Evi,Davison,evi.davison@roman-nelson.com,Roman-Nelson,Staff Data Engineer,United States,North America,Webinar,CMP004,New,83,U005,2026-09-28,,,,
L00174,Robert,van Duivenvoorde,robert.van duivenvoorde@johnston-john.com,Johnston-John,Head of Data Platform,Canada,North America,Webinar,CMP010,Converted,15,U004,2026-03-08,2026-03-17,2026-03-29,A02006,C006916
L00175,Alexandre,Kennedy,alexandre.kennedy@holm.com,Holm AB,VP Data & Analytics,United States,North America,Content Download,CMP013,MQL,47,U004,2025-04-10,2025-04-25,,,
L00176,Glenn,Pearson,glenn.pearson@andersson.com,Andersson & Larsson AB,Head of Procurement,United States,North America,Webinar,CMP029,MQL,100,U004,2025-05-03,2025-05-07,,,
L00177,Georg,van Holland,georg.van holland@chambers.com,Chambers LLC,VP Data & Analytics,Denmark,Continental Europe,Partner,CMP032,MQL,25,U017,2025-11-29,2025-12-19,,,
L00178,Bethany,Fors,bethany.fors@james.com,James PLC,IT Security Manager,United States,North America,Paid Search,CMP041,New,13,U004,2025-10-05,,,,
L00179,Birgitta,Hudson,birgitta.hudson@westerberg.com,Westerberg Lindberg AB,CISO,Netherlands,Continental Europe,Event,CMP030,Disqualified,8,U017,2026-04-03,,,,
L00180,Hans-Friedrich,Jensen,hans-friedrich.jensen@persson.com,Persson HB GmbH,Director of Data Platform,Canada,North America,Event,CMP002,MQL,43,U004,2026-03-26,2026-04-04,,,
L00181,Jobst,Stolze,jobst.stolze@van.com,van Lucel & van der Horst,Head of Procurement,United States,North America,Event,CMP010,New,29,U005,2026-03-14,,,,
L00182,Lars,Roberts,lars.roberts@bergström.com,Bergström AB,VP Data & Analytics,Germany,Continental Europe,Webinar,CMP034,New,42,U017,2025-11-07,,,,
L00183,Monica,Jones,monica.jones@philips.com,Philips,Staff Data Engineer,Canada,North America,Event,CMP030,MQL,98,U004,2025-09-10,2025-09-16,,,
L00184,Cassidy,Andersen,cassidy.andersen@parker.com,Parker LLC,IT Security Manager,United Kingdom,UK&I,Referral,CMP039,New,71,U011,2025-04-01,,,,
L00185,Desiree,Wise,desiree.wise@jonsson.com,Jonsson Pettersson HB,Senior Data Engineer,Canada,North America,Referral,CMP008,MQL,95,U005,2025-09-04,2025-09-18,,,
L00186,Sofia,Andersson,sofia.andersson@van.com,van Riet & van der Hoeven,"Director, Data Engineering",United States,North America,Partner,CMP013,New,72,U005,2025-05-07,,,,
L00187,Cilli,Watts,cilli.watts@stadelmann.com,Stadelmann GmbH,VP Data & Analytics,United States,North America,Content Download,CMP027,MQL,3,U004,2026-01-24,2026-02-05,,,
L00188,Jelte,Gutierrez,jelte.gutierrez@blair.com,Blair Blevins and Mckay,CISO,United States,North America,Paid Search,CMP028,New,96,U005,2026-05-02,,,,
L00189,Senn,Robinson,senn.robinson@gutknecht.com,Gutknecht Oestrovsky KGaA,Senior Data Engineer,Switzerland,Continental Europe,Free Trial,CMP015,Disqualified,45,U017,2025-12-12,,,,
L00190,Brandon,Gustafsson,brandon.gustafsson@johansson.com,Johansson AB,"Director, Data Engineering",United Kingdom,UK&I,Event,CMP012,New,82,,2025-07-05,,,,
L00191,Liisa,Johnson,liisa.johnson@svensson.com,Svensson HB,Head of Data Platform,Germany,Continental Europe,Referral,CMP029,MQL,94,U017,2026-09-06,2026-09-20,,,
L00192,Birgitta,van Metz,birgitta.van metz@scholl.com,Scholl,Head of Procurement,United States,North America,Event,CMP007,New,64,U004,2026-07-25,,,,
L00193,Caroline,Ek,caroline.ek@huynh.com,Huynh Price and Perez GmbH,Director of Data Platform,United States,North America,Free Trial,CMP020,New,25,U004,2025-07-09,,,,
L00194,Zeynep,Totwiller,zeynep.totwiller@hansson.com,Hansson & Nilsson HB,CISO,United States,North America,Webinar,CMP030,MQL,43,U004,2026-03-07,2026-03-08,,,
L00195,Conor,Sanders,conor.sanders@rose.com,Rose KGaA,CISO,United States,North America,Partner,CMP040,New,91,U004,2026-07-12,,,,
L00196,Charles,Mol,charles.mol@landström.com,Landström HB Group,Head of Data Engineering,United Kingdom,UK&I,Content Download,CMP014,MQL,8,U010,2026-06-11,2026-06-19,,,
L00197,Yara,Bakker,yara.bakker@kraushaar.com,Kraushaar GmbH & Co. KGaA,CISO,United States,North America,Partner,CMP042,New,74,U005,2026-01-04,,,,
L00198,Carolyn,Johansson,carolyn.johansson@pergande.com,Pergande,"Director, Data Engineering",United States,North America,Paid Search,CMP035,MQL,67,U004,2025-05-22,2025-06-07,,,
L00199,Dale,Röhricht,dale.röhricht@söding.com,Söding Mitschke GmbH & Co. KG,IT Security Manager,United Kingdom,UK&I,Paid Search,CMP023,MQL,71,U010,2025-11-07,2025-11-10,,,
L00200,Janett,Martin,janett.martin@outlook.com,Jones Hall and Brown,Chief Information Officer,United States,North America,Partner,CMP001,New,58,,2026-09-30,,,,
L00201,Laura,Andersson,laura.andersson@turner.com,Turner Group Group,Data Engineering Manager,United States,North America,Content Download,CMP039,Disqualified,76,U004,2025-04-09,,,,
L00202,Valerie,Higgins,valerie.higgins@scheel.com,Scheel Stadelmann Stiftung & Co. KG,Chief Information Officer,United States,North America,Free Trial,CMP020,New,43,U004,2026-03-08,,,,
L00203,Filip,Nek,filip.nek@borg.com,Borg & Wallin HB,CISO,United States,North America,Paid Search,CMP016,New,41,U004,2026-08-13,,,,
L00204,Ann-Charlotte,Jackson,ann-charlotte.jackson@thomas.com,Thomas Group,Staff Data Engineer,United States,North America,Partner,CMP012,MQL,8,U004,2026-08-14,2026-08-21,,,
L00205,Beatrice,Fischer,beatrice.fischer@van.com,van Daal & Wilcken,Head of Procurement,United States,North America,Paid Search,CMP002,New,76,U004,2026-09-14,,,,
L00206,Paul,Huls,paul.huls@hövel.com,Hövel Ltd,Director of Data Platform,Switzerland,Continental Europe,Content Download,CMP001,SQL,15,U016,2026-07-11,2026-07-28,2026-08-09,,
L00207,Caleb,Blaak,caleb.blaak@outlook.com,Smith and Sons Group,Staff Data Engineer,United States,North America,Partner,CMP027,New,57,U005,2026-03-08,,,,
L00208,Lennart,Johnsson,lennart.johnsson@rhodes.com,Rhodes Anderson and Hardy,Head of Data Engineering,Ireland,UK&I,Webinar,CMP021,SQL,42,U011,2026-01-28,2026-02-12,2026-02-21,,
L00209,Samuel,Jones,samuel.jones@johnson.com,Johnson Carpenter and Morris,VP Data,Sweden,Continental Europe,Event,CMP020,New,43,U016,2026-09-05,,,,
L00210,Linn,Johnson,linn.johnson@van.com,van Laarhoven BV,Head of Procurement,United States,North America,Paid Search,CMP012,MQL,69,U005,2025-10-30,2025-11-12,,,
L00211,Celal,Johnson,celal.johnson@outlook.com,Holzapfel Stiftung & Co. KGaA,VP Data,United States,North America,Content Download,CMP033,MQL,11,U004,2025-12-29,2026-01-05,,,
L00212,Nikolas,Conradi,nikolas.conradi@van.com,van den Velden & Potters,IT Security Manager,United States,North America,SDR Outbound,CMP035,Converted,53,U005,2026-06-09,2026-06-21,2026-07-04,A00790,C006917
L00213,William,Gustafsson,william.gustafsson@krueger.com,Krueger Inc,Head of Procurement,Belgium,Continental Europe,Event,CMP019,MQL,4,,2025-05-21,2025-06-05,,,
L00214,Katarina,Clarke,katarina.clarke@solis.com,Solis Alvarez and Clark,Chief Data Officer,United States,North America,SDR Outbound,CMP006,New,27,U005,2025-10-25,,,,
L00215,Samantha,Ferrell,samantha.ferrell@marshall.com,Marshall Inc,"Director, Data Engineering",United States,North America,Paid Search,CMP014,New,87,U004,2025-05-07,,,,
L00216,Callum,Stanley,callum.stanley@eriksson.com,Eriksson AB,CISO,United Kingdom,UK&I,Content Download,CMP021,MQL,60,U011,2025-05-25,2025-06-07,,,
L00217,Hilary,Eriksson,hilary.eriksson@van.com,van Laarhoven BV,Head of Procurement,United States,North America,Referral,CMP036,New,10,U004,2026-07-23,,,,
L00218,Hans-Rudolf,Verheuvel,hans-rudolf.verheuvel@dixon.com,Dixon Sanders and Little,Senior Data Engineer,United States,North America,Free Trial,CMP003,MQL,75,,2026-01-25,2026-02-14,,,
L00219,Andreas,Berglund,andreas.berglund@clark.com,Clark Williams and Allen,VP Data,United Kingdom,UK&I,Webinar,CMP035,New,97,U011,2025-11-17,,,,
L00220,Robert,de Jong,robert.de jong@brunel.com,Brunel,Analytics Engineer,United States,North America,SDR Outbound,CMP012,SQL,82,U004,2026-09-12,2026-09-12,2026-09-19,,
L00221,David,Köster,david.köster@nilsson.com,Nilsson Gustavsson AB,VP Data & Analytics,Belgium,Continental Europe,Event,CMP011,SQL,28,U016,2025-05-21,2025-05-26,2025-06-03,,
L00222,Sibylla,Bolnbach,sibylla.bolnbach@eriksson.com,Eriksson AB,IT Security Manager,United States,North America,Free Trial,CMP031,MQL,88,U004,2026-03-12,2026-03-19,,,
L00223,Perry,de Leeuw,perry.de leeuw@ouwel.com,Ouwel & Perrono,Head of Data Engineering,Denmark,Continental Europe,Content Download,CMP014,New,98,U017,2025-05-02,,,,
L00224,Cläre,Adryaens,cläre.adryaens@malm.com,Malm AB,Chief Information Officer,United States,North America,Free Trial,CMP039,MQL,19,U004,2025-10-28,2025-11-15,,,
L00225,Gina,Hoffmann,gina.hoffmann@post.com,Post & Verbruggen,Chief Data Officer,Germany,Continental Europe,Partner,CMP014,New,94,U016,2025-10-18,,,,
L00226,Mark,Burns,mark.burns@baum.com,Baum,Analytics Engineer,Germany,Continental Europe,SDR Outbound,CMP045,Converted,39,U016,2026-09-07,2026-09-09,2026-09-10,A02007,C006918
L00227,Georgia,Willis,georgia.willis@salz.com,Salz GmbH & Co. KG,CISO,United States,North America,Paid Search,CMP007,MQL,62,U004,2025-05-01,2025-05-13,,,
L00228,Drago,Howard,drago.howard@patberg.com,Patberg GmbH,Staff Data Engineer,United States,North America,Free Trial,CMP034,New,20,U004,2025-11-09,,,,
L00229,Fatima,Wikström,fatima.wikström@söding.com,Söding KG,Data Engineering Manager,Canada,North America,Event,CMP020,New,4,U004,2026-08-05,,,,
L00230,Dylano,Blake,dylano.blake@roberts.com,Roberts Lloyd and Bates,"Director, Data Engineering",Canada,North America,Partner,CMP024,MQL,2,U005,2026-08-20,2026-08-30,,,
L00231,Lindsey,Köhler,lindsey.köhler@johansson.com,Johansson Melin AB Ltd,Staff Data Engineer,Canada,North America,Partner,CMP021,New,11,,2026-06-06,,,,
L00232,Amelia,Booth,amelia.booth@koninklijke.com,Koninklijke Schatteleijn Ltd,Head of Procurement,United States,North America,Free Trial,CMP038,MQL,20,U004,2026-05-07,2026-05-24,,,
L00233,Irene,Svensson,irene.svensson@pearce.com,Pearce Stevenson and Lee,Chief Data Officer,United States,North America,Webinar,CMP044,New,8,U004,2026-06-27,,,,
L00234,Almut,Edvardsson,almut.edvardsson@hanna.com,Hanna & Ahlberg HB,CISO,United Kingdom,UK&I,Referral,CMP027,Disqualified,73,U011,2025-06-28,,,,
L00235,Horst-Peter,Hiller,horst-peter.hiller@sogeti.com,Sogeti,Senior Data Engineer,United States,North America,Paid Search,CMP041,Disqualified,77,U005,2025-09-12,,,,
L00236,Maurice,Wright,maurice.wright@rosales.com,Rosales Torres and Carney,Analytics Engineer,United States,North America,Event,CMP014,MQL,84,U005,2026-08-26,2026-09-05,,,
L00237,Victor,Patberg,victor.patberg@miller.com,Miller LLC,CISO,Austria,Continental Europe,Webinar,CMP035,New,0,U016,2026-10-08,,,,
L00238,Mette,Hall,mette.hall@white-hodgson.com,White-Hodgson,Head of Procurement,Canada,North America,Referral,CMP013,MQL,68,U005,2025-08-23,2025-08-29,,,
L00239,Annie,Alexander,annie.alexander@pearson.com,Pearson PLC,Analytics Engineer,United Kingdom,UK&I,Paid Search,CMP018,SQL,2,U010,2026-01-19,2026-02-06,2026-02-18,,
L00240,Jake,Schenk,jake.schenk@lopez-johnson.com,Lopez-Johnson Group,Analytics Engineer,Germany,Continental Europe,Paid Search,CMP002,MQL,88,U017,2025-11-14,2025-11-19,,,
L00241,Caroline,Brown,caroline.brown@sutton-jones.com,Sutton-Jones,CISO,United States,North America,Free Trial,CMP012,MQL,54,U004,2025-04-04,2025-04-13,,,
L00242,Jasmine,Johnsson,jasmine.johnsson@patberg.com,Patberg,Chief Data Officer,United States,North America,Referral,CMP024,SQL,8,U004,2025-08-27,2025-09-13,2025-09-24,,
L00243,Sebastian,Eigenwillig,sebastian.eigenwillig@röhrdanz.com,Röhrdanz KG,IT Security Manager,United Kingdom,UK&I,Paid Search,CMP038,MQL,76,U011,2025-05-21,2025-06-10,,,
L00244,Veronique,Speer,veronique.speer@chambers.com,Chambers Lloyd and Andrews,Director of Data Platform,Ireland,UK&I,Paid Search,CMP010,New,64,U010,2026-08-03,,,,
L00245,Dina,Thomas,dina.thomas@gunpf.com,Gunpf Mielcarek AG,Director of Data Platform,United States,North America,Partner,CMP004,New,65,U004,2025-10-18,,,,
L00246,Carla,van Gelder,carla.van gelder@buck-holland.com,Buck-Holland,VP Data,United Kingdom,UK&I,Webinar,CMP017,New,31,U011,2026-07-03,,,,
L00247,Tilman,Frerichs,tilman.frerichs@konings.com,Konings NV,Director of Data Platform,United States,North America,Partner,CMP040,New,17,,2025-05-09,,,,
L00248,Erin,van der Veen,erin.van der veen@garcia.com,Garcia PLC,Head of Procurement,United States,North America,Webinar,CMP044,MQL,76,U005,2026-09-18,2026-09-24,,,
L00249,Jack,Werner,jack.werner@cross.com,Cross PLC,Head of Data Engineering,United States,North America,SDR Outbound,CMP042,MQL,57,U005,2025-05-29,2025-06-18,,,
L00250,Volkhard,Janssen,volkhard.janssen@huhn.com,Huhn,CISO,United States,North America,Referral,CMP012,New,9,U004,2026-06-25,,,,
L00251,Norah,Junk,norah.junk@morris.com,Morris LLC,IT Security Manager,Belgium,Continental Europe,Paid Search,CMP003,New,27,U016,2025-05-17,,,,
L00252,Christopher,Aalts,christopher.aalts@outlook.com,Bäckström AB,Head of Data Engineering,Sweden,Continental Europe,SDR Outbound,CMP038,Disqualified,90,U016,2026-04-06,,,,
L00253,Birgitta,Radisch,birgitta.radisch@paulsson.com,Paulsson AB,IT Security Manager,United Kingdom,UK&I,Event,CMP007,Converted,78,U011,2025-12-04,2025-12-15,2025-12-24,A00653,C006919
L00254,Tomas,Yates,tomas.yates@gmail.com,Vasquez Ltd Ltd,Staff Data Engineer,United States,North America,Free Trial,CMP040,Disqualified,26,U005,2026-05-08,,,,
L00255,Connor,Lawson,connor.lawson@hopkins-brandt.com,Hopkins-Brandt,Data Engineering Manager,Switzerland,Continental Europe,Partner,CMP045,SQL,67,U016,2026-08-01,2026-08-15,2026-08-26,,
L00256,Charlotta,Dachgelder,charlotta.dachgelder@hall.com,Hall Inc,IT Security Manager,Belgium,Continental Europe,Partner,CMP014,SQL,88,U016,2025-04-28,2025-05-16,2025-05-28,,
L00257,Rose,Dixon,rose.dixon@simons.com,Simons NV Inc,IT Security Manager,United States,North America,Referral,CMP031,New,47,U005,2026-03-01,,,,
L00258,Elisabeth,Lindberg,elisabeth.lindberg@huel.com,Huel Groep,Head of Procurement,Sweden,Continental Europe,Event,CMP032,New,91,U016,2025-11-18,,,,
L00259,Thomas,Schouten,thomas.schouten@henry.com,Henry LLC,CISO,Belgium,Continental Europe,Free Trial,CMP041,Disqualified,39,U017,2026-08-13,,,,
L00260,Alexandra,Nyman,alexandra.nyman@hemma.com,Hemma van Allemanië Groep,Chief Data Officer,United States,North America,Referral,CMP004,SQL,53,U005,2025-06-26,2025-07-11,2025-07-19,,
L00261,Herma,Buijs,herma.buijs@van.com,van Luyssel & Groote,VP Data & Analytics,United States,North America,Paid Search,CMP036,Disqualified,70,U005,2026-06-22,,,,
L00262,Phillip,Moberg,phillip.moberg@striebitz.com,Striebitz,Chief Data Officer,United States,North America,SDR Outbound,CMP015,MQL,3,U005,2025-04-11,2025-04-12,,,
L00263,Olle,Sandberg,olle.sandberg@moberg.com,Moberg & Sjölin AB,Data Engineering Manager,United States,North America,Webinar,CMP043,Disqualified,33,U005,2025-06-22,,,,
L00264,Peter,Payne,peter.payne@hehl.com,Hehl & Huisman,Head of Data Platform,Canada,North America,Content Download,CMP040,MQL,98,U004,2026-02-21,2026-03-02,,,
L00265,Jente,Bentley,jente.bentley@ruppert.com,Ruppert GmbH & Co. KG,VP Data,Germany,Continental Europe,Paid Search,CMP014,New,6,U016,2025-10-12,,,,
L00266,Alexander,Ruiz,alexander.ruiz@trupp.com,Trupp Kaul AG,Chief Information Officer,Germany,Continental Europe,Partner,CMP045,New,90,U016,2025-06-21,,,,
L00267,Luigi,Ramaker,luigi.ramaker@royal.com,Royal Spreeuw,VP Data,Austria,Continental Europe,Referral,CMP038,Disqualified,37,U016,2025-04-14,,,,
L00268,Elisabeth,Reid,elisabeth.reid@dörschner.com,Dörschner Beyer GmbH & Co. KG,VP Data,United States,North America,Webinar,CMP036,New,8,U005,2026-08-28,,,,
L00269,Emma,Hölzenbecher,emma.hölzenbecher@granberg.com,Granberg & Sundqvist HB,CISO,Sweden,Continental Europe,SDR Outbound,CMP022,MQL,99,U016,2026-02-16,2026-03-06,,,
L00270,Joel,Willems,joel.willems@outlook.com,Smith Inc Ltd,Chief Data Officer,United Kingdom,UK&I,Event,CMP038,Disqualified,19,U011,2026-01-19,,,,
L00271,Elliot,Boogaerts,elliot.boogaerts@sosa.com,Sosa Vasquez and Smith,CISO,United States,North America,Content Download,CMP017,MQL,34,U004,2025-05-25,2025-06-13,,,
L00272,Jacob,Sager,jacob.sager@aertsz.com,Aertsz NV,Data Engineering Manager,United States,North America,Referral,CMP042,New,82,U004,2025-12-04,,,,
L00273,Jan,Karlsson,jan.karlsson@powell.com,Powell Winter and Cross,Chief Data Officer,Switzerland,Continental Europe,Partner,CMP019,SQL,50,U016,2026-04-17,2026-04-29,2026-04-30,,
L00274,Jennifer,van Dam,jennifer.van dam@gmail.com,Decker Inc,Chief Data Officer,Netherlands,Continental Europe,Free Trial,CMP017,MQL,50,U017,2026-02-11,2026-02-18,,,
L00275,Amalie,Mende,amalie.mende@outlook.com,Brown-Parker Ltd,VP Data & Analytics,United Kingdom,UK&I,Referral,CMP012,New,54,U011,2026-04-21,,,,
L00276,Julia,Verharen,julia.verharen@granberg.com,Granberg & Sundqvist HB,IT Security Manager,Sweden,Continental Europe,Event,CMP010,New,77,U017,2026-08-10,,,,
L00277,Isa,Andersson,isa.andersson@bt.com,BT Nederland,VP Data,United Kingdom,UK&I,Event,CMP017,New,88,U011,2026-08-13,,,,
L00278,Aya,Harloff,aya.harloff@lewis.com,Lewis Baker and Evans Group,Analytics Engineer,United Kingdom,UK&I,Webinar,CMP010,New,32,U010,2025-04-19,,,,
L00279,Gülsen,Burns,gülsen.burns@larsson.com,Larsson & Bengtsson AB Inc,Head of Procurement,United Kingdom,UK&I,Referral,CMP008,Disqualified,24,U010,2025-09-20,,,,
L00280,Lindsay,van Luinenburg,lindsay.van luinenburg@yahoo.com,Turner Ltd,Head of Data Engineering,Switzerland,Continental Europe,Paid Search,CMP019,Converted,39,U017,2025-11-11,2025-11-19,2025-11-22,A02008,C006920
L00281,Dawn,Vasquez,dawn.vasquez@louws.com,Louws NV,Head of Procurement,Germany,Continental Europe,Partner,CMP045,MQL,51,U017,2025-11-09,2025-11-13,,,
L00282,Karl,Edwards,karl.edwards@ibrahim.com,Ibrahim AB,Senior Data Engineer,United States,North America,Partner,CMP001,Disqualified,71,U005,2026-05-29,,,,
L00283,Matheo,Young,matheo.young@åkerlund.com,Åkerlund HB,VP Data & Analytics,Germany,Continental Europe,Paid Search,CMP021,New,87,U017,2025-11-07,,,,
L00284,Michelle,Lindberg,michelle.lindberg@outlook.com,Jonasson & Magnusson HB,Head of Procurement,United States,North America,Event,CMP035,New,36,,2026-07-09,,,,
L00285,Jessica,Hopkins,jessica.hopkins@röhrdanz.com,Röhrdanz GmbH,Chief Information Officer,Netherlands,Continental Europe,Event,CMP038,Disqualified,76,U017,2026-03-22,,,,
L00286,Jill,Tirie,jill.tirie@koninklijke.com,Koninklijke van Schevinghuizen Inc,CISO,United States,North America,Free Trial,CMP008,New,50,U005,2025-12-15,,,,
L00287,Sam,Pasman,sam.pasman@lundin.com,Lundin & Gustavsson HB Ltd,"Director, Data Engineering",United States,North America,Paid Search,CMP023,New,63,,2026-10-02,,,,
L00288,Henriette,Drubin,henriette.drubin@koninklijke.com,Koninklijke Grondel,VP Data,United States,North America,Event,CMP025,SQL,54,U004,2026-06-10,2026-06-17,2026-06-30,,
L00289,Emilia,Kirpenstein,emilia.kirpenstein@mitschke.com,Mitschke Wirth OHG mbH,Staff Data Engineer,United States,North America,Event,CMP035,Disqualified,39,U005,2025-10-06,,,,
L00290,Desiree,Lopez,desiree.lopez@farm.com,Farm Frites GmbH,VP Data,United Kingdom,UK&I,Event,CMP022,New,84,U011,2025-09-12,,,,
L00291,Kelly,Hansson,kelly.hansson@phillips.com,Phillips Group,Senior Data Engineer,United States,North America,Webinar,CMP033,MQL,62,U005,2025-06-24,2025-06-27,,,
L00292,Brenda,Johann,brenda.johann@ruppert.com,Ruppert,Head of Data Engineering,Canada,North America,Referral,CMP027,SQL,97,U005,2026-07-31,2026-08-05,2026-08-15,,
L00293,Alan,Jenkins,alan.jenkins@täsche.com,Täsche Mentzel AG,Head of Data Platform,Denmark,Continental Europe,Content Download,CMP004,New,84,U016,2025-06-17,,,,
L00294,Luc,Lee,luc.lee@coenen.com,Coenen BV,Head of Procurement,Ireland,UK&I,Content Download,CMP024,MQL,3,U011,2025-08-02,2025-08-18,,,
L00295,Luise,de Marduras,luise.de marduras@zorbach.com,Zorbach Klingelhöfer KG,VP Data & Analytics,United States,North America,Referral,CMP035,New,62,U004,2025-10-17,,,,
L00296,Katie,Arnold,katie.arnold@hauffer.com,Hauffer GmbH & Co. KG,Analytics Engineer,Norway,Continental Europe,Partner,CMP026,Converted,40,U016,2026-04-30,2026-05-03,2026-05-04,A00979,C006921
L00297,Cheryl,Backman,cheryl.backman@jones.com,Jones LLC,CISO,Ireland,UK&I,Referral,CMP004,SQL,6,U011,2025-08-08,2025-08-25,2025-08-27,,
L00298,Megan,Becker,megan.becker@davies-davey.com,Davies-Davey,Head of Data Platform,United States,North America,Webinar,CMP022,New,2,U004,2025-12-14,,,,
L00299,Kyara,Groen,kyara.groen@hunt-hale.com,Hunt-Hale Group,VP Data & Analytics,United States,North America,Referral,CMP039,MQL,29,U004,2026-04-04,2026-04-13,,,
L00300,Leslie,Walker,leslie.walker@ortmann.com,Ortmann,Chief Data Officer,Belgium,Continental Europe,SDR Outbound,CMP009,MQL,79,U016,2026-07-31,2026-08-02,,,
L00301,Elvira,Diaz,elvira.diaz@hall.com,Hall Shepherd and Cortez,Analytics Engineer,United States,North America,Event,CMP031,Disqualified,35,U005,2026-08-12,,,,
L00302,Karlfried,Wijland,karlfried.wijland@turner.com,Turner Gardner and Read Group,Head of Procurement,Sweden,Continental Europe,Webinar,CMP018,New,76,U017,2026-03-01,,,,
L00303,Concetta,Birnbaum,concetta.birnbaum@burgess.com,Burgess Smith and Charlton,Senior Data Engineer,Netherlands,Continental Europe,Free Trial,CMP002,MQL,69,U017,2026-06-11,2026-06-27,,,
L00304,Jane,Cole,jane.cole@koninklijke.com,Koninklijke Manne,Head of Data Engineering,Belgium,Continental Europe,Referral,CMP011,Disqualified,2,U017,2026-09-25,,,,
L00305,Aiden,van Wel,aiden.van wel@gregory-stanton.com,Gregory-Stanton,Chief Data Officer,Belgium,Continental Europe,Event,CMP012,SQL,65,U017,2026-04-30,2026-04-30,2026-05-12,,
L00306,Lise,Lindkvist,lise.lindkvist@gunpf.com,Gunpf Mielcarek AG Group,Head of Procurement,United States,North America,Webinar,CMP042,MQL,21,U004,2025-11-23,2025-11-27,,,
L00307,Stefani,Barnes,stefani.barnes@hammarström.com,Hammarström Lundin AB,Chief Data Officer,Germany,Continental Europe,Partner,CMP011,Converted,74,U016,2026-08-22,2026-08-28,2026-09-08,A01262,C006922
L00308,Holly,Lonen,holly.lonen@häring.com,Häring,Head of Data Platform,Netherlands,Continental Europe,Paid Search,CMP042,Converted,72,U017,2025-12-23,2026-01-03,2026-01-07,A00437,C006923
L00309,Anthony,Garner,anthony.garner@yahoo.com,Lindgren & Forsberg HB,Analytics Engineer,Netherlands,Continental Europe,Webinar,CMP014,New,53,U016,2025-10-12,,,,
L00310,Diane,Ali,diane.ali@armstrong-atkinson.com,Armstrong-Atkinson,IT Security Manager,Germany,Continental Europe,Partner,CMP045,MQL,11,U017,2026-04-24,2026-05-02,,,
L00311,Kieran,Elliott,kieran.elliott@nordgren.com,Nordgren Andersson HB,VP Data,United States,North America,Free Trial,CMP028,New,46,U005,2025-12-05,,,,
L00312,Stephen,Andersson,stephen.andersson@stey.com,Stey Barkholz GmbH,Director of Data Platform,Denmark,Continental Europe,Free Trial,CMP009,New,5,U016,2026-02-12,,,,
L00313,Ayden,Blanchard,ayden.blanchard@stevens.com,Stevens Allan and Butcher,Director of Data Platform,Canada,North America,Partner,CMP007,SQL,73,U005,2026-05-28,2026-06-13,2026-06-19,,
L00314,Margareta,Jessel,margareta.jessel@johnson.com,Johnson and Sons,Analytics Engineer,United Kingdom,UK&I,Referral,CMP023,Converted,58,U011,2026-04-12,2026-04-27,2026-05-05,A02009,C006924
L00315,Andreas,van Ommeren,andreas.van ommeren@de.com,de Gruil & van de Plas Ltd,"Director, Data Engineering",United States,North America,Free Trial,CMP014,New,44,U005,2026-05-13,,,,
L00316,Geoffrey,Lathrope,geoffrey.lathrope@gmail.com,Johansson Sjöström HB,Chief Information Officer,Belgium,Continental Europe,Partner,CMP030,MQL,100,U016,2025-05-30,2025-06-19,,,
L00317,Andrea,Vincent,andrea.vincent@hehl.com,Hehl & Huisman,Head of Data Platform,Canada,North America,Referral,CMP005,New,36,U004,2025-12-25,,,,
L00318,Gustaf,Jonker,gustaf.jonker@hunter.com,Hunter Davis and Ford,Director of Data Platform,Denmark,Continental Europe,SDR Outbound,CMP040,MQL,79,U016,2026-06-10,2026-06-21,,,
L00319,Timothy,Lord,timothy.lord@horn.com,Horn and Sons,Chief Information Officer,Sweden,Continental Europe,SDR Outbound,CMP007,SQL,100,U017,2026-03-16,2026-03-31,2026-04-05,,
L00320,Jacob,Eriksson,jacob.eriksson@coenen.com,Coenen Groep,Head of Data Engineering,United Kingdom,UK&I,Partner,CMP025,Disqualified,60,U011,2026-09-28,,,,
L00321,Hans-Christian,Claassen,hans-christian.claassen@gmail.com,De Jong & Laan,VP Data,United States,North America,Webinar,CMP006,New,13,U004,2026-05-31,,,,
L00322,Kay-Uwe,Larsson,kay-uwe.larsson@gmail.com,Smith-Sandoval,CISO,United States,North America,Webinar,CMP043,Disqualified,71,U005,2025-11-01,,,,
L00323,Kyara,Kjellberg,kyara.kjellberg@williams.com,Williams Group,Head of Procurement,United States,North America,Webinar,CMP023,New,14,U005,2025-12-22,,,,
L00324,Lot,Ball,lot.ball@yahoo.com,Cross PLC,Chief Information Officer,United States,North America,Referral,CMP016,MQL,69,U005,2025-12-27,2025-12-30,,,
L00325,Benjamin,Luboch,benjamin.luboch@moreno.com,Moreno Bennett and Chavez,Chief Data Officer,Sweden,Continental Europe,Paid Search,CMP008,New,22,U017,2026-08-19,,,,
L00326,Sam,Pettersson,sam.pettersson@schmidt.com,Schmidt GmbH,Head of Procurement,Germany,Continental Europe,SDR Outbound,CMP003,New,26,U016,2026-10-02,,,,
L00327,Zeynep,Larsson,zeynep.larsson@pollard.com,Pollard and Sons,Chief Information Officer,United Kingdom,UK&I,Event,CMP018,New,72,U011,2026-05-02,,,,
L00328,Jochem,van Berkum,jochem.van berkum@outlook.com,Owen McLean and White,Staff Data Engineer,United Kingdom,UK&I,Free Trial,CMP036,MQL,81,U010,2025-12-10,2025-12-24,,,
L00329,Almut,Hanna,almut.hanna@wähner.com,Wähner Täsche KGaA GmbH,Staff Data Engineer,United States,North America,Event,CMP027,SQL,76,U005,2026-04-26,2026-05-14,2026-05-24,,
L00330,Adina,Bartels,adina.bartels@fitzgerald.com,Fitzgerald Group,CISO,Belgium,Continental Europe,Event,CMP009,New,72,U016,2025-04-13,,,,
L00331,Robin,Lucas,robin.lucas@neureuther.com,Neureuther Otto GmbH & Co. OHG,Senior Data Engineer,Germany,Continental Europe,SDR Outbound,CMP028,Converted,18,U017,2026-01-23,2026-01-28,2026-02-08,A01626,C006925
L00332,Theodoros,Booth,theodoros.booth@gumprich.com,Gumprich AG & Co. KG Ltd,Head of Procurement,Germany,Continental Europe,Paid Search,CMP026,New,42,U016,2025-07-03,,,,
L00333,Simona,Gierschner,simona.gierschner@schmiedecke.com,Schmiedecke GmbH,IT Security Manager,United Kingdom,UK&I,Partner,CMP015,MQL,69,U011,2025-10-25,2025-11-07,,,
L00334,Victor,Price,victor.price@terrell.com,Terrell Byrd and Ross,VP Data & Analytics,United States,North America,Event,CMP030,New,39,U005,2025-11-04,,,,
L00335,Jennifer,Möchlichen,jennifer.möchlichen@kolster.com,Kolster & Louws,Data Engineering Manager,Canada,North America,Event,CMP025,Disqualified,2,U005,2026-07-17,,,,
L00336,Ceylin,Forsberg,ceylin.forsberg@mazars.com,Mazars Inc,Chief Information Officer,United States,North America,Partner,CMP005,New,73,U005,2026-03-29,,,,
L00337,Abel,Fredriksson,abel.fredriksson@west.com,West LLC,Data Engineering Manager,United States,North America,Partner,CMP030,New,66,U005,2025-05-13,,,,
L00338,Woldemar,van Kuijc van Malsen,woldemar.van kuijc van malsen@johansson.com,Johansson Persson AB Inc,Senior Data Engineer,Germany,Continental Europe,Webinar,CMP012,Disqualified,44,U017,2025-10-26,,,,
L00339,Virginia,Thomas,virginia.thomas@bergman.com,Bergman Linder HB,Chief Data Officer,United States,North America,Event,CMP008,New,40,U004,2025-05-17,,,,
L00340,Ludvig,van den Nuwenhijsen,ludvig.van den nuwenhijsen@karlsson.com,Karlsson & Johansson AB,Chief Data Officer,United States,North America,Paid Search,CMP039,Disqualified,86,U005,2026-02-04,,,,
L00341,Jasmijn,Zimmerman,jasmijn.zimmerman@taylor.com,Taylor Hogan and Thomas,Head of Procurement,Germany,Continental Europe,Event,CMP023,New,23,U016,2026-08-04,,,,
L00342,Luka,Kim,luka.kim@walker-lewis.com,Walker-Lewis Ltd,"Director, Data Engineering",Norway,Continental Europe,SDR Outbound,CMP010,MQL,37,U016,2026-05-27,2026-06-02,,,
L00343,Matthew,Eerden,matthew.eerden@säuberlich.com,Säuberlich Ullrich KG,Staff Data Engineer,United States,North America,Partner,CMP031,MQL,96,U004,2025-12-16,2025-12-23,,,
L00344,Andrea,Ford,andrea.ford@andersson.com,Andersson Höglund HB,Head of Data Engineering,Sweden,Continental Europe,Webinar,CMP032,MQL,19,U017,2026-07-08,2026-07-11,,,
L00345,Rowan,Mude,rowan.mude@jacobs.com,Jacobs,VP Data,United States,North America,SDR Outbound,CMP044,New,77,,2026-04-29,,,,
L00346,Nicole,Eimer,nicole.eimer@lundgren.com,Lundgren Bolin AB,Chief Data Officer,Ireland,UK&I,Event,CMP005,New,60,U011,2025-04-16,,,,
L00347,Greta,Robinson,greta.robinson@ljungberg.com,Ljungberg Nilsson HB,Staff Data Engineer,Canada,North America,SDR Outbound,CMP018,Disqualified,68,,2025-11-05,,,,
L00348,David,Belpere,david.belpere@scholz.com,Scholz,CISO,Belgium,Continental Europe,Partner,CMP013,New,25,U017,2025-05-23,,,,
L00349,Barbara,Rowland,barbara.rowland@hansson.com,Hansson AB Inc,"Director, Data Engineering",United States,North America,Free Trial,CMP041,Converted,34,U005,2025-06-28,2025-06-28,2025-07-12,A01432,C006926
L00350,Sarah,Ruiz,sarah.ruiz@forsberg.com,Forsberg & Ali HB,Director of Data Platform,United States,North America,Content Download,CMP032,Converted,69,U005,2025-12-14,2025-12-17,2025-12-27,A02010,C006927
L00351,Kristina,van Santen,kristina.van santen@girschner.com,Girschner,Data Engineering Manager,Netherlands,Continental Europe,Content Download,CMP033,SQL,88,U016,2025-09-09,2025-09-15,2025-09-29,,
L00352,Michael,Mendoza,michael.mendoza@dougherty-lin.com,Dougherty-Lin,"Director, Data Engineering",United States,North America,Referral,CMP020,New,11,U004,2025-12-09,,,,
L00353,Jenny,Ruiz,jenny.ruiz@walsh.com,Walsh Davies and Anderson,Data Engineering Manager,United States,North America,Paid Search,CMP001,Converted,17,U005,2026-05-16,2026-05-25,2026-05-28,A00008,C006928
L00354,Diane,Lind,diane.lind@hölzenbecher.com,Hölzenbecher GbR,Director of Data Platform,United Kingdom,UK&I,Content Download,CMP002,New,76,U011,2025-11-08,,,,
L00355,Eileen,Lehmann,eileen.lehmann@atos.com,Atos,"Director, Data Engineering",Canada,North America,SDR Outbound,CMP027,MQL,87,U005,2026-03-30,2026-04-02,,,
L00356,Elizabeth,Börner,elizabeth.börner@gmail.com,Textor,VP Data,United Kingdom,UK&I,SDR Outbound,CMP006,SQL,57,U011,2026-01-27,2026-01-28,2026-02-02,,
L00357,Austin,Svensson,austin.svensson@jones.com,Jones Baker and Hodgson Group,Head of Data Platform,United Kingdom,UK&I,Event,CMP038,New,2,U011,2025-04-15,,,,
L00358,Erica,Ochoa,erica.ochoa@smith.com,Smith Coleman and Benson,CISO,Belgium,Continental Europe,Event,CMP045,Disqualified,23,U017,2025-08-07,,,,
L00359,Nathan,Godfrey,nathan.godfrey@stichting.com,Stichting Labado,Head of Procurement,Sweden,Continental Europe,Free Trial,CMP035,MQL,61,U017,2025-12-24,2026-01-13,,,
L00360,Carmine,Kolen,carmine.kolen@jackson.com,Jackson Group,CISO,Canada,North America,Paid Search,CMP014,Disqualified,26,U004,2026-05-05,,,,
L00361,Geraldine,Dahl,geraldine.dahl@roos.com,Roos HB,Head of Data Engineering,United States,North America,Webinar,CMP014,New,82,U005,2025-08-14,,,,
L00362,Alexander,Bibi,alexander.bibi@yahoo.com,Eriksson AB,Analytics Engineer,United States,North America,Event,CMP036,New,39,U005,2026-08-09,,,,
L00363,Rayan,Olsson,rayan.olsson@kpmg.com,KPMG Group,Head of Data Platform,United States,North America,Webinar,CMP012,New,50,U004,2026-03-30,,,,
L00364,Marijn,Verschuere,marijn.verschuere@cooper-smith.com,Cooper-Smith GmbH,CISO,United States,North America,Content Download,CMP012,New,99,U004,2026-06-03,,,,
L00365,June,Van Bragt,june.van bragt@outlook.com,Jensen HB,Head of Data Platform,United States,North America,Referral,CMP029,Disqualified,67,U004,2025-04-12,,,,
L00366,Maria,Teunissen,maria.teunissen@naylor.com,Naylor Group,Chief Data Officer,United States,North America,Event,CMP044,SQL,23,U004,2026-08-30,2026-09-06,2026-09-18,,
L00367,Marleen,Ward,marleen.ward@gardiner.com,Gardiner and Sons GmbH,Senior Data Engineer,Switzerland,Continental Europe,Webinar,CMP022,New,75,U016,2025-08-19,,,,
L00368,Iris,Olausson,iris.olausson@kraushaar.com,Kraushaar Wulff AG Inc,Head of Data Platform,United States,North America,Event,CMP024,Converted,13,U004,2025-05-07,2025-05-24,2025-05-28,A00611,C006929
L00369,William,Carsten,william.carsten@seip.com,Seip,IT Security Manager,Norway,Continental Europe,Referral,CMP039,Disqualified,77,U016,2025-12-03,,,,
L00370,Matthijs,Bailey,matthijs.bailey@marshall-rogers.com,Marshall-Rogers,Head of Data Platform,Netherlands,Continental Europe,Webinar,CMP032,MQL,16,U017,2026-06-24,2026-06-24,,,
L00371,Chloe,Benthin,chloe.benthin@hoogvliet.com,Hoogvliet,CISO,United States,North America,Free Trial,CMP042,Converted,67,U004,2026-05-23,2026-05-31,2026-06-07,A01430,C006930
L00372,Stella,Olofsson,stella.olofsson@graf.com,Graf GbR,Senior Data Engineer,Denmark,Continental Europe,Referral,CMP012,New,18,U016,2026-02-11,,,,
L00373,Lara,Olsson,lara.olsson@gmail.com,IMC Trading,VP Data,United Kingdom,UK&I,Event,CMP026,Disqualified,37,U010,2025-09-25,,,,
L00374,Mary,Karz,mary.karz@hägg.com,Hägg Bergman HB,CISO,United States,North America,SDR Outbound,CMP025,Disqualified,80,U005,2025-07-28,,,,
L00375,Emma,Pölitz,emma.pölitz@van.com,van Kuijc NV,Staff Data Engineer,Germany,Continental Europe,Event,CMP021,SQL,75,U016,2025-04-02,2025-04-11,2025-04-25,,
L00376,Elisabeth,van den Brand,elisabeth.van den brand@thompson.com,Thompson Brown and Hill,Staff Data Engineer,United Kingdom,UK&I,Event,CMP023,Disqualified,86,U011,2025-04-07,,,,
L00377,Bertil,Paffrath,bertil.paffrath@fredriksson.com,Fredriksson AB,Analytics Engineer,Denmark,Continental Europe,Event,CMP021,New,83,U017,2025-11-05,,,,
L00378,Jens,Wähner,jens.wähner@lundqvist.com,Lundqvist HB,Chief Information Officer,United Kingdom,UK&I,Content Download,CMP033,New,9,U010,2025-11-25,,,,
L00379,Emily,Rek,emily.rek@holzapfel.com,Holzapfel Stiftung & Co. KGaA,Analytics Engineer,United States,North America,Webinar,CMP011,Disqualified,46,U004,2025-12-05,,,,
L00380,Maxim,Cunningham,maxim.cunningham@dippel.com,Dippel Finke Stiftung & Co. KG,CISO,United States,North America,Free Trial,CMP017,New,36,U005,2026-09-22,,,,
L00381,Astrid,Clayton,astrid.clayton@drub.com,Drub Dietz GbR,Chief Data Officer,Belgium,Continental Europe,Event,CMP010,Disqualified,99,U016,2026-06-19,,,,
L00382,Kyra,Berglund,kyra.berglund@junck.com,Junck AG & Co. KG,Analytics Engineer,United Kingdom,UK&I,Event,CMP029,New,15,U010,2025-09-30,,,,
L00383,Christopher,Bartlett,christopher.bartlett@edlund.com,Edlund Mohamud AB GmbH,Staff Data Engineer,Ireland,UK&I,Webinar,CMP004,MQL,65,U010,2025-07-06,2025-07-16,,,
L00384,Ivy,van de Ven,ivy.van de ven@pedersen.com,Pedersen Sandberg HB,Director of Data Platform,Denmark,Continental Europe,Event,CMP005,New,51,U017,2025-07-09,,,,
L00385,Annika,Schenk,annika.schenk@berger.com,Berger OHG mbH Inc,Head of Data Platform,Germany,Continental Europe,Referral,CMP031,New,65,,2026-04-27,,,,
L00386,Roger,Sanchez,roger.sanchez@van.com,van Laarhoven BV,Head of Data Platform,United States,North America,Event,CMP043,MQL,1,U005,2025-07-01,2025-07-15,,,
L00387,Rickard,Malmström,rickard.malmström@meister.com,Meister Kruschwitz AG Inc,Head of Data Engineering,United States,North America,Content Download,CMP010,Disqualified,65,U004,2026-07-30,,,,
L00388,Alex,Dyer,alex.dyer@gibson.com,Gibson Benson and Curtis,Analytics Engineer,Netherlands,Continental Europe,Content Download,CMP034,Disqualified,48,U017,2026-02-13,,,,
L00389,Iris,Bailey,iris.bailey@taylor.com,Taylor Pritchard and Ward,CISO,United States,North America,SDR Outbound,CMP007,New,11,U005,2026-09-28,,,,
L00390,Konrad,Petersson,konrad.petersson@stichting.com,Stichting Slagmolen,Senior Data Engineer,United States,North America,Paid Search,CMP012,Converted,80,U004,2026-06-04,2026-06-05,2026-06-15,A01684,C006931
L00391,Anette,van der Veen,anette.van der veen@karz.com,Karz Stiftung & Co. KG,Chief Data Officer,Germany,Continental Europe,Free Trial,CMP008,New,87,U017,2025-11-06,,,,
L00392,Wenzel,Schlosser,wenzel.schlosser@lynch.com,Lynch Schmitt and Nash,"Director, Data Engineering",United States,North America,Webinar,CMP042,New,67,U005,2025-12-31,,,,
L00393,Carole,Hudson,carole.hudson@johansson.com,Johansson Höglund HB,CISO,Netherlands,Continental Europe,Content Download,CMP029,New,32,U017,2026-09-18,,,,
L00394,Timothy,Svensson,timothy.svensson@söderberg.com,Söderberg Bergman HB,Senior Data Engineer,United States,North America,Paid Search,CMP033,New,99,U005,2025-05-28,,,,
L00395,Daniel,Le Grand,daniel.le grand@yahoo.com,Everde & Roodesteijn,VP Data & Analytics,United States,North America,Event,CMP045,MQL,61,U004,2025-10-18,2025-10-26,,,
L00396,Nout,Andersson,nout.andersson@gmail.com,Royal Wouters,CISO,Germany,Continental Europe,Referral,CMP044,MQL,17,U016,2025-10-16,2025-11-01,,,
L00397,Timo,van de Coterlet,timo.van de coterlet@fechner.com,Fechner Scholtz AG & Co. KGaA,Senior Data Engineer,United Kingdom,UK&I,Content Download,CMP003,New,61,U010,2026-04-07,,,,
L00398,Niels,Holsten,niels.holsten@lindvall.com,Lindvall & Lindberg HB,Head of Data Platform,United States,North America,Free Trial,CMP033,New,88,U005,2026-04-10,,,,
L00399,Linde,Bohnbach,linde.bohnbach@heser.com,Heser,CISO,United States,North America,Event,CMP019,MQL,15,U004,2025-07-13,2025-07-27,,,
L00400,Kimberley,Sanderson,kimberley.sanderson@burgess-bell.com,Burgess-Bell,VP Data,United States,North America,Partner,CMP040,New,72,U005,2025-05-10,,,,
L00401,Noah,Travis,noah.travis@murphy.com,Murphy Guzman and White,Head of Procurement,Switzerland,Continental Europe,SDR Outbound,CMP012,Converted,91,U016,2026-08-16,2026-08-26,2026-09-03,A02011,C006932
L00402,Jan,Potters,jan.potters@ljungberg.com,Ljungberg Johansson HB,Staff Data Engineer,United States,North America,Event,CMP005,New,64,U005,2025-10-10,,,,
L00403,Lars,Naser,lars.naser@outlook.com,Andersson & Brodin HB,"Director, Data Engineering",United States,North America,Partner,CMP011,SQL,27,U004,2026-09-11,2026-09-15,2026-09-25,,
L00404,Gerrit,Zavala,gerrit.zavala@johansson.com,Johansson HB,Director of Data Platform,United States,North America,SDR Outbound,CMP017,New,72,U004,2025-08-05,,,,
L00405,Chloë,Höning,chloë.höning@williams.com,Williams Cole and Moore Group,Senior Data Engineer,United States,North America,Event,CMP017,New,38,U004,2026-01-13,,,,
L00406,Rita,Taylor,rita.taylor@scott-smith.com,Scott-Smith,Senior Data Engineer,United States,North America,Partner,CMP001,New,78,U004,2026-03-14,,,,
L00407,Karl,Delacruz,karl.delacruz@johnson-barnes.com,Johnson-Barnes,Chief Data Officer,Canada,North America,Paid Search,CMP037,Converted,98,U005,2025-08-25,2025-08-31,2025-09-14,A02012,C006933
L00408,Timothy,Bouhuizen,timothy.bouhuizen@jenkins-jones.com,Jenkins-Jones,CISO,Netherlands,Continental Europe,Free Trial,CMP037,New,89,U016,2025-12-30,,,,
L00409,Alexander,Smart,alexander.smart@clarke.com,Clarke Woods and Burns,VP Data & Analytics,Ireland,UK&I,Webinar,CMP007,New,76,U011,2026-05-04,,,,
L00410,Fleur,Kirby,fleur.kirby@edwards.com,Edwards Walker and Townsend,Chief Information Officer,Switzerland,Continental Europe,Event,CMP036,MQL,85,U017,2026-02-01,2026-02-09,,,
L00411,Lauren,Anderson,lauren.anderson@koninklijke.com,Koninklijke Ligtvoet,Head of Procurement,United States,North America,SDR Outbound,CMP030,New,68,U005,2025-07-08,,,,
L00412,Catharina,Bevan,catharina.bevan@stephens.com,Stephens Inc,Staff Data Engineer,United States,North America,Referral,CMP025,SQL,66,U005,2026-03-12,2026-03-29,2026-04-10,,
L00413,Britt,Escobar,britt.escobar@yahoo.com,Klingelhöfer Wesack GbR,Head of Data Platform,United States,North America,Event,CMP016,Disqualified,38,U004,2025-04-26,,,,
L00414,Dani,Textor,dani.textor@stichting.com,Stichting van Munster Ltd,Head of Data Engineering,United States,North America,Content Download,CMP045,New,2,U005,2025-04-23,,,,
L00415,Necati,Sandberg,necati.sandberg@b&s.com,B&S,Director of Data Platform,Ireland,UK&I,Paid Search,CMP041,New,52,U010,2026-05-05,,,,
L00416,Kyano,Löwer,kyano.löwer@kühnert.com,Kühnert,VP Data & Analytics,United States,North America,Free Trial,CMP040,MQL,83,U005,2026-08-07,2026-08-17,,,
L00417,Alexandra,Martin,alexandra.martin@yahoo.com,Hübel,VP Data & Analytics,United States,North America,Free Trial,CMP020,New,71,U005,2025-12-11,,,,
L00418,Frida,Cook,frida.cook@svensson.com,Svensson Bergqvist HB,Chief Data Officer,Netherlands,Continental Europe,Event,CMP009,New,88,U017,2025-07-14,,,,
L00419,Sharon,Nilsson,sharon.nilsson@eberth.com,Eberth Inc,Data Engineering Manager,United States,North America,Partner,CMP010,Converted,61,U005,2026-05-12,2026-05-13,2026-05-27,A00162,C006934
L00420,Thom,Andersson,thom.andersson@briggs.com,Briggs Woodward and Cook,VP Data & Analytics,United Kingdom,UK&I,Partner,CMP018,SQL,2,U010,2025-08-15,2025-08-15,2025-08-28,,
L00421,Elize,Karlsson,elize.karlsson@outlook.com,Heydrich,Head of Procurement,United States,North America,Referral,CMP031,Disqualified,20,U005,2025-05-27,,,,
L00422,Hanno,Karlsson,hanno.karlsson@bergvall.com,Bergvall Gustafsson AB,Director of Data Platform,United States,North America,Paid Search,CMP016,MQL,72,U004,2026-04-17,2026-04-20,,,
L00423,Hazel,Åström,hazel.åström@patterson.com,Patterson Oliver and White GmbH,IT Security Manager,United Kingdom,UK&I,Referral,CMP010,Disqualified,23,U010,2026-02-23,,,,
L00424,Phileine,Murphy,phileine.murphy@lee.com,Lee LLC,"Director, Data Engineering",United States,North America,Referral,CMP003,Disqualified,46,U005,2025-11-08,,,,
L00425,John,Bryant,john.bryant@fors.com,Fors HB,CISO,Belgium,Continental Europe,Content Download,CMP019,New,14,U017,2026-08-17,,,,
L00426,Amber,Larsson,amber.larsson@svensson.com,Svensson AB,Chief Information Officer,Germany,Continental Europe,Content Download,CMP008,New,55,U017,2026-08-31,,,,
L00427,Dion,Kelly,dion.kelly@olofsson.com,Olofsson Östman AB,IT Security Manager,United Kingdom,UK&I,Webinar,CMP030,New,35,U010,2026-09-25,,,,
L00428,Andrew,Taylor,andrew.taylor@royal.com,Royal Wouters GmbH,Data Engineering Manager,Germany,Continental Europe,Partner,CMP034,Converted,13,,2026-07-04,2026-07-15,2026-07-26,A01805,C006935
L00429,Anouk,Smits,anouk.smits@roberts.com,Roberts Lloyd and Bates,Chief Information Officer,Canada,North America,Referral,CMP039,MQL,38,U005,2026-07-23,2026-08-09,,,
L00430,Per,van der Pluijm,per.van der pluijm@murray-morris.com,Murray-Morris,VP Data,United Kingdom,UK&I,Event,CMP035,New,67,U011,2026-05-23,,,,
L00431,Hans-Gerhard,Jdotte,hans-gerhard.jdotte@kathagen.com,Kathagen & van Cuijck,Chief Information Officer,United States,North America,Referral,CMP045,New,85,U005,2025-10-01,,,,
L00432,Thomas,Öberg,thomas.öberg@nordlander.com,Nordlander Zhang AB,Staff Data Engineer,United States,North America,Webinar,CMP018,New,18,U004,2025-09-26,,,,
L00433,Tobias,Eriksson,tobias.eriksson@wilson.com,Wilson Parker and Sullivan,Head of Procurement,United Kingdom,UK&I,Paid Search,CMP024,New,10,,2026-05-20,,,,
L00434,Tassilo,Frye,tassilo.frye@hawkins-arnold.com,Hawkins-Arnold GmbH,"Director, Data Engineering",United States,North America,SDR Outbound,CMP036,New,68,U005,2025-06-05,,,,
L00435,Richard,Eriksson,richard.eriksson@koninklijke.com,Koninklijke Uit de Willigen,Senior Data Engineer,United States,North America,Referral,CMP020,MQL,1,U005,2026-09-04,2026-09-17,,,
L00436,Wolf-Dietrich,Cook,wolf-dietrich.cook@yahoo.com,Todd-Ward,Data Engineering Manager,Canada,North America,Content Download,CMP043,Converted,49,U005,2025-11-29,2025-12-04,2025-12-09,A02013,C006936
L00437,Jesper,Watson,jesper.watson@butler-fleming.com,Butler-Fleming,Data Engineering Manager,United States,North America,Partner,CMP015,New,14,U005,2026-03-09,,,,
L00438,Alison,Bouwhuisen,alison.bouwhuisen@higgins.com,Higgins Wilson and Wilson,IT Security Manager,United Kingdom,UK&I,Event,CMP035,Disqualified,64,U010,2025-12-01,,,,
L00439,Jonathan,Cook,jonathan.cook@eriksson.com,Eriksson AB,VP Data & Analytics,United States,North America,Partner,CMP009,Converted,57,U005,2025-06-01,2025-06-18,2025-06-29,A00537,C006937
L00440,Ilona,Johnsson,ilona.johnsson@pettersson.com,Pettersson Svensson AB,Head of Data Engineering,United States,North America,Paid Search,CMP001,SQL,53,U005,2025-12-09,2025-12-28,2025-12-31,,
L00441,Ronald,Hedman,ronald.hedman@parsons.com,Parsons and Sons,Chief Information Officer,United States,North America,Paid Search,CMP034,New,17,U005,2025-12-25,,,,
L00442,Senna,Collins,senna.collins@howard.com,Howard LLC,Head of Procurement,Canada,North America,Content Download,CMP002,SQL,50,U005,2026-02-18,2026-03-10,2026-03-11,,
L00443,Conor,Hines,conor.hines@karlsson.com,Karlsson & Eriksson AB,Chief Information Officer,United States,North America,Paid Search,CMP018,MQL,6,U005,2026-03-23,2026-03-23,,,
L00444,Annemijn,Nilsson,annemijn.nilsson@cook-harris.com,Cook-Harris,Staff Data Engineer,United States,North America,Webinar,CMP021,New,34,U005,2025-08-29,,,,
L00445,Rosemary,van Kuijc van Malsen,rosemary.van kuijc van malsen@mohamed.com,Mohamed HB,Director of Data Platform,Canada,North America,SDR Outbound,CMP011,New,74,U004,2026-02-02,,,,
L00446,Kelly,Perry,kelly.perry@lindberg.com,Lindberg & Lindahl AB Inc,Chief Data Officer,United Kingdom,UK&I,Webinar,CMP031,Disqualified,96,U010,2026-07-14,,,,
L00447,Roger,Osterhoudt,roger.osterhoudt@rydén.com,Rydén & Andersson HB,Senior Data Engineer,Norway,Continental Europe,Partner,CMP039,MQL,37,U016,2026-03-16,2026-03-28,,,
L00448,Evi,Phillips,evi.phillips@pettersson.com,Pettersson Åkerman HB,Chief Information Officer,United States,North America,Referral,CMP035,MQL,60,U005,2026-05-03,2026-05-20,,,
L00449,Justina,van Westfalen,justina.van westfalen@steckel.com,Steckel,"Director, Data Engineering",Germany,Continental Europe,Paid Search,CMP043,New,36,U017,2025-06-19,,,,
L00450,Margareta,Abbott,margareta.abbott@kay.com,Kay and Sons,Analytics Engineer,United States,North America,Paid Search,CMP002,New,9,U004,2026-09-04,,,,
L00451,Max,Johansson,max.johansson@briggs-white.com,Briggs-White,Staff Data Engineer,Canada,North America,Referral,CMP007,Disqualified,30,U004,2025-10-31,,,,
L00452,Bart,Hopkins,bart.hopkins@outlook.com,Bentley Brookes and Elliott,Staff Data Engineer,United States,North America,Webinar,CMP036,New,17,U005,2026-03-31,,,,
L00453,Puck,Smith,puck.smith@salazar-brown.com,Salazar-Brown Inc,Data Engineering Manager,Netherlands,Continental Europe,Webinar,CMP031,New,88,,2025-10-28,,,,
L00454,Kenneth,Säuberlich,kenneth.säuberlich@lee.com,Lee LLC Inc,Staff Data Engineer,United Kingdom,UK&I,SDR Outbound,CMP023,New,58,U011,2025-04-22,,,,
L00455,Anton,van Amstel,anton.van amstel@pettersson.com,Pettersson & Vilhelmsson HB,Senior Data Engineer,United States,North America,Event,CMP003,SQL,29,U004,2025-10-08,2025-10-23,2025-11-02,,
L00456,Anthony,Taylor,anthony.taylor@peters.com,Peters Morris and Brown,Head of Procurement,Germany,Continental Europe,Partner,CMP012,Converted,76,U017,2026-04-18,2026-04-19,2026-04-22,A02014,C006938
L00457,Beverley,Andersson,beverley.andersson@jäntsch.com,Jäntsch GmbH Group,Senior Data Engineer,Canada,North America,SDR Outbound,CMP012,New,24,U005,2025-11-23,,,,
L00458,John,Karlsson,john.karlsson@oconnell.com,Oconnell Inc,Head of Data Engineering,United States,North America,Webinar,CMP005,New,62,U004,2026-03-20,,,,
L00459,Jack,Ericsson,jack.ericsson@löfgren.com,Löfgren HB Inc,IT Security Manager,Ireland,UK&I,SDR Outbound,CMP034,New,62,U010,2025-09-06,,,,
L00460,Rosa,Olsson,rosa.olsson@rogner.com,Rogner Scholz AG,Staff Data Engineer,Sweden,Continental Europe,Partner,CMP024,New,74,U016,2026-06-20,,,,
L00461,Benjamin,Potts,benjamin.potts@hunt-hale.com,Hunt-Hale,Analytics Engineer,United States,North America,SDR Outbound,CMP005,Converted,22,U004,2025-07-29,2025-08-05,2025-08-08,A01151,C006939
L00462,Maya,Rose,maya.rose@haering.com,Haering GmbH & Co. KG,CISO,Netherlands,Continental Europe,Webinar,CMP043,MQL,22,,2025-06-19,2025-06-20,,,
L00463,Aron,Woods,aron.woods@yahoo.com,Caldwell-Martin GmbH,Head of Data Engineering,Ireland,UK&I,SDR Outbound,CMP034,New,37,U011,2025-05-27,,,,
L00464,Aaliyah,Lewis,aaliyah.lewis@smits.com,Smits BV,VP Data,Ireland,UK&I,Content Download,CMP028,Disqualified,59,U011,2026-04-28,,,,
L00465,Editha,Zijlemans,editha.zijlemans@uphaus.com,Uphaus NV,Chief Data Officer,Belgium,Continental Europe,Free Trial,CMP029,New,65,U017,2025-07-12,,,,
L00466,Catharina,Schmidtke,catharina.schmidtke@koninklijke.com,Koninklijke van Vlaanderen,Head of Data Platform,Germany,Continental Europe,Partner,CMP017,Converted,1,U017,2026-07-18,2026-07-18,2026-07-24,A02015,C006940
L00467,Olof,Bauer,olof.bauer@arnold-clarke.com,Arnold-Clarke,VP Data & Analytics,United States,North America,Webinar,CMP030,New,35,U004,2025-10-22,,,,
L00468,Hugo,Nilsson,hugo.nilsson@seip.com,Seip Henck Stiftung & Co. KG,Staff Data Engineer,United States,North America,Content Download,CMP027,Converted,52,U004,2026-06-12,2026-06-21,2026-06-28,A02016,C006941
L00469,Scott,Pieper,scott.pieper@gmail.com,Nyström & Persson HB,Chief Information Officer,United States,North America,Content Download,CMP002,Disqualified,24,U005,2026-01-10,,,,
L00470,Paulina,Bruder,paulina.bruder@outlook.com,Håkansson Nordlund AB,Director of Data Platform,United States,North America,Webinar,CMP044,Disqualified,41,U004,2026-09-05,,,,
L00471,Johan,Fritsch,johan.fritsch@sjöberg.com,Sjöberg AB,Director of Data Platform,Belgium,Continental Europe,Content Download,CMP013,Disqualified,42,U016,2025-11-15,,,,
L00472,Francis,Fechner,francis.fechner@geldens.com,Geldens NV Group,Head of Procurement,Austria,Continental Europe,Event,CMP009,New,5,U016,2025-07-28,,,,
L00473,Sherri,Lundquist,sherri.lundquist@gmail.com,Royal van Henegouwen,CISO,Denmark,Continental Europe,Paid Search,CMP037,MQL,80,U016,2025-05-07,2025-05-15,,,
L00474,Göran,Foster,göran.foster@jeppsson.com,Jeppsson Larsson HB,"Director, Data Engineering",United States,North America,Paid Search,CMP004,MQL,11,U005,2026-02-03,2026-02-21,,,
L00475,Colin,Köster,colin.köster@gmail.com,Börner KG,CISO,Ireland,UK&I,Paid Search,CMP043,MQL,14,U010,2026-03-22,2026-04-01,,,
L00476,George,Lara,george.lara@royal.com,Royal Spier,Analytics Engineer,Canada,North America,SDR Outbound,CMP039,MQL,13,U004,2025-08-18,2025-08-30,,,
L00477,Kristine,Jones,kristine.jones@lundin.com,Lundin AB,Analytics Engineer,United Kingdom,UK&I,Webinar,CMP043,New,78,U010,2026-10-07,,,,
L00478,William,Blomqvist,william.blomqvist@koninklijke.com,Koninklijke Martens,Head of Procurement,Germany,Continental Europe,Paid Search,CMP025,MQL,29,U017,2025-09-12,2025-09-27,,,
L00479,Jacob,Stoll,jacob.stoll@moore.com,Moore and Sons,VP Data,Sweden,Continental Europe,Referral,CMP014,MQL,73,U016,2025-05-09,2025-05-27,,,
L00480,Glen,Anders,glen.anders@wood.com,Wood Inc,Head of Data Platform,United Kingdom,UK&I,Free Trial,CMP039,New,99,U010,2025-06-20,,,,
L00481,Barbara,Thompson,barbara.thompson@thorpe.com,Thorpe Griffin and Barnes,CISO,United States,North America,Webinar,CMP005,SQL,70,U004,2026-06-19,2026-06-30,2026-07-14,,
L00482,Owen,Uittenbosch,owen.uittenbosch@santana.com,Santana Ward and Rivas,CISO,Norway,Continental Europe,SDR Outbound,CMP011,MQL,74,U017,2025-06-29,2025-07-10,,,
L00483,Birgitta,Campbell,birgitta.campbell@baker.com,Baker Inc Group,Data Engineering Manager,Germany,Continental Europe,Free Trial,CMP026,New,74,U016,2026-02-24,,,,
L00484,Carl,Jacobi Jäckel,carl.jacobi jäckel@stichting.com,Stichting Jaceps,Head of Procurement,United States,North America,Content Download,CMP019,Disqualified,75,U005,2026-09-11,,,,
L00485,Christoffer,Harris,christoffer.harris@yahoo.com,François Groep,Director of Data Platform,United States,North America,SDR Outbound,CMP019,MQL,1,U004,2026-01-12,2026-01-22,,,
L00486,Jolanda,Smith,jolanda.smith@löfgren.com,Löfgren & Jansson HB,CISO,Belgium,Continental Europe,Content Download,CMP025,MQL,95,U017,2026-03-25,2026-04-14,,,
L00487,Karina,Johansson,karina.johansson@holmberg.com,Holmberg & Andersson AB,Data Engineering Manager,Netherlands,Continental Europe,Event,CMP041,Disqualified,77,U016,2025-07-09,,,,
L00488,Valerie,Harris,valerie.harris@rowe-sanderson.com,Rowe-Sanderson,CISO,United States,North America,Referral,CMP018,Disqualified,74,U004,2026-06-26,,,,
L00489,Kerri,Augustsson,kerri.augustsson@read.com,Read and Sons,Chief Data Officer,United Kingdom,UK&I,Event,CMP010,Converted,0,U010,2025-08-19,2025-09-03,2025-09-11,A02017,C006942
L00490,Stephanie,Mcknight,stephanie.mcknight@striebitz.com,Striebitz Group,CISO,United States,North America,Referral,CMP032,SQL,80,U004,2026-01-17,2026-01-26,2026-02-08,,
L00491,Christopher,Samuelsson,christopher.samuelsson@gmail.com,Carr-Conley,Chief Data Officer,Switzerland,Continental Europe,Paid Search,CMP001,New,30,U016,2026-08-28,,,,
L00492,Anna,Nilsson,anna.nilsson@carlberg.com,Carlberg AB,VP Data,United States,North America,Webinar,CMP027,SQL,13,U005,2025-09-20,2025-09-20,2025-10-02,,
L00493,Otto,Stettyn,otto.stettyn@hunter.com,Hunter Gross and Andrade,"Director, Data Engineering",Canada,North America,Content Download,CMP014,MQL,41,U005,2025-06-19,2025-06-26,,,
L00494,Gino,Hardy,gino.hardy@karlsson.com,Karlsson HB,Analytics Engineer,Ireland,UK&I,Paid Search,CMP025,MQL,26,U011,2025-06-17,2025-07-05,,,
L00495,Gunnar,Lucas,gunnar.lucas@moberg.com,Moberg AB,Chief Data Officer,United States,North America,Content Download,CMP043,New,65,U005,2026-03-03,,,,
L00496,Donald,de Vries,donald.de vries@gemen.com,Gemen & van Geest,VP Data,Germany,Continental Europe,Webinar,CMP031,New,95,,2025-07-31,,,,
L00497,Bram,Trub,bram.trub@lange.com,Lange,Head of Procurement,Canada,North America,Free Trial,CMP004,Disqualified,52,U004,2026-03-22,,,,
L00498,Hollie,Ström,hollie.ström@miller-garrison.com,Miller-Garrison,"Director, Data Engineering",United Kingdom,UK&I,SDR Outbound,CMP035,New,86,U011,2026-04-30,,,,
L00499,Christine,Oskarsson,christine.oskarsson@terrell-sims.com,Terrell-Sims,IT Security Manager,United Kingdom,UK&I,Partner,CMP025,MQL,76,U011,2026-04-21,2026-05-10,,,
L00500,Maxim,Morris,maxim.morris@outlook.com,Woutersz & de Boer Inc,Data Engineering Manager,United States,North America,Paid Search,CMP007,MQL,99,U005,2026-08-16,2026-08-29,,,
L00501,Daniel,Sharpe,daniel.sharpe@allen.com,Allen and Sons,IT Security Manager,United States,North America,Webinar,CMP016,New,55,U005,2025-11-27,,,,
L00502,Deborah,Losekann,deborah.losekann@gmail.com,Scott-Cox,Data Engineering Manager,United States,North America,Event,CMP002,SQL,58,U004,2026-08-26,2026-09-07,2026-09-19,,
L00503,Susan,Scott,susan.scott@emanuelsson.com,Emanuelsson Wall HB Ltd,IT Security Manager,United Kingdom,UK&I,SDR Outbound,CMP034,New,21,U010,2025-08-17,,,,
L00504,Ulf,Weerdenburg,ulf.weerdenburg@carlsson.com,Carlsson Johansson HB,IT Security Manager,United States,North America,Paid Search,CMP013,Disqualified,63,U004,2026-03-21,,,,
L00505,Margaret,van Hoevel en van Zwindrecht,margaret.van hoevel en van zwindrecht@yahoo.com,Gordon LLC,Chief Data Officer,United States,North America,Partner,CMP043,MQL,94,U005,2026-06-24,2026-06-30,,,
L00506,Imelda,Kas,imelda.kas@outlook.com,Fliegner,Analytics Engineer,United States,North America,Free Trial,CMP004,New,62,U004,2025-11-17,,,,
L00507,Terence,Blom,terence.blom@mason.com,Mason Ltd,Analytics Engineer,Germany,Continental Europe,Paid Search,CMP010,New,54,U017,2025-07-24,,,,
L00508,Denise,Stewart,denise.stewart@stephenson.com,Stephenson Graham and Wood,"Director, Data Engineering",United States,North America,Referral,CMP012,New,22,U005,2025-05-19,,,,
L00509,Zeynep,Finley,zeynep.finley@jacobs.com,Jacobs BV,Head of Procurement,Germany,Continental Europe,Free Trial,CMP013,Converted,57,U016,2025-04-12,2025-04-19,2025-04-21,A00490,C006943
L00510,Sep,Blaak,sep.blaak@hägg.com,Hägg & Olsson AB,VP Data & Analytics,United Kingdom,UK&I,Webinar,CMP044,Disqualified,91,U010,2025-06-04,,,,
L00511,Maria,de Swart,maria.de swart@wheeler-campbell.com,Wheeler-Campbell,Chief Information Officer,Belgium,Continental Europe,SDR Outbound,CMP041,Converted,40,U016,2026-08-01,2026-08-03,2026-08-12,A02018,C006944
L00512,Charlie,Corstiaens,charlie.corstiaens@sandberg.com,Sandberg AB,Chief Information Officer,United States,North America,Content Download,CMP015,Disqualified,11,U005,2025-10-13,,,,
L00513,Livia,Carpenter,livia.carpenter@rodriguez-maldonado.com,Rodriguez-Maldonado,VP Data,United States,North America,Paid Search,CMP012,Disqualified,43,U005,2026-05-23,,,,
L00514,Joshua,Hansen,joshua.hansen@edman.com,Edman HB,Chief Data Officer,Sweden,Continental Europe,Paid Search,CMP014,MQL,48,U016,2025-06-16,2025-06-29,,,
L00515,Frederick,Stevens,frederick.stevens@persson.com,Persson HB,Analytics Engineer,Canada,North America,Paid Search,CMP023,MQL,41,U004,2025-11-25,2025-12-09,,,
L00516,Rita,Olsson,rita.olsson@roberts.com,Roberts Group,Chief Information Officer,United States,North America,Free Trial,CMP015,Converted,78,U005,2026-02-19,2026-02-26,2026-03-06,A02019,C006945
L00517,Kaspar,Nguyen,kaspar.nguyen@robinson-harris.com,Robinson-Harris,Director of Data Platform,Germany,Continental Europe,Content Download,CMP026,MQL,35,U017,2026-08-05,2026-08-14,,,
L00518,Jade,Schinke,jade.schinke@ljungberg.com,Ljungberg AB,Head of Data Platform,United States,North America,Paid Search,CMP019,MQL,44,U004,2026-01-07,2026-01-07,,,
L00519,Mary,Lensen,mary.lensen@d'.com,d' Heripon & de Gruson,Head of Data Platform,United Kingdom,UK&I,Free Trial,CMP037,New,46,U010,2026-09-16,,,,
L00520,Judith,Riehl,judith.riehl@outlook.com,Bengtsson & Andreasson HB,VP Data & Analytics,United States,North America,Paid Search,CMP022,New,66,U005,2025-10-27,,,,
L00521,Maik,Lewis,maik.lewis@patel.com,Patel Harding and Reid,Head of Data Engineering,Germany,Continental Europe,Free Trial,CMP029,New,27,U016,2026-07-28,,,,
L00522,Annaliese,Marsh,annaliese.marsh@blevins.com,Blevins Harrington and Maynard,"Director, Data Engineering",Switzerland,Continental Europe,Event,CMP033,Converted,14,U016,2025-09-03,2025-09-10,2025-09-19,A02020,C006946
L00523,Lorraine,Lutterveld,lorraine.lutterveld@hughes-moore.com,Hughes-Moore,Director of Data Platform,Germany,Continental Europe,Event,CMP027,MQL,65,U016,2026-01-26,2026-01-26,,,
L00524,Noëlle,Pettersson,noëlle.pettersson@skoglund.com,Skoglund HB Group,IT Security Manager,Austria,Continental Europe,Free Trial,CMP029,Disqualified,1,U017,2025-09-22,,,,
L00525,Jacob,Kent,jacob.kent@fraser-harris.com,Fraser-Harris GmbH,Data Engineering Manager,United States,North America,Partner,CMP022,Disqualified,26,U004,2025-06-27,,,,
L00526,Jonathan,Ali,jonathan.ali@hunt-hale.com,Hunt-Hale,Head of Procurement,United States,North America,SDR Outbound,CMP015,New,98,U005,2026-04-18,,,,
L00527,Rayan,Göransson,rayan.göransson@heß.com,Heß Klingelhöfer GmbH & Co. OHG Group,VP Data,Germany,Continental Europe,Webinar,CMP042,New,9,U016,2025-04-29,,,,
L00528,Robin,Plath,robin.plath@johann.com,Johann,Chief Information Officer,United States,North America,Content Download,CMP011,Converted,82,U005,2026-01-23,2026-02-04,2026-02-12,A01849,C006947
L00529,Kyra,Rouwenhorst,kyra.rouwenhorst@de.com,de Boer Groep,"Director, Data Engineering",United States,North America,Paid Search,CMP009,Disqualified,57,U004,2025-11-23,,,,
L00530,Philip,Frerichs,philip.frerichs@nguyen.com,Nguyen Murray and Boyer Ltd,Staff Data Engineer,United States,North America,Content Download,CMP033,MQL,61,U005,2026-05-08,2026-05-12,,,
L00531,Ian,Oda,ian.oda@morgan.com,Morgan Douglas and Wheeler,Head of Procurement,Germany,Continental Europe,Content Download,CMP027,Converted,85,U016,2025-04-08,2025-04-14,2025-04-16,A01666,C006948
L00532,Sten,Brands,sten.brands@cook-zamora.com,Cook-Zamora,Head of Data Platform,United States,North America,Content Download,CMP033,New,34,U004,2026-05-01,,,,
L00533,Edvard,Herrmann,edvard.herrmann@howard-turner.com,Howard-Turner,Staff Data Engineer,United States,North America,Referral,CMP033,MQL,40,U005,2026-01-10,2026-01-10,,,
L00534,Mitchell,Dunn,mitchell.dunn@tomlinson.com,Tomlinson Mistry and Edwards,Staff Data Engineer,United Kingdom,UK&I,Free Trial,CMP032,Disqualified,22,U011,2026-08-19,,,,
L00535,Ingelore,Campbell,ingelore.campbell@nguyen.com,Nguyen Murray and Boyer,Chief Data Officer,United States,North America,Content Download,CMP031,MQL,78,U005,2025-04-01,2025-04-15,,,
L00536,Charles,Håkansson,charles.håkansson@greenwood.com,Greenwood and Sons,Director of Data Platform,Norway,Continental Europe,SDR Outbound,CMP036,SQL,41,U017,2026-08-01,2026-08-12,2026-08-21,,
L00537,Nicola,Davis,nicola.davis@hughes-johnson.com,Hughes-Johnson,Chief Information Officer,Netherlands,Continental Europe,SDR Outbound,CMP003,Disqualified,76,U016,2025-08-15,,,,
L00538,Mirko,Tröst,mirko.tröst@jakobsson.com,Jakobsson AB,Head of Data Platform,United Kingdom,UK&I,Webinar,CMP007,Disqualified,25,U011,2025-09-23,,,,
L00539,Rafael,Heser,rafael.heser@de.com,de Smit NV Inc,IT Security Manager,United States,North America,SDR Outbound,CMP005,New,21,U005,2025-12-22,,,,
L00540,Patricia,Westberg,patricia.westberg@verbeeck.com,Verbeeck NV,Director of Data Platform,Germany,Continental Europe,Partner,CMP013,New,59,U016,2025-06-28,,,,
L00541,Dex,Bauer,dex.bauer@stichting.com,Stichting van Wickerode,Senior Data Engineer,Germany,Continental Europe,Paid Search,CMP011,Disqualified,22,U016,2026-03-07,,,,
L00542,Gregory,Schüler,gregory.schüler@hofman.com,Hofman NV Group,Chief Data Officer,United States,North America,Referral,CMP011,MQL,13,U005,2026-02-01,2026-02-16,,,
L00543,Lola,Boers,lola.boers@kambs.com,Kambs Rosenow GmbH,IT Security Manager,United Kingdom,UK&I,Partner,CMP023,MQL,73,U010,2025-05-21,2025-06-06,,,
L00544,Jerry,York,jerry.york@gmail.com,Henk Weitzel GmbH & Co. KG Ltd,"Director, Data Engineering",United States,North America,SDR Outbound,CMP006,New,2,U005,2025-05-22,,,,
L00545,Carolyn,Jacobs,carolyn.jacobs@outlook.com,Roht,VP Data,Canada,North America,Free Trial,CMP007,MQL,37,U005,2026-01-22,2026-02-09,,,
L00546,Jean,Andrews,jean.andrews@gonzalez.com,Gonzalez Group,Chief Information Officer,United States,North America,Content Download,CMP028,Disqualified,66,U004,2025-12-11,,,,
L00547,Hollie,Pearson,hollie.pearson@paulsson.com,Paulsson Johnsson HB,IT Security Manager,Germany,Continental Europe,Referral,CMP020,New,9,U017,2026-01-01,,,,
L00548,Eleanor,Sontag,eleanor.sontag@de.com,de Lange & van der Hoeven,Analytics Engineer,Norway,Continental Europe,Referral,CMP010,New,10,U017,2026-02-14,,,,
L00549,Inge,Norman,inge.norman@outlook.com,Nguyen Shelton and Hayes,Chief Data Officer,Ireland,UK&I,Paid Search,CMP014,Disqualified,46,U010,2026-06-24,,,,
L00550,Birgitta,Wolters,birgitta.wolters@smith-clark.com,Smith-Clark Ltd,VP Data,United States,North America,Content Download,CMP005,New,1,U005,2025-11-11,,,,
L00551,Amy,Lopez,amy.lopez@le.com,le Gulcher & Smeets,IT Security Manager,Norway,Continental Europe,Content Download,CMP012,MQL,85,U016,2025-06-28,2025-07-01,,,
L00552,Nadia,Allen,nadia.allen@outlook.com,Hendrix Genetics,Head of Data Engineering,United Kingdom,UK&I,Partner,CMP021,New,78,U011,2026-10-07,,,,
L00553,Beau,Vazquez,beau.vazquez@eriksson.com,Eriksson & Franzén HB,Analytics Engineer,Germany,Continental Europe,Event,CMP035,Converted,35,U016,2025-07-27,2025-08-02,2025-08-13,A02021,C006949
L00554,Holly,Hansson,holly.hansson@stichting.com,Stichting van Hostaden,Chief Data Officer,United Kingdom,UK&I,Event,CMP017,New,13,U010,2025-06-30,,,,
L00555,Michal,Torres,michal.torres@turner.com,Turner Inc Ltd,Head of Data Platform,United States,North America,Event,CMP013,MQL,85,U004,2026-05-25,2026-06-05,,,
L00556,Marilyn,Hermighausen,marilyn.hermighausen@humphries-sharpe.com,Humphries-Sharpe,VP Data & Analytics,Sweden,Continental Europe,Content Download,CMP037,New,30,U017,2026-08-12,,,,
L00557,Thijn,Hansson,thijn.hansson@weiß.com,Weiß,Senior Data Engineer,Belgium,Continental Europe,Content Download,CMP002,New,78,U017,2025-05-12,,,,
L00558,Graham,Wildschut,graham.wildschut@gmail.com,Döhn Rust GmbH & Co. OHG,IT Security Manager,United States,North America,Event,CMP033,New,77,U004,2025-05-21,,,,
L00559,Donna,Coffey,donna.coffey@van.com,van Oirschot & Walsteijn,CISO,Norway,Continental Europe,Free Trial,CMP021,New,49,U017,2025-10-10,,,,
L00560,Deborah,Mathol,deborah.mathol@rasmussen-newton.com,Rasmussen-Newton,Chief Data Officer,Austria,Continental Europe,Free Trial,CMP007,Converted,35,U016,2025-04-18,2025-04-18,2025-05-02,A02022,C006950
L00561,Leonard,Schwartsbach,leonard.schwartsbach@yahoo.com,Foster Atkinson and Kirby,VP Data & Analytics,United States,North America,Webinar,CMP016,SQL,3,U005,2026-09-11,2026-09-23,2026-09-24,,
L00562,Cornelia,Henry,cornelia.henry@bohnbach.com,Bohnbach,Data Engineering Manager,United Kingdom,UK&I,Paid Search,CMP021,New,10,U011,2026-03-03,,,,
L00563,Lisa,Walton,lisa.walton@isaksson.com,Isaksson Lundgren AB,Head of Data Engineering,Denmark,Continental Europe,Webinar,CMP043,MQL,98,U017,2026-06-20,2026-07-04,,,
L00564,Mary,Wagenknecht,mary.wagenknecht@yahoo.com,Hamann,IT Security Manager,United States,North America,Paid Search,CMP036,New,22,U004,2026-09-12,,,,
L00565,Cornelia,Mcdaniel,cornelia.mcdaniel@yahoo.com,Axelsson Issa HB GmbH,VP Data,United States,North America,Webinar,CMP018,New,41,U005,2025-06-22,,,,
L00566,Brian,Bartels,brian.bartels@farrell-hill.com,Farrell-Hill Inc,Head of Procurement,United States,North America,Event,CMP026,Disqualified,69,U004,2026-09-26,,,,
L00567,Lars,Meister,lars.meister@hofman.com,Hofman Groep,Senior Data Engineer,Netherlands,Continental Europe,SDR Outbound,CMP040,MQL,32,U016,2026-07-05,2026-07-18,,,
L00568,Patricia,Gustafsson,patricia.gustafsson@pauwels.com,Pauwels BV,Chief Information Officer,Netherlands,Continental Europe,Partner,CMP025,Converted,11,U017,2026-03-20,2026-03-28,2026-04-03,A02023,C006951
L00569,Dimitri,Gerlach,dimitri.gerlach@östman.com,Östman HB,VP Data & Analytics,United Kingdom,UK&I,SDR Outbound,CMP004,New,88,U010,2025-06-05,,,,
L00570,Terry,Wohlgemut,terry.wohlgemut@hägg.com,Hägg & Persson AB,CISO,United States,North America,Referral,CMP017,Converted,99,U004,2026-03-09,2026-03-20,2026-03-22,A00972,C006952
L00571,Joanna,Hart,joanna.hart@wende.com,Wende,IT Security Manager,Germany,Continental Europe,Content Download,CMP021,MQL,23,U016,2025-05-20,2025-05-24,,,
L00572,Jelte,Persson,jelte.persson@webster-murphy.com,Webster-Murphy,CISO,United Kingdom,UK&I,Event,CMP033,MQL,16,U011,2025-12-03,2025-12-14,,,
L00573,Erik,Parker,erik.parker@sorgatz.com,Sorgatz Noack KG,Head of Data Engineering,Switzerland,Continental Europe,Event,CMP021,SQL,72,U016,2026-04-13,2026-04-23,2026-05-06,,
L00574,Elizabeth,Kostolzin,elizabeth.kostolzin@johansson.com,Johansson Jakobsson AB,Head of Data Platform,United Kingdom,UK&I,Webinar,CMP024,MQL,53,,2025-08-28,2025-09-16,,,
L00575,Fanny,van Noordeloos,fanny.van noordeloos@hagström.com,Hagström Ahlqvist AB,Head of Procurement,United States,North America,Event,CMP014,Converted,24,U005,2025-06-26,2025-07-12,2025-07-16,A01170,C006953
L00576,Gary,Sandell,gary.sandell@peterson.com,Peterson PLC,VP Data,Austria,Continental Europe,SDR Outbound,CMP036,SQL,6,U016,2025-12-23,2026-01-09,2026-01-13,,
L00577,Claus,Freeman,claus.freeman@yahoo.com,van den Nieuwenhuijsen Groep,Head of Procurement,Germany,Continental Europe,Event,CMP038,New,69,U017,2026-02-27,,,,
L00578,Erik,Henric van den Nuwenhuse,erik.henric van den nuwenhuse@short-powell.com,Short-Powell,Staff Data Engineer,Belgium,Continental Europe,Webinar,CMP022,Disqualified,94,,2025-11-12,,,,
L00579,Kevin,Rietveld,kevin.rietveld@williams-smith.com,Williams-Smith Ltd,Head of Data Engineering,United Kingdom,UK&I,Partner,CMP020,MQL,19,U011,2026-03-14,2026-03-23,,,
L00580,Ralf-Dieter,Faulkner,ralf-dieter.faulkner@niemeier.com,Niemeier,IT Security Manager,Germany,Continental Europe,SDR Outbound,CMP025,MQL,26,U016,2025-12-16,2026-01-05,,,
L00581,Maria,Howard,maria.howard@cole-farrell.com,Cole-Farrell,VP Data,United States,North America,Event,CMP009,Disqualified,89,U005,2025-09-12,,,,
L00582,Thomas,Gerlach,thomas.gerlach@fransson.com,Fransson & Persson HB,VP Data & Analytics,Ireland,UK&I,Event,CMP030,New,22,U010,2026-03-11,,,,
L00583,Nellie,Tröst,nellie.tröst@hahn.com,Hahn Wagenknecht e.G.,VP Data & Analytics,Germany,Continental Europe,Content Download,CMP022,New,89,U017,2025-10-13,,,,
L00584,Yfke,Römer,yfke.römer@hughes.com,Hughes Ltd,CISO,Belgium,Continental Europe,Event,CMP024,MQL,62,U016,2026-04-10,2026-04-16,,,
L00585,Tygo,Brown,tygo.brown@rasmussen.com,Rasmussen AB,Head of Procurement,Netherlands,Continental Europe,Partner,CMP042,Disqualified,48,U017,2025-08-18,,,,
L00586,Barbro,Chen,barbro.chen@döring.com,Döring GmbH,Director of Data Platform,United States,North America,Paid Search,CMP034,Converted,94,U005,2025-09-24,2025-10-08,2025-10-15,A00985,C006954
L00587,Eric,Petersson,eric.petersson@gerlach.com,Gerlach GmbH,Head of Data Platform,United Kingdom,UK&I,Webinar,CMP023,Disqualified,78,U010,2025-06-26,,,,
L00588,Elena,Andersson,elena.andersson@nyman.com,Nyman HB,"Director, Data Engineering",United States,North America,Free Trial,CMP023,New,80,U005,2026-06-27,,,,
L00589,Isa,van Allemanië,isa.van allemanië@brown.com,Brown Ltd,VP Data,United Kingdom,UK&I,Event,CMP011,Disqualified,5,U010,2025-08-07,,,,
L00590,Georgina,Norton,georgina.norton@weaver.com,Weaver LLC,Data Engineering Manager,United States,North America,SDR Outbound,CMP025,MQL,39,U005,2025-05-12,2025-05-13,,,
L00591,Linde,Björkman,linde.björkman@bolnbach.com,Bolnbach Lange GmbH,Analytics Engineer,United Kingdom,UK&I,Paid Search,CMP009,MQL,60,U010,2026-05-02,2026-05-08,,,
L00592,Kayla,Calderon,kayla.calderon@karlsson.com,Karlsson AB,Head of Data Platform,United States,North America,Paid Search,CMP039,Disqualified,23,U005,2025-08-17,,,,
L00593,Jill,Ariens Ansems,jill.ariens ansems@begum.com,Begum Joyce and Chamberlain,IT Security Manager,United States,North America,Free Trial,CMP017,New,45,U005,2025-12-31,,,,
L00594,Annemijn,Rose,annemijn.rose@johansson.com,Johansson AB,Senior Data Engineer,United States,North America,Content Download,CMP022,New,54,U004,2026-07-29,,,,
L00595,Josefin,van Duvenvoirde,josefin.van duvenvoirde@reichmann.com,Reichmann,Head of Data Engineering,United Kingdom,UK&I,Event,CMP040,MQL,51,U010,2025-06-14,2025-06-22,,,
L00596,Johan,Jimenez,johan.jimenez@mosley-powers.com,Mosley-Powers,VP Data,United Kingdom,UK&I,Content Download,CMP007,Disqualified,86,U011,2026-09-04,,,,
L00597,Ashley,Eriksson,ashley.eriksson@martin.com,Martin and Sons,Staff Data Engineer,Switzerland,Continental Europe,Content Download,CMP012,New,38,U017,2026-01-22,,,,
L00598,Juul,Reuter,juul.reuter@lindell.com,Lindell Mattsson HB,CISO,United States,North America,Referral,CMP003,Converted,8,U004,2025-06-22,2025-07-10,2025-07-13,A02024,C006955
L00599,Amber,Wensen,amber.wensen@bruynzeel.com,Bruynzeel Keukens,Head of Data Engineering,United States,North America,Webinar,CMP005,MQL,27,U005,2025-10-25,2025-11-03,,,
L00600,Melissa,Steinberg,melissa.steinberg@bell.com,Bell PLC,Head of Data Engineering,Ireland,UK&I,Paid Search,CMP009,New,56,U010,2026-02-25,,,,
L00601,Rachel,de Roos,rachel.de roos@kroker.com,Kroker Junck GmbH & Co. KG,"Director, Data Engineering",Switzerland,Continental Europe,SDR Outbound,CMP029,MQL,30,U016,2025-04-11,2025-04-30,,,
L00602,Gülsen,Cichorius,gülsen.cichorius@outlook.com,Alfredsson & Karlsson AB,Senior Data Engineer,United States,North America,Event,CMP036,New,97,U004,2025-12-18,,,,
L00603,Alma,Berg,alma.berg@mustafa.com,Mustafa HB,Head of Data Engineering,Canada,North America,Referral,CMP002,New,30,U005,2025-09-09,,,,
L00604,James,Wieloch,james.wieloch@gmail.com,Karlsson Lilja AB,IT Security Manager,United States,North America,Event,CMP023,New,33,U005,2026-09-27,,,,
L00605,Kieran,Lopez,kieran.lopez@lundqvist.com,Lundqvist HB,IT Security Manager,United States,North America,Free Trial,CMP017,MQL,20,U005,2025-08-15,2025-08-30,,,
L00606,Patricia,Åström,patricia.åström@olsen.com,Olsen Walker and Vincent,Analytics Engineer,Netherlands,Continental Europe,Event,CMP022,MQL,90,U017,2025-09-29,2025-10-10,,,
L00607,Kevin,Harvey,kevin.harvey@outlook.com,Archer-Davis,Head of Procurement,United Kingdom,UK&I,Partner,CMP030,Disqualified,41,U011,2026-07-08,,,,
L00608,Urte,Nedermeijer,urte.nedermeijer@koninklijke.com,Koninklijke Kruns,Head of Data Platform,United States,North America,Event,CMP011,MQL,26,U004,2026-03-08,2026-03-27,,,
L00609,Yvette,Rijcken,yvette.rijcken@blackburn.com,Blackburn Ltd,Director of Data Platform,Sweden,Continental Europe,SDR Outbound,CMP017,MQL,72,U016,2025-08-10,2025-08-28,,,
L00610,Jessica,Goodwin,jessica.goodwin@hahn-ramsey.com,Hahn-Ramsey Ltd,IT Security Manager,United States,North America,Free Trial,CMP037,MQL,67,U004,2025-10-07,2025-10-25,,,
L00611,Anna,Finke,anna.finke@thomas.com,Thomas Ltd,Staff Data Engineer,United Kingdom,UK&I,Referral,CMP029,MQL,28,U011,2025-09-10,2025-09-10,,,
L00612,Abdul,de Vrome,abdul.de vrome@gustafsson.com,Gustafsson & Åberg AB,Data Engineering Manager,Germany,Continental Europe,Event,CMP007,New,27,U017,2026-01-26,,,,
L00613,Ina,Ekholm,ina.ekholm@stichting.com,Stichting Hofman,Head of Data Platform,United States,North America,Free Trial,CMP003,MQL,54,U004,2026-03-07,2026-03-13,,,
L00614,Celine,Brown,celine.brown@price.com,Price Inc,CISO,Denmark,Continental Europe,Webinar,CMP045,Converted,15,U016,2026-07-21,2026-07-21,2026-07-23,A00829,C006956
L00615,Esmée,O'Connor,esmée.o'connor@kuhl.com,Kuhl Stiftung & Co. KGaA,Head of Procurement,United States,North America,Partner,CMP009,Converted,45,U005,2025-12-23,2026-01-03,2026-01-07,A02025,C006957
L00616,Thomas,Brennan,thomas.brennan@klemt.com,Klemt Weitzel AG & Co. OHG,Staff Data Engineer,Norway,Continental Europe,SDR Outbound,CMP011,MQL,59,U016,2025-04-01,2025-04-17,,,
L00617,Herta,Klomp Jan,herta.klomp jan@fischer.com,Fischer KG,"Director, Data Engineering",United Kingdom,UK&I,Free Trial,CMP022,New,64,U010,2025-08-31,,,,
L00618,Johan,Bowen,johan.bowen@koninklijke.com,Koninklijke van der Kint,Head of Data Platform,United States,North America,Paid Search,CMP002,Disqualified,4,U005,2025-07-10,,,,
L00619,Jan,Hall,jan.hall@davies-skinner.com,Davies-Skinner,Staff Data Engineer,Germany,Continental Europe,Paid Search,CMP035,New,83,U017,2025-09-26,,,,
L00620,Megan,Smith,megan.smith@gutknecht.com,Gutknecht Ltd,Chief Data Officer,United States,North America,Webinar,CMP010,MQL,83,,2025-04-19,2025-05-09,,,
L00621,Katie,Adams,katie.adams@bodin.com,Bodin Ekström AB,Head of Data Engineering,United States,North America,SDR Outbound,CMP035,New,33,U005,2025-04-05,,,,
L00622,Cynthia,Skog,cynthia.skog@outlook.com,Shah and Sons,Staff Data Engineer,Germany,Continental Europe,Content Download,CMP032,MQL,81,U016,2025-07-12,2025-07-21,,,
L00623,Jan,Kobelt,jan.kobelt@damen.com,Damen Shipyard,Staff Data Engineer,United Kingdom,UK&I,Referral,CMP012,MQL,73,U011,2026-02-10,2026-02-26,,,
L00624,Fiene,Anderson,fiene.anderson@danielsson.com,Danielsson HB,Director of Data Platform,Switzerland,Continental Europe,Referral,CMP042,MQL,80,U016,2025-06-19,2025-06-22,,,
L00625,Puck,Lund,puck.lund@sanderson-hall.com,Sanderson-Hall,Data Engineering Manager,Germany,Continental Europe,Paid Search,CMP041,New,1,U017,2025-06-04,,,,
L00626,Ann,Weller,ann.weller@marshall-gonzales.com,Marshall-Gonzales,Data Engineering Manager,United Kingdom,UK&I,Content Download,CMP026,New,17,U011,2026-07-27,,,,
L00627,Tim,de Jong,tim.de jong@krein.com,Krein Gnatz Stiftung & Co. KG,Head of Procurement,Belgium,Continental Europe,Partner,CMP015,SQL,53,,2026-04-25,2026-05-09,2026-05-16,,
L00628,Allan,Spier,allan.spier@yahoo.com,van Luin NV Group,VP Data & Analytics,Belgium,Continental Europe,Partner,CMP005,MQL,17,U017,2026-06-28,2026-07-10,,,
L00629,Lars,Green,lars.green@klemm.com,Klemm,Staff Data Engineer,United States,North America,Paid Search,CMP020,Disqualified,34,,2025-06-12,,,,
L00630,Isa,Omar,isa.omar@yahoo.com,Morrison-Mitchell Inc,Head of Data Engineering,Ireland,UK&I,Content Download,CMP039,New,9,U010,2025-09-25,,,,
L00631,Faye,Williams,faye.williams@stichting.com,Stichting Jacquot Inc,Senior Data Engineer,Belgium,Continental Europe,Partner,CMP015,New,87,U017,2025-06-26,,,,
L00632,Marcus,Johnson,marcus.johnson@paulsson.com,Paulsson Ekelund HB,Head of Data Platform,Germany,Continental Europe,Partner,CMP012,Converted,88,U016,2026-06-21,2026-07-07,2026-07-19,A01821,C006958
L00633,Olavi,Smith,olavi.smith@gmail.com,van Dam & van den Nuwenhijsen,IT Security Manager,Canada,North America,Partner,CMP020,MQL,57,U005,2025-12-25,2025-12-30,,,
L00634,Kerry,Emanuelsson,kerry.emanuelsson@wagner-james.com,Wagner-James Ltd,Data Engineering Manager,United States,North America,Free Trial,CMP002,Disqualified,79,U004,2025-10-15,,,,
L00635,Monica,van den Broek,monica.van den broek@engström.com,Engström HB,CISO,Ireland,UK&I,Referral,CMP019,Disqualified,99,U010,2026-02-21,,,,
L00636,Sian,Francis,sian.francis@stey.com,Stey Johann GmbH & Co. KG,Chief Information Officer,Denmark,Continental Europe,SDR Outbound,CMP021,New,65,U017,2026-07-15,,,,
L00637,Anatoli,O'Brien,anatoli.o'brien@henningsson.com,Henningsson Johansson HB,Analytics Engineer,United States,North America,SDR Outbound,CMP028,MQL,70,U004,2025-12-03,2025-12-21,,,
L00638,Ludmilla,Zahn,ludmilla.zahn@holst.com,Holst & Lind HB,Data Engineering Manager,Sweden,Continental Europe,Content Download,CMP030,MQL,35,U016,2025-04-21,2025-05-10,,,
L00639,Erin,Anderson,erin.anderson@ali-hughes.com,Ali-Hughes GmbH,Analytics Engineer,Norway,Continental Europe,Referral,CMP026,Disqualified,76,U016,2025-09-05,,,,
L00640,Randy,van den Oever,randy.van den oever@royal.com,Royal Arens,IT Security Manager,Canada,North America,SDR Outbound,CMP033,Disqualified,97,U005,2025-12-27,,,,
L00641,Kian,Oderwald,kian.oderwald@den.com,den Teuling Groep,Head of Data Engineering,Germany,Continental Europe,SDR Outbound,CMP021,Disqualified,87,U016,2025-04-22,,,,
L00642,Wesley,Pitts,wesley.pitts@webb.com,Webb Porter and Young,Head of Data Platform,United States,North America,Paid Search,CMP021,New,0,U004,2026-07-28,,,,
L00643,Britt-Marie,Johansson,britt-marie.johansson@lloyd.com,Lloyd PLC GmbH,VP Data,Sweden,Continental Europe,Webinar,CMP031,SQL,91,U016,2025-08-31,2025-08-31,2025-09-06,,
L00644,Yvonne,Hermansson,yvonne.hermansson@paffrath.com,Paffrath Stiffel GmbH & Co. KG Ltd,Data Engineering Manager,United States,North America,Event,CMP027,MQL,32,U005,2025-11-20,2025-12-02,,,
L00645,Debra,Gorlitz,debra.gorlitz@sköld.com,Sköld AB,Director of Data Platform,United States,North America,Content Download,CMP038,Disqualified,54,U005,2026-10-07,,,,
L00646,Carl,Nguyen,carl.nguyen@yahoo.com,Möchlichen GmbH,VP Data,United Kingdom,UK&I,Event,CMP032,New,30,U010,2025-08-01,,,,
L00647,Marion,Oda,marion.oda@eriksson.com,Eriksson Moberg HB,Head of Data Platform,Germany,Continental Europe,Referral,CMP034,SQL,16,U016,2026-07-01,2026-07-09,2026-07-15,,
L00648,Christina,Hassan,christina.hassan@einarsson.com,Einarsson & Olsson HB Ltd,CISO,United States,North America,Webinar,CMP024,New,84,U005,2026-08-03,,,,
L00649,Leif,Humphreys,leif.humphreys@neureuther.com,Neureuther Ltd,Staff Data Engineer,Netherlands,Continental Europe,Content Download,CMP045,New,28,U016,2026-07-08,,,,
L00650,Ravi,Zijlemans,ravi.zijlemans@zirme.com,Zirme Weimer GmbH,IT Security Manager,Netherlands,Continental Europe,Paid Search,CMP028,New,0,U017,2025-05-22,,,,
L00651,Keith,Cornelissen,keith.cornelissen@stichting.com,Stichting d' Heripon,Head of Procurement,United States,North America,Referral,CMP004,New,62,U004,2026-08-13,,,,
L00652,William,Brown,william.brown@royal.com,Royal Haneberg GmbH,Head of Data Engineering,Belgium,Continental Europe,Webinar,CMP044,New,31,U017,2026-02-19,,,,
L00653,Alfred,Newman,alfred.newman@hill-miah.com,Hill-Miah,CISO,United States,North America,Referral,CMP013,MQL,94,U004,2025-05-28,2025-05-31,,,
L00654,Jill,Dodd,jill.dodd@de.com,de Gruijter & de Bruyn,Head of Procurement,Belgium,Continental Europe,Webinar,CMP013,SQL,20,U017,2025-09-05,2025-09-22,2025-10-02,,
L00655,Ronald,Kirby,ronald.kirby@outlook.com,Q-Park,Head of Data Engineering,United States,North America,Event,CMP005,New,60,,2025-08-15,,,,
L00656,Sven,Emilsson,sven.emilsson@peukert.com,Peukert Finke GmbH & Co. KG,Head of Procurement,Belgium,Continental Europe,Paid Search,CMP027,New,47,U016,2025-06-05,,,,
L00657,Betty,Morrison,betty.morrison@contreras-smith.com,Contreras-Smith,Senior Data Engineer,Canada,North America,Referral,CMP011,MQL,15,,2025-05-15,2025-06-03,,,
L00658,Senn,Adkins,senn.adkins@pohl.com,Pohl,VP Data,United Kingdom,UK&I,Paid Search,CMP001,MQL,86,U010,2026-08-13,2026-08-18,,,
L00659,Carl,Teunissen,carl.teunissen@fry.com,Fry PLC Inc,Head of Procurement,Netherlands,Continental Europe,Partner,CMP012,Disqualified,87,U016,2025-04-10,,,,
L00660,Elisabeth,King,elisabeth.king@wohlgemut.com,Wohlgemut Wilmsen KG,Head of Data Engineering,United States,North America,Paid Search,CMP009,New,96,U005,2025-10-18,,,,
L00661,Nils,Schuchhardt,nils.schuchhardt@booking.com.com,Booking.com,Head of Data Platform,United States,North America,Event,CMP034,Converted,98,U005,2026-01-01,2026-01-19,2026-01-31,A00852,C006959
L00662,Dirk,van Dokkum,dirk.van dokkum@weimer.com,Weimer AG,Director of Data Platform,United States,North America,Referral,CMP044,New,67,U004,2026-04-09,,,,
L00663,Mees,Schweitzer,mees.schweitzer@lambert.com,Lambert Greene and Simpson,CISO,United States,North America,Content Download,CMP016,Converted,54,U005,2025-08-25,2025-09-12,2025-09-13,A02026,C006960
L00664,Maria,Edwards,maria.edwards@ahmed.com,Ahmed HB,VP Data & Analytics,Belgium,Continental Europe,Free Trial,CMP036,New,61,U016,2026-05-30,,,,
L00665,Jens,Mijsberg,jens.mijsberg@neways.com,Neways,Head of Procurement,Germany,Continental Europe,Content Download,CMP019,New,75,U016,2026-07-23,,,,
L00666,Sheila,van der Velde,sheila.van der velde@newman.com,Newman Inc Inc,Head of Data Engineering,Ireland,UK&I,SDR Outbound,CMP042,Converted,67,U011,2025-08-01,2025-08-06,2025-08-14,A01021,C006961
L00667,Julie,Ehlert,julie.ehlert@koch.com,Koch,VP Data,United Kingdom,UK&I,Referral,CMP038,MQL,88,,2025-08-17,2025-09-06,,,
L00668,Selma,Hopkins,selma.hopkins@josefsson.com,Josefsson & Lindvall HB,IT Security Manager,United Kingdom,UK&I,Webinar,CMP044,New,30,U010,2025-09-10,,,,
L00669,Angela,van der Pol,angela.van der pol@outlook.com,Ardagh Group,CISO,United States,North America,Free Trial,CMP026,Disqualified,59,U005,2025-08-02,,,,
L00670,Dion,Karlsson,dion.karlsson@mende.com,Mende,Head of Procurement,United States,North America,Free Trial,CMP014,MQL,3,,2026-04-10,2026-04-28,,,
L00671,Norbert,Obrien,norbert.obrien@eriksson.com,Eriksson & Johansson AB,Senior Data Engineer,United States,North America,Free Trial,CMP028,New,68,U004,2025-10-11,,,,
L00672,Arne,Morris,arne.morris@royal.com,Royal Miltenburg,Head of Procurement,United Kingdom,UK&I,Webinar,CMP033,MQL,78,U010,2025-12-22,2025-12-31,,,
L00673,Elsa,Schotte,elsa.schotte@allen.com,Allen PLC,Chief Data Officer,Canada,North America,SDR Outbound,CMP019,SQL,2,U004,2025-07-05,2025-07-24,2025-08-02,,
L00674,Leila,Evans,leila.evans@rousselet.com,Rousselet & Muller,VP Data,Canada,North America,Free Trial,CMP011,New,26,U005,2026-08-07,,,,
L00675,Pontus,Gierschner,pontus.gierschner@göransson.com,Göransson HB,Chief Data Officer,Canada,North America,Paid Search,CMP039,SQL,29,U004,2025-12-13,2025-12-18,2025-12-19,,
L00676,Jacob,Parks,jacob.parks@powell.com,Powell Martin and Norris,Analytics Engineer,Belgium,Continental Europe,Content Download,CMP018,MQL,61,U016,2025-09-12,2025-09-23,,,
L00677,Bastiaan,Pollard,bastiaan.pollard@greene.com,Greene Sanchez and Kelley,"Director, Data Engineering",United Kingdom,UK&I,Event,CMP042,MQL,58,U011,2026-06-29,2026-07-13,,,
L00678,Adam,Andersson,adam.andersson@eberth.com,Eberth Trubin GmbH & Co. KG,Staff Data Engineer,United States,North America,Event,CMP015,MQL,27,U005,2025-04-25,2025-04-25,,,
L00679,Thijmen,Conway,thijmen.conway@lindner.com,Lindner Scholtz GmbH,CISO,United Kingdom,UK&I,SDR Outbound,CMP022,SQL,69,U011,2026-06-14,2026-07-01,2026-07-13,,
L00680,Thilo,Mies,thilo.mies@gmail.com,Eliasson HB,Head of Data Engineering,Canada,North America,Webinar,CMP021,Disqualified,51,U004,2026-09-13,,,,
L00681,Jacob,Burnett,jacob.burnett@everts.com,Everts NV,Chief Information Officer,Denmark,Continental Europe,Webinar,CMP018,SQL,21,U017,2026-02-18,2026-03-05,2026-03-08,,
L00682,Jet,Killer,jet.killer@acosta.com,Acosta Ltd,Data Engineering Manager,United States,North America,Content Download,CMP010,MQL,3,U004,2025-07-14,2025-07-29,,,
L00683,Laila,Nilsson,laila.nilsson@outlook.com,Olykan NV,Director of Data Platform,United States,North America,Event,CMP045,MQL,19,U005,2025-09-19,2025-10-07,,,
L00684,Ewald,Pölitz,ewald.pölitz@hart.com,Hart Fowler and Williams,CISO,United States,North America,Referral,CMP011,Disqualified,21,U005,2026-08-07,,,,
L00685,Paige,de Wit,paige.de wit@engdahl.com,Engdahl HB,Analytics Engineer,United States,North America,Event,CMP001,MQL,38,U004,2025-05-22,2025-06-06,,,
L00686,Craig,Lewis,craig.lewis@petersson.com,Petersson & Svensson HB,Chief Data Officer,United States,North America,Webinar,CMP012,New,0,U005,2026-04-25,,,,
L00687,Karla,Miranda,karla.miranda@weimer.com,Weimer AG,Analytics Engineer,United States,North America,Paid Search,CMP010,MQL,88,U005,2026-06-11,2026-06-23,,,
L00688,Maureen,Rodriguez,maureen.rodriguez@willis.com,Willis Group,Staff Data Engineer,United States,North America,Webinar,CMP032,New,17,U005,2025-05-26,,,,
L00689,Nadia,Geneart,nadia.geneart@lopez.com,Lopez LLC,Director of Data Platform,Ireland,UK&I,Event,CMP036,New,84,U010,2026-07-28,,,,
L00690,Leah,Harper,leah.harper@sundqvist.com,Sundqvist AB,Analytics Engineer,United States,North America,Partner,CMP009,New,80,,2025-10-07,,,,
L00691,Arnd,Kallert,arnd.kallert@olsson.com,Olsson & Bergman HB,"Director, Data Engineering",Canada,North America,Webinar,CMP001,MQL,30,U005,2025-12-10,2025-12-23,,,
L00692,Melissa,van der Kint,melissa.van der kint@davis.com,Davis Hess and Cochran,IT Security Manager,United Kingdom,UK&I,SDR Outbound,CMP023,MQL,51,U011,2026-06-27,2026-06-29,,,
L00693,Daniël,Johansson,daniël.johansson@nunez-nichols.com,Nunez-Nichols,Chief Data Officer,United States,North America,Referral,CMP005,New,26,U005,2025-10-03,,,,
L00694,Dani,Appelman,dani.appelman@outlook.com,Junken Dussen van AG,Senior Data Engineer,United States,North America,Content Download,CMP017,Disqualified,81,U005,2025-08-18,,,,
L00695,Alexander,Schmidt,alexander.schmidt@ottosson.com,Ottosson AB,Chief Information Officer,Sweden,Continental Europe,Partner,CMP019,New,2,U017,2026-02-05,,,,
L00696,Jodie,Goddard,jodie.goddard@liu.com,Liu Harris and Lawson,Data Engineering Manager,Canada,North America,Partner,CMP019,New,91,U005,2026-09-18,,,,
L00697,Tracy,Greene,tracy.greene@vesterlund.com,Vesterlund & Roos HB,Staff Data Engineer,United States,North America,Content Download,CMP002,Disqualified,65,U005,2025-05-05,,,,
L00698,Eric,Engström,eric.engström@valdez-schwartz.com,Valdez-Schwartz Inc,Analytics Engineer,Belgium,Continental Europe,Paid Search,CMP039,MQL,43,U016,2025-10-11,2025-10-12,,,
L00699,Keith,White,keith.white@bailey-byrne.com,Bailey-Byrne Group,VP Data & Analytics,Germany,Continental Europe,Partner,CMP043,Disqualified,50,U016,2026-08-12,,,,
L00700,Maria,Berger,maria.berger@ernst.com,Ernst AG,CISO,United States,North America,Referral,CMP032,MQL,46,U005,2025-06-18,2025-06-23,,,
L00701,Shari,van Voorhout,shari.van voorhout@woods.com,Woods Ltd,CISO,United States,North America,Free Trial,CMP042,New,91,U005,2026-08-31,,,,
L00702,Raymund,Edwards,raymund.edwards@röhricht.com,Röhricht,Chief Information Officer,United Kingdom,UK&I,Content Download,CMP031,New,82,U011,2026-09-10,,,,
L00703,Ayse,Price,ayse.price@sullivan.com,Sullivan Group Group,Staff Data Engineer,United States,North America,SDR Outbound,CMP035,SQL,50,U004,2026-07-31,2026-08-14,2026-08-22,,
L00704,Lola,Atkinson,lola.atkinson@vaughn.com,Vaughn and Sons,Head of Data Platform,Switzerland,Continental Europe,Paid Search,CMP010,MQL,21,U017,2026-09-16,2026-09-27,,,
L00705,Darren,Zwijsen,darren.zwijsen@outlook.com,Williams PLC,CISO,United States,North America,Partner,CMP036,MQL,49,U004,2026-04-09,2026-04-24,,,
L00706,Ruben,Gellemeyer,ruben.gellemeyer@godfrey.com,Godfrey van Alemannië NV,VP Data,United States,North America,Referral,CMP026,New,75,U004,2026-05-05,,,,
L00707,Jamie,Spencer,jamie.spencer@bergström.com,Bergström Pettersson HB,Chief Information Officer,United Kingdom,UK&I,SDR Outbound,CMP024,MQL,51,U011,2025-04-28,2025-05-06,,,
L00708,Marie,Weaver,marie.weaver@royal.com,Royal Buijs GmbH,Data Engineering Manager,Belgium,Continental Europe,Paid Search,CMP001,Converted,83,U016,2026-02-11,2026-02-28,2026-03-09,A00933,C006962
L00709,Elizabeth,Taylor,elizabeth.taylor@williams.com,Williams Palmer and Lane,Data Engineering Manager,United States,North America,Webinar,CMP027,New,95,U004,2025-12-26,,,,
L00710,Josephine,Pålsson,josephine.pålsson@microsoft.com,Microsoft,CISO,United States,North America,SDR Outbound,CMP041,New,2,U004,2026-05-09,,,,
L00711,Corina,Olsen,corina.olsen@gmail.com,Howard LLC,CISO,United States,North America,Free Trial,CMP043,MQL,32,U005,2026-10-02,2026-10-04,,,
L00712,Inger,Howard,inger.howard@sanchez.com,Sanchez Group,CISO,United States,North America,Content Download,CMP023,New,97,U004,2025-06-11,,,,
L00713,Ross,Gibbs,ross.gibbs@banks.com,Banks LLC GmbH,VP Data,Switzerland,Continental Europe,Referral,CMP034,Converted,9,U017,2026-03-29,2026-04-04,2026-04-12,A01858,C006963
L00714,Emmy,Nilsson,emmy.nilsson@losekann.com,Losekann,Senior Data Engineer,Belgium,Continental Europe,Referral,CMP014,Converted,87,U016,2026-05-10,2026-05-16,2026-05-17,A02027,C006964
L00715,Megan,Nilsson,megan.nilsson@hampton.com,Hampton Group,Analytics Engineer,United States,North America,Event,CMP001,SQL,62,U005,2025-07-28,2025-08-14,2025-08-23,,
L00716,Ashley,van der Strigt,ashley.van der strigt@fuentes.com,Fuentes Inc,VP Data,Germany,Continental Europe,Event,CMP040,New,40,U016,2025-04-10,,,,
L00717,Tammy,Becker,tammy.becker@outlook.com,Barton Jefferson and Burke,Data Engineering Manager,Norway,Continental Europe,Referral,CMP026,MQL,44,U016,2026-01-05,2026-01-05,,,
L00718,Gottlieb,Brown,gottlieb.brown@garrison-thomas.com,Garrison-Thomas Group,"Director, Data Engineering",United States,North America,Paid Search,CMP012,Disqualified,82,U004,2026-01-31,,,,
L00719,Megan,Alpaidis,megan.alpaidis@van.com,van den Velden & Potters Ltd,CISO,United States,North America,Event,CMP039,SQL,18,U004,2026-06-30,2026-07-11,2026-07-17,,
L00720,Erik,Wulf,erik.wulf@porter.com,Porter Stevens and Quinn,Analytics Engineer,United States,North America,Partner,CMP034,MQL,30,U004,2025-06-22,2025-06-28,,,
L00721,Michelle,Walter,michelle.walter@wu.com,Wu Mack and King,Head of Procurement,United States,North America,Partner,CMP008,MQL,86,U004,2025-06-25,2025-07-14,,,
L00722,Heather,Goyaerts van Waderle,heather.goyaerts van waderle@gmail.com,Wunderink Groep,Chief Information Officer,United States,North America,SDR Outbound,CMP006,Disqualified,80,U005,2025-12-23,,,,
L00723,Arnim,Pettersson,arnim.pettersson@bohnbach.com,Bohnbach Scheuermann AG,Senior Data Engineer,United States,North America,SDR Outbound,CMP015,Disqualified,4,,2025-06-14,,,,
L00724,Silvio,Hansen,silvio.hansen@owens-holmes.com,Owens-Holmes,Chief Information Officer,United States,North America,Partner,CMP018,MQL,38,U004,2026-05-23,2026-05-24,,,
L00725,Lori,Garza,lori.garza@kitzmann.com,Kitzmann,IT Security Manager,United States,North America,SDR Outbound,CMP030,Disqualified,95,U005,2026-03-22,,,,
L00726,Marisa,Andersson,marisa.andersson@outlook.com,Dahlström Norman AB Inc,IT Security Manager,United States,North America,Free Trial,CMP001,MQL,96,U004,2025-12-29,2026-01-02,,,
L00727,Astrid,Lundgren,astrid.lundgren@curtis.com,Curtis Smith and Matthews,IT Security Manager,Austria,Continental Europe,Paid Search,CMP026,SQL,71,U017,2026-07-21,2026-07-28,2026-08-06,,
L00728,Chantal,Freeman,chantal.freeman@van.com,van der Pouw NV,Analytics Engineer,United Kingdom,UK&I,Paid Search,CMP012,Disqualified,89,U010,2025-06-24,,,,
L00729,Tina,Budig,tina.budig@royal.com,Royal Ghoerle,"Director, Data Engineering",United Kingdom,UK&I,Content Download,CMP028,MQL,27,U010,2026-07-02,2026-07-08,,,
L00730,Kelly,Metz,kelly.metz@stadelmann.com,Stadelmann KG,Director of Data Platform,United States,North America,Content Download,CMP037,MQL,67,U004,2025-09-07,2025-09-20,,,
L00731,Rosalie,Lambers,rosalie.lambers@nyrstar.com,Nyrstar holding,"Director, Data Engineering",Sweden,Continental Europe,Content Download,CMP033,Disqualified,54,U017,2026-07-11,,,,
L00732,Lars-Erik,de Lange,lars-erik.de lange@steuer.com,Steuer e.G.,VP Data & Analytics,Sweden,Continental Europe,Event,CMP028,New,69,U017,2026-04-08,,,,
L00733,Christian,Persson,christian.persson@gmail.com,Taylor Pollard and Burton,VP Data & Analytics,United Kingdom,UK&I,Paid Search,CMP015,Disqualified,27,U010,2025-09-17,,,,
L00734,Imran,Wilhelmsson,imran.wilhelmsson@yahoo.com,Green LLC,"Director, Data Engineering",United Kingdom,UK&I,SDR Outbound,CMP002,Disqualified,7,,2026-04-08,,,,
L00735,Giovanni,Soos,giovanni.soos@graham.com,Graham Osborn and Burton,Data Engineering Manager,Germany,Continental Europe,Partner,CMP027,New,23,U017,2026-05-19,,,,
L00736,Pleun,Hallgren,pleun.hallgren@lopez-johnson.com,Lopez-Johnson,Head of Procurement,Germany,Continental Europe,Webinar,CMP039,New,74,U016,2026-06-25,,,,
L00737,Dennis,Huberts,dennis.huberts@söderholm.com,Söderholm & Nilsson HB GmbH,Analytics Engineer,United States,North America,Content Download,CMP043,MQL,17,U004,2026-08-20,2026-09-02,,,
L00738,Linnea,Flink,linnea.flink@van.com,van Laarhoven BV,Analytics Engineer,United States,North America,Referral,CMP034,MQL,9,U005,2025-09-25,2025-10-11,,,
L00739,Peter,Tate,peter.tate@hughes-mack.com,Hughes-Mack,Data Engineering Manager,Germany,Continental Europe,Event,CMP038,New,22,U017,2025-10-03,,,,
L00740,Dolores,Björk,dolores.björk@eriksson.com,Eriksson & Sundström AB Group,"Director, Data Engineering",Denmark,Continental Europe,Partner,CMP024,MQL,81,,2025-05-22,2025-05-29,,,
L00741,Nova,Lindell,nova.lindell@jensen.com,Jensen Obrien and Salazar,CISO,Sweden,Continental Europe,SDR Outbound,CMP031,New,99,U017,2025-10-26,,,,
L00742,David,Kostolzin,david.kostolzin@ericsson.com,Ericsson Telecommunicatie,IT Security Manager,United States,North America,Free Trial,CMP020,New,79,U004,2026-02-22,,,,
L00743,Balthasar,Collins,balthasar.collins@morris-perry.com,Morris-Perry,"Director, Data Engineering",Netherlands,Continental Europe,Partner,CMP039,New,67,U016,2026-03-20,,,,
L00744,Brandon,Robertson,brandon.robertson@eigenwillig.com,Eigenwillig Haering AG,Data Engineering Manager,Ireland,UK&I,Free Trial,CMP016,Disqualified,68,U011,2025-12-31,,,,
L00745,Maurice,Cook,maurice.cook@outlook.com,Koninklijke van Beek Ltd,VP Data & Analytics,Switzerland,Continental Europe,Partner,CMP021,MQL,12,U016,2026-05-25,2026-06-05,,,
L00746,Juliane,Pettersson,juliane.pettersson@aalts.com,Aalts Groep,Chief Information Officer,Switzerland,Continental Europe,Event,CMP032,New,11,U017,2026-08-19,,,,
L00747,Shaun,Cox,shaun.cox@yahoo.com,Krebs,CISO,United States,North America,Event,CMP024,New,93,U004,2026-09-23,,,,
L00748,Matthew,Bailey,matthew.bailey@harper-atkinson.com,Harper-Atkinson,IT Security Manager,Denmark,Continental Europe,Event,CMP024,Converted,99,,2026-05-30,2026-06-07,2026-06-14,A00013,C006965
L00749,Hans-Uwe,Lopez,hans-uwe.lopez@heidrich.com,Heidrich,VP Data,Norway,Continental Europe,Event,CMP002,SQL,77,U017,2026-05-19,2026-05-26,2026-05-29,,
L00750,Zachary,Lehmann,zachary.lehmann@rfs.com,RFS Holland,Director of Data Platform,United States,North America,Webinar,CMP008,SQL,43,U005,2026-07-03,2026-07-06,2026-07-20,,
L00751,Gerard,Smith,gerard.smith@salazar-calderon.com,Salazar-Calderon,Director of Data Platform,United States,North America,Content Download,CMP030,New,65,U004,2026-04-10,,,,
L00752,Harry,Munoz,harry.munoz@fischer.com,Fischer GmbH & Co. OHG GmbH,VP Data & Analytics,United States,North America,Free Trial,CMP040,MQL,26,U004,2026-02-27,2026-03-01,,,
L00753,Rosemary,Heser,rosemary.heser@eberth.com,Eberth,IT Security Manager,United States,North America,Referral,CMP010,New,68,U004,2025-06-12,,,,
L00754,Raymond,Thanel,raymond.thanel@o'brien-stanley.com,O'Brien-Stanley,Senior Data Engineer,United States,North America,Paid Search,CMP042,Disqualified,12,U004,2026-03-25,,,,
L00755,Juan,Aguirre,juan.aguirre@wulff.com,Wulff AG,CISO,Belgium,Continental Europe,Partner,CMP027,SQL,35,U016,2026-04-03,2026-04-06,2026-04-17,,
L00756,Nova,van der Sloot,nova.van der sloot@karlsson.com,Karlsson Forsgren AB,Head of Procurement,United States,North America,Webinar,CMP022,MQL,80,U005,2026-07-05,2026-07-22,,,
L00757,Charlene,Bien,charlene.bien@franklin-jones.com,Franklin-Jones,Data Engineering Manager,Sweden,Continental Europe,Content Download,CMP009,New,70,U016,2025-10-14,,,,
L00758,Fredrik,Robinson,fredrik.robinson@murray.com,Murray Group,IT Security Manager,Switzerland,Continental Europe,Partner,CMP011,New,85,U017,2026-07-24,,,,
L00759,Sara,Aronsson,sara.aronsson@anderberg.com,Anderberg & Gustafsson HB GmbH,CISO,Germany,Continental Europe,Event,CMP045,New,70,U016,2026-03-04,,,,
L00760,Jamie,Fröhlich,jamie.fröhlich@smith.com,Smith Williams and Becker,Head of Data Platform,Netherlands,Continental Europe,Content Download,CMP022,MQL,34,U017,2026-06-08,2026-06-14,,,
L00761,Julia,Mol,julia.mol@koninklijke.com,Koninklijke van den Eerenbeemt,IT Security Manager,United Kingdom,UK&I,Paid Search,CMP011,Converted,1,U011,2025-08-04,2025-08-08,2025-08-22,A02028,C006966
L00762,Leni,Eckbauer,leni.eckbauer@pärtzelt.com,Pärtzelt Mühle GmbH & Co. KG,IT Security Manager,United States,North America,Partner,CMP026,Converted,34,U004,2025-10-31,2025-11-16,2025-11-22,A02029,C006967
L00763,Justin,Paffrath,justin.paffrath@keudel.com,Keudel AG GmbH,Head of Procurement,Canada,North America,Paid Search,CMP021,MQL,21,U004,2025-11-21,2025-11-30,,,
L00764,Guy,Hübel,guy.hübel@bohlin.com,Bohlin & Nyberg HB,Chief Information Officer,Netherlands,Continental Europe,Content Download,CMP039,MQL,83,U017,2026-03-07,2026-03-12,,,
L00765,Scott,Gutknecht,scott.gutknecht@campbell.com,Campbell Robson and Jones,VP Data & Analytics,United States,North America,Referral,CMP010,MQL,87,U005,2025-04-08,2025-04-23,,,
L00766,Erich,Nolan,erich.nolan@pasman.com,Pasman Groep Inc,Head of Data Engineering,Canada,North America,Content Download,CMP008,New,1,U004,2026-03-10,,,,
L00767,Bastian,Smith,bastian.smith@larsson.com,Larsson & Danielsson AB,VP Data,United States,North America,Content Download,CMP042,MQL,47,U004,2025-11-06,2025-11-23,,,
L00768,Herman,Kleybrink,herman.kleybrink@röhrdanz.com,Röhrdanz Stiftung & Co. KGaA,Data Engineering Manager,Switzerland,Continental Europe,Free Trial,CMP018,New,48,U017,2026-04-03,,,,
L00769,Sara,Bronder,sara.bronder@alexander-kennedy.com,Alexander-Kennedy,IT Security Manager,United States,North America,Event,CMP015,New,77,U005,2026-01-12,,,,
L00770,Marijan,Johansson,marijan.johansson@kristiansson.com,Kristiansson HB,Head of Data Platform,United States,North America,Partner,CMP034,New,92,U005,2026-10-08,,,,
L00771,Steven,Edwards,steven.edwards@johnson.com,Johnson LLC,Head of Data Platform,United Kingdom,UK&I,Webinar,CMP020,New,69,U010,2025-12-10,,,,
L00772,Cornelia,Schleich,cornelia.schleich@hayward-hamilton.com,Hayward-Hamilton,VP Data,Canada,North America,Content Download,CMP042,MQL,23,U004,2025-06-30,2025-07-13,,,
L00773,Timothy,Wulf,timothy.wulf@östman.com,Östman HB Inc,Head of Data Platform,United Kingdom,UK&I,Content Download,CMP036,MQL,85,U010,2025-06-23,2025-07-07,,,
L00774,Timothy,Trub,timothy.trub@clarke-moss.com,Clarke-Moss,VP Data & Analytics,Sweden,Continental Europe,Referral,CMP036,New,50,U017,2025-06-12,,,,
L00775,Cynthia,Smith,cynthia.smith@tyler-baker.com,Tyler-Baker,Staff Data Engineer,Sweden,Continental Europe,Partner,CMP041,New,28,U017,2025-07-07,,,,
L00776,Daniël,Hörle,daniël.hörle@davis.com,Davis Pearson and Lawrence Ltd,Head of Data Platform,United Kingdom,UK&I,Webinar,CMP012,Converted,19,,2025-07-13,2025-08-01,2025-08-15,A00695,C006968
L00777,Friedhelm,Olsson,friedhelm.olsson@beck-banks.com,Beck-Banks,VP Data & Analytics,United Kingdom,UK&I,Free Trial,CMP019,MQL,10,U010,2025-05-24,2025-06-06,,,
L00778,Ove,Kitzmann,ove.kitzmann@gröttner.com,Gröttner GmbH,Staff Data Engineer,United States,North America,Paid Search,CMP021,Converted,65,U004,2026-01-05,2026-01-14,2026-01-27,A01435,C006969
L00779,Brian,Ottosson,brian.ottosson@outlook.com,Koninklijke Mathol,Head of Data Platform,Netherlands,Continental Europe,Webinar,CMP017,New,78,U016,2026-04-16,,,,
L00780,Henrik,Little,henrik.little@heyne.com,Heyne Groep,Head of Procurement,United States,North America,Content Download,CMP043,New,33,U005,2026-09-14,,,,
L00781,Brenda,van Maasgouw,brenda.van maasgouw@mende.com,Mende,"Director, Data Engineering",Austria,Continental Europe,Content Download,CMP008,SQL,32,U016,2026-09-19,2026-10-03,2026-10-05,,
L00782,Christopher,Francis,christopher.francis@marklund.com,Marklund Hansson HB,Chief Data Officer,United States,North America,Event,CMP034,New,43,U004,2025-08-25,,,,
L00783,Henning,Jacobi Jäckel,henning.jacobi jäckel@olsson.com,Olsson & Nilsson AB,Analytics Engineer,United States,North America,Partner,CMP029,MQL,84,U004,2026-07-18,2026-07-20,,,
L00784,Ingegerd,Gross,ingegerd.gross@karlsson.com,Karlsson & Nordlander HB,Data Engineering Manager,United States,North America,Webinar,CMP029,Converted,67,U005,2025-08-04,2025-08-18,2025-08-23,A02030,C006970
L00785,Alice,van de Wal,alice.van de wal@persson.com,Persson Ljunggren AB,IT Security Manager,Ireland,UK&I,Content Download,CMP017,Converted,28,U010,2026-08-27,2026-08-30,2026-09-03,A01768,C006971
L00786,Bram,Clark,bram.clark@aertsz.com,Aertsz NV,Head of Data Engineering,United States,North America,Webinar,CMP040,MQL,69,U005,2025-07-29,2025-07-30,,,
L00787,Ties,Lewis,ties.lewis@brolin.com,Brolin & Lindmark AB,CISO,United Kingdom,UK&I,Event,CMP029,New,83,U011,2025-12-22,,,,
L00788,Roos,Säuberlich,roos.säuberlich@hansson.com,Hansson AB Group,VP Data & Analytics,United States,North America,Referral,CMP025,MQL,76,U004,2025-05-24,2025-05-28,,,
L00789,Stephanie,Stevens,stephanie.stevens@segebahn.com,Segebahn Pechel GmbH,CISO,United Kingdom,UK&I,Partner,CMP032,MQL,72,U011,2025-11-05,2025-11-25,,,
L00790,Mohammed,Wilson,mohammed.wilson@cole-johnson.com,Cole-Johnson,VP Data & Analytics,United States,North America,Content Download,CMP003,New,9,U004,2026-09-28,,,,
L00791,Martin,Andersson,martin.andersson@yahoo.com,Rodriguez-Taylor Group,"Director, Data Engineering",Switzerland,Continental Europe,Webinar,CMP034,Disqualified,59,U016,2025-06-22,,,,
L00792,Amin,Mende,amin.mende@atzler.com,Atzler,"Director, Data Engineering",United States,North America,SDR Outbound,CMP043,SQL,90,,2025-11-18,2025-11-21,2025-11-30,,
L00793,Joyce,Hooper,joyce.hooper@steenbeek.com,Steenbeek & Vaessen,Analytics Engineer,United States,North America,Referral,CMP029,New,5,U004,2026-07-25,,,,
L00794,Joacim,van Limburg,joacim.van limburg@henry.com,Henry LLC Group,Analytics Engineer,Belgium,Continental Europe,Free Trial,CMP026,New,92,U016,2026-06-15,,,,
L00795,Vassilios,van Voorst,vassilios.van voorst@johansson.com,Johansson Jakobsson AB,IT Security Manager,United Kingdom,UK&I,Partner,CMP033,New,29,U010,2025-08-04,,,,
L00796,Sophie,van 't Wel,sophie.van 't wel@mies.com,Mies AG,Director of Data Platform,Germany,Continental Europe,Webinar,CMP015,SQL,48,U016,2026-02-09,2026-03-01,2026-03-03,,
L00797,Rowan,Marsden,rowan.marsden@aumann.com,Aumann Adler OHG mbH,IT Security Manager,Sweden,Continental Europe,Referral,CMP038,New,82,U017,2025-12-10,,,,
L00798,Erik,Petersson,erik.petersson@bergström.com,Bergström AB,IT Security Manager,Austria,Continental Europe,SDR Outbound,CMP016,New,86,U016,2025-08-14,,,,
L00799,Stephanie,van der Loo,stephanie.van der loo@ahlgren.com,Ahlgren AB Group,Chief Data Officer,United Kingdom,UK&I,Webinar,CMP020,New,5,U011,2026-07-07,,,,
L00800,Hayley,Olsson,hayley.olsson@kelly.com,Kelly Ltd,CISO,Belgium,Continental Europe,Free Trial,CMP014,MQL,24,U016,2026-05-29,2026-06-10,,,
L00801,June,Chapman,june.chapman@van.com,van Cuijck & Roessink,Head of Data Engineering,United States,North America,Content Download,CMP017,Disqualified,96,,2025-10-31,,,,
L00802,Rebecca,Seifert,rebecca.seifert@dawson.com,Dawson Walters and O'Neill,"Director, Data Engineering",United States,North America,Paid Search,CMP038,New,63,U004,2025-07-09,,,,
L00803,Åsa,Korstman,åsa.korstman@lindner.com,Lindner Adolph KG Group,Head of Data Platform,United States,North America,SDR Outbound,CMP022,New,10,U004,2025-07-04,,,,
L00804,Rachel,de Swart,rachel.de swart@bell-chambers.com,Bell-Chambers,Director of Data Platform,Germany,Continental Europe,Referral,CMP005,Disqualified,1,U017,2025-08-11,,,,
L00805,Hunter,Söding,hunter.söding@daniels-hinton.com,Daniels-Hinton,Senior Data Engineer,Netherlands,Continental Europe,Event,CMP007,MQL,28,U016,2026-02-23,2026-03-10,,,
L00806,Harold,Pölitz,harold.pölitz@döring.com,Döring Atzler AG,IT Security Manager,United Kingdom,UK&I,Webinar,CMP016,New,98,U011,2026-10-04,,,,
L00807,Claire,Backlund,claire.backlund@gumprich.com,Gumprich Stiftung & Co. KGaA,Director of Data Platform,Germany,Continental Europe,Free Trial,CMP020,New,95,U017,2025-11-16,,,,
L00808,Eberhardt,Morgan,eberhardt.morgan@gustavsson.com,Gustavsson & Samuelsson HB,Chief Information Officer,United States,North America,Event,CMP020,SQL,85,U005,2025-10-21,2025-11-03,2025-11-08,,
L00809,Terence,Salas,terence.salas@yahoo.com,van der Noot BV Inc,Data Engineering Manager,Netherlands,Continental Europe,Webinar,CMP009,Disqualified,30,U016,2026-10-01,,,,
L00810,Kurt,Pearson,kurt.pearson@bevan-nicholson.com,Bevan-Nicholson,Data Engineering Manager,United Kingdom,UK&I,Webinar,CMP036,New,5,U010,2026-08-16,,,,
L00811,Christopher,Vignon,christopher.vignon@rädel.com,Rädel,VP Data,United Kingdom,UK&I,Webinar,CMP015,New,93,U010,2025-05-10,,,,
L00812,Niclas,Walter,niclas.walter@smits.com,Smits BV,VP Data,Ireland,UK&I,Content Download,CMP024,Converted,97,,2026-08-23,2026-09-01,2026-09-02,A00390,C006972
L00813,Linnea,Ruppersberger,linnea.ruppersberger@lozano.com,Lozano Smith and Thomas Ltd,Analytics Engineer,United Kingdom,UK&I,Referral,CMP038,MQL,95,U011,2025-12-13,2025-12-28,,,
L00814,Guiseppe,Dean,guiseppe.dean@koninklijke.com,Koninklijke Le Marec,Head of Data Engineering,Ireland,UK&I,SDR Outbound,CMP005,SQL,37,U010,2025-05-15,2025-06-03,2025-06-11,,
L00815,Jordy,Verwoert,jordy.verwoert@groenestein.com,Groenestein & Melet,Head of Data Engineering,Germany,Continental Europe,Webinar,CMP006,New,38,U016,2026-06-30,,,,
L00816,Åke,de Vrome,åke.de vrome@fry.com,Fry Hobbs and Buck,Chief Information Officer,United States,North America,Content Download,CMP010,MQL,36,U004,2026-03-23,2026-04-04,,,
L00817,Willem,Zaal,willem.zaal@connexxion.com,Connexxion,IT Security Manager,Canada,North America,Referral,CMP041,MQL,89,U004,2026-07-24,2026-08-08,,,
L00818,Jan,Johansson,jan.johansson@higgins.com,Higgins Bradley and Warner,CISO,Netherlands,Continental Europe,Event,CMP026,MQL,88,U017,2026-06-02,2026-06-19,,,
L00819,Dylan,Washington,dylan.washington@hagberg.com,Hagberg & Olausson HB GmbH,Director of Data Platform,Denmark,Continental Europe,Partner,CMP044,Converted,15,U017,2025-06-04,2025-06-16,2025-06-18,A00449,C006973
L00820,Anders,Löfgren,anders.löfgren@lindberg.com,Lindberg AB,VP Data & Analytics,Austria,Continental Europe,Content Download,CMP042,MQL,53,U016,2025-09-03,2025-09-16,,,
L00821,Naomi,Lucas,naomi.lucas@löwer.com,Löwer e.V.,Senior Data Engineer,United Kingdom,UK&I,Content Download,CMP011,Disqualified,16,U010,2026-04-18,,,,
L00822,Dagmar,le Floch,dagmar.le floch@booth-wheeler.com,Booth-Wheeler,Head of Procurement,Germany,Continental Europe,Webinar,CMP036,New,49,U016,2026-01-15,,,,
L00823,Michael,Johnson,michael.johnson@roberts.com,Roberts Lloyd and Bates,Analytics Engineer,Canada,North America,SDR Outbound,CMP015,MQL,22,,2025-09-12,2025-09-19,,,
L00824,Christopher,Berggren,christopher.berggren@gmail.com,Eriksson & Andersson HB,Director of Data Platform,Canada,North America,Paid Search,CMP025,New,42,U004,2025-06-01,,,,
L00825,Anneli,Parker,anneli.parker@outlook.com,Mora and Sons,IT Security Manager,Ireland,UK&I,Paid Search,CMP004,New,21,U011,2026-06-22,,,,
L00826,Joe,Puig,joe.puig@lindahl.com,Lindahl Khan HB,Analytics Engineer,United States,North America,Event,CMP025,Disqualified,91,U004,2025-05-07,,,,
L00827,Christina,Smith,christina.smith@eerden.com,Eerden & Roessink,Data Engineering Manager,Ireland,UK&I,Paid Search,CMP004,New,29,U010,2026-02-09,,,,
L00828,Johanna,Ali,johanna.ali@bengtsson.com,Bengtsson Svensson HB,Senior Data Engineer,United States,North America,Partner,CMP017,Disqualified,84,U005,2026-01-04,,,,
L00829,Birgitta,Cooper,birgitta.cooper@guerrero.com,Guerrero Group,Head of Data Platform,United States,North America,Event,CMP029,MQL,72,U005,2025-11-28,2025-12-15,,,
L00830,Kian,Malm,kian.malm@yahoo.com,Nilsson AB GmbH,Head of Data Platform,United States,North America,Partner,CMP003,New,51,U005,2025-12-02,,,,
L00831,Valentijn,Cooper,valentijn.cooper@yahoo.com,Gibson-Mays,Chief Information Officer,Belgium,Continental Europe,Webinar,CMP029,MQL,57,U017,2025-05-31,2025-06-17,,,
L00832,Alan,Melin,alan.melin@turner.com,Turner Inc Ltd,Chief Data Officer,United States,North America,Content Download,CMP040,New,55,U004,2025-06-06,,,,
L00833,Brandon,Carter,brandon.carter@outlook.com,Ahlqvist & Lundström HB,"Director, Data Engineering",United States,North America,Event,CMP014,MQL,87,U005,2025-09-19,2025-09-19,,,
L00834,Job,Strik,job.strik@riggs-coffey.com,Riggs-Coffey GmbH,IT Security Manager,United States,North America,Free Trial,CMP036,New,25,U004,2025-06-01,,,,
L00835,Frances,George,frances.george@kolster.com,Kolster & Louws GmbH,CISO,Canada,North America,Referral,CMP018,New,41,U004,2025-07-07,,,,
L00836,Lilly,Larsson,lilly.larsson@hayward.com,Hayward and Sons GmbH,Chief Data Officer,Germany,Continental Europe,SDR Outbound,CMP031,New,17,U017,2026-04-20,,,,
L00837,Vincent,Scholl,vincent.scholl@jeppsson.com,Jeppsson HB,Chief Data Officer,Netherlands,Continental Europe,Webinar,CMP043,New,18,U017,2025-10-20,,,,
L00838,Faas,Klotz,faas.klotz@säuberlich.com,Säuberlich Hering GbR,Analytics Engineer,United States,North America,Webinar,CMP019,New,29,U005,2025-12-30,,,,
L00839,Aiden,Wilson,aiden.wilson@gmail.com,Kleibrink & van Straaten,IT Security Manager,Sweden,Continental Europe,Webinar,CMP045,MQL,68,U017,2025-06-23,2025-06-26,,,
L00840,Leszek,Bengtsson,leszek.bengtsson@richards-brown.com,Richards-Brown Ltd,CISO,United States,North America,Referral,CMP013,New,82,U005,2025-06-14,,,,
L00841,Amy,Montoya,amy.montoya@fleurametz.com,FleuraMetz,Analytics Engineer,Netherlands,Continental Europe,Referral,CMP004,MQL,0,U017,2025-10-21,2025-10-23,,,
L00842,Austin,Hedlund,austin.hedlund@karlsson.com,Karlsson Jansson HB,Chief Data Officer,United States,North America,Partner,CMP022,MQL,72,U004,2026-03-30,2026-04-07,,,
L00843,Ulf,Otto,ulf.otto@glover.com,Glover Jones and Flynn GmbH,Head of Procurement,United States,North America,SDR Outbound,CMP021,Disqualified,18,U004,2026-05-04,,,,
L00844,Lennart,Wells,lennart.wells@yahoo.com,Tech Data Nederland,Chief Information Officer,United States,North America,Partner,CMP031,Converted,47,,2025-11-19,2025-11-21,2025-12-02,A02031,C006974
L00845,Gary,Hayes,gary.hayes@robertson-young.com,Robertson-Young,Head of Data Platform,United States,North America,Paid Search,CMP004,New,7,U005,2026-10-03,,,,
L00846,Michelle,van Bruchem,michelle.van bruchem@jorlink.com,Jorlink & Godfrey van Alemannië Group,Senior Data Engineer,United Kingdom,UK&I,Free Trial,CMP038,Converted,10,U010,2025-11-05,2025-11-21,2025-11-25,A00863,C006975
L00847,Jeannine,Pohl,jeannine.pohl@kreusel.com,Kreusel,VP Data,United Kingdom,UK&I,Referral,CMP027,New,15,U011,2026-07-13,,,,
L00848,Ilse,de Jode Vastraedsd,ilse.de jode vastraedsd@klm.com,KLM,Data Engineering Manager,United Kingdom,UK&I,Referral,CMP037,MQL,22,U010,2026-04-25,2026-05-11,,,
L00849,Michael,White,michael.white@persson.com,Persson Lundell HB,Head of Data Platform,United States,North America,Content Download,CMP001,New,30,,2025-11-01,,,,
L00850,Howard,Hampton,howard.hampton@koninklijke.com,Koninklijke Bouthoorn,Analytics Engineer,United States,North America,Partner,CMP018,MQL,71,U004,2026-08-02,2026-08-12,,,
L00851,Angela,Kramer,angela.kramer@larsson.com,Larsson AB,Chief Data Officer,United States,North America,Partner,CMP021,New,95,U004,2025-09-17,,,,
L00852,Else,Nilsson,else.nilsson@john.com,John Group,Head of Procurement,United Kingdom,UK&I,SDR Outbound,CMP012,MQL,75,U011,2025-12-16,2026-01-05,,,
L00853,Ebba,Heidrich,ebba.heidrich@white-hodgson.com,White-Hodgson Inc,Head of Data Engineering,Canada,North America,Content Download,CMP013,MQL,52,U004,2026-01-12,2026-01-13,,,
L00854,Karl,Young,karl.young@shaw-cross.com,Shaw-Cross GmbH,Head of Data Platform,United States,North America,Partner,CMP015,Disqualified,44,U005,2025-11-24,,,,
L00855,Karl-Hermann,Sandin,karl-hermann.sandin@sanchez.com,Sanchez Group,Chief Information Officer,United States,North America,Referral,CMP008,New,85,U004,2025-10-13,,,,
L00856,Jesper,Holmqvist,jesper.holmqvist@warren-brooks.com,Warren-Brooks,Director of Data Platform,Belgium,Continental Europe,Free Trial,CMP031,New,53,U017,2025-05-28,,,,
L00857,Elisabeth,Birch,elisabeth.birch@outlook.com,Nette,VP Data,United States,North America,Referral,CMP022,New,35,U005,2025-08-18,,,,
L00858,Erik,de Gruijl,erik.de gruijl@hudson.com,Hudson Bradshaw and Jones,"Director, Data Engineering",United States,North America,Paid Search,CMP013,Disqualified,29,U005,2026-07-08,,,,
L00859,Zehra,Andersson,zehra.andersson@neuschäfer.com,Neuschäfer AG & Co. OHG,Head of Data Platform,United States,North America,Free Trial,CMP045,Disqualified,31,U004,2025-11-23,,,,
L00860,Mareile,Wells,mareile.wells@briemer.com,Briemer Stroh AG,Analytics Engineer,Canada,North America,Webinar,CMP018,New,98,U005,2026-08-25,,,,
L00861,Julius,Ponce,julius.ponce@berry.com,Berry and Sons GmbH,Staff Data Engineer,Denmark,Continental Europe,Content Download,CMP032,New,87,U017,2025-11-09,,,,
L00862,Dieter,Ackermann,dieter.ackermann@nette.com,Nette Mude GbR,Head of Data Platform,United States,North America,SDR Outbound,CMP014,MQL,21,U005,2025-10-22,2025-10-22,,,
L00863,Leon,Pham,leon.pham@labado.com,Labado & Rietveld,"Director, Data Engineering",United Kingdom,UK&I,Content Download,CMP011,MQL,60,U010,2026-01-12,2026-01-31,,,
L00864,Jane,Plath,jane.plath@garza.com,Garza and Sons,Head of Procurement,United States,North America,Webinar,CMP014,MQL,90,U005,2026-04-08,2026-04-11,,,
L00865,Steffi,van Maaren,steffi.van maaren@yahoo.com,Price Jackson and Martin,Head of Data Engineering,Canada,North America,Event,CMP001,New,26,U005,2025-08-15,,,,
L00866,Friedericke,Rouwhorst,friedericke.rouwhorst@berglund.com,Berglund & Bergman HB,"Director, Data Engineering",Ireland,UK&I,Referral,CMP032,Disqualified,44,U011,2025-06-06,,,,
L00867,Nisa,Brands,nisa.brands@williams.com,Williams LLC,VP Data,United Kingdom,UK&I,Referral,CMP011,New,93,U011,2025-06-08,,,,
L00868,Charlie,Cooke,charlie.cooke@brown-frey.com,Brown-Frey,CISO,Canada,North America,Free Trial,CMP039,SQL,28,U004,2026-07-12,2026-07-20,2026-07-27,,
L00869,Alexander,Granlund,alexander.granlund@bibi.com,Bibi Pritchard and Goodwin,Head of Data Engineering,United Kingdom,UK&I,Referral,CMP030,MQL,64,U011,2025-05-10,2025-05-16,,,
L00870,Teresa,van Egisheim,teresa.van egisheim@wiley.com,Wiley Inc,Head of Data Engineering,United States,North America,Free Trial,CMP014,MQL,18,U005,2025-10-27,2025-11-12,,,
L00871,Timothy,Berglund,timothy.berglund@olsson.com,Olsson HB Inc,Staff Data Engineer,Germany,Continental Europe,Paid Search,CMP001,New,38,U017,2026-09-21,,,,
L00872,Mattias,Stamrood,mattias.stamrood@yahoo.com,Svensson Österberg AB,Data Engineering Manager,United States,North America,Paid Search,CMP040,MQL,82,U005,2026-05-27,2026-06-04,,,
L00873,Kenneth,van Ommeren,kenneth.van ommeren@bloch.com,Bloch,VP Data,Switzerland,Continental Europe,Free Trial,CMP018,New,69,U017,2025-07-11,,,,
L00874,Ronald,Hermann,ronald.hermann@johnsson.com,Johnsson & Karlsson AB,IT Security Manager,Netherlands,Continental Europe,Free Trial,CMP004,New,49,U016,2025-11-24,,,,
L00875,Danny,de Backer,danny.de backer@outlook.com,Vaughan-Williams Inc,Data Engineering Manager,United States,North America,Paid Search,CMP004,Converted,99,U004,2026-04-17,2026-04-25,2026-05-04,A01236,C006976
L00876,Ilona,van der Flaas,ilona.van der flaas@linschoten.com,Linschoten NV,Head of Data Engineering,United Kingdom,UK&I,Referral,CMP008,MQL,61,U011,2025-07-10,2025-07-30,,,
L00877,Grazyna,Bolton,grazyna.bolton@sahlin.com,Sahlin AB,Chief Data Officer,United States,North America,Webinar,CMP033,Converted,71,U004,2025-08-05,2025-08-13,2025-08-16,A02032,C006977
L00878,Jade,Barber,jade.barber@klingelhöfer.com,Klingelhöfer AG,Staff Data Engineer,United States,North America,Partner,CMP044,New,11,U005,2025-08-27,,,,
L00879,Torbjörn,van Munster,torbjörn.van munster@ns.com,NS,Head of Procurement,Canada,North America,Paid Search,CMP010,MQL,69,U004,2026-04-04,2026-04-19,,,
L00880,Freja,Pugh,freja.pugh@miller-mathis.com,Miller-Mathis,Data Engineering Manager,United States,North America,Free Trial,CMP017,MQL,76,U004,2025-10-19,2025-11-06,,,
L00881,Henrik,Genefaas,henrik.genefaas@davis-williams.com,Davis-Williams Ltd,Analytics Engineer,United Kingdom,UK&I,SDR Outbound,CMP037,MQL,86,U011,2026-07-11,2026-07-17,,,
L00882,Doreen,Karlsson,doreen.karlsson@griffiths.com,Griffiths Kay and Hall,"Director, Data Engineering",Sweden,Continental Europe,Partner,CMP039,SQL,18,U017,2025-04-27,2025-05-16,2025-05-21,,
L00883,Frederick,van Alenburg,frederick.van alenburg@dobes.com,Dobes,Chief Data Officer,Austria,Continental Europe,Free Trial,CMP003,New,52,U016,2026-07-15,,,,
L00884,Sture,Täsche,sture.täsche@marchal.com,Marchal & Huijzing,Chief Information Officer,United Kingdom,UK&I,Referral,CMP013,MQL,51,U011,2026-08-15,2026-08-17,,,
L00885,Kristin,Burns,kristin.burns@murray.com,Murray Inc Inc,Director of Data Platform,Ireland,UK&I,Paid Search,CMP010,New,65,U010,2025-05-18,,,,
L00886,Katherine,Wouters van Eijndhoven,katherine.wouters van eijndhoven@webster.com,Webster and Sons,Staff Data Engineer,Switzerland,Continental Europe,Webinar,CMP015,MQL,81,U016,2025-08-18,2025-08-26,,,
L00887,Tyler,van der Brink,tyler.van der brink@cardenas.com,Cardenas LLC,Senior Data Engineer,Belgium,Continental Europe,Content Download,CMP005,New,13,U016,2025-08-30,,,,
L00888,Shannon,Mans,shannon.mans@williams.com,Williams LLC,"Director, Data Engineering",United Kingdom,UK&I,Paid Search,CMP042,Converted,53,U011,2025-10-11,2025-10-21,2025-11-03,A00233,C006978
L00889,Irene,Westberg,irene.westberg@walsh.com,Walsh Cox and Owen,Head of Procurement,United Kingdom,UK&I,Referral,CMP014,MQL,19,U010,2026-02-26,2026-03-17,,,
L00890,Justin,Vergeer,justin.vergeer@king.com,King LLC,VP Data & Analytics,United States,North America,Content Download,CMP038,Converted,57,U004,2025-10-14,2025-10-23,2025-10-26,A02033,C006979
L00891,Helena,Parrish,helena.parrish@banks-walsh.com,Banks-Walsh,Chief Information Officer,Germany,Continental Europe,Event,CMP017,Disqualified,7,U017,2025-04-22,,,,
L00892,Elsa,Jones,elsa.jones@werner.com,Werner Hansson HB,Head of Data Engineering,Netherlands,Continental Europe,Free Trial,CMP030,Disqualified,90,U017,2026-02-05,,,,
L00893,Bertil,Lopez,bertil.lopez@lorch.com,Lorch,Chief Information Officer,Norway,Continental Europe,SDR Outbound,CMP020,MQL,43,U016,2026-09-10,2026-09-24,,,
L00894,Jake,van Velthoven,jake.van velthoven@de.com,de Korte & Remmers,Staff Data Engineer,United States,North America,SDR Outbound,CMP008,New,29,U005,2026-10-07,,,,
L00895,Mats,Karlsson,mats.karlsson@gmail.com,Salazar-Brown,Data Engineering Manager,Netherlands,Continental Europe,Webinar,CMP003,Disqualified,83,U017,2026-08-19,,,,
L00896,Erica,Weimer,erica.weimer@outlook.com,Hethur Berger KG,Head of Data Engineering,United States,North America,SDR Outbound,CMP017,New,89,U005,2026-02-14,,,,
L00897,Jesper,Turner,jesper.turner@microsoft.com,Microsoft GmbH,Data Engineering Manager,Germany,Continental Europe,Content Download,CMP035,New,21,U016,2026-04-09,,,,
L00898,Megan,Förster,megan.förster@sims-watson.com,Sims-Watson,IT Security Manager,United States,North America,Content Download,CMP019,Converted,13,U005,2025-06-05,2025-06-20,2025-07-02,A02034,C006980
L00899,Faye,Olsson,faye.olsson@dawson.com,Dawson Walters and O'Neill,Director of Data Platform,United States,North America,Content Download,CMP041,Converted,60,U005,2026-06-04,2026-06-08,2026-06-18,A01526,C006981
L00900,Julia,Martin,julia.martin@björk.com,Björk Lindberg HB Ltd,Head of Data Platform,Switzerland,Continental Europe,Free Trial,CMP041,Disqualified,66,U017,2025-07-26,,,,
L00901,Peter,Lloyd,peter.lloyd@lawson.com,Lawson PLC,VP Data & Analytics,United States,North America,Event,CMP010,MQL,29,U004,2025-08-05,2025-08-20,,,
L00902,Louise,Walker,louise.walker@chaney-martin.com,Chaney-Martin,Chief Data Officer,Germany,Continental Europe,Webinar,CMP039,New,16,U016,2026-04-29,,,,
L00903,Mirja,Wijland,mirja.wijland@magnusson.com,Magnusson Alexandersson HB GmbH,CISO,Ireland,UK&I,Paid Search,CMP025,MQL,82,U011,2025-05-16,2025-05-26,,,
L00904,Wenke,Good,wenke.good@cole-farrell.com,Cole-Farrell,CISO,United States,North America,Partner,CMP015,Converted,14,U005,2025-04-17,2025-05-01,2025-05-06,A01744,C006982
L00905,Scott,Bergqvist,scott.bergqvist@holmes-smith.com,Holmes-Smith,Head of Procurement,United States,North America,SDR Outbound,CMP002,Disqualified,82,U004,2025-08-28,,,,
L00906,Karl Heinz,Brock,karl heinz.brock@einarsson.com,Einarsson Dahlqvist AB Ltd,Head of Procurement,United States,North America,Free Trial,CMP006,New,95,U004,2026-07-29,,,,
L00907,Julian,Payne,julian.payne@ellis.com,Ellis PLC Group,Data Engineering Manager,United Kingdom,UK&I,Event,CMP009,New,13,U010,2025-08-15,,,,
L00908,Teresa,Hermansson,teresa.hermansson@outlook.com,Vaughan-Williams,Head of Procurement,United States,North America,Referral,CMP026,New,96,U004,2026-03-06,,,,
L00909,Angela,Adolph,angela.adolph@davis.com,Davis Inc GmbH,VP Data & Analytics,United States,North America,Webinar,CMP014,MQL,32,U005,2025-11-03,2025-11-08,,,
L00910,Kelly,Ferguson,kelly.ferguson@morgan.com,Morgan Group,Analytics Engineer,Germany,Continental Europe,SDR Outbound,CMP016,Converted,49,U016,2026-05-15,2026-05-31,2026-06-05,A01950,C006983
L00911,Folke,Chang,folke.chang@koninklijke.com,Koninklijke Molenaar,Analytics Engineer,Canada,North America,Content Download,CMP021,New,0,U005,2026-02-08,,,,
L00912,Sophia,Berntsson,sophia.berntsson@mårtensson.com,Mårtensson Sandin AB,VP Data & Analytics,United Kingdom,UK&I,SDR Outbound,CMP039,New,44,U010,2025-05-10,,,,
L00913,Ashley,Blankenship,ashley.blankenship@rice-martinez.com,Rice-Martinez,"Director, Data Engineering",United Kingdom,UK&I,Referral,CMP001,New,63,U010,2025-07-17,,,,
L00914,Konstantin,Gunnarsson,konstantin.gunnarsson@john.com,John Group,Data Engineering Manager,United Kingdom,UK&I,Paid Search,CMP038,MQL,25,U011,2025-05-23,2025-05-28,,,
L00915,Kay,Hjalmarsson,kay.hjalmarsson@hazenveld.com,Hazenveld NV,"Director, Data Engineering",United Kingdom,UK&I,Event,CMP015,SQL,100,U010,2026-07-21,2026-08-07,2026-08-19,,
L00916,Esmée,Mathieu,esmée.mathieu@etzler.com,Etzler AG,Analytics Engineer,United States,North America,SDR Outbound,CMP002,New,38,U004,2025-08-25,,,,
L00917,Linnéa,Dixon,linnéa.dixon@yahoo.com,Menzis GmbH,VP Data & Analytics,United Kingdom,UK&I,SDR Outbound,CMP038,Converted,18,U011,2026-06-07,2026-06-17,2026-06-22,A00116,C006984
L00918,Hugo,Pettersson,hugo.pettersson@stiffel.com,Stiffel,CISO,United States,North America,Referral,CMP041,Disqualified,13,,2026-05-23,,,,
L00919,Nancy,Nichols,nancy.nichols@brown.com,Brown Ltd,Head of Data Platform,United Kingdom,UK&I,Event,CMP032,MQL,90,U011,2026-08-07,2026-08-26,,,
L00920,Jacob,Miller,jacob.miller@girschner.com,Girschner Group,Senior Data Engineer,Netherlands,Continental Europe,Content Download,CMP027,SQL,38,U016,2026-05-09,2026-05-29,2026-06-09,,
L00921,Amanda,Eigenwillig,amanda.eigenwillig@reed.com,Reed Allen and May,CISO,Sweden,Continental Europe,Content Download,CMP021,New,25,U017,2025-07-15,,,,
L00922,Nils,Gordon,nils.gordon@gmail.com,Weeks LLC,Chief Information Officer,Canada,North America,Free Trial,CMP021,MQL,54,U005,2025-06-11,2025-06-13,,,
L00923,Linda,Seifert,linda.seifert@pruschke.com,Pruschke Stiftung & Co. KG GmbH,Head of Data Platform,Germany,Continental Europe,Event,CMP003,Disqualified,52,U017,2026-06-24,,,,
L00924,Jasmijn,van der Flaas,jasmijn.van der flaas@magnusson.com,Magnusson Alexandersson HB,Chief Data Officer,Ireland,UK&I,Event,CMP037,New,96,U011,2025-10-13,,,,
L00925,Ester,Rogers,ester.rogers@seifert.com,Seifert AG,Chief Information Officer,Germany,Continental Europe,Paid Search,CMP011,New,79,U016,2026-04-25,,,,
L00926,Alexander,Bergström,alexander.bergström@berger.com,Berger,VP Data,Canada,North America,Paid Search,CMP043,SQL,18,U005,2025-12-29,2026-01-10,2026-01-16,,
L00927,Sören,Leonard,sören.leonard@koninklijke.com,Koninklijke Romijn,Staff Data Engineer,Austria,Continental Europe,Paid Search,CMP016,New,19,U016,2025-10-21,,,,
L00928,Alexandre,Peukert,alexandre.peukert@zuniga.com,Zuniga Group,Director of Data Platform,United States,North America,Paid Search,CMP018,New,17,U005,2026-08-17,,,,
L00929,William,Waters,william.waters@lindberg.com,Lindberg Bergman HB,Staff Data Engineer,United States,North America,Content Download,CMP040,SQL,47,U004,2025-04-06,2025-04-17,2025-05-01,,
L00930,Brett,Wallace,brett.wallace@trub.com,Trub Hoffmann AG,Head of Data Engineering,United States,North America,Paid Search,CMP014,MQL,35,U004,2026-04-11,2026-04-24,,,
L00931,Hedda,Chan,hedda.chan@koninklijke.com,Koninklijke Wigman,Chief Information Officer,United States,North America,Free Trial,CMP003,MQL,6,U005,2026-09-17,2026-09-29,,,
L00932,Andrea,Andreasson,andrea.andreasson@nieuwstraten.com,Nieuwstraten & Vaessen Inc,Head of Procurement,Netherlands,Continental Europe,SDR Outbound,CMP045,MQL,32,,2026-01-30,2026-02-03,,,
L00933,William,Adams,william.adams@gmail.com,Månsson & Söderberg AB,Staff Data Engineer,United Kingdom,UK&I,SDR Outbound,CMP043,New,45,U010,2026-01-30,,,,
L00934,Kunibert,van Hemert,kunibert.van hemert@bmc.com,BMC,"Director, Data Engineering",United Kingdom,UK&I,Paid Search,CMP010,New,63,U011,2025-06-13,,,,
L00935,Christiane,Charlton,christiane.charlton@huisman.com,Huisman,Head of Data Platform,United States,North America,Event,CMP043,Disqualified,22,U005,2026-08-07,,,,
L00936,Gerard,Persson,gerard.persson@yahoo.com,Robinson Group,"Director, Data Engineering",Denmark,Continental Europe,Referral,CMP032,SQL,77,U017,2026-05-28,2026-05-31,2026-06-14,,
L00937,Pamela,Johnsson,pamela.johnsson@riehl.com,Riehl Kobelt GmbH & Co. KG,Head of Procurement,United States,North America,Partner,CMP007,Disqualified,51,U004,2026-08-31,,,,
L00938,Andre,Page,andre.page@franklin.com,Franklin LLC Group,Head of Data Platform,Germany,Continental Europe,Event,CMP030,MQL,3,U017,2025-04-11,2025-04-27,,,
L00939,Rosalinde,Schinke,rosalinde.schinke@kraus.com,Kraus Group,IT Security Manager,United States,North America,Free Trial,CMP035,New,40,U004,2025-09-11,,,,
L00940,Bernhardine,Roskoth,bernhardine.roskoth@kriens.com,Kriens NV Ltd,VP Data & Analytics,Germany,Continental Europe,Referral,CMP033,New,98,U017,2025-10-04,,,,
L00941,Valentijn,Tschentscher,valentijn.tschentscher@kling.com,Kling Söderström HB,Director of Data Platform,Belgium,Continental Europe,Paid Search,CMP035,New,24,U017,2025-04-08,,,,
L00942,Samuel,Chapman,samuel.chapman@hassan.com,Hassan HB Ltd,VP Data & Analytics,United States,North America,Free Trial,CMP042,MQL,88,U004,2025-08-07,2025-08-22,,,
L00943,Mikael,van Spreuwel,mikael.van spreuwel@weitzel.com,Weitzel GbR,Chief Information Officer,Ireland,UK&I,Paid Search,CMP010,SQL,90,U011,2025-10-24,2025-10-24,2025-11-02,,
L00944,Eric,Schaaf,eric.schaaf@gmail.com,Andersson & Bergsten HB,Chief Data Officer,United Kingdom,UK&I,Free Trial,CMP017,MQL,82,,2026-04-08,2026-04-18,,,
L00945,Glenn,Conrad,glenn.conrad@outlook.com,Dennis Inc,Head of Data Engineering,United States,North America,Partner,CMP021,Disqualified,67,U004,2026-05-23,,,,
L00946,Thijs,Roose,thijs.roose@veen.com,Veen Bosch & Keuning Uitgeversgroep,"Director, Data Engineering",Denmark,Continental Europe,Free Trial,CMP004,MQL,85,U016,2025-09-14,2025-09-27,,,
L00947,Carl,Joosten,carl.joosten@omar.com,Omar & Hult AB,Head of Data Platform,United Kingdom,UK&I,Free Trial,CMP012,New,44,U011,2025-09-12,,,,
L00948,Philip,Koch,philip.koch@outlook.com,Van der Valk,Data Engineering Manager,Canada,North America,Free Trial,CMP010,New,11,U004,2025-07-06,,,,
L00949,Heather,White,heather.white@pettersson.com,Pettersson & Karlsson AB Group,Senior Data Engineer,United Kingdom,UK&I,Paid Search,CMP026,Converted,37,U010,2026-02-18,2026-02-24,2026-03-08,A01694,C006985
L00950,Vesna,Kallert,vesna.kallert@coolen.com,Coolen NV,Staff Data Engineer,Canada,North America,Event,CMP002,New,13,U005,2026-06-15,,,,
L00951,Jonas,Kitzmann,jonas.kitzmann@süßebier.com,Süßebier,Chief Data Officer,Switzerland,Continental Europe,Partner,CMP009,New,56,U017,2026-03-25,,,,
L00952,Elwira,Knappe,elwira.knappe@ali.com,Ali AB,Chief Information Officer,United States,North America,Event,CMP010,New,36,U005,2026-06-13,,,,
L00953,Lynn,Hayward,lynn.hayward@wilkins.com,Wilkins PLC Inc,Head of Procurement,United States,North America,Paid Search,CMP029,New,1,U004,2025-11-19,,,,
L00954,Jill,van Beaumont,jill.van beaumont@massa.com,Massa & de Boer,Senior Data Engineer,Netherlands,Continental Europe,Referral,CMP011,New,37,U017,2026-06-12,,,,
L00955,Benny,Henriksson,benny.henriksson@jönsson.com,Jönsson HB,Analytics Engineer,United States,North America,Content Download,CMP040,MQL,28,U004,2026-05-06,2026-05-23,,,
L00956,Anthony,Cant,anthony.cant@hinton-manning.com,Hinton-Manning,Analytics Engineer,United States,North America,Referral,CMP038,New,25,U004,2026-05-07,,,,
L00957,Mitchell,Stiffel,mitchell.stiffel@budig.com,Budig GmbH & Co. KGaA,Head of Procurement,Germany,Continental Europe,Free Trial,CMP021,New,10,U016,2026-03-17,,,,
L00958,Danique,Wilms,danique.wilms@verbeek.com,Verbeek & de Bruyn,"Director, Data Engineering",Netherlands,Continental Europe,Paid Search,CMP010,New,76,U016,2025-04-22,,,,
L00959,Elise,Wilson,elise.wilson@johnson.com,Johnson PLC,IT Security Manager,Germany,Continental Europe,Referral,CMP033,MQL,87,U017,2026-05-09,2026-05-27,,,
L00960,Patrik,Osborne,patrik.osborne@hussain-wilkinson.com,Hussain-Wilkinson,Head of Procurement,United States,North America,Partner,CMP034,MQL,29,U005,2026-04-11,2026-04-13,,,
L00961,Frida,Taylor,frida.taylor@hanna.com,Hanna & Ahlberg HB Group,Analytics Engineer,United Kingdom,UK&I,Content Download,CMP039,SQL,7,U011,2025-05-10,2025-05-25,2025-05-29,,
L00962,Ben,Lilja,ben.lilja@kaul.com,Kaul Inc,"Director, Data Engineering",Germany,Continental Europe,Referral,CMP040,MQL,20,U017,2025-05-22,2025-06-04,,,
L00963,Arthur,Zobel,arthur.zobel@larsson.com,Larsson & Lundqvist AB,Director of Data Platform,Austria,Continental Europe,Referral,CMP006,Disqualified,25,U016,2026-08-30,,,,
L00964,Mike,Lord,mike.lord@lindgren.com,Lindgren AB,Chief Data Officer,United States,North America,Free Trial,CMP026,New,60,U005,2026-05-28,,,,
L00965,Carol,Biggen,carol.biggen@olsson.com,Olsson Björk AB Ltd,Chief Information Officer,United Kingdom,UK&I,SDR Outbound,CMP016,New,9,U010,2025-09-09,,,,
L00966,Alexandra,Peters,alexandra.peters@erickson.com,Erickson Parks and Gross,Staff Data Engineer,Germany,Continental Europe,Content Download,CMP036,Disqualified,49,U016,2025-11-03,,,,
L00967,Paige,Lundgren,paige.lundgren@yahoo.com,Leguit BV,CISO,United States,North America,SDR Outbound,CMP031,MQL,4,U005,2026-08-13,2026-08-18,,,
L00968,Göte,Hansen,göte.hansen@wagner-levy.com,Wagner-Levy,IT Security Manager,Germany,Continental Europe,Webinar,CMP045,New,19,U016,2026-03-02,,,,
L00969,Annemijn,Mullins,annemijn.mullins@outlook.com,Karlsson HB,Staff Data Engineer,Denmark,Continental Europe,Referral,CMP011,New,39,U016,2025-08-08,,,,
L00970,Livia,van Dongen,livia.van dongen@yahoo.com,Foster Atkinson and Kirby,Chief Data Officer,United States,North America,Free Trial,CMP001,MQL,93,U005,2026-01-30,2026-02-08,,,
L00971,Lorenzo,Ernst,lorenzo.ernst@kaul.com,Kaul GbR,CISO,United States,North America,Event,CMP026,MQL,62,U005,2025-09-25,2025-10-10,,,
L00972,Amy,Peukert,amy.peukert@patel-morales.com,Patel-Morales,"Director, Data Engineering",United Kingdom,UK&I,Partner,CMP036,Converted,77,U010,2025-08-24,2025-09-01,2025-09-07,A01458,C006986
L00973,Jacob,Reid,jacob.reid@walker.com,Walker Evans and Jones,Chief Information Officer,United States,North America,Webinar,CMP022,New,21,U004,2025-07-08,,,,
L00974,Thomas,Nerger,thomas.nerger@house.com,House and Sons,Head of Data Platform,Belgium,Continental Europe,SDR Outbound,CMP017,MQL,73,U017,2025-05-10,2025-05-10,,,
L00975,Karl,Scott,karl.scott@vogt.com,Vogt GmbH & Co. KG,Analytics Engineer,United States,North America,Free Trial,CMP021,Disqualified,0,U004,2025-11-28,,,,
L00976,Esmee,le Gallen,esmee.le gallen@olofsson.com,Olofsson AB,CISO,United States,North America,Content Download,CMP039,New,39,U005,2025-12-23,,,,
L00977,Daniel,Jonsson,daniel.jonsson@wright-horton.com,Wright-Horton,IT Security Manager,Canada,North America,Free Trial,CMP012,Disqualified,23,U004,2025-07-25,,,,
L00978,Jörn,Larsson,jörn.larsson@koninklijke.com,Koninklijke Uit de Willigen,"Director, Data Engineering",United States,North America,Free Trial,CMP024,Disqualified,10,U004,2025-11-14,,,,
L00979,Reimund,Johansson,reimund.johansson@mende.com,Mende Jüttner KG Ltd,Chief Information Officer,United States,North America,Referral,CMP040,New,86,U004,2025-10-16,,,,
L00980,Jimmy,Lindström,jimmy.lindström@randolph-scott.com,Randolph-Scott,Head of Data Engineering,Germany,Continental Europe,Content Download,CMP018,Disqualified,43,U016,2026-03-06,,,,
L00981,Max,der Kijnder,max.der kijnder@davids.com,Davids e.V.,VP Data & Analytics,Canada,North America,Webinar,CMP015,Disqualified,99,U004,2026-05-10,,,,
L00982,Jayne,Atzler,jayne.atzler@outlook.com,Fechner,"Director, Data Engineering",United States,North America,Free Trial,CMP011,Disqualified,44,U005,2025-06-29,,,,
L00983,Sara,Salet,sara.salet@yahoo.com,Lamb James and Reed,IT Security Manager,United States,North America,Paid Search,CMP001,New,66,U005,2026-08-17,,,,
L00984,Per,van den Eerenbeemt,per.van den eerenbeemt@ariens.com,Ariens & Broeders,Head of Data Platform,Ireland,UK&I,Content Download,CMP042,MQL,33,U010,2025-08-06,2025-08-14,,,
L00985,Susan,Stanley,susan.stanley@outlook.com,Nicholls Smith and Skinner,"Director, Data Engineering",United States,North America,Free Trial,CMP029,Disqualified,89,U005,2026-05-15,,,,
L00986,Henrik,Allen,henrik.allen@goodwin-lawrence.com,Goodwin-Lawrence,Head of Data Engineering,United States,North America,Content Download,CMP024,New,28,U004,2026-10-06,,,,
L00987,Vincent,van Susa,vincent.van susa@king.com,King Ltd,Senior Data Engineer,Germany,Continental Europe,Webinar,CMP013,MQL,7,U016,2025-06-16,2025-06-17,,,
L00988,Christian,Perez,christian.perez@clarke.com,Clarke Group,VP Data,United States,North America,Partner,CMP016,New,28,U005,2026-05-29,,,,
L00989,Bernt,Dennenberg,bernt.dennenberg@jones.com,Jones PLC,VP Data & Analytics,United States,North America,Referral,CMP016,New,7,U004,2026-06-27,,,,
L00990,Katherine,van Veen,katherine.van veen@fischer.com,Fischer Gieß AG,Data Engineering Manager,Sweden,Continental Europe,Referral,CMP028,New,83,U016,2026-06-16,,,,
L00991,Agnieszka,Eriksson,agnieszka.eriksson@pölitz.com,Pölitz,Chief Data Officer,Germany,Continental Europe,Referral,CMP024,New,18,U016,2025-04-02,,,,
L00992,Lilo,Junken,lilo.junken@dussen.com,Dussen van Reising GmbH Group,IT Security Manager,United States,North America,Referral,CMP033,New,23,U005,2025-11-20,,,,
L00993,Patrik,Steuer,patrik.steuer@gmail.com,Davison Patel and Patterson,CISO,United States,North America,Paid Search,CMP023,MQL,23,U004,2025-05-25,2025-05-25,,,
L00994,Iris,de Beer,iris.de beer@reinhardt.com,Reinhardt KG Inc,Head of Data Platform,Ireland,UK&I,Event,CMP037,New,100,U011,2025-06-28,,,,
L00995,Brian,Kallert,brian.kallert@crucell.com,Crucell,Head of Data Engineering,Ireland,UK&I,Paid Search,CMP035,MQL,75,U011,2025-12-10,2025-12-25,,,
L00996,Melissa,Bell,melissa.bell@moore.com,Moore and Sons,IT Security Manager,Sweden,Continental Europe,SDR Outbound,CMP044,Disqualified,38,U016,2025-08-25,,,,
L00997,Hannah,Robbrechts Bruijne,hannah.robbrechts bruijne@karlsson.com,Karlsson AB,Chief Information Officer,United States,North America,Referral,CMP014,Disqualified,78,U005,2025-11-24,,,,
L00998,Theda,Forsberg,theda.forsberg@larsson.com,Larsson & Petersson AB,VP Data & Analytics,United States,North America,Webinar,CMP041,New,47,U004,2026-01-14,,,,
L00999,Sara,Thompson,sara.thompson@killer.com,Killer Blümel OHG mbH,VP Data & Analytics,Canada,North America,Content Download,CMP020,MQL,68,U005,2025-06-07,2025-06-21,,,
L01000,Quinn,Young,quinn.young@jenkins-scott.com,Jenkins-Scott,Head of Data Platform,United States,North America,SDR Outbound,CMP042,Disqualified,22,U005,2025-08-03,,,,
L01001,Gerd,Hooper,gerd.hooper@berger.com,Berger AG,Chief Data Officer,Switzerland,Continental Europe,Referral,CMP015,New,12,U016,2026-09-01,,,,
L01002,Freddy,Wright,freddy.wright@johansson.com,Johansson Johansson AB,Chief Information Officer,United States,North America,Content Download,CMP002,MQL,86,U005,2026-09-18,2026-10-08,,,
L01003,Crystal,Armstrong,crystal.armstrong@mitchell.com,Mitchell Marshall and Edwards,Analytics Engineer,United States,North America,Paid Search,CMP034,MQL,65,U004,2025-04-12,2025-04-27,,,
L01004,Roan,Young,roan.young@mattsson.com,Mattsson Magnusson HB,Head of Data Engineering,United Kingdom,UK&I,Event,CMP035,SQL,54,U010,2026-07-05,2026-07-21,2026-08-04,,
L01005,Amy,Graf,amy.graf@juncken.com,Juncken,CISO,United Kingdom,UK&I,Event,CMP033,MQL,53,U010,2025-07-26,2025-08-04,,,
L01006,Robin,van 't Wel,robin.van 't wel@ellis.com,Ellis PLC,Chief Data Officer,United States,North America,Content Download,CMP014,Disqualified,35,U005,2026-03-20,,,,
L01007,Christian,Bruynzeels,christian.bruynzeels@moberg.com,Moberg Sandström HB,Head of Data Engineering,United States,North America,Event,CMP007,Converted,61,U005,2025-07-28,2025-07-28,2025-08-04,A00478,C006987
L01008,Daniel,Brisee,daniel.brisee@hänel.com,Hänel AG & Co. OHG,Staff Data Engineer,Netherlands,Continental Europe,Event,CMP017,MQL,76,U016,2026-09-13,2026-09-26,,,
L01009,Elin,Doyle,elin.doyle@apollo.com,Apollo Vredestein,Data Engineering Manager,Norway,Continental Europe,SDR Outbound,CMP002,New,98,U017,2025-06-03,,,,
L01010,Bilal,Cox,bilal.cox@wilson.com,Wilson PLC,Head of Data Platform,Canada,North America,Partner,CMP033,MQL,14,,2026-03-28,2026-04-05,,,
L01011,Mandy,Rice,mandy.rice@woods.com,Woods and Sons,Data Engineering Manager,Denmark,Continental Europe,Webinar,CMP012,Disqualified,35,U017,2025-10-13,,,,
L01012,Valerij,Salz,valerij.salz@hammar.com,Hammar Bengtsson HB Group,"Director, Data Engineering",United States,North America,Referral,CMP014,New,20,U004,2025-11-11,,,,
L01013,Ravi,Lindgren,ravi.lindgren@alfredsson.com,Alfredsson & Karlsson AB,VP Data & Analytics,United States,North America,Webinar,CMP021,New,59,U004,2026-02-10,,,,
L01014,Bruce,Lindén,bruce.lindén@mühle.com,Mühle AG,Data Engineering Manager,United States,North America,Content Download,CMP022,MQL,2,U004,2026-04-20,2026-04-26,,,
L01015,Susan,Hande,susan.hande@smith.com,Smith Gray and Taylor,Analytics Engineer,Netherlands,Continental Europe,SDR Outbound,CMP036,New,53,U017,2025-12-29,,,,
L01016,Larry,Burton,larry.burton@gude.com,Gude,Senior Data Engineer,United Kingdom,UK&I,Event,CMP015,MQL,12,U011,2026-09-13,2026-09-29,,,
L01017,Kiki,Ebert,kiki.ebert@hornig.com,Hornig GmbH & Co. KG GmbH,"Director, Data Engineering",Germany,Continental Europe,Partner,CMP032,MQL,57,U016,2025-09-27,2025-09-27,,,
L01018,Simon,Ellis,simon.ellis@luna.com,Luna Group,VP Data,Switzerland,Continental Europe,Free Trial,CMP028,SQL,86,U017,2025-10-25,2025-11-07,2025-11-09,,
L01019,Richard,Johansson,richard.johansson@potter.com,Potter Prince and Good,Chief Data Officer,United Kingdom,UK&I,Content Download,CMP038,New,5,U011,2025-05-31,,,,
L01020,Timm,Morgan,timm.morgan@gmail.com,Mies AG,Senior Data Engineer,United States,North America,Free Trial,CMP009,New,28,U004,2026-08-19,,,,
L01021,Erik,Hering,erik.hering@abbott.com,Abbott Inc,"Director, Data Engineering",United States,North America,SDR Outbound,CMP007,Disqualified,23,U004,2025-09-16,,,,
L01022,Hayden,van Alenburg,hayden.van alenburg@royal.com,Royal van Veen,CISO,Netherlands,Continental Europe,Event,CMP027,New,71,U016,2026-03-10,,,,
L01023,Rocco,Thompson,rocco.thompson@gmail.com,Khalil AB Ltd,Head of Procurement,United States,North America,Referral,CMP007,MQL,80,U005,2026-09-30,2026-09-30,,,
L01024,Milan,Alm,milan.alm@hopkins-carroll.com,Hopkins-Carroll,"Director, Data Engineering",United States,North America,Free Trial,CMP017,MQL,65,,2025-05-23,2025-05-31,,,
L01025,Tony,Verbeek,tony.verbeek@harper-atkinson.com,Harper-Atkinson,Analytics Engineer,Denmark,Continental Europe,Free Trial,CMP027,MQL,26,,2025-12-29,2026-01-02,,,
L01026,Mijo,Oliver,mijo.oliver@yahoo.com,Sundberg HB,VP Data,Belgium,Continental Europe,Paid Search,CMP045,SQL,36,U016,2025-10-30,2025-11-02,2025-11-09,,
L01027,Alexander,Gibbons,alexander.gibbons@gmail.com,Hethur Dippel GbR,Head of Data Engineering,United States,North America,Content Download,CMP024,New,1,U004,2026-04-10,,,,
L01028,Leah,Thomas,leah.thomas@steckel.com,Steckel,IT Security Manager,United States,North America,Referral,CMP031,New,93,U005,2025-07-21,,,,
L01029,Enno,Smith,enno.smith@davies.com,Davies PLC,Head of Data Platform,Netherlands,Continental Europe,Paid Search,CMP040,New,81,U017,2025-07-10,,,,
L01030,Charlotte,Broeckx,charlotte.broeckx@stolze.com,Stolze,Analytics Engineer,Canada,North America,Content Download,CMP013,MQL,54,U004,2025-10-17,2025-10-24,,,
L01031,Elisa,Flores,elisa.flores@verbeeck.com,Verbeeck NV,CISO,Germany,Continental Europe,SDR Outbound,CMP008,New,78,U017,2025-08-08,,,,
L01032,Dan,van Hoevel en van Zwindrecht,dan.van hoevel en van zwindrecht@mata.com,Mata Inc,VP Data,Belgium,Continental Europe,Partner,CMP009,New,71,U016,2026-02-09,,,,
L01033,Ivar,Page,ivar.page@microsoft.com,Microsoft Ltd,Staff Data Engineer,United States,North America,Partner,CMP044,MQL,55,U004,2026-04-13,2026-04-22,,,
L01034,Luise,Allen,luise.allen@scholtz.com,Scholtz,Staff Data Engineer,Norway,Continental Europe,Referral,CMP024,New,46,,2025-12-13,,,,
L01035,Annerose,Wagner,annerose.wagner@bell.com,Bell Brown and Taylor,Analytics Engineer,Germany,Continental Europe,Webinar,CMP035,MQL,22,U016,2026-06-13,2026-06-15,,,
L01036,Helena,Pitts,helena.pitts@juncken.com,Juncken Inc,Director of Data Platform,Norway,Continental Europe,SDR Outbound,CMP024,New,12,U016,2026-01-26,,,,
L01037,Niels,Coolen,niels.coolen@outlook.com,Bohlander,Head of Data Engineering,United States,North America,Partner,CMP001,Converted,59,U005,2025-07-21,2025-07-26,2025-07-29,A00916,C006988
L01038,Elisabeth,Graf,elisabeth.graf@khalil.com,Khalil AB GmbH,Director of Data Platform,United States,North America,Free Trial,CMP017,Converted,94,U004,2026-09-07,2026-09-21,2026-09-29,A01648,C006989
L01039,Raymond,Eriksson,raymond.eriksson@silva-robles.com,Silva-Robles Group,Data Engineering Manager,United States,North America,Partner,CMP011,MQL,68,U005,2026-08-27,2026-09-07,,,
L01040,Lena,Olsson,lena.olsson@noble-richardson.com,Noble-Richardson,Senior Data Engineer,United States,North America,Content Download,CMP009,Converted,30,U005,2025-12-09,2025-12-17,2025-12-22,A02035,C006990
L01041,Anders,Torres,anders.torres@dörschner.com,Dörschner,Senior Data Engineer,United States,North America,Free Trial,CMP024,New,33,U004,2025-08-09,,,,
L01042,Marcus,Ring,marcus.ring@mälzer.com,Mälzer Inc,Head of Procurement,Canada,North America,Partner,CMP040,Disqualified,89,U005,2026-01-31,,,,
L01043,Andreas,Dippel,andreas.dippel@brown.com,Brown PLC,VP Data & Analytics,United States,North America,Content Download,CMP018,Disqualified,42,U005,2025-05-20,,,,
L01044,Catherine,Kirby,catherine.kirby@cook.com,Cook PLC,Head of Data Platform,United States,North America,Paid Search,CMP016,New,61,U004,2026-03-22,,,,
L01045,Isabel,Wilson,isabel.wilson@gustavsson.com,Gustavsson & Khalil HB,Data Engineering Manager,Germany,Continental Europe,Partner,CMP034,New,6,U017,2025-12-17,,,,
L01046,Wolfram,Thies,wolfram.thies@pasman.com,Pasman & Amalrada,Chief Data Officer,United States,North America,Event,CMP002,Converted,35,U004,2025-07-10,2025-07-21,2025-08-01,A02036,C006991
L01047,Hans-Jürgen,Chotzen,hans-jürgen.chotzen@ariens.com,Ariens & Broeders,Head of Data Engineering,Ireland,UK&I,SDR Outbound,CMP042,SQL,34,U011,2026-03-14,2026-03-21,2026-03-24,,
L01048,Holm,van Haeften,holm.van haeften@weiss.com,Weiss Yoder and Wilson,Data Engineering Manager,United Kingdom,UK&I,SDR Outbound,CMP028,SQL,79,U011,2026-01-31,2026-02-12,2026-02-17,,
L01049,Thies,Rodriguez,thies.rodriguez@lucas.com,Lucas Davis and Ford,VP Data,Belgium,Continental Europe,SDR Outbound,CMP017,Converted,33,U017,2026-05-26,2026-05-27,2026-06-02,A02037,C006992
L01050,Lynn,Taylor,lynn.taylor@campbell-cameron.com,Campbell-Cameron,Director of Data Platform,United States,North America,Event,CMP004,MQL,89,U004,2026-03-11,2026-03-30,,,
L01051,Aylin,Gibson,aylin.gibson@gmail.com,Johnsson & Johansson HB,Head of Data Engineering,United Kingdom,UK&I,SDR Outbound,CMP012,New,57,U011,2025-06-16,,,,
L01052,Stig,Gomez,stig.gomez@neureuther.com,Neureuther Baum e.V.,Head of Procurement,Netherlands,Continental Europe,Free Trial,CMP035,New,55,U017,2026-09-11,,,,
L01053,Jonas,Pollard,jonas.pollard@crane-young.com,Crane-Young,Chief Data Officer,Sweden,Continental Europe,Webinar,CMP042,Disqualified,62,,2025-10-22,,,,
L01054,Christian,van der Veen,christian.van der veen@klotz.com,Klotz,Staff Data Engineer,United States,North America,Content Download,CMP014,Converted,61,U004,2026-01-26,2026-02-04,2026-02-14,A02038,C006993
L01055,Elize,Turner,elize.turner@edwards.com,Edwards Inc,Head of Data Platform,United States,North America,SDR Outbound,CMP034,Disqualified,11,U005,2026-09-10,,,,
L01056,April,Ullrich,april.ullrich@royal.com,Royal van Wickerode,CISO,United States,North America,Webinar,CMP003,SQL,1,U004,2025-11-24,2025-11-24,2025-11-27,,
L01057,Axel,Westermann,axel.westermann@bolnbach.com,Bolnbach,IT Security Manager,United States,North America,Partner,CMP042,MQL,41,U005,2025-08-17,2025-08-20,,,
L01058,Susanna,Fischer,susanna.fischer@johansson.com,Johansson & Börjesson AB,Chief Information Officer,United States,North America,Free Trial,CMP025,New,11,U005,2026-04-08,,,,
L01059,Centa,Begum,centa.begum@zahn.com,Zahn Biggen KGaA,Head of Data Engineering,Norway,Continental Europe,Content Download,CMP016,MQL,80,U016,2025-09-11,2025-09-26,,,
L01060,Volker,Beck,volker.beck@nguyen.com,Nguyen Murray and Boyer GmbH,CISO,United States,North America,Partner,CMP004,New,84,U005,2025-06-28,,,,
L01061,Job,Harrison,job.harrison@stichting.com,Stichting Robbrechts Bruijne,CISO,Norway,Continental Europe,Referral,CMP029,SQL,62,U016,2025-12-21,2026-01-01,2026-01-07,,
L01062,Simon,Riley,simon.riley@baker-bowers.com,Baker-Bowers GmbH,Head of Procurement,United States,North America,Paid Search,CMP031,MQL,32,U004,2025-04-07,2025-04-14,,,
L01063,Barbara,Carpenter,barbara.carpenter@koninklijke.com,Koninklijke Janssens,Chief Data Officer,United Kingdom,UK&I,SDR Outbound,CMP017,New,21,U011,2026-02-09,,,,
L01064,Victoria,Wolf,victoria.wolf@hehl.com,Hehl & Huisman,Head of Procurement,Canada,North America,Free Trial,CMP020,New,17,U005,2025-09-29,,,,
L01065,Angelina,Stevenson,angelina.stevenson@hexspoor.com,Hexspoor Groep,Analytics Engineer,Canada,North America,Content Download,CMP020,MQL,22,U004,2026-04-15,2026-04-19,,,
L01066,Briana,Lawrence,briana.lawrence@mercado.com,Mercado French and Graham,Data Engineering Manager,United States,North America,Event,CMP011,New,90,,2026-08-09,,,,
L01067,Boris,Brennan,boris.brennan@persson.com,Persson AB,IT Security Manager,Netherlands,Continental Europe,Event,CMP017,New,25,U017,2025-05-27,,,,
L01068,Dawn,Koster,dawn.koster@klingelhöfer.com,Klingelhöfer Hornig AG & Co. OHG Group,Senior Data Engineer,Germany,Continental Europe,Webinar,CMP010,New,49,U016,2026-08-05,,,,
L01069,Maya,van Voorhout,maya.van voorhout@hedman.com,Hedman HB,Analytics Engineer,United States,North America,SDR Outbound,CMP026,MQL,75,U005,2026-09-26,2026-10-07,,,
L01070,Hugo,van de Kooij,hugo.van de kooij@ramirez.com,Ramirez PLC,IT Security Manager,United States,North America,Partner,CMP026,SQL,95,U004,2025-12-01,2025-12-17,2025-12-22,,
L01071,Oliver,Hart,oliver.hart@short.com,Short Group,"Director, Data Engineering",United States,North America,Paid Search,CMP040,MQL,84,U005,2026-08-22,2026-08-31,,,
L01072,Hailey,Sundberg,hailey.sundberg@brievingh.com,Brievingh NV Group,VP Data,Sweden,Continental Europe,Event,CMP020,Converted,80,U016,2026-04-28,2026-04-30,2026-05-13,A01605,C006994
L01073,Heather,Scheibe,heather.scheibe@baum.com,Baum Noack GmbH & Co. KG,Chief Information Officer,United Kingdom,UK&I,Free Trial,CMP012,MQL,4,U010,2026-03-26,2026-04-08,,,
L01074,Reinhart,Månsson,reinhart.månsson@gmail.com,Jacob GbR,Analytics Engineer,United States,North America,Content Download,CMP017,Disqualified,46,U005,2025-11-24,,,,
L01075,Lise-Lotte,Sims,lise-lotte.sims@cross.com,Cross PLC,VP Data,United States,North America,Webinar,CMP019,MQL,35,U005,2025-04-20,2025-04-22,,,
L01076,Ruth,Schroeff,ruth.schroeff@richardson.com,Richardson and Sons,Staff Data Engineer,United States,North America,Partner,CMP040,MQL,56,U005,2025-05-26,2025-05-31,,,
L01077,Quinten,Coleman,quinten.coleman@lindqvist.com,Lindqvist & Hellström AB,VP Data,Norway,Continental Europe,Paid Search,CMP025,New,0,U016,2026-03-18,,,,
L01078,Rabea,Johannesson,rabea.johannesson@matthäi.com,Matthäi Schleich Stiftung & Co. KG,Head of Procurement,United States,North America,Event,CMP022,MQL,53,U005,2026-05-22,2026-06-05,,,
L01079,Jonas,Riehl,jonas.riehl@outlook.com,Thanel GbR,Director of Data Platform,United States,North America,Event,CMP015,New,98,U004,2026-03-28,,,,
L01080,Andrea,Burns,andrea.burns@van.com,van Spreeuwel & Gepa van Bourgondië Inc,CISO,United States,North America,Webinar,CMP028,Disqualified,77,U005,2026-06-19,,,,
L01081,Luuk,Johansson,luuk.johansson@veen.com,Veen Bosch & Keuning Uitgeversgroep Group,Senior Data Engineer,Denmark,Continental Europe,SDR Outbound,CMP037,MQL,100,U017,2026-03-05,2026-03-14,,,
L01082,Nevenka,Svensson,nevenka.svensson@mende.com,Mende auch Schlauchin GbR,Head of Data Engineering,United States,North America,Content Download,CMP032,New,98,U004,2025-12-31,,,,
L01083,Heinz-Gerd,Eriksson,heinz-gerd.eriksson@rogner.com,Rogner,IT Security Manager,Netherlands,Continental Europe,SDR Outbound,CMP024,New,80,U017,2025-04-20,,,,
L01084,Gregory,Griffin,gregory.griffin@dsv.com,DSV,Chief Information Officer,United States,North America,SDR Outbound,CMP038,New,84,U005,2026-10-07,,,,
L01085,Floortje,Bergström,floortje.bergström@gonzalez.com,Gonzalez Terry and Mcclain,Chief Data Officer,United States,North America,Free Trial,CMP007,Converted,55,U005,2026-09-14,2026-09-29,2026-10-05,A02039,C006995
L01086,Maja,Heerkens,maja.heerkens@hübel.com,Hübel Weinhold GmbH,VP Data & Analytics,Netherlands,Continental Europe,Webinar,CMP031,New,83,U017,2026-09-30,,,,
L01087,Lauren,Davies,lauren.davies@outlook.com,Larsson AB,Analytics Engineer,Switzerland,Continental Europe,SDR Outbound,CMP010,Disqualified,51,U017,2026-07-24,,,,
L01088,Teresa,Sanchez,teresa.sanchez@outlook.com,Smith and Sons,CISO,United States,North America,Content Download,CMP034,New,65,U004,2025-07-01,,,,
L01089,Urban,Thomas,urban.thomas@andersson.com,Andersson Eriksson AB Group,Head of Procurement,United States,North America,Partner,CMP002,MQL,37,U004,2026-02-23,2026-02-26,,,
L01090,Azra,Lewis,azra.lewis@riley.com,Riley Foster and Brown,Data Engineering Manager,United Kingdom,UK&I,Free Trial,CMP037,New,75,U011,2025-08-22,,,,
L01091,Roan,Smith,roan.smith@brown-fuller.com,Brown-Fuller Ltd,VP Data & Analytics,Sweden,Continental Europe,Event,CMP020,MQL,80,U016,2026-07-17,2026-08-03,,,
L01092,Alexander,Anderson,alexander.anderson@löchel.com,Löchel Stiftung & Co. KG,Director of Data Platform,Netherlands,Continental Europe,SDR Outbound,CMP031,MQL,25,U016,2025-09-20,2025-10-04,,,
L01093,Wolf-Dietrich,Bergström,wolf-dietrich.bergström@noack.com,Noack,Data Engineering Manager,United States,North America,Free Trial,CMP043,MQL,18,U004,2026-01-28,2026-02-09,,,
L01094,Nicole,Ahmed,nicole.ahmed@luna.com,Luna Group,Analytics Engineer,Switzerland,Continental Europe,Paid Search,CMP033,Converted,23,U017,2025-09-02,2025-09-15,2025-09-29,A01664,C006996
L01095,Ingemar,Eberhardt,ingemar.eberhardt@stichting.com,Stichting van der Laar Inc,IT Security Manager,Ireland,UK&I,SDR Outbound,CMP011,MQL,46,U011,2025-08-11,2025-08-19,,,
L01096,Rosemary,Barlow,rosemary.barlow@koret.com,Koret & Hoogers,Head of Data Engineering,United States,North America,Paid Search,CMP036,Disqualified,0,U005,2025-11-06,,,,
L01097,Amélie,Vertooren,amélie.vertooren@curtis.com,Curtis Mack and Le,Chief Information Officer,United Kingdom,UK&I,Webinar,CMP014,MQL,74,U011,2025-08-21,2025-09-08,,,
L01098,Laura,Lundström,laura.lundström@yahoo.com,Aronsson Johansson HB,Chief Data Officer,Denmark,Continental Europe,SDR Outbound,CMP009,MQL,34,U017,2025-08-17,2025-08-23,,,
L01099,Roan,Stewart,roan.stewart@drubin.com,Drubin,"Director, Data Engineering",United States,North America,SDR Outbound,CMP004,New,98,,2025-08-28,,,,
L01100,Jenna,van Rijthoven,jenna.van rijthoven@gumprich.com,Gumprich AG & Co. KG GmbH,Analytics Engineer,Germany,Continental Europe,Paid Search,CMP013,New,11,U016,2026-08-01,,,,
L01101,Robin,Hahn,robin.hahn@johansson.com,Johansson AB,Chief Information Officer,United States,North America,Content Download,CMP037,New,4,U004,2025-08-08,,,,
L01102,Bruce,Kerr,bruce.kerr@juncken.com,Juncken,Data Engineering Manager,United States,North America,Event,CMP008,MQL,88,U004,2025-10-06,2025-10-06,,,
L01103,Casey,Oderwald,casey.oderwald@read-butler.com,Read-Butler Inc,VP Data,United Kingdom,UK&I,SDR Outbound,CMP002,MQL,42,U011,2025-06-02,2025-06-19,,,
L01104,Anto,Blomqvist,anto.blomqvist@hunt-hale.com,Hunt-Hale,IT Security Manager,United States,North America,Free Trial,CMP041,New,66,U005,2026-03-20,,,,
L01105,Jason,Montgomery,jason.montgomery@van.com,van Lucel & van der Horst,Data Engineering Manager,United States,North America,Free Trial,CMP006,Converted,32,U004,2025-07-09,2025-07-23,2025-07-26,A00104,C006997
L01106,André,Palmer,andré.palmer@davis-oneill.com,Davis-Oneill,Chief Information Officer,Sweden,Continental Europe,Content Download,CMP030,New,17,U017,2026-03-09,,,,
L01107,Molly,Gunpf,molly.gunpf@seifert.com,Seifert Kitzmann GmbH & Co. KG,Staff Data Engineer,United Kingdom,UK&I,Free Trial,CMP017,New,10,U010,2026-04-06,,,,
L01108,Melissa,Russell,melissa.russell@leonard.com,Leonard Keller and Jennings Group,Chief Data Officer,Germany,Continental Europe,Event,CMP019,SQL,88,U017,2026-01-02,2026-01-22,2026-02-05,,
L01109,Pleun,Aeije,pleun.aeije@outlook.com,Marshall LLC Inc,Director of Data Platform,United Kingdom,UK&I,SDR Outbound,CMP037,Converted,20,U010,2025-05-25,2025-05-30,2025-06-08,A01011,C006998
L01110,Anna,Bachmann,anna.bachmann@gmail.com,Andersson & Bergsten HB,Head of Data Platform,United Kingdom,UK&I,SDR Outbound,CMP008,SQL,85,U011,2026-04-24,2026-04-30,2026-05-06,,
L01111,Lydia,Brown,lydia.brown@stichting.com,Stichting Schakelaar,Head of Procurement,Germany,Continental Europe,Webinar,CMP024,New,98,U017,2026-06-21,,,,
L01112,Ulf,Edström,ulf.edström@evans.com,Evans Group,Head of Data Engineering,United States,North America,Free Trial,CMP018,MQL,6,U005,2026-07-13,2026-07-30,,,
L01113,Melitta,Boström,melitta.boström@hampton.com,Hampton Group Group,Senior Data Engineer,United States,North America,Free Trial,CMP012,New,87,U005,2025-12-30,,,,
L01114,Daniel,Paulsson,daniel.paulsson@jacobi.com,Jacobi Jäckel AG Inc,Chief Data Officer,United States,North America,Paid Search,CMP028,MQL,55,U005,2025-10-22,2025-10-22,,,
L01115,Anna,Jeppsson,anna.jeppsson@gmail.com,Cook-Hatfield,Head of Data Platform,Austria,Continental Europe,Webinar,CMP027,Disqualified,59,U016,2026-02-14,,,,
L01116,Tobias,Häring,tobias.häring@berglund.com,Berglund & Wahlberg AB,IT Security Manager,United States,North America,Webinar,CMP019,Disqualified,16,U004,2025-11-12,,,,
L01117,Christopher,Brands,christopher.brands@palm.com,Palm Skog AB,CISO,Switzerland,Continental Europe,Content Download,CMP002,Disqualified,64,U017,2026-02-17,,,,
L01118,Clifford,Zuijdveld,clifford.zuijdveld@royal.com,Royal van Breukeleveen Ltd,Data Engineering Manager,United States,North America,Referral,CMP035,MQL,10,U004,2025-09-14,2025-09-27,,,
L01119,Bram,Harrell,bram.harrell@isaksson.com,Isaksson Liljegren AB,"Director, Data Engineering",United States,North America,Content Download,CMP008,SQL,76,U005,2025-07-02,2025-07-17,2025-07-27,,
L01120,Johannes,Käster,johannes.käster@royal.com,Royal Koeman,Head of Procurement,Canada,North America,Referral,CMP021,New,32,U004,2026-02-18,,,,
L01121,Karlheinz,Kok,karlheinz.kok@jennings.com,Jennings Yates and Vaughan,Analytics Engineer,Belgium,Continental Europe,Webinar,CMP037,Disqualified,20,U016,2025-11-12,,,,
L01122,Inga,Krebs,inga.krebs@ali.com,Ali and Sons,Head of Data Platform,United States,North America,Webinar,CMP025,Disqualified,15,U005,2026-06-08,,,,
L01123,Ida,Connor,ida.connor@salomonsson.com,Salomonsson & Björkman AB GmbH,Chief Data Officer,United States,North America,Paid Search,CMP037,New,54,U005,2026-05-14,,,,
L01124,Loek,Hein,loek.hein@yahoo.com,Kirby Jones and Taylor,Chief Information Officer,United States,North America,Partner,CMP035,Disqualified,26,U005,2025-06-17,,,,
L01125,Raymond,David,raymond.david@malone.com,Malone and Sons,Analytics Engineer,Canada,North America,SDR Outbound,CMP021,Converted,84,U004,2025-05-04,2025-05-21,2025-05-27,A00982,C006999
L01126,Petra,Mude,petra.mude@outlook.com,Brown-Frey,Data Engineering Manager,Canada,North America,Webinar,CMP025,MQL,88,U004,2026-02-26,2026-03-17,,,
L01127,Jennifer,Butler,jennifer.butler@kuhl.com,Kuhl Liebelt Stiftung & Co. KGaA GmbH,VP Data & Analytics,Belgium,Continental Europe,Webinar,CMP033,Converted,34,U016,2026-03-07,2026-03-10,2026-03-20,A00286,C007000
L01128,Alexandra,Rydberg,alexandra.rydberg@van.com,van den Henst & van der Plas,"Director, Data Engineering",Ireland,UK&I,SDR Outbound,CMP025,Converted,26,U010,2026-06-24,2026-06-25,2026-06-27,A01959,C007001
L01129,Peter,Eimer,peter.eimer@alexander.com,Alexander LLC,Head of Data Engineering,United States,North America,Referral,CMP030,SQL,74,U004,2025-05-16,2025-05-25,2025-06-08,,
L01130,David,O'Brien,david.o'brien@chen-rojas.com,Chen-Rojas,VP Data & Analytics,United States,North America,Free Trial,CMP023,Disqualified,70,U005,2025-06-12,,,,
L01131,Tony,Dirksen,tony.dirksen@goddard.com,Goddard PLC GmbH,Head of Data Platform,Sweden,Continental Europe,Partner,CMP002,MQL,5,U016,2025-09-30,2025-10-06,,,
L01132,Anna,Whitehead,anna.whitehead@andersson.com,Andersson Ahlin HB,CISO,Germany,Continental Europe,Event,CMP038,MQL,25,U016,2026-04-07,2026-04-13,,,
L01133,Sükrü,Stadelmann,sükrü.stadelmann@hellberg.com,Hellberg HB Group,Head of Procurement,United States,North America,Webinar,CMP033,SQL,10,U005,2025-10-07,2025-10-26,2025-10-30,,
L01134,Allison,Hiller,allison.hiller@buck-holland.com,Buck-Holland,CISO,United Kingdom,UK&I,Webinar,CMP045,MQL,1,U011,2025-11-19,2025-11-28,,,
L01135,James,Williams,james.williams@hunt-hale.com,Hunt-Hale Group,Director of Data Platform,United States,North America,Paid Search,CMP035,Converted,47,U004,2026-01-07,2026-01-08,2026-01-13,A01151,C007002
L01136,Maureen,Schenk,maureen.schenk@aumann.com,Aumann,Senior Data Engineer,United States,North America,Referral,CMP028,Converted,84,U005,2025-11-03,2025-11-17,2025-11-26,A02040,C007003
L01137,Mark,Uphus,mark.uphus@ellis.com,Ellis LLC Ltd,"Director, Data Engineering",Austria,Continental Europe,Event,CMP004,New,18,U016,2026-05-01,,,,
L01138,Ivonne,van der Veiver,ivonne.van der veiver@outlook.com,Johansson AB,Chief Data Officer,Canada,North America,Referral,CMP011,Disqualified,16,U005,2026-03-15,,,,
L01139,Anna,Padilla,anna.padilla@fraser-harris.com,Fraser-Harris,IT Security Manager,United States,North America,Free Trial,CMP004,SQL,95,U004,2026-09-24,2026-09-30,2026-10-04,,
L01140,Leon,Dahlgren,leon.dahlgren@van.com,van der Noot BV Group,IT Security Manager,Netherlands,Continental Europe,Partner,CMP008,Converted,77,,2026-09-14,2026-09-16,2026-09-21,A01542,C007004
L01141,Lisa,Day,lisa.day@van.com,van den Henst & van der Plas Group,Head of Data Engineering,Ireland,UK&I,Partner,CMP022,New,53,,2025-11-19,,,,
L01142,Debra,Tyler,debra.tyler@gilbert.com,Gilbert Berry and Griffiths Group,Head of Procurement,United States,North America,Event,CMP008,Disqualified,26,U004,2026-04-27,,,,
L01143,Knut,Roberts,knut.roberts@royal.com,Royal Ghoerle,Director of Data Platform,United Kingdom,UK&I,Partner,CMP037,MQL,99,U010,2026-03-12,2026-03-21,,,
L01144,Ahmed,Robinson,ahmed.robinson@galvan-combs.com,Galvan-Combs,"Director, Data Engineering",United Kingdom,UK&I,SDR Outbound,CMP005,Disqualified,50,U010,2026-05-21,,,,
L01145,Stina,Linschoten,stina.linschoten@wolffel.com,Wolffel BV,Chief Information Officer,United States,North America,Referral,CMP027,New,35,U005,2026-06-07,,,,
L01146,Mustafa,Bailey,mustafa.bailey@granström.com,Granström AB,Chief Information Officer,United States,North America,Free Trial,CMP035,New,46,U004,2025-12-19,,,,
L01147,Maria,Rodriguez,maria.rodriguez@nohlmans.com,Nohlmans Fiebig AG,Chief Information Officer,United States,North America,Content Download,CMP035,Disqualified,41,U005,2026-07-31,,,,
L01148,Mia,Tintzmann,mia.tintzmann@flantz.com,Flantz AG,Chief Data Officer,Belgium,Continental Europe,Event,CMP004,New,79,U017,2026-09-15,,,,
L01149,Per,Scholz,per.scholz@schönland.com,Schönland Paffrath GmbH & Co. OHG,CISO,United States,North America,Content Download,CMP006,New,39,U004,2025-07-23,,,,
L01150,Fredrik,Singh,fredrik.singh@briemer.com,Briemer,"Director, Data Engineering",United States,North America,Event,CMP002,Disqualified,60,U004,2025-07-29,,,,
L01151,Erik,van Klaarwater,erik.van klaarwater@dawson.com,Dawson Walters and O'Neill,Data Engineering Manager,United States,North America,Referral,CMP025,New,15,U004,2026-03-28,,,,
L01152,Ulla,Tran,ulla.tran@gmail.com,Mendoza Williams and Gregory,Staff Data Engineer,United States,North America,Content Download,CMP018,MQL,96,U005,2025-12-27,2025-12-30,,,
L01153,Hans-J.,Peters,hans-j..peters@koninklijke.com,Koninklijke Hoekstra,Director of Data Platform,Sweden,Continental Europe,Referral,CMP002,MQL,3,U017,2026-06-29,2026-07-02,,,
L01154,Emma,Garcia,emma.garcia@johansson.com,Johansson Jakobsson AB Group,Director of Data Platform,United Kingdom,UK&I,Event,CMP014,MQL,93,U010,2026-07-14,2026-07-26,,,
L01155,Melissa,Olofsson,melissa.olofsson@edwards.com,Edwards Taylor and Garcia,Staff Data Engineer,United States,North America,Partner,CMP045,New,10,,2025-04-08,,,,
L01156,Jessica,Wallace,jessica.wallace@akhtar-smith.com,Akhtar-Smith,Data Engineering Manager,United States,North America,Partner,CMP003,MQL,76,U004,2025-10-04,2025-10-22,,,
L01157,Crystal,Potts,crystal.potts@gertz.com,Gertz Kreusel GmbH & Co. KGaA,Staff Data Engineer,Denmark,Continental Europe,Referral,CMP034,MQL,100,,2026-09-08,2026-09-13,,,
L01158,Terry,Cross,terry.cross@nilsson.com,Nilsson AB,Analytics Engineer,Germany,Continental Europe,Content Download,CMP007,New,17,U016,2025-10-04,,,,
L01159,Giovanni,Wilkinson,giovanni.wilkinson@jarl.com,Jarl Johansson HB,IT Security Manager,Netherlands,Continental Europe,Event,CMP042,New,23,U017,2025-05-09,,,,
L01160,Luna,Li,luna.li@freeman.com,Freeman Todd and Ellis,"Director, Data Engineering",United Kingdom,UK&I,Paid Search,CMP023,New,18,U010,2026-07-03,,,,
L01161,Sami,Collins,sami.collins@göransson.com,Göransson HB Inc,Staff Data Engineer,Canada,North America,Free Trial,CMP039,New,24,U004,2025-05-23,,,,
L01162,Josefin,van Cuijck,josefin.van cuijck@bell.com,Bell Chapman and Turner,"Director, Data Engineering",United States,North America,Content Download,CMP014,MQL,71,U005,2026-04-19,2026-04-30,,,
L01163,Saar,Stichter,saar.stichter@yahoo.com,Svanberg Engström AB,Chief Data Officer,United States,North America,Webinar,CMP007,Converted,49,U005,2025-10-28,2025-11-09,2025-11-23,A00254,C007005
L01164,Keith,Cole,keith.cole@haynes.com,Haynes Huang and Porter,Chief Information Officer,United States,North America,Partner,CMP024,MQL,69,U005,2025-07-29,2025-07-31,,,
L01165,Hans Josef,Stroh,hans josef.stroh@henningsson.com,Henningsson Johansson HB,VP Data,United States,North America,Content Download,CMP025,Converted,11,U004,2025-10-04,2025-10-18,2025-10-25,A00153,C007006
L01166,Nicole,Briemer,nicole.briemer@allen.com,Allen and Sons,IT Security Manager,Sweden,Continental Europe,Content Download,CMP039,Converted,85,U017,2026-04-18,2026-04-25,2026-05-03,A02041,C007007
L01167,Hailey,Nilsson,hailey.nilsson@kvist.com,Kvist & Norén AB,Head of Procurement,United States,North America,SDR Outbound,CMP005,MQL,88,,2025-12-21,2025-12-29,,,
L01168,Leigh,Gnatz,leigh.gnatz@schuurmans.com,Schuurmans & van Leuven,Analytics Engineer,Germany,Continental Europe,Partner,CMP020,Disqualified,80,U017,2025-06-13,,,,
L01169,Lauren,Lindblom,lauren.lindblom@gmail.com,Koninklijke Die Bont,CISO,United States,North America,SDR Outbound,CMP027,New,14,U005,2025-10-04,,,,
L01170,Jenna,Jones,jenna.jones@andersson.com,Andersson Petersson HB,Head of Data Engineering,United States,North America,Free Trial,CMP004,Disqualified,81,U005,2025-06-05,,,,
L01171,Lieve,Jackson,lieve.jackson@marshall-rogers.com,Marshall-Rogers GmbH,Chief Information Officer,Netherlands,Continental Europe,SDR Outbound,CMP033,New,87,U017,2025-08-05,,,,
L01172,Suzanne,Ballard,suzanne.ballard@gorlitz.com,Gorlitz,CISO,Netherlands,Continental Europe,Free Trial,CMP036,Converted,97,U016,2025-06-16,2025-06-30,2025-07-14,A02042,C007008
L01173,Denise,Edlund,denise.edlund@jenkins-jones.com,Jenkins-Jones,IT Security Manager,Netherlands,Continental Europe,Content Download,CMP020,Converted,2,U016,2026-06-13,2026-06-24,2026-07-03,A01105,C007009
L01174,Emelie,Alm,emelie.alm@korstman.com,Korstman & van Laar,Data Engineering Manager,United States,North America,Partner,CMP028,MQL,28,U004,2026-01-26,2026-02-11,,,
L01175,Joshua,Parsons,joshua.parsons@hermann.com,Hermann Ltd,Data Engineering Manager,Germany,Continental Europe,Content Download,CMP023,New,83,U016,2026-07-10,,,,
L01176,Livia,Hooper,livia.hooper@bonilla.com,Bonilla PLC Ltd,Chief Information Officer,United States,North America,Partner,CMP022,MQL,69,U004,2025-06-08,2025-06-25,,,
L01177,Janna,Linde,janna.linde@holmberg.com,Holmberg & Eriksson AB,"Director, Data Engineering",United States,North America,Partner,CMP025,New,52,U004,2026-03-02,,,,
L01178,Michael,Adriaensdr,michael.adriaensdr@lee.com,Lee Wright and Mann,Head of Procurement,Norway,Continental Europe,SDR Outbound,CMP028,New,77,,2026-05-25,,,,
L01179,Jennifer,Svensson,jennifer.svensson@plus.com,Plus,IT Security Manager,Canada,North America,Content Download,CMP012,Converted,32,U005,2025-06-22,2025-06-25,2025-07-06,A02043,C007010
L01180,Carolin,Sorgatz,carolin.sorgatz@de.com,de Gruijter & Frankhuizen,Analytics Engineer,Switzerland,Continental Europe,Content Download,CMP039,New,76,U016,2025-11-09,,,,
L01181,Urban,van de Eerenbeemt,urban.van de eerenbeemt@lindskog.com,Lindskog & Sundström AB,Head of Procurement,United States,North America,SDR Outbound,CMP012,MQL,83,U004,2025-09-20,2025-09-29,,,
L01182,Johanna,Hofman,johanna.hofman@ali.com,Ali & Olofsson HB Inc,CISO,United States,North America,Event,CMP045,MQL,100,U004,2026-06-07,2026-06-26,,,
L01183,John,Cain,john.cain@outlook.com,Anderson-Baker Inc,VP Data & Analytics,Ireland,UK&I,Content Download,CMP002,New,32,U011,2025-11-11,,,,
L01184,Lars,Holsten,lars.holsten@andersson.com,Andersson Olsson HB,IT Security Manager,Netherlands,Continental Europe,Event,CMP006,Disqualified,72,U017,2025-11-22,,,,
L01185,Michail,Gonzalez,michail.gonzalez@lyons.com,Lyons PLC,Data Engineering Manager,United States,North America,Free Trial,CMP037,New,45,U004,2025-06-17,,,,
L01186,Lindsey,Newton,lindsey.newton@johansson.com,Johansson Jakobsson AB,CISO,United Kingdom,UK&I,Referral,CMP043,MQL,82,U011,2025-06-12,2025-06-12,,,
L01187,Robert,Dörschner,robert.dörschner@hellström.com,Hellström AB,Head of Procurement,United States,North America,Free Trial,CMP004,MQL,100,U004,2026-01-31,2026-02-05,,,
L01188,Miroslaw,Chambers,miroslaw.chambers@carlson.com,Carlson Group,Senior Data Engineer,United States,North America,Referral,CMP006,Disqualified,25,,2025-06-20,,,,
L01189,Kyan,Willemsen,kyan.willemsen@paulsson.com,Paulsson Ekelund HB,Chief Data Officer,Germany,Continental Europe,Paid Search,CMP031,New,57,U017,2026-07-19,,,,
L01190,Alexander,Wagner,alexander.wagner@fechner.com,Fechner GmbH,Staff Data Engineer,United States,North America,Partner,CMP015,Disqualified,74,U004,2026-07-07,,,,
L01191,Johnathan,Palman,johnathan.palman@outlook.com,Hill-Juarez,Chief Data Officer,United States,North America,SDR Outbound,CMP037,New,63,,2025-10-31,,,,
L01192,Franz,van Schweinfurt,franz.van schweinfurt@jansen.com,Jansen & Paillet,IT Security Manager,Canada,North America,Event,CMP040,New,13,U004,2026-06-16,,,,
L01193,Robin,Berglund,robin.berglund@outlook.com,Sandström Vikström AB,VP Data & Analytics,Germany,Continental Europe,Referral,CMP033,MQL,98,U016,2025-07-08,2025-07-26,,,
L01194,Charlie,Eaton,charlie.eaton@arnold-burgess.com,Arnold-Burgess Group,Head of Procurement,Sweden,Continental Europe,Paid Search,CMP044,New,16,U017,2025-12-14,,,,
L01195,Lisbet,Nyberg,lisbet.nyberg@linschoten.com,Linschoten NV,IT Security Manager,United Kingdom,UK&I,Referral,CMP021,Disqualified,27,U011,2026-01-03,,,,
L01196,Tina,Steuer,tina.steuer@gmail.com,Håkansson Nordlund AB Group,Chief Information Officer,United States,North America,Webinar,CMP017,SQL,61,U004,2025-08-09,2025-08-22,2025-08-29,,
L01197,Lara,Etzold,lara.etzold@outlook.com,Moberg Sandström HB,Head of Data Platform,United States,North America,Content Download,CMP022,MQL,50,U004,2025-12-28,2026-01-07,,,
L01198,Trudi,Johansson,trudi.johansson@leach.com,Leach Group,Head of Data Engineering,United Kingdom,UK&I,Paid Search,CMP024,Disqualified,24,,2026-05-18,,,,
L01199,Puck,Bruce,puck.bruce@hawkins.com,Hawkins Farrell and Gibson Ltd,Analytics Engineer,United States,North America,Free Trial,CMP036,New,32,U005,2026-01-10,,,,
L01200,Edeltraut,Smith,edeltraut.smith@göransson.com,Göransson HB,Analytics Engineer,Canada,North America,Event,CMP043,New,51,U004,2025-04-15,,,,
L01201,Rachael,Karlsson,rachael.karlsson@strid.com,Strid & Pedersen AB,CISO,United States,North America,Referral,CMP028,Disqualified,7,U004,2025-07-03,,,,
L01202,Cameron,Velasquez,cameron.velasquez@outlook.com,Ooms & Ellis,Senior Data Engineer,Germany,Continental Europe,Free Trial,CMP033,Disqualified,86,U017,2025-06-03,,,,
L01203,Liesa,Skoglund,liesa.skoglund@dkg.com,DKG Groep,Senior Data Engineer,Canada,North America,Referral,CMP045,MQL,6,U004,2025-04-22,2025-04-22,,,
L01204,William,Sanchez,william.sanchez@young.com,Young PLC,IT Security Manager,United States,North America,Referral,CMP039,MQL,59,U004,2026-06-24,2026-06-24,,,
L01205,Merijn,Tran,merijn.tran@edwards.com,Edwards Read and Brooks,IT Security Manager,Belgium,Continental Europe,Partner,CMP042,Disqualified,66,U017,2025-09-03,,,,
L01206,Erica,Anderson,erica.anderson@yahoo.com,Honeywell,Analytics Engineer,United States,North America,Event,CMP022,New,91,U005,2025-06-03,,,,
L01207,Gunnar,Mccarthy,gunnar.mccarthy@andersson.com,Andersson & Bergsten HB,Head of Data Engineering,United Kingdom,UK&I,Partner,CMP030,Disqualified,18,U011,2026-05-04,,,,
L01208,Amy,Bruggeman,amy.bruggeman@hering.com,Hering AG & Co. OHG,IT Security Manager,United States,North America,Referral,CMP013,New,17,U004,2025-07-04,,,,
L01209,Torbjörn,Lonen,torbjörn.lonen@smith.com,Smith Oliver and Douglas,Data Engineering Manager,United States,North America,Paid Search,CMP002,New,17,U005,2025-06-09,,,,
L01210,Urban,Clark,urban.clark@white.com,White PLC,VP Data,Germany,Continental Europe,Partner,CMP032,SQL,82,U017,2025-07-03,2025-07-04,2025-07-08,,
L01211,Giovanna,Rek,giovanna.rek@white.com,White Ltd,Head of Data Engineering,United States,North America,Referral,CMP009,MQL,88,U005,2025-07-27,2025-08-13,,,
L01212,Rafael,Harrell,rafael.harrell@martin.com,Martin Rogers and Webb,IT Security Manager,United States,North America,Event,CMP006,SQL,73,U005,2025-09-17,2025-09-19,2025-09-30,,
L01213,Cristina,Gonzalez,cristina.gonzalez@yahoo.com,Bridges-Smith,"Director, Data Engineering",Switzerland,Continental Europe,Partner,CMP025,New,24,U017,2026-09-02,,,,
L01214,Elena,Eimer,elena.eimer@gmail.com,Owen-Hunt,Chief Data Officer,United States,North America,Paid Search,CMP019,New,59,U005,2026-04-30,,,,
L01215,Jennifer,Richardson,jennifer.richardson@gmail.com,Eriksson AB Ltd,IT Security Manager,United States,North America,Event,CMP010,New,16,U005,2025-10-25,,,,
L01216,Josephine,Anderson,josephine.anderson@gmail.com,Lövgren & Johansson HB,"Director, Data Engineering",Ireland,UK&I,Paid Search,CMP014,Disqualified,2,U010,2025-06-04,,,,
L01217,Sigmar,Huijben,sigmar.huijben@royal.com,Royal Timmermans GmbH,Head of Procurement,United States,North America,Referral,CMP040,New,29,U005,2026-05-01,,,,
L01218,Tracy,Page,tracy.page@kohl.com,Kohl Keudel GmbH & Co. KG,Analytics Engineer,Canada,North America,Partner,CMP040,Disqualified,17,U004,2026-07-17,,,,
L01219,Marie,Söderberg,marie.söderberg@sundberg.com,Sundberg HB,Staff Data Engineer,Belgium,Continental Europe,Content Download,CMP030,Disqualified,74,U017,2026-08-04,,,,
L01220,Åke,Ståhl,åke.ståhl@wells.com,Wells Lee and Barker Inc,Data Engineering Manager,United Kingdom,UK&I,Partner,CMP006,New,41,U011,2025-06-21,,,,
L01221,Kyara,d' Heripon,kyara.d' heripon@tomtom.com,TomTom,VP Data,United States,North America,Webinar,CMP011,MQL,44,U005,2025-12-18,2025-12-25,,,
L01222,David,Jenkins,david.jenkins@porter.com,Porter Group,Head of Data Platform,Netherlands,Continental Europe,Free Trial,CMP005,Disqualified,12,U016,2026-09-23,,,,
L01223,Amanda,Ericsson,amanda.ericsson@petersson.com,Petersson & Svensson HB,Head of Procurement,United States,North America,Referral,CMP045,MQL,91,U004,2025-07-20,2025-07-26,,,
L01224,Féline,Thomas,féline.thomas@gordon.com,Gordon LLC,Data Engineering Manager,United States,North America,Event,CMP017,Disqualified,15,U004,2026-09-06,,,,
L01225,Ulf,Hill,ulf.hill@hammarström.com,Hammarström Lundin AB GmbH,VP Data,Germany,Continental Europe,Paid Search,CMP028,New,26,U016,2025-07-16,,,,
L01226,Brenda,Karge,brenda.karge@täsche.com,Täsche Zorbach e.G.,CISO,Norway,Continental Europe,Webinar,CMP029,Disqualified,71,U017,2025-06-04,,,,
L01227,Melissa,White,melissa.white@svensson.com,Svensson Persson AB,"Director, Data Engineering",United Kingdom,UK&I,Webinar,CMP010,New,69,U010,2026-09-01,,,,
L01228,Asta,Jimenez,asta.jimenez@honeywell.com,Honeywell,IT Security Manager,United States,North America,Free Trial,CMP030,New,64,U004,2026-04-14,,,,
L01229,Emma,Vogt,emma.vogt@outlook.com,Baldwin-Ball,Staff Data Engineer,United States,North America,Content Download,CMP029,SQL,65,U005,2026-07-13,2026-07-21,2026-07-25,,
L01230,Peggy,Uphuis,peggy.uphuis@sims.com,Sims Inc,Head of Procurement,Sweden,Continental Europe,Partner,CMP035,MQL,32,U016,2025-04-29,2025-05-03,,,
L01231,Elisabeth,Adams,elisabeth.adams@lindén.com,Lindén Sundberg AB,VP Data,United Kingdom,UK&I,Free Trial,CMP044,Converted,24,U010,2025-09-04,2025-09-18,2025-09-28,A02044,C007011
L01232,Dorota,Perkins,dorota.perkins@evans.com,Evans LLC,CISO,United States,North America,Content Download,CMP034,MQL,6,U004,2026-03-10,2026-03-26,,,
L01233,Henrik,Craig,henrik.craig@weimer.com,Weimer Ltd,Data Engineering Manager,Canada,North America,Webinar,CMP033,MQL,53,U004,2026-01-03,2026-01-17,,,
L01234,Janko,Hahn,janko.hahn@yahoo.com,Harrison Roberts and Ali,Chief Information Officer,United States,North America,Free Trial,CMP039,SQL,11,U005,2025-11-10,2025-11-25,2025-12-09,,
L01235,Alexander,Eerden,alexander.eerden@sinclair.com,Sinclair Burton and Murphy,Analytics Engineer,United States,North America,Referral,CMP008,Disqualified,15,U004,2026-02-08,,,,
L01236,Hans-Rainer,Schokman,hans-rainer.schokman@karlsson.com,Karlsson & Hedström AB Ltd,Head of Data Platform,United States,North America,Free Trial,CMP007,MQL,1,U005,2026-08-08,2026-08-14,,,
L01237,William,Klemt,william.klemt@robinson-thompson.com,Robinson-Thompson,Analytics Engineer,Netherlands,Continental Europe,Content Download,CMP003,Converted,68,U017,2026-03-26,2026-04-04,2026-04-11,A00821,C007012
L01238,Irmengard,Wende,irmengard.wende@edman.com,Edman HB,Staff Data Engineer,Sweden,Continental Europe,Paid Search,CMP038,MQL,55,,2025-06-07,2025-06-23,,,
L01239,Shannon,Nilsson,shannon.nilsson@newton.com,Newton Bird and Carter,"Director, Data Engineering",United Kingdom,UK&I,Partner,CMP031,Disqualified,78,U010,2025-05-08,,,,
L01240,Tycho,van de Brink,tycho.van de brink@claesdr.com,Claesdr & Backer,Staff Data Engineer,United Kingdom,UK&I,SDR Outbound,CMP036,MQL,41,U011,2026-07-21,2026-07-30,,,
L01241,Kenneth,Yang,kenneth.yang@westerlund.com,Westerlund & Lindberg AB,Director of Data Platform,United States,North America,Event,CMP038,MQL,98,U005,2026-03-12,2026-03-21,,,
L01242,Kayla,Göransson,kayla.göransson@ariens.com,Ariens & Scherms,IT Security Manager,Canada,North America,Partner,CMP007,Disqualified,30,U005,2025-08-16,,,,
L01243,Fabian,Zeldenrust,fabian.zeldenrust@casey.com,Casey LLC,VP Data,United States,North America,Free Trial,CMP042,MQL,26,U004,2025-04-21,2025-05-07,,,
L01244,Stephanie,Rohleder,stephanie.rohleder@scholten.com,Scholten BV,Analytics Engineer,United States,North America,Free Trial,CMP015,New,18,U004,2025-10-31,,,,
L01245,Alejandra,Heydrich,alejandra.heydrich@coop.com,Coop Nederland,VP Data,United States,North America,Free Trial,CMP001,Converted,29,U005,2026-04-16,2026-04-29,2026-05-08,A02045,C007013
L01246,Ann,Moran,ann.moran@yahoo.com,Nilsson AB,Head of Procurement,Sweden,Continental Europe,Event,CMP036,New,70,U016,2025-05-18,,,,
L01247,Anne-Marie,Fechant,anne-marie.fechant@outlook.com,Bonbach Textor GbR,VP Data & Analytics,United States,North America,Webinar,CMP022,New,94,U004,2026-08-29,,,,
L01248,Linda,Shaw,linda.shaw@shell.com,Shell GmbH,Senior Data Engineer,United Kingdom,UK&I,Free Trial,CMP014,MQL,81,U010,2026-07-23,2026-08-03,,,
L01249,Toby,Brumleve,toby.brumleve@oosterhek.com,Oosterhek BV,Head of Procurement,Canada,North America,Webinar,CMP037,SQL,57,U005,2026-02-19,2026-03-05,2026-03-19,,
L01250,Gertraut,Hauffer,gertraut.hauffer@colon-weber.com,Colon-Weber Inc,Head of Data Engineering,Germany,Continental Europe,Webinar,CMP026,MQL,92,U016,2026-07-11,2026-07-24,,,
L01251,Steven,Brookes,steven.brookes@heyne.com,Heyne Groep,"Director, Data Engineering",United States,North America,Referral,CMP016,MQL,84,U004,2026-03-06,2026-03-24,,,
L01252,Birgitta,Sjöberg,birgitta.sjöberg@vitol.com,Vitol,IT Security Manager,United States,North America,SDR Outbound,CMP004,Converted,51,U004,2026-01-03,2026-01-15,2026-01-18,A02046,C007014
L01253,Karen,Green,karen.green@stiebitz.com,Stiebitz,Analytics Engineer,Canada,North America,SDR Outbound,CMP020,New,1,U005,2025-08-09,,,,
L01254,Sally,Lang,sally.lang@gashi.com,Gashi & Boström AB Group,Senior Data Engineer,United States,North America,Free Trial,CMP023,New,91,U005,2025-09-01,,,,
L01255,Gustav,Billung,gustav.billung@robbrechts.com,Robbrechts Bruijne & die Bont,Director of Data Platform,United Kingdom,UK&I,Free Trial,CMP024,New,81,U010,2026-05-05,,,,
L01256,Nadeschda,Bergström,nadeschda.bergström@van.com,van den Brink & van der Laan,IT Security Manager,United States,North America,Webinar,CMP023,New,2,,2026-08-19,,,,
L01257,Ioannis,Smith,ioannis.smith@green.com,Green Group,VP Data,Sweden,Continental Europe,Free Trial,CMP002,Disqualified,16,U017,2026-09-06,,,,
L01258,Sophia,Stroh,sophia.stroh@liljegren.com,Liljegren AB Ltd,Head of Data Platform,United States,North America,Free Trial,CMP009,New,61,U005,2025-04-06,,,,
L01259,Gabriel,Scheibe,gabriel.scheibe@stichting.com,Stichting van de Velde,Head of Data Platform,United States,North America,SDR Outbound,CMP024,MQL,46,U005,2025-12-15,2026-01-04,,,
L01260,Priscilla,Coret-Coredo,priscilla.coret-coredo@karlsson.com,Karlsson HB,Senior Data Engineer,United States,North America,Partner,CMP024,New,73,U005,2026-04-27,,,,
L01261,John,Cooke,john.cooke@austin-moore.com,Austin-Moore Inc,Head of Data Engineering,Switzerland,Continental Europe,Content Download,CMP016,MQL,22,U017,2025-12-25,2026-01-01,,,
L01262,Ria,van Mil,ria.van mil@gmail.com,Stichting Kerkhof,Director of Data Platform,Ireland,UK&I,Content Download,CMP007,New,77,U010,2025-10-15,,,,
L01263,Andy,Häring,andy.häring@hermansson.com,Hermansson & Olsson HB Inc,Head of Procurement,Denmark,Continental Europe,Paid Search,CMP004,New,67,U017,2026-10-01,,,,
L01264,Russell,Jones,russell.jones@tirie.com,Tirie & Geerling,Director of Data Platform,United States,North America,Event,CMP043,Disqualified,40,U004,2025-11-26,,,,
L01265,Jobst,Walsh,jobst.walsh@pettersson.com,Pettersson & Sjöstedt AB GmbH,IT Security Manager,Germany,Continental Europe,Event,CMP036,Disqualified,30,U016,2026-03-04,,,,
L01266,Brittany,Bowman,brittany.bowman@yahoo.com,Yates-Harper,Data Engineering Manager,United States,North America,Partner,CMP015,Converted,41,U005,2026-07-20,2026-08-02,2026-08-05,A01217,C007015
L01267,Nicholas,Goyaerts van Waderle,nicholas.goyaerts van waderle@hansson.com,Hansson & Henriksson HB,VP Data & Analytics,United States,North America,Content Download,CMP020,SQL,87,U004,2025-05-11,2025-05-27,2025-05-30,,
L01268,Joanne,Eklöf,joanne.eklöf@yahoo.com,May-Reynolds,Staff Data Engineer,United Kingdom,UK&I,Content Download,CMP015,Converted,0,U011,2025-11-12,2025-11-27,2025-11-29,A00430,C007016
L01269,Joseph,Willis,joseph.willis@gmail.com,Pitts-Thompson,Director of Data Platform,United States,North America,Partner,CMP002,SQL,7,U004,2026-01-06,2026-01-15,2026-01-26,,
L01270,Loes,Pierson,loes.pierson@sutton-kelly.com,Sutton-Kelly GmbH,VP Data,United Kingdom,UK&I,Partner,CMP013,MQL,64,,2025-04-27,2025-05-15,,,
L01271,Guy,Heribert van Laon,guy.heribert van laon@römer.com,Römer GbR,Head of Data Engineering,Canada,North America,Free Trial,CMP023,MQL,11,U004,2026-01-15,2026-01-23,,,
L01272,Marissa,Richmond,marissa.richmond@anders.com,Anders GmbH,"Director, Data Engineering",United Kingdom,UK&I,Content Download,CMP030,Disqualified,84,U010,2025-06-26,,,,
L01273,Gordana,Larsson,gordana.larsson@cox.com,Cox Wood and Kelly GmbH,VP Data & Analytics,United Kingdom,UK&I,Event,CMP042,New,79,U011,2026-10-06,,,,
L01274,Lars,Jopich,lars.jopich@fransson.com,Fransson Blomqvist AB,Chief Data Officer,Canada,North America,Event,CMP011,New,44,U005,2026-10-03,,,,
L01275,Antonietta,Alexander,antonietta.alexander@miller-turner.com,Miller-Turner,VP Data & Analytics,Switzerland,Continental Europe,Webinar,CMP015,SQL,3,U017,2025-11-01,2025-11-10,2025-11-11,,
L01276,Miroslawa,Lind,miroslawa.lind@hart.com,Hart Connolly and Wilkinson,VP Data,United States,North America,Webinar,CMP038,New,90,,2025-12-25,,,,
L01277,Wanda,White,wanda.white@damen.com,Damen Shipyard,Director of Data Platform,United Kingdom,UK&I,SDR Outbound,CMP039,Disqualified,95,U011,2025-10-13,,,,
L01278,Aaron,Ward,aaron.ward@alexandersson.com,Alexandersson Forsgren AB,Chief Data Officer,Norway,Continental Europe,Webinar,CMP011,New,59,U017,2026-04-23,,,,
L01279,Angelica,Steele,angelica.steele@yahoo.com,Hein,IT Security Manager,United States,North America,Referral,CMP002,Converted,5,U005,2026-01-03,2026-01-09,2026-01-21,A02047,C007017
L01280,Pauline,Buckley,pauline.buckley@damen.com,Damen Shipyard,CISO,United Kingdom,UK&I,Webinar,CMP021,New,7,U010,2025-10-20,,,,
L01281,Matthew,Tuithof,matthew.tuithof@gmail.com,Hofman NV,"Director, Data Engineering",United States,North America,Content Download,CMP043,MQL,40,U004,2025-08-23,2025-08-25,,,
L01282,Monique,Axelsson,monique.axelsson@westman.com,Westman AB,Head of Data Engineering,United States,North America,Free Trial,CMP023,SQL,1,U005,2025-07-12,2025-07-29,2025-07-31,,
L01283,Siegried,Evans,siegried.evans@wolters.com,Wolters & Rijn,Head of Procurement,Germany,Continental Europe,SDR Outbound,CMP016,Disqualified,43,U017,2026-03-07,,,,
L01284,Adriana,van Rijthoven,adriana.van rijthoven@outlook.com,Tintzmann,Head of Data Engineering,Canada,North America,Partner,CMP031,Disqualified,31,U004,2026-02-03,,,,
L01285,Maarten,Eriksson,maarten.eriksson@wulff.com,Wulff Höfig KG,Data Engineering Manager,United States,North America,Free Trial,CMP003,Disqualified,76,U005,2026-01-03,,,,
L01286,Slobodan,Bloch,slobodan.bloch@yahoo.com,Hornig GmbH & Co. KG Inc,Head of Data Platform,Germany,Continental Europe,Webinar,CMP006,New,5,U017,2026-08-31,,,,
L01287,Ryan,van der Kaay,ryan.van der kaay@gmail.com,Sullivan PLC,Analytics Engineer,United States,North America,Free Trial,CMP023,MQL,45,U005,2026-05-15,2026-05-25,,,
L01288,Paulina,Sprong,paulina.sprong@hartung.com,Hartung Weimer OHG mbH,Head of Data Engineering,Canada,North America,Content Download,CMP011,New,37,U005,2025-06-20,,,,
L01289,Maike,Hänel,maike.hänel@berntsson.com,Berntsson Nordström HB,Senior Data Engineer,United States,North America,Event,CMP011,Converted,57,U005,2025-08-22,2025-09-10,2025-09-23,A02048,C007018
L01290,Chelsea,Siering,chelsea.siering@zara.com,Zara,"Director, Data Engineering",Belgium,Continental Europe,Content Download,CMP038,MQL,19,U017,2026-01-26,2026-02-15,,,
L01291,Brandi,O'Neill,brandi.o'neill@kramer.com,Kramer,Analytics Engineer,United States,North America,Referral,CMP034,New,68,U005,2026-05-26,,,,
L01292,Andreas,Kleibrink,andreas.kleibrink@sjöholm.com,Sjöholm AB,Head of Data Engineering,Canada,North America,Partner,CMP024,New,92,U004,2026-01-17,,,,
L01293,Janus,Wagenknecht,janus.wagenknecht@lind.com,Lind & Lidén HB Ltd,"Director, Data Engineering",Germany,Continental Europe,Free Trial,CMP036,New,47,U017,2026-03-23,,,,
L01294,Mandy,Broeshart,mandy.broeshart@kaul.com,Kaul GbR,VP Data,United States,North America,Paid Search,CMP008,MQL,40,U004,2026-05-05,2026-05-14,,,
L01295,Katelyn,Berry,katelyn.berry@yahoo.com,Koninklijke van Haarlem,Staff Data Engineer,United States,North America,Content Download,CMP014,New,11,U005,2025-06-20,,,,
L01296,Bas,Janssens,bas.janssens@blomqvist.com,Blomqvist HB,Data Engineering Manager,Belgium,Continental Europe,Free Trial,CMP045,New,19,U017,2026-05-05,,,,
L01297,Melle,Harvey,melle.harvey@outlook.com,Wolters & Groenestein,VP Data & Analytics,United States,North America,Free Trial,CMP011,New,87,U005,2026-07-30,,,,
L01298,Branko,Morris,branko.morris@gmail.com,Molegraaf BV,Head of Data Engineering,United States,North America,Referral,CMP041,MQL,14,U004,2026-02-18,2026-02-28,,,
L01299,Lennart,Karlsson,lennart.karlsson@finke.com,Finke Köhler GmbH & Co. KG,CISO,United States,North America,Content Download,CMP025,New,74,U005,2025-05-28,,,,
L01300,Karl,Förster,karl.förster@spier.com,Spier NV Group,Head of Data Platform,Sweden,Continental Europe,Free Trial,CMP032,New,23,U016,2025-09-06,,,,
L01301,Dana,Hermansson,dana.hermansson@royal.com,Royal de Bruin Group,VP Data,United Kingdom,UK&I,Free Trial,CMP042,Disqualified,94,U010,2026-08-22,,,,
L01302,Rachel,Hartman,rachel.hartman@forsgren.com,Forsgren HB,CISO,Canada,North America,Partner,CMP044,New,27,U005,2025-07-28,,,,
L01303,Ella,Roskoth,ella.roskoth@wesack.com,Wesack Kramer GbR,Chief Data Officer,United States,North America,Free Trial,CMP022,MQL,13,U005,2026-03-09,2026-03-20,,,
L01304,Kate,Kallert,kate.kallert@ali.com,Ali AB,VP Data & Analytics,United States,North America,Referral,CMP015,New,50,U005,2026-04-27,,,,
L01305,Ingelore,Henriksson,ingelore.henriksson@thanel.com,Thanel,Director of Data Platform,United States,North America,Free Trial,CMP036,New,51,U004,2026-06-14,,,,
L01306,Kim,Sjöberg,kim.sjöberg@smith.com,Smith Group,Head of Data Platform,Norway,Continental Europe,Free Trial,CMP017,MQL,53,U017,2025-08-26,2025-09-02,,,
L01307,Josephine,Stiffel,josephine.stiffel@wood-wood.com,Wood-Wood,Chief Information Officer,United States,North America,Referral,CMP035,New,96,U004,2025-11-24,,,,
L01308,Jennifer,Rice,jennifer.rice@clark-kennedy.com,Clark-Kennedy,Analytics Engineer,Switzerland,Continental Europe,Referral,CMP003,New,80,U016,2025-10-17,,,,
L01309,Jacob,Barth,jacob.barth@lidström.com,Lidström AB,VP Data,Germany,Continental Europe,Paid Search,CMP018,New,32,U017,2026-06-01,,,,
L01310,Ninthe,Jones,ninthe.jones@foster.com,Foster and Sons,VP Data,United States,North America,Free Trial,CMP026,Disqualified,12,U005,2026-03-14,,,,
L01311,Katie,Benthin,katie.benthin@ortiz-cabrera.com,Ortiz-Cabrera,Senior Data Engineer,United States,North America,Paid Search,CMP026,New,26,U004,2026-09-20,,,,
L01312,Gina,Dippel,gina.dippel@krebs.com,Krebs,Chief Data Officer,United States,North America,Partner,CMP040,MQL,24,U004,2026-08-16,2026-08-29,,,
L01313,Frank,Oosterhout,frank.oosterhout@mitchell.com,Mitchell PLC,"Director, Data Engineering",United States,North America,Free Trial,CMP020,New,88,U004,2025-05-12,,,,
L01314,Ahmad,Goddard,ahmad.goddard@viklund.com,Viklund AB,CISO,United Kingdom,UK&I,Paid Search,CMP022,Disqualified,1,U011,2026-02-09,,,,
L01315,Stacey,Börjesson,stacey.börjesson@beard-gutierrez.com,Beard-Gutierrez Inc,Chief Data Officer,Belgium,Continental Europe,Free Trial,CMP022,New,9,U017,2026-04-03,,,,
L01316,Nils,Wiklund,nils.wiklund@gmail.com,Royal Vink,CISO,Norway,Continental Europe,Free Trial,CMP024,MQL,11,U016,2026-05-21,2026-05-30,,,
L01317,Xavi,Gnatz,xavi.gnatz@porter-lyons.com,Porter-Lyons,VP Data & Analytics,Switzerland,Continental Europe,Referral,CMP014,MQL,46,U017,2026-01-23,2026-02-12,,,
L01318,Sara,Stephens,sara.stephens@john.com,John Group,IT Security Manager,United Kingdom,UK&I,Webinar,CMP007,MQL,58,U010,2025-05-25,2025-05-31,,,
L01319,Jordy,Edwards,jordy.edwards@weller.com,Weller GbR,Senior Data Engineer,Germany,Continental Europe,Partner,CMP030,MQL,94,U017,2026-03-13,2026-03-30,,,
L01320,Mallory,Dussen van,mallory.dussen van@lindquist.com,Lindquist AB,Analytics Engineer,Denmark,Continental Europe,Referral,CMP036,MQL,81,U016,2025-10-25,2025-10-27,,,
L01321,Alexander,Aarden,alexander.aarden@nilsson.com,Nilsson Johansen AB,Head of Procurement,United States,North America,Paid Search,CMP001,SQL,56,U005,2026-01-28,2026-02-08,2026-02-17,,
L01322,Joseph,Gude,joseph.gude@cargill.com,Cargill,Head of Data Platform,Denmark,Continental Europe,Free Trial,CMP033,New,70,U016,2025-11-21,,,,
L01323,Ute,Högberg,ute.högberg@täsche.com,Täsche Zorbach e.G.,Chief Data Officer,Norway,Continental Europe,Paid Search,CMP009,New,34,U016,2026-05-09,,,,
L01324,Jean,Ward,jean.ward@olsson.com,Olsson & Westerberg HB,Head of Data Engineering,United States,North America,Paid Search,CMP023,New,33,U004,2025-08-01,,,,
L01325,Willy,Griffiths,willy.griffiths@jakobsson.com,Jakobsson & Blomqvist AB,Director of Data Platform,Netherlands,Continental Europe,Event,CMP011,MQL,28,U017,2025-12-02,2025-12-12,,,
L01326,Michael,Castro,michael.castro@ali.com,Ali & Olofsson HB Group,Head of Procurement,United States,North America,Paid Search,CMP004,SQL,15,,2025-04-03,2025-04-11,2025-04-16,,
L01327,Ingemar,Johansson,ingemar.johansson@gmail.com,Riley Hammond and Lewis,Chief Information Officer,Germany,Continental Europe,SDR Outbound,CMP033,New,70,U017,2026-07-26,,,,
L01328,Elizabeth,Åkesson,elizabeth.åkesson@atkinson.com,Atkinson Ltd Ltd,Head of Data Engineering,Sweden,Continental Europe,Free Trial,CMP037,MQL,89,U016,2026-07-21,2026-08-10,,,
L01329,Tom,Webb,tom.webb@dean-skinner.com,Dean-Skinner,Head of Data Engineering,United Kingdom,UK&I,SDR Outbound,CMP019,MQL,96,U010,2026-04-07,2026-04-20,,,
L01330,Judy,Hedberg,judy.hedberg@jones.com,Jones O'Connor and Harding,Chief Information Officer,United States,North America,Content Download,CMP038,MQL,56,U004,2025-12-05,2025-12-17,,,
L01331,Lydia,de Boer,lydia.de boer@hahn-ramsey.com,Hahn-Ramsey,Head of Data Platform,United States,North America,Webinar,CMP044,MQL,5,U005,2025-05-11,2025-05-17,,,
L01332,Elise,Fox,elise.fox@hernandez.com,Hernandez Watson and Ritter,VP Data & Analytics,United States,North America,Event,CMP003,MQL,80,U004,2025-08-28,2025-09-06,,,
L01333,Catharina,Smith,catharina.smith@rockwell.com,Rockwell Automation Nederland,Director of Data Platform,Ireland,UK&I,Free Trial,CMP013,MQL,63,U011,2026-06-16,2026-06-18,,,
L01334,Thomas,Day,thomas.day@jackson.com,Jackson Group Ltd,IT Security Manager,Germany,Continental Europe,Paid Search,CMP006,MQL,6,U016,2026-09-23,2026-10-05,,,
L01335,David,Curtis,david.curtis@ottosson.com,Ottosson AB Group,Analytics Engineer,Sweden,Continental Europe,Paid Search,CMP045,New,64,U017,2026-08-13,,,,
L01336,Alexandra,Kensy,alexandra.kensy@erlandsson.com,Erlandsson Nylander AB,Head of Procurement,Denmark,Continental Europe,Partner,CMP037,MQL,32,U016,2025-04-18,2025-04-26,,,
L01337,Duncan,Östberg,duncan.östberg@asplund.com,Asplund & Björkman AB,Data Engineering Manager,United Kingdom,UK&I,SDR Outbound,CMP023,MQL,44,U011,2025-12-08,2025-12-09,,,
L01338,David,Tucker,david.tucker@lehmann.com,Lehmann,"Director, Data Engineering",United Kingdom,UK&I,SDR Outbound,CMP012,MQL,68,U010,2026-07-11,2026-07-14,,,
L01339,Mareike,Sundberg,mareike.sundberg@smith.com,Smith Gray and Taylor,Head of Data Platform,Netherlands,Continental Europe,Free Trial,CMP017,New,57,U017,2026-07-24,,,,
L01340,Rafael,Boetet,rafael.boetet@nilsson.com,Nilsson & Söderström AB,Director of Data Platform,Netherlands,Continental Europe,Free Trial,CMP025,New,96,U017,2025-04-10,,,,
L01341,Anna,Adriaensdr,anna.adriaensdr@chapman.com,Chapman PLC,Data Engineering Manager,Netherlands,Continental Europe,SDR Outbound,CMP028,New,93,U017,2026-01-24,,,,
L01342,Leonard,Arroyo,leonard.arroyo@söderberg.com,Söderberg Johansson AB,Chief Information Officer,United States,North America,SDR Outbound,CMP042,New,32,U005,2025-11-09,,,,
L01343,Brandon,Lund,brandon.lund@kirby-williams.com,Kirby-Williams,Analytics Engineer,United Kingdom,UK&I,Webinar,CMP036,MQL,33,U010,2025-06-03,2025-06-07,,,
L01344,Adriana,Plath,adriana.plath@miranda.com,Miranda Reese and Johnson,Head of Data Engineering,United States,North America,SDR Outbound,CMP010,MQL,44,U005,2026-01-19,2026-02-04,,,
L01345,Ulla,Matthews,ulla.matthews@koninklijke.com,Koninklijke van der Ploeg,Analytics Engineer,United States,North America,Event,CMP023,Disqualified,49,U005,2026-05-04,,,,
L01346,Josefine,Käster,josefine.käster@jensen.com,Jensen Obrien and Salazar Group,IT Security Manager,Sweden,Continental Europe,Event,CMP013,New,3,U017,2026-08-24,,,,
L01347,Kenneth,Köster,kenneth.köster@van.com,van den Oever & Boeser,Head of Data Engineering,United States,North America,Webinar,CMP018,New,98,U005,2026-05-16,,,,
L01348,Deborah,Smit,deborah.smit@sandoval-obrien.com,Sandoval-Obrien,Staff Data Engineer,United States,North America,Referral,CMP013,New,27,U005,2026-08-18,,,,
L01349,Hamza,Lage,hamza.lage@yahoo.com,Sölzer Thanel OHG mbH Inc,Head of Data Platform,Sweden,Continental Europe,Content Download,CMP033,MQL,61,,2025-04-29,2025-05-16,,,
L01350,Kristiane,Thomas,kristiane.thomas@viberg.com,Viberg Berg AB,VP Data,United States,North America,Webinar,CMP019,New,61,U005,2025-12-28,,,,
L01351,Evelyn,Kühnert,evelyn.kühnert@fisher.com,Fisher Miller and Turnbull,Chief Information Officer,Belgium,Continental Europe,Event,CMP014,New,3,U017,2025-08-23,,,,
L01352,Kenneth,de Jong,kenneth.de jong@johansson.com,Johansson Persson AB GmbH,VP Data,Germany,Continental Europe,Webinar,CMP002,SQL,34,U016,2026-06-03,2026-06-10,2026-06-18,,
L01353,Edda,Taylor,edda.taylor@gude.com,Gude,Chief Information Officer,Denmark,Continental Europe,Event,CMP001,SQL,64,U017,2026-08-15,2026-08-19,2026-08-26,,
L01354,Eitel,de Gratie,eitel.de gratie@jonsson.com,Jonsson & Linder HB,CISO,United States,North America,Event,CMP014,Disqualified,88,U005,2025-06-12,,,,
L01355,Luka,Alexander,luka.alexander@mcdowell-evans.com,Mcdowell-Evans,CISO,United States,North America,Event,CMP024,New,66,U004,2025-10-21,,,,
L01356,Eva,van de Ven,eva.van de ven@mohaupt.com,Mohaupt Reinhardt KGaA,Senior Data Engineer,United States,North America,Paid Search,CMP041,MQL,42,,2025-09-16,2025-09-20,,,
L01357,Marinus,Andersson,marinus.andersson@jopich.com,Jopich,VP Data & Analytics,United States,North America,Content Download,CMP022,New,20,U004,2026-01-14,,,,
L01358,Frederique,Stewart,frederique.stewart@foster.com,Foster Group,"Director, Data Engineering",United States,North America,Partner,CMP031,New,55,U005,2026-02-01,,,,
L01359,Ulla,Gordon,ulla.gordon@stey.com,Stey,VP Data,United States,North America,Webinar,CMP010,MQL,86,U005,2026-02-18,2026-02-28,,,
L01360,Ebba,Hande,ebba.hande@löfgren.com,Löfgren HB,Director of Data Platform,Norway,Continental Europe,Free Trial,CMP038,Disqualified,84,U017,2025-06-29,,,,
L01361,Wessel,Jones,wessel.jones@mitchell.com,Mitchell PLC,Data Engineering Manager,United States,North America,SDR Outbound,CMP002,New,66,U005,2025-05-24,,,,
L01362,Ryan,Klemm,ryan.klemm@allen-shaw.com,Allen-Shaw,VP Data & Analytics,United States,North America,Referral,CMP040,Disqualified,85,U005,2025-08-22,,,,
L01363,Jennifer,Ahmed,jennifer.ahmed@östlund.com,Östlund & Svensson HB,Director of Data Platform,Germany,Continental Europe,SDR Outbound,CMP008,New,40,U016,2025-12-20,,,,
L01364,Abel,Benthin,abel.benthin@demmendaal.com,Demmendaal NV Inc,Data Engineering Manager,United Kingdom,UK&I,Webinar,CMP036,SQL,45,U011,2026-09-05,2026-09-16,2026-09-18,,
L01365,Fenna,Eklund,fenna.eklund@petersson.com,Petersson Ljungberg AB Group,"Director, Data Engineering",Canada,North America,Free Trial,CMP035,New,44,U005,2025-09-05,,,,
L01366,Ricardo,Dahlgren,ricardo.dahlgren@pechel.com,Pechel GmbH & Co. KG,CISO,Netherlands,Continental Europe,Referral,CMP042,Disqualified,6,U017,2026-04-11,,,,
L01367,Robin,Blomgren,robin.blomgren@metz.com,Metz Neuschäfer AG Ltd,Data Engineering Manager,United States,North America,Webinar,CMP043,New,43,U005,2025-05-19,,,,
L01368,Pauline,Robson,pauline.robson@barnett.com,Barnett Ltd,IT Security Manager,Canada,North America,Partner,CMP009,Disqualified,89,U005,2025-12-18,,,,
L01369,Puck,Leguit,puck.leguit@jansen.com,Jansen NV,VP Data & Analytics,Germany,Continental Europe,Event,CMP029,New,46,U016,2025-07-19,,,,
L01370,Angela,Mielcarek,angela.mielcarek@farrell.com,Farrell Inc,"Director, Data Engineering",United States,North America,Event,CMP031,Disqualified,73,U005,2026-09-24,,,,
L01371,Maria,Zirme,maria.zirme@carroll.com,Carroll Ramirez and Rodriguez,Head of Data Engineering,United States,North America,SDR Outbound,CMP003,Disqualified,33,U005,2026-08-02,,,,
L01372,Hans-Bernd,Wulf,hans-bernd.wulf@yahoo.com,Holmberg AB,Senior Data Engineer,Germany,Continental Europe,SDR Outbound,CMP023,New,24,U017,2025-06-11,,,,
L01373,Betty,Hutchinson,betty.hutchinson@de.com,De Persgroep,VP Data,Sweden,Continental Europe,Event,CMP028,New,6,U016,2025-04-05,,,,
L01374,Axel,Holland,axel.holland@renner.com,Renner Hahn GmbH & Co. KG,Director of Data Platform,United States,North America,Event,CMP025,MQL,92,U005,2026-07-15,2026-08-04,,,
L01375,Claus,Fuller,claus.fuller@colon-weber.com,Colon-Weber GmbH,VP Data,Germany,Continental Europe,Webinar,CMP017,New,51,U017,2026-07-28,,,,
L01376,Joan,Hammarström,joan.hammarström@gmail.com,Royal Lind,"Director, Data Engineering",United States,North America,Paid Search,CMP015,SQL,3,U004,2025-09-14,2025-09-17,2025-09-26,,
L01377,Kjell,Östlund,kjell.östlund@gmail.com,Baker Tilly Berk Inc,Head of Data Platform,United States,North America,Paid Search,CMP020,MQL,46,U004,2026-08-26,2026-09-07,,,
L01378,Jill,Simmons,jill.simmons@theodoor.com,Theodoor Gilissen,IT Security Manager,Sweden,Continental Europe,Webinar,CMP022,MQL,38,U017,2025-10-14,2025-10-23,,,
L01379,Lilo,Smith,lilo.smith@gmail.com,Nelson-Bennett,Director of Data Platform,Canada,North America,Paid Search,CMP007,New,97,U004,2025-08-06,,,,
L01380,Bastiaan,Bowers,bastiaan.bowers@sparks.com,Sparks PLC,IT Security Manager,United States,North America,Referral,CMP023,MQL,6,U005,2026-09-14,2026-09-16,,,
L01381,Casper,Terry,casper.terry@de.com,De Alliantie Ltd,Head of Procurement,United States,North America,SDR Outbound,CMP025,SQL,61,U004,2026-02-21,2026-02-27,2026-03-01,,
L01382,Dave,Passchiers,dave.passchiers@kraushaar.com,Kraushaar KG,Chief Information Officer,United States,North America,Referral,CMP021,SQL,65,U005,2025-09-09,2025-09-12,2025-09-20,,
L01383,Rosalia,van Suinvorde,rosalia.van suinvorde@johansson.com,Johansson & Danielsson AB,VP Data & Analytics,Germany,Continental Europe,Partner,CMP044,MQL,63,,2026-08-21,2026-08-31,,,
L01384,Marlene,Stevenson,marlene.stevenson@de.com,de Boer BV,IT Security Manager,United States,North America,Partner,CMP020,MQL,25,U005,2025-08-22,2025-09-03,,,
L01385,Wiltrud,Otto,wiltrud.otto@finch.com,Finch LLC Group,Chief Data Officer,United States,North America,Content Download,CMP005,Converted,83,U004,2025-08-29,2025-09-03,2025-09-13,A00486,C007019
L01386,Thijn,Mills,thijn.mills@yahoo.com,Månsson & Söderberg AB,VP Data & Analytics,United Kingdom,UK&I,Paid Search,CMP011,New,39,U010,2026-06-01,,,,
L01387,Mike,Hill,mike.hill@ullrich.com,Ullrich,Staff Data Engineer,Belgium,Continental Europe,Content Download,CMP037,MQL,4,U016,2025-08-16,2025-09-04,,,
L01388,Elias,Karlsson,elias.karlsson@stichting.com,Stichting Demmendaal,CISO,Canada,North America,Free Trial,CMP027,New,28,U005,2025-10-28,,,,
L01389,Heidelinde,Christensen,heidelinde.christensen@outlook.com,van Bergen & Meijer,Head of Data Platform,United States,North America,SDR Outbound,CMP006,SQL,41,U004,2026-04-25,2026-04-25,2026-04-30,,
L01390,Maria,Strand,maria.strand@martin.com,Martin and Sons,VP Data,United States,North America,Referral,CMP034,Converted,1,U005,2026-03-02,2026-03-03,2026-03-09,A02049,C007020
L01391,Adrian,Rose,adrian.rose@yahoo.com,Sauer GmbH & Co. KG,VP Data & Analytics,United States,North America,Paid Search,CMP017,Disqualified,56,U004,2025-06-17,,,,
L01392,Alexis,Lewis,alexis.lewis@karlsson.com,Karlsson Holgersson AB,Data Engineering Manager,United Kingdom,UK&I,Event,CMP012,New,100,U010,2025-07-08,,,,
L01393,Karl,Lindner,karl.lindner@booth.com,Booth Harris and Robertson,VP Data,United States,North America,Paid Search,CMP005,MQL,49,U005,2026-04-07,2026-04-13,,,
L01394,Senna,Dries,senna.dries@juncken.com,Juncken,IT Security Manager,Norway,Continental Europe,Referral,CMP024,Disqualified,93,U017,2025-04-02,,,,
L01395,Jessica,de Gruijl,jessica.de gruijl@hethur.com,Hethur,IT Security Manager,United Kingdom,UK&I,Paid Search,CMP032,New,6,U011,2026-08-15,,,,
L01396,Ceylin,Pettersson,ceylin.pettersson@spiker.com,Spiker NV,Head of Procurement,United States,North America,Content Download,CMP027,Disqualified,12,U004,2026-03-16,,,,
L01397,Christian,Morales,christian.morales@mazars.com,Mazars,"Director, Data Engineering",United States,North America,Referral,CMP024,Converted,22,U004,2025-04-07,2025-04-20,2025-04-23,A00329,C007021
L01398,Selina,de Vrome,selina.de vrome@mans.com,Mans Söding GmbH,VP Data,United Kingdom,UK&I,Free Trial,CMP044,Disqualified,25,,2026-06-01,,,,
L01399,Margitta,van Dooren,margitta.van dooren@glover.com,Glover Jones and Flynn,Head of Data Engineering,United States,North America,Paid Search,CMP006,New,9,U005,2025-09-28,,,,
L01400,Wolf-Rüdiger,Bruijne van der Veen,wolf-rüdiger.bruijne van der veen@primark.com,Primark,Staff Data Engineer,United States,North America,Referral,CMP016,New,22,U004,2025-07-19,,,,
L01401,Nils,Porter,nils.porter@johansson.com,Johansson & Börjesson AB GmbH,VP Data & Analytics,United States,North America,Webinar,CMP008,Converted,54,U004,2026-03-20,2026-03-20,2026-03-24,A00363,C007022
L01402,Mirja,Grant,mirja.grant@smith.com,Smith and Sons Inc,Head of Data Engineering,United States,North America,Event,CMP029,New,80,,2025-05-12,,,,
L01403,Maurice,Gorlitz,maurice.gorlitz@hellström.com,Hellström HB GmbH,CISO,United States,North America,SDR Outbound,CMP009,MQL,9,U004,2025-09-18,2025-09-22,,,
L01404,Anna,van der Heijden,anna.van der heijden@cox-roberts.com,Cox-Roberts,Chief Data Officer,United States,North America,Event,CMP039,New,8,U005,2026-06-28,,,,
L01405,Jenna,Karlsson,jenna.karlsson@king-lee.com,King-Lee Ltd,VP Data & Analytics,Germany,Continental Europe,SDR Outbound,CMP045,Disqualified,85,U017,2025-07-29,,,,
L01406,Jade,Jacob,jade.jacob@gmail.com,Mangold Scholtz GbR Ltd,Chief Information Officer,United States,North America,Partner,CMP008,New,7,U004,2025-07-19,,,,
L01407,Frieder,Burgess,frieder.burgess@ottosson.com,Ottosson AB Inc,Head of Data Engineering,Sweden,Continental Europe,Content Download,CMP042,New,77,U016,2026-05-10,,,,
L01408,Hampus,Johansson,hampus.johansson@graves.com,Graves Cox and Williams,Chief Data Officer,Denmark,Continental Europe,Referral,CMP034,Converted,40,,2026-08-18,2026-08-21,2026-08-26,A02050,C007023
L01409,Leah,Johansson,leah.johansson@svensson.com,Svensson Bergqvist HB,Senior Data Engineer,Netherlands,Continental Europe,Webinar,CMP007,Disqualified,59,U017,2025-06-05,,,,
L01410,Imran,Liebelt,imran.liebelt@bolander.com,Bolander GmbH,CISO,Germany,Continental Europe,Partner,CMP030,New,23,U016,2025-11-20,,,,
L01411,Nicholas,Hentschel,nicholas.hentschel@brands.com,Brands & Pison,Staff Data Engineer,Ireland,UK&I,Paid Search,CMP019,MQL,45,U011,2025-10-15,2025-11-02,,,
L01412,Kirsty,Smith,kirsty.smith@davis.com,Davis Ltd,VP Data & Analytics,United States,North America,Partner,CMP025,New,64,,2025-10-14,,,,
L01413,Penny,Dorsey,penny.dorsey@patberg.com,Patberg,Head of Procurement,United States,North America,Partner,CMP007,New,60,U005,2025-07-12,,,,
L01414,Anna,Preiß,anna.preiß@martinsson.com,Martinsson Jakobsson HB,Chief Data Officer,Norway,Continental Europe,SDR Outbound,CMP002,New,36,U016,2026-06-18,,,,
L01415,Muhammed,Eimer,muhammed.eimer@lindner.com,Lindner Adolph KG,Senior Data Engineer,United States,North America,Partner,CMP004,MQL,79,U005,2025-05-04,2025-05-16,,,
L01416,Nurettin,Pearce,nurettin.pearce@lindner.com,Lindner Adolph KG,Head of Procurement,United States,North America,SDR Outbound,CMP017,New,7,U005,2026-10-02,,,,
L01417,Matthew,Gröttner,matthew.gröttner@wilkins.com,Wilkins PLC,CISO,United States,North America,Content Download,CMP027,SQL,35,U005,2025-12-08,2025-12-24,2025-12-29,,
L01418,Evi,Recer,evi.recer@dussen.com,Dussen van Reising GmbH GmbH,Data Engineering Manager,United States,North America,Paid Search,CMP024,Converted,35,U005,2025-09-20,2025-10-06,2025-10-20,A00769,C007024
L01419,Uli,Eliasson,uli.eliasson@williams.com,Williams Group,"Director, Data Engineering",United States,North America,Event,CMP001,New,24,U005,2025-06-21,,,,
L01420,Francesca,Johansson,francesca.johansson@rosario-hobbs.com,Rosario-Hobbs,Chief Data Officer,Denmark,Continental Europe,Event,CMP017,New,26,U016,2026-09-29,,,,
L01421,Diane,Keudel,diane.keudel@wood-jones.com,Wood-Jones,IT Security Manager,Norway,Continental Europe,Referral,CMP005,Disqualified,84,U017,2025-07-29,,,,
L01422,Sebastian,Moss,sebastian.moss@continental.com,Continental Bakeries,"Director, Data Engineering",United Kingdom,UK&I,Referral,CMP009,MQL,18,U011,2026-09-20,2026-09-21,,,
L01423,Joanna,Henriksson,joanna.henriksson@lynch-campbell.com,Lynch-Campbell,VP Data & Analytics,United States,North America,SDR Outbound,CMP041,New,74,U005,2026-01-31,,,,
L01424,Tina,Brugman,tina.brugman@gmail.com,Malmgren Andersson AB,CISO,Ireland,UK&I,Partner,CMP017,Disqualified,94,U011,2026-05-24,,,,
L01425,Hendrik,Löffler,hendrik.löffler@mendez.com,Mendez Aguilar and Rodriguez,CISO,United Kingdom,UK&I,Referral,CMP018,MQL,84,U010,2025-09-08,2025-09-28,,,
L01426,Ingemar,Granlund,ingemar.granlund@lundgren.com,Lundgren Johansson AB,Senior Data Engineer,United Kingdom,UK&I,Referral,CMP011,New,57,U010,2025-12-26,,,,
L01427,Thomas,van Rheineck,thomas.van rheineck@stichting.com,Stichting van Salm,Director of Data Platform,United Kingdom,UK&I,SDR Outbound,CMP043,SQL,14,U010,2025-10-13,2025-10-13,2025-10-17,,
L01428,Ingrid,Sjöström,ingrid.sjöström@holthuis.com,Holthuis BV,Analytics Engineer,United Kingdom,UK&I,SDR Outbound,CMP043,MQL,21,U010,2026-03-04,2026-03-12,,,
L01429,Christopher,Anderson,christopher.anderson@rodriguez-taylor.com,Rodriguez-Taylor,Senior Data Engineer,Switzerland,Continental Europe,Partner,CMP042,New,48,U017,2025-06-24,,,,
L01430,Mare,Lawson,mare.lawson@gibson-ward.com,Gibson-Ward,VP Data,United States,North America,Webinar,CMP038,MQL,55,U004,2025-05-24,2025-06-01,,,
L01431,Erin,Hagberg,erin.hagberg@yara.com,Yara Sluiskil Inc,"Director, Data Engineering",Netherlands,Continental Europe,Referral,CMP029,SQL,73,U017,2025-05-27,2025-06-01,2025-06-12,,
L01432,John,Powell,john.powell@aalberts.com,Aalberts Industries,Head of Procurement,United States,North America,Webinar,CMP026,New,47,U004,2026-08-18,,,,
L01433,Jasper,Herman,jasper.herman@royal.com,Royal Kuijpers,Analytics Engineer,Germany,Continental Europe,Webinar,CMP035,New,84,U016,2025-04-28,,,,
L01434,Rotraud,Wagenknecht,rotraud.wagenknecht@yahoo.com,Walsh-Armstrong,Chief Data Officer,United States,North America,Paid Search,CMP018,New,42,U005,2025-08-01,,,,
L01435,Jayda,Hayes,jayda.hayes@strijker.com,Strijker & Sas,Head of Procurement,United States,North America,Partner,CMP043,MQL,64,U004,2025-06-12,2025-06-15,,,
L01436,Mandy,Robinson,mandy.robinson@rogers-russell.com,Rogers-Russell,Head of Procurement,Netherlands,Continental Europe,Event,CMP024,New,83,U017,2026-09-21,,,,
L01437,Arnd,Burman,arnd.burman@höfig.com,Höfig GbR,IT Security Manager,Ireland,UK&I,Event,CMP024,MQL,85,U011,2025-06-19,2025-06-27,,,
L01438,Wayne,Hoppenbrouwer,wayne.hoppenbrouwer@morales.com,Morales Inc,VP Data & Analytics,United States,North America,Content Download,CMP042,New,39,U004,2026-10-01,,,,
L01439,Ilias,Axelsson,ilias.axelsson@lloyd.com,Lloyd PLC,Senior Data Engineer,Sweden,Continental Europe,Referral,CMP013,New,57,U016,2026-01-07,,,,
L01440,Alexander,Collier,alexander.collier@larsson.com,Larsson Mohamed AB,Head of Data Engineering,United States,North America,Free Trial,CMP027,SQL,97,U004,2026-08-14,2026-09-01,2026-09-05,,
L01441,Mohamed,Scheibe,mohamed.scheibe@weiß.com,Weiß e.G.,CISO,Belgium,Continental Europe,Free Trial,CMP019,Converted,76,,2025-09-13,2025-09-22,2025-09-23,A00737,C007025
L01442,Donald,Rädel,donald.rädel@andersson.com,Andersson Fredriksson AB,CISO,United Kingdom,UK&I,Content Download,CMP033,New,68,U011,2026-09-20,,,,
L01443,Tony,Austermühle,tony.austermühle@gmail.com,Weller GmbH,Chief Information Officer,United States,North America,Webinar,CMP038,New,33,U005,2026-07-30,,,,
L01444,Jan,Howarth,jan.howarth@chambers.com,Chambers LLC Ltd,Chief Information Officer,Denmark,Continental Europe,Partner,CMP037,Disqualified,17,U016,2025-10-20,,,,
L01445,Benny,Lundin,benny.lundin@bates.com,Bates Inc Ltd,CISO,United States,North America,Event,CMP039,Converted,82,U004,2026-07-11,2026-07-24,2026-07-29,A01901,C007026
L01446,Adam,Zirme,adam.zirme@omar.com,Omar & Andersen HB,Head of Data Engineering,United States,North America,Webinar,CMP009,MQL,10,U004,2025-11-07,2025-11-18,,,
L01447,Taylor,Caldwell,taylor.caldwell@jennings.com,Jennings PLC,Data Engineering Manager,Germany,Continental Europe,Event,CMP035,MQL,86,U016,2026-02-01,2026-02-12,,,
L01448,Callum,van Oirschot,callum.van oirschot@davies.com,Davies Ltd,IT Security Manager,United Kingdom,UK&I,SDR Outbound,CMP039,Disqualified,21,U010,2025-06-06,,,,
L01449,Wendy,Willems,wendy.willems@bergman.com,Bergman Linder HB,Chief Data Officer,United States,North America,Paid Search,CMP026,New,46,U004,2026-07-07,,,,
L01450,Jiri,de Vos,jiri.de vos@hughes-frye.com,Hughes-Frye,Data Engineering Manager,Switzerland,Continental Europe,Referral,CMP013,Disqualified,71,U016,2025-11-19,,,,
L01451,Samuel,Wilson,samuel.wilson@ljungberg.com,Ljungberg Johansson HB Group,Analytics Engineer,United States,North America,Partner,CMP033,MQL,34,U005,2026-06-11,2026-06-14,,,
L01452,Tara,Haynes,tara.haynes@armstrong.com,Armstrong and Sons Group,Chief Data Officer,United States,North America,Referral,CMP010,New,63,U004,2026-10-06,,,,
L01453,Brit,Roberts,brit.roberts@hill.com,Hill Group,Data Engineering Manager,United States,North America,Free Trial,CMP040,MQL,27,U004,2026-08-11,2026-08-16,,,
L01454,Hector,le Gallen,hector.le gallen@camacho.com,Camacho Mathews and Price,Analytics Engineer,United States,North America,Referral,CMP006,New,14,U004,2026-01-04,,,,
L01455,Fabian,Stoll,fabian.stoll@erlandsson.com,Erlandsson Nylander AB Inc,VP Data,Denmark,Continental Europe,Content Download,CMP010,New,18,U016,2025-05-21,,,,
L01456,Lynda,Gieß,lynda.gieß@brennan.com,Brennan Vaughan and Morris,Data Engineering Manager,United States,North America,Event,CMP030,MQL,70,U005,2026-07-30,2026-08-18,,,
L01457,Branko,Clark,branko.clark@jans.com,Jans BV,Analytics Engineer,United States,North America,Webinar,CMP013,New,35,U005,2026-03-15,,,,
L01458,Bengt,Jones,bengt.jones@yahoo.com,Schuster GbR,Chief Information Officer,Netherlands,Continental Europe,Referral,CMP024,New,5,U016,2026-01-28,,,,
L01459,Thi,Pärtzelt,thi.pärtzelt@pearson.com,Pearson PLC,Senior Data Engineer,United Kingdom,UK&I,Free Trial,CMP017,New,31,U011,2026-06-07,,,,
L01460,Geraldine,Andersson,geraldine.andersson@outlook.com,Cartwright-Jones,Chief Data Officer,United States,North America,Free Trial,CMP024,Disqualified,31,U005,2025-04-05,,,,
L01461,Mandy,Sandberg,mandy.sandberg@otto.com,Otto NV,Senior Data Engineer,Austria,Continental Europe,Referral,CMP005,New,44,,2025-05-18,,,,
L01462,Barbara,Barker,barbara.barker@outlook.com,Baker Inc,Analytics Engineer,Germany,Continental Europe,Referral,CMP028,MQL,70,U016,2026-02-11,2026-03-01,,,
L01463,Earl,Welf,earl.welf@burns.com,Burns Group,VP Data,United States,North America,Paid Search,CMP031,Converted,75,U004,2026-01-21,2026-02-01,2026-02-10,A01874,C007027
L01464,Vincent,Rush,vincent.rush@larsson.com,Larsson HB,Chief Information Officer,Austria,Continental Europe,Content Download,CMP035,Disqualified,83,U016,2025-08-06,,,,
L01465,Suus,Robinson,suus.robinson@pearson.com,Pearson Inc,IT Security Manager,United States,North America,Referral,CMP023,SQL,49,U004,2025-05-27,2025-06-16,2025-06-19,,
L01466,Martha,Verbeeck,martha.verbeeck@willis.com,Willis Lowery and Jones,Data Engineering Manager,United Kingdom,UK&I,Webinar,CMP016,Converted,54,U011,2025-11-05,2025-11-09,2025-11-17,A00780,C007028
L01467,Claes,Love,claes.love@scholz.com,Scholz OHG mbH,Director of Data Platform,Switzerland,Continental Europe,Webinar,CMP025,Converted,17,U016,2026-08-04,2026-08-11,2026-08-18,A01996,C007029
L01468,Hans-Herbert,Puig,hans-herbert.puig@hopkins.com,Hopkins Williams and Pace Ltd,Senior Data Engineer,United States,North America,Referral,CMP031,New,28,U004,2026-07-01,,,,
L01469,Lynne,Geldens,lynne.geldens@phillips-smith.com,Phillips-Smith,VP Data,Germany,Continental Europe,Content Download,CMP003,New,93,U016,2026-09-02,,,,
L01470,Gaetano,Marshall,gaetano.marshall@hopkins.com,Hopkins LLC,Director of Data Platform,United States,North America,Webinar,CMP037,MQL,65,U004,2026-01-12,2026-01-31,,,
L01471,Crystal,Kalman,crystal.kalman@kpmg.com,KPMG,Senior Data Engineer,United States,North America,Webinar,CMP011,Disqualified,78,U004,2025-08-31,,,,
L01472,Angela,van Wijk,angela.van wijk@nyman.com,Nyman Ekelund HB,Analytics Engineer,Norway,Continental Europe,Content Download,CMP005,New,34,U017,2026-05-23,,,,
L01473,Mia,van der Spaendonc,mia.van der spaendonc@fraser-buckley.com,Fraser-Buckley,Director of Data Platform,United Kingdom,UK&I,Webinar,CMP036,New,29,U010,2025-08-23,,,,
L01474,Grazyna,Guit,grazyna.guit@kabus.com,Kabus KGaA Ltd,CISO,Germany,Continental Europe,Referral,CMP039,New,69,U017,2025-12-16,,,,
L01475,Carolyn,Barrett,carolyn.barrett@johnson-weaver.com,Johnson-Weaver,Chief Information Officer,United States,North America,Content Download,CMP024,Converted,44,U005,2025-07-04,2025-07-16,2025-07-18,A00757,C007030
L01476,Heinz-Josef,Smith,heinz-josef.smith@pearce.com,Pearce Stevenson and Lee,Staff Data Engineer,United States,North America,Event,CMP044,New,46,U004,2026-04-23,,,,
L01477,Arvid,Wade,arvid.wade@farrell-hill.com,Farrell-Hill GmbH,Head of Procurement,United States,North America,Partner,CMP011,New,2,U004,2026-10-05,,,,
L01478,Ashleigh,Cook,ashleigh.cook@gmail.com,Johann,Director of Data Platform,United States,North America,Referral,CMP007,Disqualified,24,U004,2025-10-28,,,,
L01479,Phileine,Hölzenbecher,phileine.hölzenbecher@dkg.com,DKG Groep,VP Data,United Kingdom,UK&I,Webinar,CMP021,Converted,80,U011,2025-04-25,2025-05-09,2025-05-23,A02051,C007031
L01480,Timothy,Magnusson,timothy.magnusson@royal.com,Royal van Arnsberg,CISO,United States,North America,Free Trial,CMP045,MQL,36,U005,2025-05-11,2025-05-11,,,
L01481,Magarete,Mol,magarete.mol@peronne.com,Peronne NV,CISO,Germany,Continental Europe,Webinar,CMP006,MQL,79,U017,2025-11-20,2025-12-03,,,
L01482,Jeffrey,Kostolzin,jeffrey.kostolzin@nyrstar.com,Nyrstar holding Ltd,Head of Data Engineering,Sweden,Continental Europe,Paid Search,CMP009,Disqualified,18,U017,2025-06-22,,,,
L01483,Friedhilde,van der Heiden,friedhilde.van der heiden@hussain-wilkinson.com,Hussain-Wilkinson,Data Engineering Manager,United States,North America,Webinar,CMP005,New,7,U004,2026-04-13,,,,
L01484,Kyara,Ross,kyara.ross@käster.com,Käster GmbH,Data Engineering Manager,Germany,Continental Europe,Free Trial,CMP015,Disqualified,77,U016,2025-12-05,,,,
L01485,Xenia,Roth,xenia.roth@koninklijke.com,Koninklijke Mater,Chief Information Officer,United States,North America,Content Download,CMP019,New,89,U005,2025-07-10,,,,
L01486,Ecrin,Wolffel,ecrin.wolffel@berggren.com,Berggren Nilsson HB,IT Security Manager,United Kingdom,UK&I,Referral,CMP019,New,71,U010,2026-05-28,,,,
L01487,Noah,Jansson,noah.jansson@outlook.com,Andersson & Hansson AB Inc,Chief Data Officer,Austria,Continental Europe,Content Download,CMP042,MQL,84,U016,2026-06-17,2026-06-22,,,
L01488,Ali,Floyd,ali.floyd@hagberg.com,Hagberg & Olausson HB,Director of Data Platform,Denmark,Continental Europe,Paid Search,CMP001,MQL,12,U016,2025-06-22,2025-06-22,,,
L01489,Diana,Williams,diana.williams@jacob.com,Jacob,Head of Data Engineering,Denmark,Continental Europe,Referral,CMP038,SQL,18,U016,2025-04-09,2025-04-22,2025-04-23,,
L01490,Gerhart,Pearce,gerhart.pearce@outlook.com,Gutierrez-Crawford Inc,Chief Information Officer,United States,North America,Content Download,CMP044,New,72,U005,2026-09-27,,,,
L01491,Kyra,Plath,kyra.plath@gustafsson.com,Gustafsson Eriksson HB,Chief Information Officer,United States,North America,Free Trial,CMP042,New,54,U004,2025-04-27,,,,
L01492,Alan,Gallagher,alan.gallagher@etzold.com,Etzold,Analytics Engineer,United States,North America,Webinar,CMP018,MQL,17,U004,2025-07-15,2025-08-03,,,
L01493,Victor,Oconnor,victor.oconnor@pearson.com,Pearson PLC,VP Data,United Kingdom,UK&I,Partner,CMP029,MQL,1,U011,2026-04-28,2026-05-13,,,
L01494,Mechtild,Price,mechtild.price@naser.com,Naser Schaaf KGaA,IT Security Manager,United States,North America,Content Download,CMP044,New,39,,2026-04-23,,,,
L01495,Bernard,de Strigter,bernard.de strigter@jennings-pratt.com,Jennings-Pratt,Data Engineering Manager,United States,North America,Free Trial,CMP033,New,1,U004,2026-09-09,,,,
L01496,Bjorn,Bohnbach,bjorn.bohnbach@larsson.com,Larsson HB,CISO,United States,North America,Referral,CMP021,MQL,20,U004,2026-05-13,2026-05-13,,,
L01497,Friedrich,Symons,friedrich.symons@asplund.com,Asplund HB,CISO,United States,North America,Event,CMP001,MQL,27,U004,2026-02-18,2026-02-21,,,
L01498,Kevin,Hurst,kevin.hurst@patel-morales.com,Patel-Morales,Director of Data Platform,United Kingdom,UK&I,Partner,CMP008,MQL,67,U011,2025-04-07,2025-04-13,,,
L01499,Bjorn,Andreasson,bjorn.andreasson@hardy-patel.com,Hardy-Patel,Director of Data Platform,United Kingdom,UK&I,Webinar,CMP022,MQL,53,U011,2025-08-18,2025-08-27,,,
L01500,Jari,Wright,jari.wright@smith.com,Smith Group Ltd,Head of Data Platform,Norway,Continental Europe,Referral,CMP027,Converted,57,U017,2025-06-17,2025-06-17,2025-07-01,A00420,C007032
